model,rank,parameters,vocabulary_size,context,speed,generative_type,commercial,merge,angry_tweets,dansk,scala_da,scandiqa_da,nordjylland_news,danske_talemaader,danish_citizen_tests,hellaswag_da,angry_tweets_version,dansk_version,scala_da_version,scandiqa_da_version,nordjylland_news_version,danske_talemaader_version,danish_citizen_tests_version,hellaswag_da_version
"claude-3-5-sonnet-20241022 (few-shot, val)",1.08,,,200000,170.4,ğŸ“,âœ“,âœ—,65.06 Â± 2.14 / 76.71 Â± 1.42@@65.06218497161129,71.04 Â± 1.68 / 67.61 Â± 2.30@@71.03779473007704,80.18 Â± 3.37 / 89.90 Â± 1.74@@80.17802600915267,68.19 Â± 1.18 / 58.73 Â± 1.34@@68.19372750282821,66.35 Â± 0.44 / 17.81 Â± 0.93@@66.35080229956657,90.14 Â± 2.09 / 92.81 Â± 1.53@@90.13500593485247,100.00 Â± 0.00 / 100.00 Â± 0.00@@100.0,85.43 Â± 2.29 / 88.98 Â± 1.77@@85.42815261655868,14.4.0@@140400,14.4.0@@140400,14.4.0@@140400,14.4.0@@140400,14.4.0@@140400,14.4.0@@140400,14.4.0@@140400,14.4.0@@140400
"gpt-4-0613 (few-shot, val)",1.24,,100256.0,8191,597.21,ğŸ“,âœ“,âœ—,59.97 Â± 2.65 / 73.06 Â± 1.77@@59.972827986954016,64.94 Â± 1.96 / 45.76 Â± 3.31@@64.94298133582711,71.56 Â± 2.49 / 85.36 Â± 1.29@@71.56430975237045,68.46 Â± 1.64 / 56.43 Â± 2.98@@68.45614427980146,66.76 Â± 0.34 / 18.99 Â± 0.52@@66.75694870064035,87.74 Â± 1.97 / 91.09 Â± 1.45@@87.74152914088631,93.98 Â± 2.15 / 95.94 Â± 1.44@@93.98265579216968,81.64 Â± 1.80 / 86.17 Â± 1.34@@81.64051193546797,<9.2.0@@0,<9.2.0@@0,<9.2.0@@0,12.9.0@@120900,12.6.1@@120601,14.1.2.dev0@@140102,10.0.1@@100001,9.1.2@@90102
"gpt-4-1106-preview (few-shot, val)",1.25,,100256.0,128000,575.52,ğŸ“,âœ“,âœ—,61.62 Â± 2.17 / 73.99 Â± 1.48@@61.61567662565071,66.80 Â± 3.01 / 45.69 Â± 2.85@@66.80345088084063,66.84 Â± 3.27 / 82.79 Â± 1.86@@66.83561631898827,68.83 Â± 1.50 / 56.85 Â± 2.62@@68.8277752755694,66.21 Â± 0.44 / 18.02 Â± 0.61@@66.21485084760934,90.51 Â± 3.71 / 93.12 Â± 2.67@@90.5085628611778,97.19 Â± 1.15 / 98.12 Â± 0.76@@97.18555107111048,78.74 Â± 3.12 / 83.91 Â± 2.42@@78.74277773844204,12.10.2@@121002,12.10.0@@121000,12.10.2@@121002,12.10.0@@121000,12.10.0@@121000,14.1.2.dev0@@140102,12.10.2@@121002,12.10.2@@121002
"gpt-4o-2024-05-13 (few-shot, val)",1.33,,200019.0,127997,916.47,ğŸ“,âœ“,âœ—,49.42 Â± 3.29 / 61.74 Â± 2.59@@49.42372610071974,71.15 Â± 2.89 / 52.24 Â± 3.76@@71.14680772858678,64.59 Â± 2.97 / 79.93 Â± 1.88@@64.58662260096766,67.87 Â± 1.75 / 57.35 Â± 2.51@@67.87199794952302,66.03 Â± 0.24 / 17.74 Â± 0.71@@66.03485581465065,93.03 Â± 1.46 / 94.84 Â± 1.12@@93.032851965098,97.68 Â± 1.06 / 98.44 Â± 0.72@@97.67931872359895,85.96 Â± 1.48 / 89.41 Â± 1.15@@85.95951722633959,12.10.2@@121002,12.10.0@@121000,12.10.2@@121002,12.10.0@@121000,12.10.0@@121000,14.1.2.dev0@@140102,12.10.2@@121002,12.10.2@@121002
"claude-3-5-haiku-20241022 (few-shot, val)",1.35,,,200000,321.45,ğŸ“,âœ“,âœ—,59.90 Â± 1.64 / 73.01 Â± 1.03@@59.89955846334149,65.18 Â± 2.02 / 56.82 Â± 2.65@@65.1784450466707,68.58 Â± 3.09 / 84.15 Â± 1.63@@68.57982576139915,66.60 Â± 1.34 / 54.55 Â± 1.93@@66.59557588776227,65.85 Â± 0.35 / 16.42 Â± 0.78@@65.84670384647325,84.69 Â± 2.62 / 88.75 Â± 1.93@@84.69183603982053,92.84 Â± 2.33 / 95.23 Â± 1.56@@92.83538861067618,73.73 Â± 3.20 / 79.88 Â± 2.58@@73.7261585678844,14.4.0@@140400,14.4.0@@140400,14.4.0@@140400,14.4.0@@140400,14.4.0@@140400,14.4.0@@140400,14.4.0@@140400,14.4.0@@140400
"claude-3-5-sonnet-20241022 (zero-shot, val)",1.38,,,200000,168.2,ğŸ“,âœ“,âœ—,63.61 Â± 1.57 / 76.00 Â± 1.07@@63.606694144803555,65.88 Â± 2.11 / 55.11 Â± 1.59@@65.88430253250571,71.03 Â± 2.52 / 85.46 Â± 1.24@@71.02748663723585,59.56 Â± 1.25 / 46.24 Â± 1.37@@59.557804071387736,64.60 Â± 0.17 / 13.66 Â± 0.33@@64.60322466911748,86.46 Â± 2.08 / 90.16 Â± 1.58@@86.46269534398863,100.00 Â± 0.00 / 100.00 Â± 0.00@@100.0,71.83 Â± 1.23 / 78.71 Â± 0.99@@71.82980793755208,14.0.3@@140003,14.0.3@@140003,14.0.3@@140003,14.0.3@@140003,14.0.3@@140003,14.4.0@@140400,14.4.0@@140400,14.4.0@@140400
"gpt-4o-2024-05-13 (zero-shot, val)",1.48,,200019.0,8191,882.4,ğŸ“,âœ“,âœ—,53.07 Â± 1.45 / 68.64 Â± 1.04@@53.072441743589884,64.80 Â± 1.56 / 45.57 Â± 1.47@@64.79769253130317,64.18 Â± 3.36 / 81.90 Â± 1.68@@64.1777759757754,63.09 Â± 1.29 / 49.02 Â± 1.18@@63.08891304537468,64.78 Â± 0.17 / 13.85 Â± 0.23@@64.78397595928982,92.39 Â± 1.42 / 94.38 Â± 1.04@@92.39492678024929,97.09 Â± 1.19 / 98.05 Â± 0.80@@97.09081463571998,75.29 Â± 2.17 / 81.41 Â± 1.64@@75.29353076987682,14.0.3@@140003,14.0.3@@140003,14.0.3@@140003,14.0.3@@140003,14.0.3@@140003,14.4.0@@140400,14.4.0@@140400,14.4.0@@140400
google/gemma-2-27b-it (few-shot),1.49,27227128320.0,256000.0,8193,1516.14,ğŸ“,âœ“,âœ—,59.06 Â± 0.91 / 72.86 Â± 0.56@@59.06003701732483,59.94 Â± 1.58 / 38.00 Â± 1.88@@59.9366095889063,58.57 Â± 2.19 / 78.63 Â± 1.31@@58.56730510728452,65.60 Â± 0.65 / 57.48 Â± 0.75@@65.60117448048823,68.12 Â± 1.10 / 23.96 Â± 1.22@@68.11679688253207,80.15 Â± 0.72 / 85.11 Â± 0.54@@80.15196764715432,84.02 Â± 1.63 / 89.32 Â± 1.09@@84.02447386922456,71.26 Â± 1.64 / 78.17 Â± 1.28@@71.26263550461096,13.0.0@@130000,13.0.0@@130000,13.0.0@@130000,13.0.0@@130000,13.0.0@@130000,14.3.0@@140300,13.0.0@@130000,13.0.0@@130000
ThatsGroes/gemma-2-27b-it-FP8-Dynamic (few-shot),1.51,28410968576.0,256000.0,4096,3632.83,ğŸ“,âœ“,âœ—,58.93 Â± 1.72 / 72.70 Â± 1.38@@58.930191161736964,66.50 Â± 2.00 / 45.33 Â± 2.92@@66.50051732056049,57.27 Â± 1.30 / 78.52 Â± 0.62@@57.2697157778826,64.14 Â± 0.46 / 55.02 Â± 0.88@@64.13738793191973,66.59 Â± 0.08 / 19.30 Â± 0.16@@66.59443636104697,79.82 Â± 1.03 / 84.86 Â± 0.79@@79.8219422416073,83.16 Â± 0.99 / 88.81 Â± 0.65@@83.1619796219561,67.83 Â± 1.38 / 75.47 Â± 1.13@@67.82807012062946,14.0.4@@140004,14.0.4@@140004,14.0.4@@140004,14.0.4@@140004,14.0.4@@140004,14.3.0@@140300,14.0.4@@140004,14.0.4@@140004
Qwen/Qwen2.5-72B-Instruct (few-shot),1.52,72706203648.0,152064.0,32768,1218.79,ğŸ“,âœ“,âœ—,54.50 Â± 1.55 / 69.89 Â± 1.02@@54.50245805775646,63.81 Â± 1.27 / 42.18 Â± 2.59@@63.81398165175176,57.19 Â± 1.30 / 78.30 Â± 0.79@@57.193622064101454,67.26 Â± 0.69 / 55.77 Â± 0.97@@67.26418879394669,64.62 Â± 0.14 / 14.36 Â± 0.29@@64.61531626511714,81.95 Â± 1.12 / 86.46 Â± 0.86@@81.95054943187905,87.32 Â± 1.12 / 91.56 Â± 0.75@@87.31896511230542,77.57 Â± 0.86 / 83.06 Â± 0.66@@77.57263530308943,14.0.4@@140004,14.0.4@@140004,14.0.4@@140004,14.0.4@@140004,14.0.4@@140004,14.3.0@@140300,14.0.4@@140004,14.0.4@@140004
"gpt-3.5-turbo-0613 (few-shot, val)",1.63,,100256.0,4095,920.94,ğŸ“,âœ“,âœ—,52.52 Â± 2.05 / 68.10 Â± 1.35@@52.519715044101936,61.31 Â± 2.34 / 49.86 Â± 2.18@@61.31246842191167,57.63 Â± 2.80 / 77.01 Â± 1.83@@57.63386027920654,65.51 Â± 1.48 / 57.03 Â± 1.95@@65.51467384173678,66.38 Â± 0.26 / 18.03 Â± 0.27@@66.38296299614012,81.95 Â± 2.61 / 86.33 Â± 2.03@@81.95261117177166,77.66 Â± 2.57 / 85.08 Â± 1.77@@77.6611177436472,62.21 Â± 2.60 / 71.05 Â± 2.09@@62.21182582769805,12.9.0@@120900,12.9.0@@120900,12.9.0@@120900,12.9.0@@120900,12.6.1@@120601,10.0.1@@100001,10.0.1@@100001,12.9.0@@120900
Qwen/QwQ-32B-Preview (few-shot),1.64,32763876352.0,152064.0,32768,2258.16,ğŸ“,âœ“,âœ—,53.42 Â± 1.21 / 66.49 Â± 1.21@@53.42282470551505,64.66 Â± 1.67 / 48.66 Â± 3.44@@64.65765112148367,53.93 Â± 1.76 / 76.52 Â± 1.14@@53.93081316341425,65.32 Â± 0.49 / 55.55 Â± 0.70@@65.32076594138519,64.54 Â± 0.23 / 14.49 Â± 0.50@@64.54354978457559,73.38 Â± 1.54 / 79.88 Â± 1.18@@73.37569719518228,78.49 Â± 1.23 / 85.70 Â± 0.81@@78.48941850099968,74.11 Â± 2.07 / 80.07 Â± 1.72@@74.11367309513885,14.0.4@@140004,14.0.4@@140004,14.0.4@@140004,14.0.4@@140004,14.0.4@@140004,14.3.0@@140300,14.0.4@@140004,14.0.4@@140004
"gpt-4-1106-preview (zero-shot, val)",1.69,,100256.0,8191,589.23,ğŸ“,âœ“,âœ—,53.69 Â± 2.27 / 67.91 Â± 1.55@@53.6896747669241,35.79 Â± 2.45 / 25.86 Â± 1.74@@35.79008036321287,62.98 Â± 2.61 / 81.27 Â± 1.31@@62.983041119732086,64.87 Â± 0.92 / 51.96 Â± 1.07@@64.87320194754463,64.56 Â± 0.18 / 13.61 Â± 0.30@@64.55735429888591,86.57 Â± 2.25 / 90.16 Â± 1.65@@86.5676532414582,98.83 Â± 0.76 / 99.22 Â± 0.51@@98.82634303897862,71.48 Â± 1.98 / 78.32 Â± 1.56@@71.47729301760697,14.0.3@@140003,14.0.3@@140003,14.0.3@@140003,14.0.3@@140003,14.0.3@@140003,14.4.0@@140400,14.4.0@@140400,14.4.0@@140400
google/gemma-2-9b-it (few-shot),1.72,9241705984.0,256000.0,4096,2597.9,ğŸ“,âœ“,âœ—,54.49 Â± 1.29 / 68.05 Â± 0.97@@54.48888946689321,57.04 Â± 2.01 / 34.91 Â± 1.90@@57.03527929793609,51.28 Â± 1.83 / 73.89 Â± 1.37@@51.27837559783137,64.01 Â± 0.72 / 53.34 Â± 1.12@@64.00678386967438,66.87 Â± 0.09 / 19.94 Â± 0.18@@66.86846254990087,73.50 Â± 1.33 / 80.07 Â± 1.01@@73.50286092325256,74.55 Â± 1.54 / 83.12 Â± 1.03@@74.54726506810961,61.28 Â± 1.43 / 70.69 Â± 1.07@@61.27583801518849,14.4.0@@140400,14.4.0@@140400,14.4.0@@140400,14.4.0@@140400,14.4.0@@140400,14.4.0@@140400,14.4.0@@140400,14.4.0@@140400
"152334H/miqu-1-70b-sf (few-shot, val)",1.72,68976648192.0,32000.0,32762,2126.22,ğŸ§ ,âœ“,âœ—,55.11 Â± 4.11 / 69.60 Â± 2.69@@55.1072438512062,56.96 Â± 2.39 / 45.84 Â± 1.75@@56.9563155878683,42.64 Â± 3.22 / 71.04 Â± 1.56@@42.64316329379502,64.12 Â± 1.41 / 54.58 Â± 2.19@@64.11998650279008,66.80 Â± 1.09 / 20.36 Â± 1.51@@66.7984248592984,83.94 Â± 1.81 / 87.97 Â± 1.38@@83.94214534214676,73.32 Â± 4.97 / 81.64 Â± 3.48@@73.31909458327304,60.52 Â± 3.33 / 70.08 Â± 2.52@@60.521468499932595,12.7.0@@120700,12.7.0@@120700,12.7.0@@120700,12.7.0@@120700,12.7.0@@120700,12.7.0@@120700,12.7.0@@120700,12.7.0@@120700
"gpt-4o-mini-2024-07-18 (few-shot, val)",1.72,,200019.0,8191,784.26,ğŸ“,âœ“,âœ—,56.91 Â± 2.34 / 71.25 Â± 1.60@@56.91403167576825,59.96 Â± 1.64 / 41.55 Â± 2.90@@59.956447152855716,67.13 Â± 4.29 / 83.05 Â± 2.24@@67.13339863678074,33.63 Â± 2.10 / 17.52 Â± 2.69@@33.6281635575939,65.32 Â± 0.28 / 15.39 Â± 0.62@@65.32244429225102,86.07 Â± 3.47 / 89.84 Â± 2.59@@86.06595988820395,88.38 Â± 2.84 / 92.19 Â± 1.94@@88.38129240516068,71.08 Â± 1.15 / 78.12 Â± 0.91@@71.07625559958315,14.0.0@@140000,14.0.0@@140000,14.0.0@@140000,14.0.0@@140000,14.0.0@@140000,14.1.2.dev0@@140102,14.0.1@@140001,14.0.1@@140001
CohereForAI/aya-expanse-32b (few-shot),1.75,32296476672.0,256000.0,8193,2288.11,ğŸ§ ,âœ—,âœ—,56.39 Â± 0.85 / 69.83 Â± 1.08@@56.393023019687206,61.15 Â± 3.15 / 40.96 Â± 2.19@@61.15011766965601,37.75 Â± 1.59 / 67.36 Â± 1.49@@37.75284984224283,65.87 Â± 0.68 / 58.09 Â± 1.26@@65.86703716017392,67.60 Â± 0.98 / 23.65 Â± 0.89@@67.59507582421065,51.56 Â± 2.35 / 63.19 Â± 1.82@@51.559252789561704,73.67 Â± 1.81 / 82.52 Â± 1.19@@73.66830392599584,69.23 Â± 1.33 / 76.78 Â± 1.02@@69.22780174060347,13.0.0@@130000,13.0.0@@130000,13.0.0@@130000,13.0.0@@130000,13.0.0@@130000,14.3.0@@140300,13.0.0@@130000,13.0.0@@130000
"gpt-4o-mini-2024-07-18 (zero-shot, val)",1.75,,200019.0,8191,862.54,ğŸ“,âœ“,âœ—,49.73 Â± 3.09 / 65.95 Â± 2.22@@49.72870301037789,57.52 Â± 2.21 / 35.79 Â± 1.78@@57.517275633701395,57.56 Â± 2.67 / 77.16 Â± 1.35@@57.56293199691711,64.34 Â± 1.32 / 51.79 Â± 1.50@@64.33608059571296,64.66 Â± 0.20 / 13.62 Â± 0.27@@64.66321391286328,79.22 Â± 3.87 / 84.53 Â± 3.18@@79.21812139042514,83.21 Â± 2.59 / 88.67 Â± 1.79@@83.2066780263094,63.33 Â± 1.94 / 72.15 Â± 1.54@@63.33408022307682,14.0.1@@140001,14.0.1@@140001,14.0.1@@140001,14.0.1@@140001,14.0.1@@140001,14.1.2.dev0@@140102,14.0.3@@140003,14.0.3@@140003
"claude-3-5-haiku-20241022 (zero-shot, val)",1.99,,,200000,199.99,ğŸ“,âœ“,âœ—,56.46 Â± 2.39 / 71.07 Â± 1.48@@56.45908330724333,59.48 Â± 1.97 / 42.21 Â± 2.53@@59.476425086550776,20.57 Â± 3.78 / 49.85 Â± 2.21@@20.57461210904829,57.70 Â± 1.22 / 38.23 Â± 1.71@@57.700957252245146,64.38 Â± 0.17 / 13.19 Â± 0.29@@64.38100558705628,83.37 Â± 2.33 / 87.97 Â± 1.77@@83.36708958569106,88.48 Â± 2.94 / 92.27 Â± 2.00@@88.4819381581459,53.88 Â± 2.69 / 64.65 Â± 2.18@@53.876621815971035,14.0.1@@140001,14.0.1@@140001,14.0.1@@140001,14.0.1@@140001,14.0.1@@140001,14.4.0@@140400,14.4.0@@140400,14.4.0@@140400
google/gemma-2-9b (few-shot),2.0,9241705984.0,256000.0,4096,919.55,ğŸ§ ,âœ“,âœ—,40.05 Â± 1.80 / 48.36 Â± 3.45@@40.05003506336611,54.13 Â± 1.46 / 37.33 Â± 3.61@@54.12977064026392,46.16 Â± 4.32 / 71.73 Â± 2.90@@46.1637721090824,66.24 Â± 1.11 / 60.20 Â± 1.65@@66.24097078108355,68.43 Â± 0.21 / 25.06 Â± 0.38@@68.43168759500259,72.07 Â± 0.99 / 79.01 Â± 0.75@@72.06534981236852,75.23 Â± 1.61 / 83.55 Â± 1.08@@75.22633776387909,46.04 Â± 4.54 / 57.56 Â± 4.18@@46.03772394529329,14.4.0@@140400,14.4.0@@140400,14.4.0@@140400,14.4.0@@140400,14.4.0@@140400,14.4.0@@140400,14.4.0@@140400,14.4.0@@140400
CohereForAI/c4ai-command-r-08-2024 (few-shot),2.08,32296476672.0,256000.0,131072,1909.17,ğŸ“,âœ—,âœ—,50.82 Â± 1.22 / 64.57 Â± 1.50@@50.81914920460853,63.63 Â± 2.58 / 40.18 Â± 3.60@@63.63405833125281,35.58 Â± 1.76 / 66.59 Â± 1.22@@35.58001695411132,64.51 Â± 0.50 / 54.33 Â± 0.77@@64.51351697739133,65.71 Â± 0.23 / 17.20 Â± 0.46@@65.70774791951408,48.96 Â± 1.73 / 60.95 Â± 1.35@@48.958233570178734,72.01 Â± 1.26 / 81.37 Â± 0.86@@72.00964430590375,33.61 Â± 2.24 / 48.15 Â± 2.00@@33.61145219169884,14.0.4@@140004,14.0.4@@140004,14.0.4@@140004,14.0.4@@140004,14.0.4@@140004,14.3.0@@140300,14.0.4@@140004,14.0.4@@140004
NorwAI/NorwAI-Mixtral-8x7B (few-shot),2.1,46997647360.0,67993.0,32768,2368.15,ğŸ§ ,âœ“,âœ—,52.11 Â± 1.49 / 67.70 Â± 1.08@@52.10917965408663,51.95 Â± 1.51 / 31.96 Â± 1.74@@51.9523276732585,44.47 Â± 2.01 / 69.57 Â± 2.71@@44.47090218065869,67.92 Â± 0.44 / 62.62 Â± 0.70@@67.92355752800721,64.64 Â± 0.79 / 21.13 Â± 0.55@@64.63618209643755,61.18 Â± 1.54 / 70.78 Â± 1.18@@61.18466696010428,79.05 Â± 1.54 / 86.04 Â± 1.07@@79.04967949440676,23.81 Â± 4.55 / 40.25 Â± 3.94@@23.805649917853522,14.0.4@@140004,14.0.4@@140004,14.0.4@@140004,14.3.0@@140300,14.0.4@@140004,14.3.0@@140300,14.0.4@@140004,14.0.4@@140004
"RJuro/munin-neuralbeagle-7b (few-shot, val)",2.15,7241732096.0,32000.0,4096,1437.1,ğŸ§ ,âœ—,âœ“,51.99 Â± 2.68 / 66.27 Â± 2.18@@51.99467367576431,53.13 Â± 1.60 / 41.84 Â± 2.82@@53.13011200776181,25.47 Â± 3.69 / 52.87 Â± 3.68@@25.4682554567425,65.50 Â± 0.77 / 58.61 Â± 1.30@@65.50127003493904,68.57 Â± 0.43 / 24.36 Â± 0.81@@68.56669928878546,29.90 Â± 6.23 / 43.75 Â± 4.38@@29.89874196430975,74.44 Â± 3.24 / 82.89 Â± 2.26@@74.44176643078974,38.11 Â± 4.70 / 52.77 Â± 3.80@@38.11318646794001,14.4.0@@140400,14.4.0@@140400,14.4.0@@140400,14.4.0@@140400,14.4.0@@140400,14.4.0@@140400,14.4.0@@140400,14.4.0@@140400
"timpal0l/BeagleCatMunin (few-shot, val)",2.24,7241732096.0,32000.0,4096,1434.78,ğŸ§ ,âœ—,âœ“,54.14 Â± 2.14 / 68.06 Â± 1.75@@54.13726287824537,52.76 Â± 1.86 / 40.90 Â± 2.53@@52.755272249351904,26.38 Â± 5.44 / 53.10 Â± 3.87@@26.379402899534142,64.04 Â± 0.71 / 58.24 Â± 1.11@@64.03756949433935,67.86 Â± 0.49 / 23.82 Â± 0.93@@67.86025194567628,19.10 Â± 8.07 / 35.47 Â± 5.50@@19.100744212260064,64.84 Â± 3.44 / 76.02 Â± 2.37@@64.83982230312309,27.53 Â± 5.83 / 44.14 Â± 4.56@@27.52725119929601,14.4.0@@140400,14.4.0@@140400,14.4.0@@140400,14.4.0@@140400,14.4.0@@140400,14.4.0@@140400,14.4.0@@140400,14.4.0@@140400
AI-Sweden-Models/Llama-3-8B-instruct (few-shot),2.25,8030261248.0,128256.0,8192,1472.36,ğŸ“,âœ—,âœ—,51.63 Â± 1.00 / 67.43 Â± 0.78@@51.633484520518216,58.57 Â± 1.03 / 41.07 Â± 2.81@@58.56707081928685,28.82 Â± 2.18 / 50.35 Â± 2.03@@28.824674034593144,61.33 Â± 0.59 / 51.98 Â± 0.64@@61.33344017073824,64.11 Â± 0.21 / 10.66 Â± 0.44@@64.1095578421664,34.26 Â± 2.18 / 48.33 Â± 1.81@@34.2615346062633,60.74 Â± 1.57 / 71.97 Â± 1.34@@60.74027216118251,42.86 Â± 2.91 / 52.64 Â± 3.04@@42.863795014240374,14.0.3@@140003,14.0.3@@140003,14.0.3@@140003,14.0.3@@140003,14.0.3@@140003,14.2.0@@140200,14.0.3@@140003,14.0.3@@140003
NorwAI/NorwAI-Mixtral-8x7B-instruct (few-shot),2.28,46997647360.0,67993.0,32768,9015.47,ğŸ“,âœ“,âœ—,49.76 Â± 1.76 / 64.54 Â± 1.57@@49.760498398198635,49.18 Â± 2.27 / 32.04 Â± 1.45@@49.175542308838885,41.28 Â± 3.88 / 66.46 Â± 4.23@@41.28181507309662,40.81 Â± 3.18 / 12.83 Â± 5.44@@40.81225834796307,67.44 Â± 0.39 / 22.88 Â± 0.66@@67.43641830704291,62.86 Â± 1.98 / 71.79 Â± 1.58@@62.86181722175643,74.67 Â± 1.83 / 82.79 Â± 1.28@@74.671108839403,36.42 Â± 2.29 / 51.22 Â± 1.72@@36.41965508780773,14.0.4@@140004,14.0.4@@140004,14.0.4@@140004,14.0.4@@140004,14.0.4@@140004,14.3.0@@140300,14.0.4@@140004,14.0.4@@140004
"timpal0l/BeagleCatMunin2 (few-shot, val)",2.32,7241732096.0,32000.0,4096,1430.64,ğŸ§ ,âœ—,âœ“,48.75 Â± 2.72 / 56.68 Â± 2.93@@48.745450040690585,53.15 Â± 1.82 / 40.85 Â± 2.82@@53.1524958490397,9.78 Â± 4.26 / 38.26 Â± 2.38@@9.776953755947323,64.14 Â± 0.86 / 58.56 Â± 1.25@@64.13949270502722,68.47 Â± 0.42 / 24.48 Â± 0.79@@68.46563920145854,28.38 Â± 4.67 / 43.44 Â± 3.44@@28.377091419656907,73.86 Â± 3.11 / 82.27 Â± 2.27@@73.86258685674076,36.97 Â± 3.88 / 52.19 Â± 3.03@@36.97038294885495,14.4.0@@140400,14.4.0@@140400,14.4.0@@140400,14.4.0@@140400,14.4.0@@140400,14.4.0@@140400,14.4.0@@140400,14.4.0@@140400
four-two-labs/orpo-llama-3-swe (few-shot),2.34,8030277632.0,128258.0,8192,4974.22,ğŸ“,âœ—,âœ—,51.73 Â± 1.40 / 66.43 Â± 1.93@@51.732147675094865,46.75 Â± 2.79 / 29.40 Â± 2.22@@46.74601676270906,24.73 Â± 4.78 / 53.98 Â± 6.10@@24.7344114912157,65.74 Â± 0.76 / 59.97 Â± 1.27@@65.73984615085416,65.21 Â± 0.51 / 18.86 Â± 0.87@@65.21047799629741,55.72 Â± 2.05 / 66.59 Â± 1.56@@55.71657982413267,61.59 Â± 2.64 / 73.95 Â± 1.89@@61.594074446093295,25.43 Â± 2.44 / 43.11 Â± 2.03@@25.434636483539798,12.7.0@@120700,12.7.0@@120700,12.7.0@@120700,12.7.0@@120700,12.7.0@@120700,12.7.0@@120700,12.7.0@@120700,12.7.0@@120700
danish-foundation-models/munin-7b-v0.1dev0 (few-shot),2.34,7241732096.0,32000.0,8192,6112.86,ğŸ§ ,âœ“,âœ—,36.47 Â± 4.90 / 50.72 Â± 6.21@@36.47262988553557,39.12 Â± 4.28 / 28.74 Â± 2.75@@39.12160387008162,26.76 Â± 4.78 / 57.02 Â± 5.13@@26.758780194116977,64.41 Â± 0.77 / 58.75 Â± 1.19@@64.40718742747752,67.89 Â± 1.20 / 24.67 Â± 1.26@@67.88531130034244,91.32 Â± 0.66 / 93.45 Â± 0.50@@91.31639357518303,79.92 Â± 1.83 / 85.82 Â± 1.39@@79.91538933198588,24.76 Â± 3.27 / 42.17 Â± 2.72@@24.75964069073476,12.4.0@@120400,12.5.2@@120502,12.4.0@@120400,12.4.0@@120400,12.4.0@@120400,12.4.0@@120400,12.4.0@@120400,12.4.0@@120400
"merge-crew/da-sv-task-arithmetic (few-shot, val)",2.34,7241732096.0,32000.0,4096,1469.32,ğŸ§ ,âœ“,âœ“,51.80 Â± 3.53 / 62.88 Â± 3.25@@51.80390184311049,47.59 Â± 1.90 / 34.82 Â± 2.36@@47.594862558185056,34.09 Â± 3.93 / 61.88 Â± 3.91@@34.08626578076225,62.63 Â± 0.97 / 58.45 Â± 1.45@@62.633013227252036,67.56 Â± 0.44 / 22.58 Â± 0.66@@67.5641937321052,30.21 Â± 3.59 / 42.66 Â± 3.26@@30.210691064518947,71.45 Â± 3.37 / 80.78 Â± 2.35@@71.44551312624957,15.34 Â± 2.98 / 35.43 Â± 2.46@@15.33885930671389,14.4.0@@140400,14.4.0@@140400,14.4.0@@140400,14.4.0@@140400,14.4.0@@140400,14.4.0@@140400,14.4.0@@140400,14.4.0@@140400
"birgermoell/Rapid-Cycling (few-shot, val)",2.34,7241732096.0,32000.0,4096,1424.11,ğŸ§ ,âœ—,âœ“,51.64 Â± 1.99 / 62.96 Â± 2.33@@51.64065115325287,52.03 Â± 2.75 / 39.59 Â± 2.64@@52.027402701238515,25.66 Â± 3.51 / 52.46 Â± 4.34@@25.662583094190232,63.50 Â± 1.13 / 58.38 Â± 1.34@@63.50433165670935,66.39 Â± 0.36 / 18.40 Â± 0.70@@66.38621817925014,24.43 Â± 6.87 / 38.59 Â± 5.02@@24.434437829031964,69.37 Â± 3.60 / 79.45 Â± 2.58@@69.37018112927751,23.57 Â± 4.79 / 41.60 Â± 3.70@@23.56776872271577,14.4.0@@140400,14.4.0@@140400,14.4.0@@140400,14.4.0@@140400,14.4.0@@140400,14.4.0@@140400,14.4.0@@140400,14.4.0@@140400
"birgermoell/BeagleCatMunin-Flashback-Bellman (few-shot, val)",2.34,7241732096.0,32000.0,4096,1435.48,ğŸ§ ,âœ—,âœ“,52.19 Â± 2.17 / 64.11 Â± 2.25@@52.18623842555481,52.64 Â± 2.31 / 40.20 Â± 2.62@@52.64073182533171,24.89 Â± 3.02 / 49.62 Â± 4.14@@24.889449461102704,63.57 Â± 1.21 / 57.96 Â± 1.48@@63.57441962611381,67.04 Â± 0.44 / 21.28 Â± 0.75@@67.04207189613953,22.70 Â± 7.06 / 38.75 Â± 4.95@@22.700750459610873,69.88 Â± 3.47 / 79.84 Â± 2.37@@69.87909492817668,24.58 Â± 5.64 / 42.70 Â± 4.59@@24.57732156501608,14.4.0@@140400,14.4.0@@140400,14.4.0@@140400,14.4.0@@140400,14.4.0@@140400,14.4.0@@140400,14.4.0@@140400,14.4.0@@140400
"birgermoell/Flashback-Bellman (few-shot, val)",2.34,7241732096.0,32000.0,4096,1439.13,ğŸ§ ,âœ—,âœ“,51.64 Â± 1.99 / 62.96 Â± 2.33@@51.64065115325287,52.03 Â± 2.75 / 39.59 Â± 2.64@@52.027402701238515,25.66 Â± 3.51 / 52.46 Â± 4.34@@25.662583094190232,63.50 Â± 1.13 / 58.38 Â± 1.34@@63.50433165670935,66.39 Â± 0.36 / 18.40 Â± 0.70@@66.38621819554828,24.43 Â± 6.87 / 38.59 Â± 5.02@@24.434437829031964,69.37 Â± 3.60 / 79.45 Â± 2.58@@69.37018112927751,23.57 Â± 4.79 / 41.60 Â± 3.70@@23.56776872271577,14.4.0@@140400,14.4.0@@140400,14.4.0@@140400,14.4.0@@140400,14.4.0@@140400,14.4.0@@140400,14.4.0@@140400,14.4.0@@140400
"timpal0l/dolphin-2.9-llama3-8b-flashback (few-shot, val)",2.35,8030261248.0,128256.0,8192,1496.01,ğŸ§ ,âœ—,âœ“,52.61 Â± 2.50 / 67.73 Â± 1.90@@52.6065692644097,48.80 Â± 3.63 / 37.82 Â± 3.17@@48.800403092287645,28.17 Â± 4.87 / 58.49 Â± 3.55@@28.173150240593426,61.47 Â± 1.89 / 53.45 Â± 1.79@@61.470786799600944,67.21 Â± 0.48 / 20.96 Â± 1.04@@67.20926116686314,19.17 Â± 6.55 / 37.34 Â± 4.64@@19.166653592733702,59.02 Â± 5.45 / 72.11 Â± 3.74@@59.01619221264435,31.69 Â± 4.22 / 47.42 Â± 3.36@@31.694450669600453,14.4.0@@140400,14.4.0@@140400,14.4.0@@140400,14.4.0@@140400,14.4.0@@140400,14.4.0@@140400,14.4.0@@140400,14.4.0@@140400
"merge-crew/da-sv-slerp (few-shot, val)",2.35,7241732096.0,32000.0,4096,1437.1,ğŸ§ ,âœ“,âœ“,51.51 Â± 2.98 / 62.18 Â± 2.93@@51.51119974775536,47.01 Â± 1.74 / 35.11 Â± 2.31@@47.0132618652191,35.14 Â± 2.98 / 62.15 Â± 3.74@@35.13700324133681,62.15 Â± 1.04 / 57.88 Â± 1.59@@62.15200980280385,67.57 Â± 0.40 / 22.67 Â± 0.60@@67.57050194079056,33.18 Â± 2.80 / 44.84 Â± 2.82@@33.18047905301725,70.54 Â± 3.68 / 80.16 Â± 2.49@@70.53675333547667,14.90 Â± 4.01 / 34.96 Â± 3.14@@14.903703093028087,14.4.0@@140400,14.4.0@@140400,14.4.0@@140400,14.4.0@@140400,14.4.0@@140400,14.4.0@@140400,14.4.0@@140400,14.4.0@@140400
"RJuro/munin-neuralbeagle-SkoleGPTOpenOrca-7b (few-shot, val)",2.4,7241748480.0,32002.0,4096,1497.75,ğŸ“,âœ—,âœ“,51.14 Â± 2.45 / 66.26 Â± 1.78@@51.141964195891006,47.27 Â± 2.01 / 30.31 Â± 2.51@@47.27146666894774,35.03 Â± 2.71 / 65.45 Â± 1.82@@35.03430907731428,63.44 Â± 0.79 / 54.07 Â± 0.90@@63.443348591385316,65.06 Â± 0.19 / 15.22 Â± 0.43@@65.0592055101879,4.39 Â± 5.66 / 24.84 Â± 2.87@@4.390719807531976,60.08 Â± 4.95 / 73.20 Â± 3.55@@60.08352721775824,29.88 Â± 2.29 / 45.94 Â± 1.56@@29.878374964889193,14.4.0@@140400,14.4.0@@140400,14.4.0@@140400,14.4.0@@140400,14.4.0@@140400,14.4.0@@140400,14.4.0@@140400,14.4.0@@140400
CohereForAI/c4ai-command-r7b-12-2024 (few-shot),2.41,8028033024.0,256000.0,4096,2713.55,ğŸ“,âœ—,âœ—,52.09 Â± 0.95 / 66.46 Â± 1.22@@52.08704925782761,55.33 Â± 1.47 / 29.83 Â± 1.66@@55.33443692125427,25.34 Â± 0.85 / 60.84 Â± 0.90@@25.339714129523514,61.24 Â± 0.61 / 52.85 Â± 0.77@@61.243087014145374,65.26 Â± 0.18 / 16.55 Â± 0.41@@65.26119976479094,23.48 Â± 1.26 / 42.28 Â± 0.81@@23.481959707865514,53.23 Â± 2.08 / 68.81 Â± 1.40@@53.233109182906745,25.39 Â± 2.00 / 42.61 Â± 1.62@@25.39095537142761,14.4.0@@140400,14.4.0@@140400,14.4.0@@140400,14.4.0@@140400,14.4.0@@140400,14.4.0@@140400,14.4.0@@140400,14.4.0@@140400
CohereForAI/aya-expanse-8b (few-shot),2.41,8028033024.0,256000.0,8192,1341.64,ğŸ§ ,âœ—,âœ—,52.00 Â± 1.67 / 66.25 Â± 1.77@@51.99582281928519,51.32 Â± 3.82 / 25.54 Â± 2.10@@51.31546674194987,18.48 Â± 2.44 / 52.18 Â± 4.28@@18.47847110411557,62.08 Â± 0.60 / 52.43 Â± 1.19@@62.083025972034434,66.18 Â± 0.84 / 21.10 Â± 0.69@@66.1764503167069,8.93 Â± 2.72 / 31.00 Â± 1.67@@8.933264464573584,52.24 Â± 1.55 / 68.01 Â± 1.05@@52.23880528934546,37.67 Â± 0.80 / 53.26 Â± 0.60@@37.67294724475668,13.0.0@@130000,13.0.0@@130000,13.0.0@@130000,13.0.0@@130000,13.0.0@@130000,14.2.0@@140200,13.0.0@@130000,13.0.0@@130000
Nexusflow/Starling-LM-7B-beta (few-shot),2.41,7241748480.0,32002.0,4096,1990.47,ğŸ“,âœ—,âœ—,51.97 Â± 1.36 / 68.62 Â± 0.93@@51.97167278830127,51.94 Â± 2.00 / 27.59 Â± 1.79@@51.936327726429646,29.99 Â± 0.73 / 60.05 Â± 1.33@@29.99170517819376,52.38 Â± 2.25 / 38.99 Â± 2.82@@52.37838003659326,64.49 Â± 0.10 / 14.18 Â± 0.17@@64.49318420738564,21.31 Â± 1.76 / 39.95 Â± 1.27@@21.305772352616216,59.76 Â± 1.99 / 73.24 Â± 1.37@@59.76299164626063,34.63 Â± 2.52 / 50.01 Â± 2.00@@34.633175124631215,14.0.3@@140003,14.0.3@@140003,14.0.3@@140003,14.3.0@@140300,14.0.3@@140003,14.2.0@@140200,14.0.3@@140003,14.0.3@@140003
"birgermoell/WestLake-Munin-Cat-NorskGPT (few-shot, val)",2.43,7241732096.0,32000.0,4096,1405.84,ğŸ§ ,âœ—,âœ“,44.53 Â± 2.84 / 48.21 Â± 2.59@@44.52800039880323,53.02 Â± 2.51 / 39.46 Â± 2.24@@53.017479104157,0.16 Â± 2.81 / 34.10 Â± 0.86@@0.16240598802045536,64.80 Â± 1.37 / 58.45 Â± 2.14@@64.8036869252125,68.19 Â± 0.37 / 24.13 Â± 0.82@@68.19071454112418,25.84 Â± 5.77 / 42.03 Â± 4.64@@25.836384185083677,71.56 Â± 4.21 / 80.55 Â± 3.14@@71.56064961646867,35.95 Â± 3.73 / 51.52 Â± 2.90@@35.947772001006726,14.4.0@@140400,14.4.0@@140400,14.4.0@@140400,14.4.0@@140400,14.4.0@@140400,14.4.0@@140400,14.4.0@@140400,14.4.0@@140400
"birgermoell/Munin-NeuralBeagle-NorskGPT (few-shot, val)",2.43,7241732096.0,32000.0,4096,1430.07,ğŸ§ ,âœ—,âœ“,44.53 Â± 2.84 / 48.21 Â± 2.59@@44.52800039880323,53.02 Â± 2.51 / 39.46 Â± 2.24@@53.017479104157,0.16 Â± 2.81 / 34.10 Â± 0.86@@0.16240598802045536,64.80 Â± 1.37 / 58.45 Â± 2.14@@64.8036869252125,68.19 Â± 0.37 / 24.13 Â± 0.82@@68.19071457488462,25.84 Â± 5.77 / 42.03 Â± 4.64@@25.836384185083677,71.56 Â± 4.21 / 80.55 Â± 3.14@@71.56064961646867,35.95 Â± 3.73 / 51.52 Â± 2.90@@35.947772001006726,14.4.0@@140400,14.4.0@@140400,14.4.0@@140400,14.4.0@@140400,14.4.0@@140400,14.4.0@@140400,14.4.0@@140400,14.4.0@@140400
CohereForAI/c4ai-command-r-v01 (few-shot),2.45,34980831232.0,256000.0,8192,1919.22,ğŸ“,âœ—,âœ—,49.17 Â± 1.04 / 61.82 Â± 1.64@@49.168521596786555,53.44 Â± 1.53 / 33.98 Â± 1.94@@53.43529621086154,20.55 Â± 1.56 / 51.55 Â± 2.37@@20.54696682198453,62.01 Â± 1.21 / 51.70 Â± 1.48@@62.012154441159296,65.47 Â± 0.14 / 17.13 Â± 0.39@@65.46675240038894,30.04 Â± 2.55 / 47.39 Â± 1.97@@30.044677662360208,62.46 Â± 2.29 / 74.92 Â± 1.54@@62.45887036720552,26.25 Â± 1.68 / 43.96 Â± 1.25@@26.248829195604916,14.0.4@@140004,14.0.4@@140004,14.0.4@@140004,14.0.4@@140004,14.1.1@@140101,14.3.0@@140300,14.1.1@@140101,14.1.1@@140101
AI-Sweden-Models/Llama-3-8B (few-shot),2.46,8030261248.0,128256.0,8192,4140.98,ğŸ§ ,âœ“,âœ—,46.48 Â± 1.17 / 55.20 Â± 2.51@@46.477514781836824,36.72 Â± 3.33 / 27.73 Â± 2.57@@36.72400609506533,26.10 Â± 3.17 / 59.19 Â± 3.94@@26.098008218237723,64.11 Â± 0.64 / 58.00 Â± 0.91@@64.11445968957462,67.23 Â± 1.11 / 23.15 Â± 1.07@@67.23217914710403,47.47 Â± 2.57 / 59.23 Â± 2.27@@47.4746147752514,75.27 Â± 1.67 / 83.44 Â± 1.19@@75.27364400462085,14.55 Â± 2.72 / 33.99 Â± 2.19@@14.54926007959868,12.10.5@@121005,12.10.5@@121005,12.10.5@@121005,12.10.5@@121005,12.10.5@@121005,14.2.0@@140200,12.10.5@@121005,12.10.5@@121005
bineric/NorskGPT-Llama3-8b (few-shot),2.48,8030261248.0,128256.0,8192,3381.51,ğŸ“,âœ—,âœ—,42.13 Â± 0.57 / 45.91 Â± 0.39@@42.134552758336966,51.40 Â± 3.08 / 37.70 Â± 3.28@@51.40487277679821,3.91 Â± 2.02 / 34.38 Â± 0.47@@3.9059827523533692,66.28 Â± 0.48 / 57.81 Â± 1.03@@66.27896338962513,66.70 Â± 0.98 / 21.56 Â± 0.85@@66.70194835780421,20.84 Â± 2.28 / 40.33 Â± 1.73@@20.840217283084005,57.36 Â± 2.49 / 70.88 Â± 1.70@@57.36483769471785,44.55 Â± 1.98 / 57.29 Â± 1.77@@44.55216963320988,12.7.0@@120700,12.7.0@@120700,12.7.0@@120700,12.7.0@@120700,12.7.0@@120700,14.2.0@@140200,12.7.0@@120700,12.7.0@@120700
ThatsGroes/munin-SkoleGPTOpenOrca-7b-16bit (few-shot),2.49,7241748480.0,32002.0,32768,3005.72,ğŸ“,âœ—,âœ—,39.63 Â± 1.90 / 46.93 Â± 2.68@@39.62672969762152,45.37 Â± 2.53 / 28.99 Â± 2.18@@45.3715907634824,21.77 Â± 3.54 / 47.96 Â± 4.57@@21.77125593206893,64.76 Â± 0.47 / 58.28 Â± 0.73@@64.76172102655373,67.91 Â± 0.79 / 24.44 Â± 0.46@@67.908404450136,17.22 Â± 1.34 / 37.14 Â± 0.95@@17.220115699071208,63.74 Â± 2.06 / 74.88 Â± 1.46@@63.74045853910108,28.58 Â± 0.96 / 45.97 Â± 0.76@@28.581227116414766,11.0.0@@110000,11.0.0@@110000,11.0.0@@110000,12.4.0@@120400,12.6.1@@120601,14.2.0@@140200,10.0.1@@100001,11.0.0@@110000
danish-foundation-models/munin-7b-alpha (few-shot),2.52,7241732096.0,32000.0,32768,6116.08,ğŸ§ ,âœ“,âœ—,36.89 Â± 2.27 / 43.77 Â± 2.64@@36.88947213686406,40.60 Â± 2.25 / 28.71 Â± 1.42@@40.60140186351525,26.41 Â± 5.40 / 53.03 Â± 6.56@@26.41429653331698,63.44 Â± 0.81 / 57.81 Â± 1.11@@63.442471478595074,67.27 Â± 1.15 / 23.82 Â± 0.97@@67.26610383280786,37.72 Â± 1.28 / 51.06 Â± 0.90@@37.71951974221928,67.83 Â± 1.25 / 77.91 Â± 0.89@@67.82591344257484,25.16 Â± 2.44 / 42.68 Â± 2.10@@25.163732942997836,12.4.0@@120400,12.5.2@@120502,12.4.0@@120400,12.4.0@@120400,12.6.1@@120601,14.2.0@@140200,12.4.0@@120400,12.4.0@@120400
"KennethEnevoldsen/munin_mistral-7b (few-shot, val)",2.52,7241732096.0,32000.0,4096,1402.58,ğŸ§ ,âœ—,âœ“,49.06 Â± 2.30 / 59.43 Â± 2.61@@49.061778655921465,49.04 Â± 2.23 / 36.77 Â± 3.01@@49.043717726259246,7.04 Â± 5.72 / 36.37 Â± 2.61@@7.043787708443038,63.96 Â± 1.30 / 60.11 Â± 1.64@@63.95676749980079,67.94 Â± 0.42 / 23.29 Â± 0.75@@67.93940569506958,28.77 Â± 4.37 / 42.34 Â± 4.12@@28.77077154966891,72.21 Â± 3.53 / 81.09 Â± 2.49@@72.20600556016346,15.35 Â± 3.96 / 36.13 Â± 3.31@@15.353171158400396,14.4.0@@140400,14.4.0@@140400,14.4.0@@140400,14.4.0@@140400,14.4.0@@140400,14.4.0@@140400,14.4.0@@140400,14.4.0@@140400
BSC-LT/salamandra-7b-instruct (few-shot),2.52,7768117248.0,256000.0,8192,3958.96,ğŸ“,âœ“,âœ—,43.12 Â± 2.22 / 58.35 Â± 2.27@@43.12031196796366,46.58 Â± 2.04 / 29.11 Â± 2.01@@46.576474524445395,22.04 Â± 2.77 / 51.42 Â± 3.27@@22.035142361236186,63.98 Â± 0.62 / 56.07 Â± 0.67@@63.98126430080712,66.62 Â± 0.27 / 20.00 Â± 0.60@@66.61654177907621,24.82 Â± 1.35 / 38.84 Â± 1.17@@24.822525574235424,64.57 Â± 2.46 / 76.27 Â± 1.71@@64.57279191498526,20.77 Â± 1.78 / 38.42 Â± 1.67@@20.771215376666706,14.4.0@@140400,14.4.0@@140400,14.4.0@@140400,14.4.0@@140400,14.4.0@@140400,14.4.0@@140400,14.4.0@@140400,14.4.0@@140400
"merge-crew/da-sv-dare-ties-density-0.9 (few-shot, val)",2.53,7241732096.0,32000.0,4096,1436.12,ğŸ§ ,âœ“,âœ“,51.87 Â± 3.49 / 66.36 Â± 2.76@@51.866593263650785,48.31 Â± 3.21 / 36.48 Â± 4.11@@48.31010205468013,22.18 Â± 5.08 / 57.25 Â± 3.60@@22.175363132038882,61.67 Â± 1.68 / 56.90 Â± 2.40@@61.67257660349774,67.08 Â± 0.46 / 22.20 Â± 0.79@@67.08073787158355,18.75 Â± 4.55 / 33.75 Â± 2.97@@18.74774141235748,53.17 Â± 3.57 / 64.22 Â± 3.27@@53.16531706545786,10.59 Â± 3.45 / 30.16 Â± 3.30@@10.586977996925736,14.4.0@@140400,14.4.0@@140400,14.4.0@@140400,14.4.0@@140400,14.4.0@@140400,14.4.0@@140400,14.4.0@@140400,14.4.0@@140400
google/gemma-7b (few-shot),2.54,8537680896.0,256000.0,8190,1377.83,ğŸ§ ,âœ“,âœ—,46.55 Â± 1.89 / 59.52 Â± 3.56@@46.55261637968127,19.59 Â± 2.54 / 15.47 Â± 2.19@@19.586380443034166,32.64 Â± 2.91 / 63.84 Â± 1.69@@32.64069808300042,64.81 Â± 0.91 / 59.40 Â± 1.02@@64.8058547931164,66.63 Â± 0.82 / 22.82 Â± 0.62@@66.63280803986709,45.68 Â± 1.97 / 57.75 Â± 1.55@@45.67966849962818,65.58 Â± 2.10 / 76.41 Â± 1.54@@65.58116478303126,24.74 Â± 2.86 / 39.03 Â± 1.70@@24.736753803903618,12.9.1@@120901,12.9.1@@120901,12.9.1@@120901,12.9.1@@120901,12.9.1@@120901,14.3.0@@140300,12.9.1@@120901,12.9.1@@120901
"AI-Sweden-Models/tyr (few-shot, val)",2.55,7241732096.0,32000.0,4096,1432.18,ğŸ“,âœ—,âœ“,49.60 Â± 3.02 / 64.39 Â± 2.55@@49.602195911630695,47.29 Â± 3.55 / 35.85 Â± 3.82@@47.288228809443744,19.40 Â± 6.39 / 54.78 Â± 4.93@@19.396459194308285,63.25 Â± 1.12 / 57.88 Â± 1.47@@63.24649458490434,67.51 Â± 0.35 / 23.23 Â± 0.64@@67.5109769939445,10.93 Â± 6.47 / 29.69 Â± 3.95@@10.930610643609906,65.68 Â± 5.22 / 76.80 Â± 3.61@@65.68179956461167,12.52 Â± 1.65 / 33.52 Â± 1.36@@12.52317287686046,14.4.0@@140400,14.4.0@@140400,14.4.0@@140400,14.4.0@@140400,14.4.0@@140400,14.4.0@@140400,14.4.0@@140400,14.4.0@@140400
ibm-granite/granite-3.0-8b-base (few-shot),2.56,8170835968.0,49152.0,4096,2514.59,ğŸ§ ,âœ“,âœ—,47.16 Â± 1.36 / 64.63 Â± 1.18@@47.161078921716886,44.58 Â± 2.62 / 33.50 Â± 2.75@@44.57913967987206,19.20 Â± 2.44 / 53.44 Â± 4.36@@19.197932916556425,63.32 Â± 0.89 / 58.41 Â± 1.36@@63.31868530674577,65.64 Â± 0.99 / 21.12 Â± 0.86@@65.64088005659869,7.58 Â± 1.92 / 27.82 Â± 1.64@@7.576090179207704,47.42 Â± 1.74 / 65.02 Â± 1.13@@47.4221427393726,28.73 Â± 1.32 / 46.04 Â± 1.04@@28.727716500074248,13.0.0@@130000,13.0.0@@130000,13.0.0@@130000,13.0.0@@130000,13.0.0@@130000,14.2.0@@140200,13.0.0@@130000,13.0.0@@130000
emillykkejensen/Llama-3-8B-instruct-dansk (few-shot),2.56,8030261248.0,128256.0,4094,967.48,ğŸ“,âœ—,âœ—,50.07 Â± 1.52 / 60.95 Â± 2.42@@50.0739655746832,41.74 Â± 3.18 / 30.54 Â± 2.87@@41.737671264994866,24.49 Â± 1.98 / 57.72 Â± 2.71@@24.4913674817889,65.18 Â± 0.54 / 59.29 Â± 0.86@@65.17695409322822,66.24 Â± 0.55 / 20.03 Â± 0.83@@66.24132276847376,10.04 Â± 1.07 / 31.15 Â± 0.92@@10.041274550956336,48.43 Â± 2.35 / 64.28 Â± 1.72@@48.43108771172422,19.64 Â± 2.14 / 37.09 Â± 1.65@@19.64336665675093,12.9.1@@120901,12.9.1@@120901,12.9.1@@120901,12.9.1@@120901,12.9.1@@120901,14.2.0@@140200,12.9.1@@120901,12.9.1@@120901
"merge-crew/da-sv-ties (few-shot, val)",2.57,7241732096.0,32000.0,4096,1437.73,ğŸ§ ,âœ“,âœ“,52.46 Â± 2.88 / 65.93 Â± 2.43@@52.456322957548664,47.81 Â± 2.96 / 34.56 Â± 3.62@@47.81159141497781,16.43 Â± 5.03 / 48.06 Â± 5.41@@16.431494187840073,62.46 Â± 1.10 / 58.15 Â± 1.44@@62.46490331615617,67.22 Â± 0.44 / 22.20 Â± 0.77@@67.22435760078952,16.62 Â± 6.04 / 32.50 Â± 4.00@@16.617596088356716,51.58 Â± 3.08 / 62.50 Â± 3.20@@51.584692461368206,10.90 Â± 2.72 / 29.69 Â± 3.05@@10.898789146397384,14.4.0@@140400,14.4.0@@140400,14.4.0@@140400,14.4.0@@140400,14.4.0@@140400,14.4.0@@140400,14.4.0@@140400,14.4.0@@140400
bineric/NorskGPT-Mistral-7b (few-shot),2.59,7241732096.0,32000.0,4096,1440.19,ğŸ“,âœ—,âœ—,40.41 Â± 0.79 / 44.17 Â± 0.56@@40.41082573158964,50.76 Â± 1.60 / 32.89 Â± 2.11@@50.758950318815735,0.00 Â± 0.00 / 33.41 Â± 0.23@@0.0,63.80 Â± 0.52 / 57.26 Â± 0.79@@63.79697846288948,66.89 Â± 0.71 / 21.43 Â± 0.57@@66.89108795457287,7.00 Â± 1.50 / 30.02 Â± 1.16@@6.99745731372468,53.18 Â± 2.37 / 67.48 Â± 1.70@@53.178720798746205,43.42 Â± 1.05 / 57.50 Â± 0.80@@43.4155937614601,9.3.1@@90301,9.3.1@@90301,9.3.1@@90301,12.5.1@@120501,12.6.1@@120601,14.2.0@@140200,10.0.1@@100001,9.3.1@@90301
tiiuae/Falcon3-7B-Instruct (few-shot),2.62,7455550464.0,131072.0,32768,2978.29,ğŸ“,âœ“,âœ—,47.77 Â± 1.51 / 65.54 Â± 0.94@@47.76599506455243,52.42 Â± 2.33 / 38.81 Â± 2.32@@52.42089441963691,18.45 Â± 1.92 / 57.15 Â± 1.42@@18.44778860006557,61.04 Â± 0.80 / 51.86 Â± 0.82@@61.03653257573702,64.55 Â± 0.43 / 17.29 Â± 0.93@@64.54797204991337,14.59 Â± 1.43 / 35.53 Â± 1.02@@14.594071416218462,41.82 Â± 2.54 / 61.54 Â± 1.67@@41.818637157447945,21.22 Â± 1.32 / 40.53 Â± 1.03@@21.216613986098924,14.3.0@@140300,14.3.0@@140300,14.3.0@@140300,14.3.0@@140300,14.3.0@@140300,14.3.0@@140300,14.3.0@@140300,14.3.0@@140300
alpindale/Mistral-7B-v0.2-hf (few-shot),2.63,7241732096.0,32000.0,32768,1841.12,ğŸ§ ,âœ“,âœ—,45.86 Â± 1.63 / 61.89 Â± 1.57@@45.85727450087617,43.65 Â± 2.87 / 32.21 Â± 2.13@@43.65176197906824,15.19 Â± 3.67 / 46.19 Â± 5.60@@15.18776783747405,64.43 Â± 0.58 / 59.14 Â± 0.90@@64.42999282577065,66.30 Â± 1.02 / 21.99 Â± 1.01@@66.30317004659446,13.80 Â± 1.40 / 34.31 Â± 1.28@@13.800393809180466,54.52 Â± 2.51 / 68.59 Â± 1.76@@54.520592037797385,20.51 Â± 2.03 / 39.10 Â± 1.86@@20.505585390905416,12.5.1@@120501,12.5.2@@120502,12.5.1@@120501,12.5.1@@120501,12.6.1@@120601,14.2.0@@140200,12.5.1@@120501,12.5.1@@120501
"merge-crew/da-sv-dare-ties-density-0.6 (few-shot, val)",2.63,7241732096.0,32000.0,4096,1439.49,ğŸ§ ,âœ“,âœ“,50.28 Â± 2.97 / 64.57 Â± 2.54@@50.28417423501963,45.39 Â± 3.29 / 33.49 Â± 3.36@@45.38743918815777,17.95 Â± 4.82 / 46.65 Â± 4.51@@17.95209381040117,60.78 Â± 1.28 / 56.34 Â± 1.76@@60.77689078878723,66.46 Â± 0.51 / 20.44 Â± 0.97@@66.45646727527492,17.46 Â± 2.90 / 30.63 Â± 2.63@@17.45581238924334,52.44 Â± 3.21 / 64.22 Â± 2.81@@52.44104209968161,8.23 Â± 2.57 / 29.34 Â± 2.02@@8.23078625726817,14.4.0@@140400,14.4.0@@140400,14.4.0@@140400,14.4.0@@140400,14.4.0@@140400,14.4.0@@140400,14.4.0@@140400,14.4.0@@140400
Mabeck/Heidrun-Mistral-7B-base (few-shot),2.65,7241732096.0,32000.0,32768,3822.53,ğŸ§ ,âœ“,âœ—,39.38 Â± 1.56 / 49.16 Â± 2.84@@39.38115086618592,40.14 Â± 2.41 / 28.08 Â± 1.67@@40.14124505786691,21.85 Â± 3.24 / 53.75 Â± 4.63@@21.854353512518855,63.63 Â± 0.69 / 58.07 Â± 1.13@@63.62740068656264,67.06 Â± 1.05 / 23.60 Â± 0.84@@67.06305283732945,19.33 Â± 1.67 / 37.23 Â± 1.73@@19.334826951814172,61.29 Â± 2.78 / 73.50 Â± 1.95@@61.285193072775016,16.26 Â± 1.96 / 35.70 Â± 1.73@@16.25893665930386,11.0.0@@110000,11.0.0@@110000,11.0.0@@110000,11.0.0@@110000,12.6.1@@120601,14.2.0@@140200,11.0.0@@110000,11.0.0@@110000
NLPnorth/snakmodel-7b-instruct (few-shot),2.66,6738415616.0,32000.0,4096,3027.58,ğŸ“,âœ—,âœ—,50.46 Â± 1.30 / 64.72 Â± 2.20@@50.45603013539074,35.82 Â± 4.16 / 29.62 Â± 3.38@@35.81622206723108,18.60 Â± 3.80 / 52.87 Â± 6.20@@18.599775127174535,64.68 Â± 0.58 / 58.57 Â± 0.74@@64.67615886435472,66.71 Â± 0.63 / 21.52 Â± 0.74@@66.7107982323796,8.39 Â± 1.54 / 28.81 Â± 1.03@@8.389031960413709,57.45 Â± 2.47 / 71.64 Â± 1.61@@57.449626330630885,9.33 Â± 1.03 / 29.66 Â± 0.99@@9.330472666165251,13.2.0@@130200,13.2.0@@130200,13.2.0@@130200,13.2.0@@130200,13.2.0@@130200,14.2.0@@140200,13.2.0@@130200,13.2.0@@130200
google/gemma-2-2b-it (few-shot),2.67,2614341888.0,256000.0,8193,5373.87,ğŸ“,âœ“,âœ—,47.11 Â± 1.36 / 63.36 Â± 1.39@@47.11194534480579,28.22 Â± 1.66 / 19.95 Â± 1.55@@28.220811554227037,19.99 Â± 1.86 / 58.86 Â± 1.11@@19.98756397272491,58.49 Â± 0.49 / 48.00 Â± 0.98@@58.487803159260444,66.73 Â± 1.01 / 21.91 Â± 1.06@@66.72884168991004,11.46 Â± 1.41 / 32.08 Â± 1.03@@11.455393966175933,52.74 Â± 1.77 / 68.55 Â± 1.20@@52.73860627133279,29.94 Â± 1.28 / 47.03 Â± 1.01@@29.94333829066952,13.0.0@@130000,13.0.0@@130000,13.0.0@@130000,13.0.0@@130000,13.0.0@@130000,14.2.0@@140200,13.0.0@@130000,13.0.0@@130000
ibm-granite/granite-3.0-8b-instruct (few-shot),2.67,8170848256.0,49155.0,4096,1279.43,ğŸ“,âœ“,âœ—,49.31 Â± 1.35 / 66.02 Â± 1.10@@49.305853487604914,44.92 Â± 3.05 / 32.65 Â± 2.50@@44.91572239159412,10.14 Â± 2.87 / 44.99 Â± 4.82@@10.143873634511397,63.24 Â± 0.44 / 57.34 Â± 0.99@@63.24357960909409,66.02 Â± 0.75 / 20.91 Â± 0.70@@66.02356195129687,6.40 Â± 1.70 / 28.61 Â± 1.16@@6.395559348227218,43.55 Â± 3.67 / 62.50 Â± 2.36@@43.54763413765524,21.34 Â± 1.27 / 39.77 Â± 1.09@@21.338685510040484,13.0.0@@130000,13.0.0@@130000,13.0.0@@130000,13.0.0@@130000,13.0.0@@130000,14.2.0@@140200,13.0.0@@130000,13.0.0@@130000
bineric/NorskGPT-Llama-13B-v0.1 (few-shot),2.68,13015864320.0,32000.0,4096,2856.44,ğŸ“,âœ—,âœ—,44.28 Â± 1.94 / 55.59 Â± 3.06@@44.2751240947601,44.17 Â± 3.14 / 31.63 Â± 3.03@@44.16775984820387,3.11 Â± 1.88 / 34.35 Â± 0.74@@3.1098137205280514,63.25 Â± 0.37 / 55.59 Â± 0.65@@63.246672620656206,66.63 Â± 0.92 / 21.44 Â± 0.80@@66.63176596877747,9.28 Â± 1.21 / 30.62 Â± 0.83@@9.279512595053282,50.89 Â± 1.72 / 67.29 Â± 1.12@@50.8938632158586,25.32 Â± 1.41 / 43.22 Â± 1.13@@25.320143196891326,12.10.4@@121004,12.10.4@@121004,12.10.4@@121004,12.10.4@@121004,12.10.4@@121004,14.3.0@@140300,12.10.4@@121004,12.10.4@@121004
CohereForAI/aya-23-8B (few-shot),2.68,8028033024.0,256000.0,8192,2706.96,ğŸ§ ,âœ—,âœ—,47.16 Â± 1.21 / 63.47 Â± 1.57@@47.158536378634935,47.08 Â± 3.39 / 32.34 Â± 2.97@@47.08365928085701,8.41 Â± 2.40 / 37.31 Â± 1.66@@8.411807844504956,63.96 Â± 0.56 / 58.83 Â± 0.73@@63.96071457701616,65.03 Â± 0.98 / 20.21 Â± 0.77@@65.03364052667166,0.59 Â± 1.23 / 26.98 Â± 1.28@@0.5947878880188555,39.24 Â± 1.63 / 59.45 Â± 1.09@@39.238260955097694,27.29 Â± 1.22 / 45.01 Â± 0.99@@27.288996239389814,13.0.0@@130000,13.0.0@@130000,13.0.0@@130000,13.0.0@@130000,13.0.0@@130000,14.2.0@@140200,13.0.0@@130000,13.0.0@@130000
RuterNorway/Llama-2-13b-chat-norwegian (few-shot),2.69,13015866880.0,32000.0,4096,951.99,ğŸ“,âœ—,âœ—,44.45 Â± 2.50 / 57.87 Â± 3.63@@44.448070254060404,44.90 Â± 2.19 / 33.14 Â± 2.91@@44.898892454426765,10.59 Â± 3.19 / 43.00 Â± 3.17@@10.589064559379063,63.73 Â± 0.71 / 57.51 Â± 0.99@@63.729275884351566,67.63 Â± 0.18 / 23.06 Â± 0.48@@67.63173898929381,12.56 Â± 0.92 / 32.98 Â± 0.65@@12.55940748003151,43.33 Â± 1.82 / 61.60 Â± 1.24@@43.33292327158486,13.65 Â± 1.65 / 34.81 Â± 1.39@@13.64977822969766,14.4.0@@140400,14.4.0@@140400,14.4.0@@140400,14.4.0@@140400,14.4.0@@140400,14.4.0@@140400,14.4.0@@140400,14.4.0@@140400
Mabeck/Heidrun-Mistral-7B-chat (few-shot),2.75,7241732096.0,32000.0,4096,1418.7,ğŸ“,âœ—,âœ—,49.86 Â± 1.51 / 65.11 Â± 1.52@@49.861254384864104,51.93 Â± 1.66 / 34.88 Â± 2.57@@51.934028142553736,20.25 Â± 3.13 / 52.74 Â± 4.16@@20.247638046986488,35.74 Â± 5.40 / 25.84 Â± 5.68@@35.74035736094723,66.28 Â± 0.28 / 20.94 Â± 0.42@@66.28247427957831,18.85 Â± 1.64 / 38.04 Â± 1.08@@18.852222175197817,60.78 Â± 2.31 / 73.79 Â± 1.60@@60.77655561443247,16.39 Â± 1.53 / 36.26 Â± 1.38@@16.38700436442363,14.0.3@@140003,14.0.3@@140003,14.0.3@@140003,14.0.3@@140003,14.0.3@@140003,14.2.0@@140200,14.0.3@@140003,14.0.3@@140003
bineric/NorskGPT-Llama-7B-v0.1 (few-shot),2.79,6738415616.0,32000.0,4096,5384.08,ğŸ“,âœ—,âœ—,47.73 Â± 1.52 / 60.64 Â± 2.33@@47.72916606080508,41.63 Â± 2.33 / 28.51 Â± 2.43@@41.62679001033296,0.00 Â± 0.00 / 33.41 Â± 0.23@@0.0,61.70 Â± 0.71 / 54.25 Â± 0.85@@61.69906774990511,66.02 Â± 0.52 / 19.78 Â± 0.57@@66.01911910896888,8.43 Â± 1.74 / 29.76 Â± 1.24@@8.426981408342964,38.28 Â± 1.21 / 58.13 Â± 0.76@@38.27619234521705,22.27 Â± 1.19 / 41.07 Â± 1.07@@22.265033378261094,12.3.2@@120302,12.5.2@@120502,12.3.2@@120302,12.3.2@@120302,12.6.1@@120601,14.2.0@@140200,12.3.2@@120302,12.3.2@@120302
BSC-LT/salamandra-7b (few-shot),2.79,7768117248.0,256000.0,8192,3123.97,ğŸ§ ,âœ“,âœ—,32.12 Â± 3.40 / 43.66 Â± 3.92@@32.124662452217834,41.66 Â± 2.43 / 32.18 Â± 1.83@@41.657561703647694,22.25 Â± 5.29 / 51.29 Â± 6.81@@22.24833265908599,63.73 Â± 0.47 / 58.08 Â± 0.54@@63.732935966593494,67.27 Â± 0.45 / 22.48 Â± 0.85@@67.27220331769786,16.93 Â± 2.01 / 33.09 Â± 2.73@@16.928398442694157,54.97 Â± 2.12 / 69.69 Â± 1.52@@54.97074756385759,5.56 Â± 1.33 / 27.59 Â± 0.62@@5.55763415977061,14.4.0@@140400,14.4.0@@140400,14.4.0@@140400,14.4.0@@140400,14.4.0@@140400,14.4.0@@140400,14.4.0@@140400,14.4.0@@140400
meta-llama/Llama-2-13b-hf (few-shot),2.79,13015866880.0,32000.0,4096,939.56,ğŸ§ ,âœ“,âœ—,27.35 Â± 4.52 / 42.16 Â± 6.58@@27.345835459774214,41.09 Â± 2.36 / 34.03 Â± 1.54@@41.08562816706374,27.54 Â± 2.52 / 60.83 Â± 2.65@@27.543486948548797,66.14 Â± 0.71 / 60.96 Â± 0.72@@66.14364248626684,67.36 Â± 0.28 / 22.94 Â± 0.65@@67.35830728532164,13.43 Â± 2.10 / 34.79 Â± 1.44@@13.434843441842443,46.70 Â± 2.46 / 63.81 Â± 1.87@@46.70237011395514,9.05 Â± 1.52 / 30.00 Â± 1.02@@9.05441500976206,14.3.0@@140300,14.3.0@@140300,14.3.0@@140300,14.3.0@@140300,14.3.0@@140300,14.3.0@@140300,14.3.0@@140300,14.4.0@@140400
tiiuae/Falcon3-7B-Base (few-shot),2.86,7455550464.0,131072.0,32768,2982.07,ğŸ§ ,âœ“,âœ—,44.62 Â± 1.78 / 61.39 Â± 1.14@@44.62178812309905,44.45 Â± 1.26 / 24.97 Â± 2.57@@44.45411881117168,10.73 Â± 3.29 / 51.17 Â± 4.38@@10.728492505015655,59.20 Â± 0.67 / 52.17 Â± 0.57@@59.20103588136228,64.55 Â± 0.63 / 17.87 Â± 1.05@@64.54785154943238,9.22 Â± 2.87 / 31.08 Â± 2.22@@9.221499992350848,34.90 Â± 2.43 / 56.93 Â± 1.56@@34.89646267550772,7.72 Â± 1.94 / 30.17 Â± 1.39@@7.7207843506129885,14.3.0@@140300,14.3.0@@140300,14.3.0@@140300,14.3.0@@140300,14.4.0@@140400,14.4.0@@140400,14.4.0@@140400,14.4.0@@140400
TrustLLMeu/baseline-7-8b_2-3t-tokens_llama (few-shot),2.87,7799574528.0,100096.0,4096,2854.26,ğŸ§ ,âœ“,âœ—,51.73 Â± 1.88 / 67.36 Â± 1.46@@51.733735368690624,36.53 Â± 4.82 / 28.05 Â± 3.20@@36.53295901235339,15.51 Â± 1.75 / 56.49 Â± 1.13@@15.513843304465624,59.29 Â± 0.74 / 52.84 Â± 0.70@@59.28737382584892,66.59 Â± 0.99 / 21.35 Â± 1.42@@66.59248962561833,4.08 Â± 1.34 / 25.21 Â± 0.66@@4.075979789983412,17.74 Â± 1.64 / 44.84 Â± 1.27@@17.739164244088048,3.04 Â± 1.39 / 26.99 Â± 1.03@@3.0405357460234956,14.3.0@@140300,14.3.0@@140300,14.3.0@@140300,14.3.0@@140300,14.3.0@@140300,14.3.0@@140300,14.3.0@@140300,14.3.0@@140300
"merge-crew/da-sv-dare-ties-density-0.3 (few-shot, val)",2.91,7241732096.0,32000.0,4096,2916.56,ğŸ§ ,âœ“,âœ“,48.49 Â± 2.41 / 63.06 Â± 1.91@@48.49494611841166,30.16 Â± 4.47 / 25.03 Â± 3.01@@30.157673736059948,5.52 Â± 4.66 / 38.81 Â± 4.27@@5.524073906541192,57.22 Â± 1.44 / 52.44 Â± 1.32@@57.22067903988491,64.24 Â± 1.42 / 18.43 Â± 1.20@@64.23590962542221,43.57 Â± 3.32 / 56.56 Â± 2.69@@43.570175474296214,35.60 Â± 4.28 / 50.86 Â± 3.49@@35.60287579170968,6.76 Â± 2.77 / 28.91 Â± 2.38@@6.759374038590963,10.0.1@@100001,10.0.1@@100001,10.0.1@@100001,10.0.1@@100001,12.6.1@@120601,10.0.1@@100001,10.0.1@@100001,10.0.1@@100001
emillykkejensen/Phi-3-mini-4k-instruct-dansk (few-shot),2.92,3821079552.0,32064.0,4096,1360.1,ğŸ“,âœ—,âœ—,44.93 Â± 1.13 / 62.99 Â± 0.87@@44.926264483569945,39.96 Â± 3.11 / 25.49 Â± 2.71@@39.96430208587779,4.01 Â± 1.10 / 45.80 Â± 2.61@@4.014438264489615,60.67 Â± 0.59 / 55.01 Â± 0.80@@60.672175354135035,65.29 Â± 0.58 / 20.29 Â± 0.54@@65.29080385123962,-1.53 Â± 1.33 / 24.95 Â± 0.78@@-1.5264503191579784,41.62 Â± 2.04 / 60.84 Â± 1.39@@41.61610096329131,11.81 Â± 1.05 / 33.65 Â± 0.84@@11.814675272309804,12.10.4@@121004,12.10.4@@121004,12.10.4@@121004,12.10.4@@121004,12.10.4@@121004,14.2.0@@140200,12.10.4@@121004,12.10.4@@121004
NorwAI/NorwAI-Mistral-7B (few-shot),2.95,7536586752.0,67993.0,4065,3034.67,ğŸ§ ,âœ“,âœ—,48.39 Â± 0.66 / 64.51 Â± 1.38@@48.38961494472434,21.47 Â± 3.87 / 16.98 Â± 3.19@@21.471078773493367,12.46 Â± 2.22 / 52.33 Â± 3.21@@12.46192732048093,58.49 Â± 1.58 / 52.51 Â± 1.57@@58.490508062443304,66.53 Â± 1.15 / 21.82 Â± 1.03@@66.52730051893741,0.74 Â± 1.78 / 22.64 Â± 1.48@@0.739478561688684,49.97 Â± 2.70 / 65.62 Â± 1.94@@49.97002668347497,5.64 Â± 1.49 / 28.33 Â± 0.91@@5.639679967706393,12.10.5@@121005,12.10.5@@121005,12.10.5@@121005,12.10.5@@121005,12.10.5@@121005,14.2.0@@140200,12.10.5@@121005,12.10.5@@121005
AI-Sweden-Models/gpt-sw3-40b (few-shot),2.96,39926513664.0,64000.0,1793,408.99,ğŸ§ ,âœ“,âœ—,47.81 Â± 1.32 / 64.26 Â± 1.28@@47.81192725681386,26.57 Â± 5.22 / 17.35 Â± 2.79@@26.565099726991402,11.13 Â± 2.06 / 51.34 Â± 3.02@@11.130953199220237,60.13 Â± 0.69 / 53.78 Â± 0.70@@60.13219931195097,66.21 Â± 1.17 / 21.48 Â± 1.27@@66.21418359369272,9.11 Â± 1.41 / 30.77 Â± 1.46@@9.111984992606196,29.86 Â± 1.89 / 49.82 Â± 1.71@@29.856594747709796,6.67 Â± 1.87 / 29.53 Â± 1.25@@6.669075236862369,12.9.0@@120900,12.9.0@@120900,12.9.0@@120900,12.9.0@@120900,12.9.0@@120900,14.3.0@@140300,12.9.1@@120901,12.9.1@@120901
Qwen/Qwen1.5-4B-Chat (few-shot),2.97,3950369280.0,151936.0,32768,4347.23,ğŸ“,âœ—,âœ—,42.04 Â± 1.42 / 60.76 Â± 1.41@@42.038961134882314,35.96 Â± 2.61 / 28.58 Â± 2.58@@35.95587069587734,8.65 Â± 1.52 / 49.56 Â± 3.60@@8.649975795750278,59.73 Â± 0.86 / 53.68 Â± 0.94@@59.72676927573254,63.22 Â± 1.14 / 16.73 Â± 1.50@@63.21607265766943,13.48 Â± 1.61 / 34.86 Â± 1.20@@13.477662499149487,29.62 Â± 1.33 / 52.29 Â± 1.02@@29.61619642843437,16.87 Â± 1.18 / 37.41 Â± 0.90@@16.870056740218896,10.0.1@@100001,12.5.2@@120502,12.1.0@@120100,12.5.2@@120502,12.6.1@@120601,14.2.0@@140200,12.1.0@@120100,12.1.0@@120100
ibm-granite/granite-3.0-2b-instruct (few-shot),2.98,2634201088.0,49155.0,4097,10193.87,ğŸ“,âœ“,âœ—,41.86 Â± 1.28 / 61.22 Â± 0.99@@41.86326637028724,41.79 Â± 2.11 / 32.67 Â± 2.33@@41.78824721583756,11.86 Â± 1.80 / 50.92 Â± 3.93@@11.856665913714817,59.28 Â± 0.61 / 51.97 Â± 0.76@@59.27823659221394,64.86 Â± 0.75 / 19.26 Â± 0.79@@64.8606298166851,4.58 Â± 1.66 / 26.72 Â± 1.07@@4.584145862651734,26.20 Â± 2.23 / 51.29 Â± 1.34@@26.19699916765969,3.64 Â± 0.91 / 27.01 Â± 0.69@@3.639131692594207,13.0.0@@130000,13.0.0@@130000,13.0.0@@130000,13.0.0@@130000,13.0.0@@130000,14.2.0@@140200,13.0.0@@130000,13.0.0@@130000
ibm-granite/granite-8b-code-base (few-shot),3.01,8054910976.0,49152.0,4096,1002.12,ğŸ§ ,âœ“,âœ—,39.16 Â± 0.95 / 56.83 Â± 1.90@@39.157608455127615,48.55 Â± 1.75 / 37.15 Â± 1.83@@48.5484906715467,10.43 Â± 1.91 / 46.99 Â± 3.74@@10.432454845709863,56.75 Â± 0.70 / 51.28 Â± 0.95@@56.74700774015766,63.95 Â± 0.80 / 17.51 Â± 0.73@@63.946389699267456,4.95 Â± 1.10 / 26.62 Â± 0.89@@4.947012624862798,17.65 Â± 1.77 / 45.43 Â± 1.14@@17.65344812126494,8.97 Â± 1.07 / 31.39 Â± 0.89@@8.974763338286467,12.10.5@@121005,12.10.5@@121005,12.10.5@@121005,12.10.5@@121005,12.10.5@@121005,14.2.0@@140200,12.10.5@@121005,12.10.5@@121005
ibm-granite/granite-8b-code-base-4k (few-shot),3.01,8054910976.0,49152.0,4096,2312.61,ğŸ§ ,âœ“,âœ—,39.07 Â± 1.03 / 56.85 Â± 1.91@@39.0741294639168,48.44 Â± 1.69 / 36.99 Â± 1.77@@48.43954653552577,9.72 Â± 1.58 / 46.85 Â± 3.66@@9.718370560386576,56.54 Â± 0.69 / 51.18 Â± 0.92@@56.54119037630137,63.93 Â± 0.79 / 17.49 Â± 0.73@@63.92909051413881,4.95 Â± 1.10 / 26.62 Â± 0.89@@4.947012624862798,18.96 Â± 2.16 / 46.29 Â± 1.39@@18.96250857637063,9.03 Â± 1.28 / 31.42 Â± 1.04@@9.033446024707121,13.0.0@@130000,13.0.0@@130000,13.0.0@@130000,13.0.0@@130000,13.0.0@@130000,14.2.0@@140200,13.0.0@@130000,13.0.0@@130000
google/gemma-7b-it (few-shot),3.04,8537680896.0,256000.0,8192,1792.03,ğŸ“,âœ—,âœ—,29.21 Â± 1.92 / 52.86 Â± 1.54@@29.20867801632338,43.83 Â± 1.93 / 34.03 Â± 1.59@@43.83032618412897,12.96 Â± 1.67 / 55.83 Â± 0.88@@12.955272212436618,56.52 Â± 0.50 / 49.76 Â± 0.59@@56.51552430235796,65.36 Â± 1.08 / 19.65 Â± 1.01@@65.35993412529933,2.50 Â± 1.90 / 24.76 Â± 2.37@@2.4952529327606956,31.26 Â± 2.75 / 52.68 Â± 2.10@@31.257376073362224,15.02 Â± 1.01 / 34.38 Â± 0.79@@15.015060452712431,12.7.0@@120700,12.7.0@@120700,12.7.0@@120700,12.7.0@@120700,12.7.0@@120700,14.2.0@@140200,12.7.0@@120700,12.7.0@@120700
Qwen/Qwen1.5-4B (few-shot),3.05,3950369280.0,151936.0,32768,3247.86,ğŸ“,âœ“,âœ—,39.62 Â± 2.39 / 56.09 Â± 2.89@@39.61652219671029,32.28 Â± 3.16 / 23.24 Â± 3.51@@32.27784622362128,5.38 Â± 2.18 / 36.31 Â± 1.96@@5.3752113468960605,60.63 Â± 0.75 / 54.16 Â± 0.89@@60.63348856977376,62.74 Â± 1.62 / 16.48 Â± 1.77@@62.74391127284616,11.26 Â± 2.22 / 32.19 Â± 1.71@@11.26131474470192,29.21 Â± 3.46 / 52.40 Â± 2.50@@29.209799731085628,15.58 Â± 1.48 / 36.33 Â± 1.08@@15.577332204998218,10.0.1@@100001,12.5.2@@120502,12.1.0@@120100,12.1.0@@120100,12.6.1@@120601,14.2.0@@140200,12.1.0@@120100,12.1.0@@120100
meta-llama/Llama-2-13b-chat-hf (few-shot),3.05,13015866880.0,32000.0,4096,1719.8,ğŸ“,âœ“,âœ—,48.42 Â± 2.06 / 64.62 Â± 1.31@@48.42015600404701,33.84 Â± 2.18 / 21.91 Â± 1.65@@33.84337342405443,16.51 Â± 2.20 / 51.11 Â± 2.99@@16.514818403862115,57.27 Â± 1.36 / 48.76 Â± 1.65@@57.267887727888215,61.22 Â± 1.85 / 9.88 Â± 2.34@@61.218292357661994,-0.19 Â± 2.50 / 25.31 Â± 1.35@@-0.18874533721189712,26.26 Â± 2.95 / 48.32 Â± 1.97@@26.261968273544483,3.22 Â± 1.01 / 25.63 Â± 0.82@@3.220448114733728,14.3.0@@140300,14.3.0@@140300,14.3.0@@140300,14.3.0@@140300,14.3.0@@140300,14.3.0@@140300,14.3.0@@140300,14.3.0@@140300
TrustLLMeu/baseline-7-8b_1t-tokens_llama (few-shot),3.07,7799574528.0,100096.0,4096,6196.57,ğŸ§ ,âœ“,âœ—,45.67 Â± 2.41 / 58.41 Â± 3.04@@45.67401379956301,34.25 Â± 2.28 / 30.39 Â± 2.14@@34.24990397055671,10.62 Â± 2.37 / 53.20 Â± 3.73@@10.61844419461854,56.92 Â± 2.42 / 50.77 Â± 2.48@@56.918035255283506,65.67 Â± 1.05 / 19.97 Â± 0.93@@65.67080214575981,2.31 Â± 1.92 / 24.65 Â± 1.65@@2.3119710545011007,10.57 Â± 2.47 / 40.33 Â± 1.67@@10.573010719993423,0.64 Â± 1.55 / 25.40 Â± 0.77@@0.635762819956878,13.0.0@@130000,13.0.0@@130000,13.0.0@@130000,13.0.0@@130000,13.0.0@@130000,13.0.0@@130000,13.0.0@@130000,13.0.0@@130000
NorwAI/NorwAI-Llama2-7B (few-shot),3.09,7033270272.0,67993.0,4096,4437.75,ğŸ§ ,âœ“,âœ—,45.89 Â± 2.13 / 63.12 Â± 1.98@@45.891429076977566,16.72 Â± 2.23 / 15.96 Â± 2.08@@16.720303159644292,11.25 Â± 2.33 / 51.88 Â± 2.35@@11.247680945214608,59.30 Â± 0.66 / 53.17 Â± 0.79@@59.29950708688891,66.51 Â± 1.29 / 22.13 Â± 1.19@@66.51317198920879,2.34 Â± 1.37 / 23.59 Â± 1.39@@2.3418946272488737,27.95 Â± 3.54 / 48.55 Â± 2.35@@27.95464074843208,2.41 Â± 1.06 / 26.59 Â± 0.72@@2.407222074775819,12.10.5@@121005,12.10.5@@121005,12.10.5@@121005,12.10.5@@121005,12.10.5@@121005,14.2.0@@140200,12.10.5@@121005,12.10.5@@121005
ibm-granite/granite-8b-code-instruct-4k (few-shot),3.09,8054910976.0,49152.0,4096,5616.81,ğŸ“,âœ“,âœ—,37.11 Â± 1.88 / 56.47 Â± 1.59@@37.10516192550084,45.90 Â± 2.53 / 33.00 Â± 1.93@@45.89925867554176,11.70 Â± 2.16 / 50.31 Â± 3.91@@11.700529597076557,55.71 Â± 0.49 / 50.11 Â± 0.83@@55.71161271747553,63.86 Â± 0.96 / 18.38 Â± 0.71@@63.85932654928184,4.20 Â± 1.90 / 26.46 Â± 1.48@@4.199131279689781,7.46 Â± 1.83 / 39.41 Â± 1.17@@7.4599220210716854,5.62 Â± 1.16 / 28.71 Â± 0.79@@5.619322498339646,13.0.0@@130000,13.0.0@@130000,13.0.0@@130000,13.0.0@@130000,13.0.0@@130000,14.2.0@@140200,13.0.0@@130000,13.0.0@@130000
google/gemma-2-2b (few-shot),3.13,2614341888.0,256000.0,8193,5235.32,ğŸ§ ,âœ“,âœ—,34.94 Â± 2.71 / 42.58 Â± 3.24@@34.9390731081017,17.29 Â± 2.84 / 13.87 Â± 2.03@@17.289905612124585,6.39 Â± 2.41 / 45.03 Â± 4.32@@6.386922481134047,59.95 Â± 1.03 / 54.94 Â± 1.00@@59.947347435180326,64.82 Â± 1.05 / 20.37 Â± 1.06@@64.81899967824575,10.46 Â± 0.93 / 29.27 Â± 1.05@@10.462361317823724,45.03 Â± 1.84 / 63.40 Â± 1.23@@45.028478834621296,9.10 Â± 1.03 / 30.51 Â± 1.01@@9.098389118186729,13.0.0@@130000,13.0.0@@130000,13.0.0@@130000,13.0.0@@130000,13.0.0@@130000,14.2.0@@140200,13.0.0@@130000,13.0.0@@130000
LumiOpen/Viking-33B@1000B (few-shot),3.14,33119034368.0,131072.0,4097,2079.9,ğŸ§ ,âœ“,âœ—,45.05 Â± 2.49 / 62.23 Â± 1.84@@45.04537828904147,34.22 Â± 2.47 / 22.52 Â± 1.93@@34.21790334339265,9.40 Â± 2.63 / 44.83 Â± 4.69@@9.39504170974978,60.33 Â± 0.76 / 54.92 Â± 1.00@@60.327070939690884,62.78 Â± 0.97 / 15.36 Â± 1.96@@62.77554073712963,0.43 Â± 1.04 / 24.15 Â± 0.82@@0.43383725112868066,4.81 Â± 3.43 / 36.58 Â± 2.02@@4.806735654818732,1.77 Â± 0.76 / 26.00 Â± 0.65@@1.773682072717929,12.9.0@@120900,12.9.0@@120900,12.9.0@@120900,12.9.0@@120900,12.9.0@@120900,12.9.0@@120900,12.9.0@@120900,12.9.0@@120900
LumiOpen/Viking-13B (few-shot),3.17,14030361600.0,131072.0,4097,839.52,ğŸ§ ,âœ“,âœ—,48.71 Â± 1.27 / 60.90 Â± 2.95@@48.714485329690646,28.60 Â± 4.69 / 20.29 Â± 3.37@@28.596604371494355,2.30 Â± 1.34 / 37.21 Â± 2.50@@2.297853685951037,58.96 Â± 1.67 / 53.85 Â± 1.73@@58.956038504013804,64.05 Â± 0.93 / 16.99 Â± 1.44@@64.04534451030486,0.79 Â± 1.22 / 23.16 Â± 1.61@@0.7858560145454181,0.00 Â± 2.29 / 35.66 Â± 1.43@@0.001984568616726426,0.36 Â± 1.09 / 25.24 Â± 0.60@@0.3628286813506335,12.10.5@@121005,12.10.5@@121005,12.10.5@@121005,12.10.5@@121005,12.10.5@@121005,14.3.0@@140300,12.10.5@@121005,12.10.5@@121005
ibm-granite/granite-3.0-2b-base (few-shot),3.17,2533525504.0,49152.0,4097,10186.88,ğŸ§ ,âœ“,âœ—,29.50 Â± 3.63 / 42.61 Â± 4.86@@29.497221905344016,32.34 Â± 3.77 / 24.48 Â± 3.17@@32.34338835098826,3.89 Â± 1.49 / 37.29 Â± 3.65@@3.894389889418254,59.15 Â± 0.69 / 53.67 Â± 0.84@@59.14983470347261,64.48 Â± 0.83 / 19.25 Â± 0.78@@64.47933270363137,0.62 Â± 1.41 / 24.25 Â± 1.08@@0.6152184040404849,31.93 Â± 1.90 / 54.43 Â± 1.22@@31.933947850508915,10.00 Â± 1.73 / 32.31 Â± 0.87@@10.00083159297816,13.0.0@@130000,13.0.0@@130000,13.0.0@@130000,13.0.0@@130000,13.0.0@@130000,14.2.0@@140200,13.0.0@@130000,13.0.0@@130000
infly/OpenCoder-8B-Instruct (few-shot),3.19,7771262976.0,96640.0,8192,3009.29,ğŸ“,âœ“,âœ—,38.83 Â± 1.52 / 58.64 Â± 1.69@@38.83417953800577,39.31 Â± 2.06 / 24.68 Â± 2.26@@39.30985218571003,10.27 Â± 1.52 / 48.34 Â± 3.12@@10.271233123318524,53.68 Â± 0.62 / 43.79 Â± 1.31@@53.68017900921171,62.79 Â± 0.32 / 12.53 Â± 0.72@@62.794665297114996,1.43 Â± 3.25 / 25.59 Â± 2.05@@1.4338764812016662,9.25 Â± 2.05 / 39.14 Â± 2.00@@9.248816034434078,3.96 Â± 0.92 / 27.08 Â± 0.57@@3.9573989883306777,14.4.0@@140400,14.4.0@@140400,14.4.0@@140400,14.4.0@@140400,14.4.0@@140400,14.4.0@@140400,14.4.0@@140400,14.4.0@@140400
01-ai/Yi-1.5-6B (few-shot),3.19,6061035520.0,64000.0,4097,2867.41,ğŸ§ ,âœ“,âœ—,12.73 Â± 2.87 / 22.69 Â± 1.80@@12.728682854338352,35.21 Â± 2.52 / 23.65 Â± 2.52@@35.20885691387407,4.75 Â± 2.45 / 35.71 Â± 3.01@@4.750943988770643,61.53 Â± 0.75 / 55.95 Â± 1.09@@61.53176627400205,64.28 Â± 0.93 / 18.81 Â± 0.83@@64.28286908267182,17.75 Â± 3.96 / 38.29 Â± 2.95@@17.747104721546386,36.46 Â± 2.46 / 57.64 Â± 1.59@@36.46284457043218,18.01 Â± 1.66 / 38.12 Â± 1.37@@18.006028395232835,13.0.0@@130000,13.0.0@@130000,13.0.0@@130000,13.0.0@@130000,13.0.0@@130000,14.2.0@@140200,13.0.0@@130000,13.0.0@@130000
allenai/OLMo-1.7-7B-hf (few-shot),3.19,6888095744.0,50304.0,4096,3371.43,ğŸ§ ,âœ“,âœ—,31.57 Â± 2.65 / 46.48 Â± 3.84@@31.572263703084197,33.80 Â± 2.66 / 25.32 Â± 3.06@@33.79688477691292,2.76 Â± 1.76 / 44.96 Â± 3.93@@2.7610144766457783,59.50 Â± 1.54 / 54.20 Â± 1.63@@59.50431902876288,64.19 Â± 1.01 / 17.67 Â± 1.44@@64.19488334693597,7.35 Â± 1.35 / 29.48 Â± 1.68@@7.346972548657463,28.24 Â± 2.88 / 52.50 Â± 1.77@@28.237355488619553,4.50 Â± 0.85 / 27.33 Â± 0.64@@4.504545503729677,12.10.4@@121004,12.10.5@@121005,12.10.4@@121004,12.10.5@@121005,12.10.5@@121005,14.2.0@@140200,12.10.4@@121004,12.10.4@@121004
AI-Sweden-Models/gpt-sw3-20b (few-shot),3.22,20918423552.0,64000.0,2046,1875.24,ğŸ§ ,âœ“,âœ—,33.08 Â± 4.83 / 44.20 Â± 5.71@@33.0807953349296,27.71 Â± 2.95 / 18.26 Â± 1.89@@27.7133933935882,12.35 Â± 2.37 / 48.32 Â± 4.86@@12.346608923942197,60.16 Â± 0.52 / 53.38 Â± 0.71@@60.156048616763925,62.34 Â± 1.93 / 15.29 Â± 1.62@@62.3427970589546,-1.19 Â± 1.72 / 23.89 Â± 1.01@@-1.1908686540261555,21.54 Â± 2.26 / 42.58 Â± 1.84@@21.538016377938494,3.03 Â± 1.08 / 26.49 Â± 0.59@@3.0290655233715142,14.3.0@@140300,14.3.0@@140300,14.3.0@@140300,14.3.0@@140300,14.3.0@@140300,14.3.0@@140300,14.3.0@@140300,9.3.1@@90301
"mlabonne/NeuralBeagle14-7B (few-shot, val)",3.22,7241732096.0,32000.0,4096,2409.53,ğŸ“,âœ—,âœ“,47.39 Â± 3.17 / 64.56 Â± 1.99@@47.38948752238491,42.81 Â± 2.79 / 30.99 Â± 3.24@@42.81023547940267,2.72 Â± 4.51 / 37.24 Â± 1.90@@2.723666557802687,17.19 Â± 0.46 / 0.44 Â± 0.32@@17.18818487350659,65.26 Â± 0.25 / 16.12 Â± 0.57@@65.2595583209768,6.82 Â± 6.43 / 24.84 Â± 3.04@@6.822388887811434,35.73 Â± 3.66 / 56.02 Â± 2.62@@35.72592212064122,14.02 Â± 3.46 / 35.23 Â± 2.73@@14.020984572098008,14.4.0@@140400,14.4.0@@140400,14.4.0@@140400,14.4.0@@140400,14.4.0@@140400,14.4.0@@140400,14.4.0@@140400,14.4.0@@140400
ibm-granite/granite-3b-code-base-2k (few-shot),3.23,3482503680.0,49152.0,2048,2731.51,ğŸ§ ,âœ“,âœ—,35.47 Â± 1.35 / 52.70 Â± 2.05@@35.4660969264719,38.62 Â± 3.40 / 27.71 Â± 3.01@@38.61993263896738,5.07 Â± 1.76 / 43.91 Â± 4.86@@5.073462527673158,50.96 Â± 0.94 / 45.21 Â± 0.84@@50.9638464856792,62.50 Â± 0.59 / 15.45 Â± 0.50@@62.504441270430114,1.66 Â± 1.57 / 25.27 Â± 1.27@@1.664492120591694,15.31 Â± 3.62 / 43.65 Â± 2.19@@15.308798122770941,6.00 Â± 1.15 / 29.24 Â± 0.76@@6.0009270729575235,13.0.0@@130000,13.0.0@@130000,13.0.0@@130000,13.0.0@@130000,13.0.0@@130000,14.2.0@@140200,13.0.0@@130000,13.0.0@@130000
ibm-granite/granite-3.0-3b-a800m-instruct (few-shot),3.26,3374295552.0,49155.0,4096,10246.27,ğŸ“,âœ“,âœ—,31.44 Â± 1.82 / 48.96 Â± 2.35@@31.436423150524405,37.37 Â± 2.46 / 26.81 Â± 2.24@@37.37305172283937,5.27 Â± 2.40 / 40.63 Â± 4.68@@5.2732015619746235,55.05 Â± 0.97 / 48.41 Â± 1.10@@55.04992797868308,63.82 Â± 0.97 / 18.09 Â± 0.88@@63.815781260927906,-0.07 Â± 1.03 / 23.80 Â± 1.20@@-0.07050683544302322,19.54 Â± 2.59 / 46.35 Â± 1.91@@19.54313304390029,2.64 Â± 1.03 / 26.88 Â± 0.77@@2.636646803829059,13.0.0@@130000,13.0.0@@130000,13.0.0@@130000,13.0.0@@130000,13.0.0@@130000,14.2.0@@140200,13.0.0@@130000,13.0.0@@130000
google/gemma-2b (few-shot),3.27,2506172416.0,256000.0,8192,6087.12,ğŸ§ ,âœ“,âœ—,40.21 Â± 1.00 / 46.73 Â± 1.82@@40.21012951026009,19.97 Â± 3.91 / 16.51 Â± 3.20@@19.968641941032356,2.27 Â± 2.39 / 38.71 Â± 4.03@@2.2696348818064878,56.27 Â± 1.09 / 50.55 Â± 1.22@@56.272904485238016,63.07 Â± 1.07 / 16.98 Â± 0.98@@63.06829660970834,1.85 Â± 1.71 / 25.04 Â± 1.54@@1.8537662530190937,30.63 Â± 3.36 / 50.02 Â± 2.13@@30.627974727343982,4.90 Â± 0.95 / 28.18 Â± 0.88@@4.901176022824484,12.1.0@@120100,12.5.2@@120502,12.1.0@@120100,12.1.0@@120100,12.6.1@@120601,14.2.0@@140200,12.1.0@@120100,12.1.0@@120100
HPLT/gpt-33b-nordic-prerelease (few-shot),3.28,33119034368.0,131072.0,4097,501.12,ğŸ§ ,âœ“,âœ—,44.70 Â± 1.80 / 60.56 Â± 2.77@@44.70004559940309,25.35 Â± 3.59 / 17.77 Â± 2.25@@25.354726871270405,1.43 Â± 1.60 / 34.16 Â± 1.04@@1.4345738501493455,58.32 Â± 0.75 / 52.29 Â± 0.96@@58.3229066247488,62.23 Â± 0.78 / 14.60 Â± 1.38@@62.231269816111315,2.13 Â± 1.91 / 23.80 Â± 1.17@@2.1316617214508478,1.33 Â± 1.98 / 33.83 Â± 1.11@@1.3332233891009664,-0.19 Â± 0.99 / 25.04 Â± 0.66@@-0.1883819493108231,12.9.1@@120901,12.9.1@@120901,12.10.0@@121000,12.10.0@@121000,12.10.0@@121000,14.3.0@@140300,12.10.0@@121000,12.10.0@@121000
tiiuae/Falcon3-3B-Instruct (few-shot),3.29,3227655168.0,131072.0,32768,6467.85,ğŸ“,âœ“,âœ—,30.78 Â± 1.29 / 51.85 Â± 0.70@@30.781423816143967,40.01 Â± 1.93 / 24.86 Â± 1.84@@40.008237662175326,7.90 Â± 1.43 / 48.43 Â± 2.03@@7.901990027003444,46.42 Â± 1.24 / 39.80 Â± 0.88@@46.4189553220559,62.94 Â± 0.32 / 17.04 Â± 0.29@@62.94467017010902,10.52 Â± 1.67 / 32.31 Â± 1.17@@10.524992216797246,13.22 Â± 2.05 / 42.52 Â± 1.08@@13.21553079529602,6.07 Â± 1.36 / 28.96 Â± 0.90@@6.06636508348999,14.3.0@@140300,14.3.0@@140300,14.3.0@@140300,14.3.0@@140300,14.3.0@@140300,14.3.0@@140300,14.3.0@@140300,14.3.0@@140300
"mlabonne/AlphaMonarch-7B (few-shot, val)",3.32,7241732096.0,32000.0,4096,2410.16,ğŸ“,âœ—,âœ“,42.65 Â± 3.26 / 61.29 Â± 2.32@@42.64952104779994,39.46 Â± 2.76 / 28.41 Â± 2.68@@39.45872819714297,1.43 Â± 4.86 / 36.12 Â± 1.62@@1.4290021962043857,16.63 Â± 0.85 / 0.06 Â± 0.12@@16.62674168028473,63.97 Â± 0.17 / 15.03 Â± 0.46@@63.9695277553983,-0.80 Â± 6.39 / 21.88 Â± 3.71@@-0.7992635329268323,27.84 Â± 4.04 / 51.09 Â± 2.42@@27.837677715066437,18.14 Â± 4.19 / 38.28 Â± 3.23@@18.139605913339587,14.4.0@@140400,14.4.0@@140400,14.4.0@@140400,14.4.0@@140400,14.4.0@@140400,14.4.0@@140400,14.4.0@@140400,14.4.0@@140400
ibm-granite/granite-3b-code-instruct-2k (few-shot),3.33,3482503680.0,49152.0,2048,9058.91,ğŸ“,âœ“,âœ—,31.54 Â± 2.39 / 50.61 Â± 2.88@@31.544698098981865,37.21 Â± 2.75 / 27.74 Â± 2.59@@37.20771050037974,6.30 Â± 1.61 / 49.09 Â± 2.54@@6.303806345283308,51.51 Â± 0.91 / 44.86 Â± 0.80@@51.51251112182932,61.56 Â± 0.49 / 13.64 Â± 0.97@@61.55944769736379,4.17 Â± 1.61 / 25.37 Â± 1.65@@4.173241951712055,10.79 Â± 2.32 / 40.86 Â± 1.85@@10.789886154897335,1.70 Â± 1.10 / 26.14 Â± 0.76@@1.7029631226754116,13.0.0@@130000,13.0.0@@130000,13.0.0@@130000,13.0.0@@130000,13.0.0@@130000,14.2.0@@140200,13.0.0@@130000,13.0.0@@130000
HPLT/gpt-13b-nordic-prerelease (few-shot),3.33,14030361600.0,131072.0,4096,931.13,ğŸ§ ,âœ“,âœ—,35.03 Â± 4.10 / 49.92 Â± 4.97@@35.03099901978279,28.78 Â± 2.38 / 20.42 Â± 1.24@@28.783269920928994,3.13 Â± 1.66 / 46.84 Â± 2.76@@3.1263241322612054,55.93 Â± 0.34 / 50.68 Â± 0.52@@55.926774770339364,61.81 Â± 1.98 / 14.10 Â± 2.17@@61.80508793440822,-1.62 Â± 1.56 / 24.95 Â± 1.10@@-1.6208871096392745,8.15 Â± 4.08 / 37.62 Â± 1.97@@8.149558996157584,1.11 Â± 1.15 / 25.77 Â± 0.83@@1.113300562156101,14.4.0@@140400,14.4.0@@140400,14.4.0@@140400,14.4.0@@140400,14.4.0@@140400,14.4.0@@140400,14.4.0@@140400,14.4.0@@140400
ibm-granite/granite-7b-base (few-shot),3.37,6738415616.0,32000.0,2048,4405.37,ğŸ§ ,âœ“,âœ—,31.65 Â± 2.94 / 51.95 Â± 2.92@@31.646934096432666,24.93 Â± 4.36 / 22.23 Â± 3.32@@24.92945906874838,0.06 Â± 1.20 / 34.30 Â± 1.04@@0.05950261291883065,57.00 Â± 1.94 / 51.47 Â± 1.82@@57.00198478621085,62.67 Â± 1.16 / 17.33 Â± 1.12@@62.666155981496566,4.60 Â± 1.54 / 27.17 Â± 1.03@@4.6026174637307395,24.21 Â± 2.83 / 49.43 Â± 1.98@@24.214576504980496,1.27 Â± 0.82 / 25.59 Â± 0.52@@1.2661683152108083,12.10.5@@121005,12.10.5@@121005,12.10.5@@121005,12.10.5@@121005,12.10.5@@121005,14.2.0@@140200,12.10.8@@121008,12.10.8@@121008
BSC-LT/salamandra-2b-instruct (few-shot),3.37,2253490176.0,256000.0,8192,10891.84,ğŸ“,âœ“,âœ—,37.93 Â± 2.10 / 57.54 Â± 2.21@@37.9270905597458,25.06 Â± 3.12 / 20.22 Â± 2.38@@25.06388390154079,2.06 Â± 1.38 / 47.00 Â± 2.64@@2.0642605921316295,52.38 Â± 0.48 / 44.21 Â± 0.56@@52.382188726538445,63.15 Â± 0.21 / 14.80 Â± 0.31@@63.14820999265066,1.89 Â± 1.26 / 25.80 Â± 0.62@@1.894548841274802,5.93 Â± 4.52 / 38.30 Â± 2.43@@5.933687943252693,0.69 Â± 1.13 / 25.18 Â± 0.68@@0.6933160663735101,14.4.0@@140400,14.4.0@@140400,14.4.0@@140400,14.4.0@@140400,14.4.0@@140400,14.4.0@@140400,14.4.0@@140400,14.4.0@@140400
LumiOpen/Viking-7B (few-shot),3.38,7550013440.0,131072.0,4096,1430.69,ğŸ§ ,âœ“,âœ—,38.74 Â± 2.15 / 49.48 Â± 3.14@@38.74308939958425,23.98 Â± 3.74 / 17.18 Â± 2.86@@23.977067098753878,1.04 Â± 1.57 / 33.67 Â± 0.22@@1.0423301207883007,56.29 Â± 0.78 / 50.17 Â± 0.92@@56.287469316111434,61.96 Â± 0.87 / 13.71 Â± 1.26@@61.96301049792965,1.77 Â± 1.69 / 23.08 Â± 1.62@@1.770090786042889,-1.04 Â± 2.16 / 34.90 Â± 1.48@@-1.036469762703633,0.73 Â± 0.90 / 25.11 Â± 0.51@@0.7266891947019196,12.7.0@@120700,12.7.0@@120700,12.7.0@@120700,12.7.0@@120700,12.7.0@@120700,14.2.0@@140200,12.7.0@@120700,12.7.0@@120700
NLPnorth/snakmodel-7b-base (few-shot),3.38,6738415616.0,32000.0,4096,3083.32,ğŸ§ ,âœ“,âœ—,44.71 Â± 1.49 / 54.12 Â± 2.35@@44.71290086482648,23.74 Â± 3.07 / 16.59 Â± 1.61@@23.73673476099519,21.24 Â± 2.55 / 57.23 Â± 2.64@@21.244402830709134,19.32 Â± 0.59 / 0.00 Â± 0.00@@19.315667169812304,58.05 Â± 1.71 / 10.44 Â± 0.71@@58.05416360155504,13.88 Â± 1.89 / 34.01 Â± 1.36@@13.876203646223296,55.62 Â± 2.21 / 69.71 Â± 1.67@@55.6201629522196,5.51 Â± 0.63 / 27.63 Â± 0.81@@5.5120734069993516,13.1.0@@130100,13.2.0@@130200,13.1.0@@130100,13.1.0@@130100,13.2.0@@130200,14.2.0@@140200,13.2.0@@130200,13.2.0@@130200
NorwAI/NorwAI-Mistral-7B-instruct (few-shot),3.38,7536586752.0,67993.0,4065,3027.1,ğŸ“,âœ—,âœ—,42.16 Â± 0.68 / 45.21 Â± 0.45@@42.15903957261366,13.78 Â± 2.85 / 11.90 Â± 2.13@@13.778880052053527,3.52 Â± 1.90 / 39.81 Â± 3.18@@3.5210185687196462,31.67 Â± 2.19 / 20.02 Â± 2.31@@31.671998362291315,65.03 Â± 0.55 / 18.00 Â± 0.59@@65.02547423850046,6.37 Â± 1.73 / 26.84 Â± 1.75@@6.368195968655307,43.43 Â± 1.76 / 61.76 Â± 1.32@@43.432328205040065,4.50 Â± 0.94 / 26.55 Â± 0.96@@4.504056221378933,12.10.4@@121004,12.10.5@@121005,12.10.5@@121005,12.10.5@@121005,12.10.5@@121005,14.3.0@@140300,12.10.5@@121005,12.10.5@@121005
ibm-granite/granite-7b-instruct (few-shot),3.39,6738481152.0,32008.0,4096,3136.16,ğŸ“,âœ“,âœ—,31.21 Â± 1.84 / 50.13 Â± 2.79@@31.205788569123754,23.87 Â± 1.61 / 20.19 Â± 1.60@@23.865272163269612,2.04 Â± 1.44 / 45.31 Â± 3.73@@2.042607414128073,54.08 Â± 0.86 / 47.36 Â± 0.81@@54.075728125020454,62.33 Â± 0.49 / 16.36 Â± 0.61@@62.33482819356141,0.00 Â± 0.00 / 24.63 Â± 1.13@@0.0,17.54 Â± 2.35 / 45.41 Â± 1.72@@17.538029062216346,1.72 Â± 1.01 / 25.87 Â± 0.82@@1.718956911860598,13.0.0@@130000,13.2.0@@130200,13.2.0@@130200,13.2.0@@130200,13.2.0@@130200,14.2.0@@140200,13.2.0@@130200,13.2.0@@130200
AI-Sweden-Models/gpt-sw3-6.7b-v2 (few-shot),3.39,7111057408.0,64000.0,2048,2350.93,ğŸ§ ,âœ“,âœ—,18.07 Â± 3.41 / 27.21 Â± 2.91@@18.06938046155433,20.84 Â± 2.40 / 16.93 Â± 1.98@@20.836830961140233,10.54 Â± 2.38 / 48.37 Â± 3.58@@10.54066668642251,57.23 Â± 0.68 / 51.22 Â± 0.94@@57.22584001266866,65.15 Â± 1.16 / 18.96 Â± 1.15@@65.14561370378942,-1.07 Â± 1.30 / 24.15 Â± 1.00@@-1.0738166938948506,18.00 Â± 3.09 / 45.08 Â± 1.79@@17.995680387668532,5.57 Â± 0.93 / 28.66 Â± 0.66@@5.567247370719469,9.2.0@@90200,9.2.0@@90200,9.2.0@@90200,12.5.1@@120501,12.6.1@@120601,14.2.0@@140200,10.0.1@@100001,9.2.0@@90200
google/gemma-2b-it (few-shot),3.4,2506172416.0,256000.0,8192,6470.59,ğŸ“,âœ—,âœ—,34.03 Â± 2.50 / 52.42 Â± 2.16@@34.025172891171174,24.44 Â± 2.59 / 17.37 Â± 2.03@@24.43534494842087,2.25 Â± 1.28 / 42.33 Â± 3.11@@2.250487501649722,49.76 Â± 1.22 / 42.12 Â± 1.18@@49.76183936547565,62.41 Â± 1.21 / 17.66 Â± 0.54@@62.40707826262224,2.31 Â± 1.66 / 23.74 Â± 2.18@@2.3075006514163965,12.67 Â± 1.89 / 41.99 Â± 1.17@@12.673263976471686,2.67 Â± 1.17 / 26.82 Â± 0.69@@2.6749284997330625,12.1.0@@120100,12.5.2@@120502,12.1.0@@120100,12.4.0@@120400,12.6.1@@120601,14.2.0.dev0@@140200,12.1.0@@120100,12.1.0@@120100
MaLA-LM/emma-500-llama2-7b (few-shot),3.45,6738415616.0,32000.0,4096,6275.17,ğŸ§ ,âœ“,âœ—,29.32 Â± 7.19 / 41.08 Â± 8.29@@29.315742508538133,28.18 Â± 3.39 / 24.25 Â± 3.30@@28.176459336170556,2.90 Â± 2.18 / 37.93 Â± 4.98@@2.8968301103730636,62.92 Â± 0.96 / 56.48 Â± 1.11@@62.91695311936394,53.81 Â± 1.18 / 9.42 Â± 0.33@@53.81229397142307,3.28 Â± 1.86 / 24.80 Â± 1.05@@3.2758656896001597,34.62 Â± 2.93 / 55.21 Â± 2.08@@34.62025869345703,4.73 Â± 0.61 / 27.77 Â± 0.53@@4.730005807382041,13.0.0@@130000,13.0.0@@130000,13.0.0@@130000,13.0.0@@130000,13.0.0@@130000,14.2.0@@140200,13.0.0@@130000,13.0.0@@130000
AI-Sweden-Models/gpt-sw3-1.3b-instruct (few-shot),3.47,1444532224.0,64000.0,2048,4544.34,ğŸ“,âœ“,âœ—,27.14 Â± 1.93 / 42.34 Â± 2.51@@27.14404543724453,14.73 Â± 1.84 / 14.44 Â± 1.74@@14.726500201580153,2.65 Â± 1.66 / 40.63 Â± 4.02@@2.645530208529949,54.18 Â± 0.52 / 46.38 Â± 0.61@@54.184534920480814,65.48 Â± 0.73 / 19.58 Â± 1.08@@65.48021145223174,1.43 Â± 1.23 / 24.99 Â± 0.99@@1.4251839743170518,7.00 Â± 3.44 / 37.91 Â± 1.85@@7.001376468120246,0.13 Â± 0.25 / 25.04 Â± 0.54@@0.1281436972042106,9.3.1@@90301,12.5.2@@120502,12.1.0@@120100,12.4.0@@120400,12.6.1@@120601,14.2.0@@140200,12.1.0@@120100,12.1.0@@120100
AI-Sweden-Models/gpt-sw3-6.7b (few-shot),3.47,7111057408.0,64000.0,2048,2285.21,ğŸ§ ,âœ“,âœ—,22.71 Â± 5.21 / 35.11 Â± 6.59@@22.706505535328166,18.23 Â± 5.87 / 14.77 Â± 3.36@@18.226497016829327,5.03 Â± 2.51 / 49.00 Â± 2.64@@5.0324502859967275,55.56 Â± 1.21 / 49.11 Â± 1.16@@55.55895521454486,64.58 Â± 1.03 / 18.26 Â± 1.00@@64.58284349871974,-0.66 Â± 2.12 / 24.08 Â± 1.23@@-0.6600818986595882,8.76 Â± 3.09 / 37.32 Â± 1.76@@8.762990413014906,1.70 Â± 0.84 / 26.17 Â± 0.62@@1.696796146339301,11.0.0@@110000,11.0.0@@110000,11.0.0@@110000,11.0.0@@110000,12.6.1@@120601,14.2.0@@140200,11.0.0@@110000,11.0.0@@110000
AI-Sweden-Models/gpt-sw3-6.7b-v2-instruct (few-shot),3.49,7111057408.0,64000.0,2048,1472.78,ğŸ“,âœ“,âœ—,2.85 Â± 1.54 / 18.05 Â± 0.23@@2.852585219514885,15.35 Â± 1.38 / 14.74 Â± 1.30@@15.353285964392722,10.99 Â± 2.52 / 54.07 Â± 1.93@@10.991701824752424,58.22 Â± 0.76 / 50.51 Â± 0.90@@58.223132598160284,66.38 Â± 1.07 / 21.48 Â± 1.21@@66.38479884699336,5.03 Â± 1.76 / 27.30 Â± 1.34@@5.033606329998395,16.81 Â± 3.84 / 42.03 Â± 2.42@@16.81341951219691,11.08 Â± 1.35 / 32.13 Â± 1.04@@11.084266592044106,9.2.0@@90200,9.2.0@@90200,9.2.0@@90200,12.4.0@@120400,12.6.1@@120601,14.2.0@@140200,10.0.1@@100001,9.2.0@@90200
tiiuae/Falcon3-3B-Base (few-shot),3.49,3227655168.0,131072.0,32768,6469.55,ğŸ§ ,âœ“,âœ—,28.50 Â± 3.42 / 47.84 Â± 3.03@@28.499309302069786,34.26 Â± 2.11 / 24.34 Â± 1.45@@34.2576802981477,0.22 Â± 0.43 / 33.18 Â± 0.28@@0.22080909757403777,44.72 Â± 2.51 / 40.40 Â± 2.02@@44.7162738807226,62.20 Â± 0.75 / 15.79 Â± 1.31@@62.20392523086048,3.83 Â± 1.16 / 25.11 Â± 0.82@@3.8323385787389572,10.56 Â± 2.30 / 40.04 Â± 1.39@@10.557018507200484,-0.03 Â± 1.24 / 25.33 Â± 0.71@@-0.03152554272653284,14.3.0@@140300,14.3.0@@140300,14.3.0@@140300,14.3.0@@140300,14.3.0@@140300,14.3.0@@140300,14.3.0@@140300,14.3.0@@140300
HuggingFaceTB/SmolLM2-1.7B-Instruct (few-shot),3.52,1711376384.0,49152.0,8192,2631.13,ğŸ“,âœ“,âœ—,18.49 Â± 2.47 / 35.29 Â± 2.83@@18.49485196065517,29.44 Â± 1.81 / 20.31 Â± 1.68@@29.43909539332369,1.73 Â± 1.63 / 38.18 Â± 4.15@@1.7341164001437142,50.40 Â± 1.02 / 44.39 Â± 0.80@@50.40045579681359,61.76 Â± 1.10 / 15.33 Â± 1.17@@61.76016243902268,1.21 Â± 1.80 / 24.34 Â± 1.66@@1.2102212044683824,12.61 Â± 2.43 / 41.82 Â± 1.61@@12.612138382496335,2.06 Â± 0.89 / 26.03 Â± 0.67@@2.0626924463121683,13.1.0@@130100,13.1.0@@130100,13.1.0@@130100,13.1.0@@130100,13.1.0@@130100,14.2.0@@140200,13.1.0@@130100,13.1.0@@130100
ibm-granite/granite-3.0-3b-a800m-base (few-shot),3.54,3374286336.0,49152.0,4096,10504.04,ğŸ§ ,âœ“,âœ—,6.85 Â± 2.25 / 19.42 Â± 0.91@@6.851170053590641,31.80 Â± 2.87 / 23.06 Â± 2.09@@31.7969603355522,0.97 Â± 1.10 / 36.48 Â± 3.91@@0.9684015744113057,55.19 Â± 1.84 / 49.83 Â± 1.73@@55.185349315895294,63.43 Â± 0.90 / 16.85 Â± 1.02@@63.43448994026403,-2.15 Â± 1.90 / 23.39 Â± 1.21@@-2.148087346589891,17.19 Â± 2.72 / 45.23 Â± 1.84@@17.19136788969323,3.07 Â± 0.91 / 27.05 Â± 0.83@@3.073130511258424,13.0.0@@130000,13.0.0@@130000,13.0.0@@130000,13.0.0@@130000,13.0.0@@130000,14.2.0@@140200,13.0.0@@130000,13.0.0@@130000
HPLT/gpt-7b-nordic-prerelease (few-shot),3.55,7550013440.0,131072.0,4096,1382.06,ğŸ§ ,âœ“,âœ—,37.77 Â± 3.06 / 55.35 Â± 4.51@@37.772456942104036,21.98 Â± 3.33 / 18.42 Â± 2.62@@21.975910613929912,1.26 Â± 1.86 / 34.03 Â± 0.86@@1.259386017743727,52.54 Â± 1.95 / 46.03 Â± 1.44@@52.541241807903724,58.21 Â± 1.54 / 11.61 Â± 1.16@@58.20931474714598,0.00 Â± 0.00 / 22.38 Â± 1.18@@0.0,-0.87 Â± 1.27 / 35.70 Â± 1.49@@-0.8738123082394436,0.00 Â± 0.00 / 25.18 Â± 0.77@@0.0,12.3.2@@120302,12.5.2@@120502,12.3.2@@120302,12.3.2@@120302,12.6.1@@120601,14.2.0@@140200,12.3.2@@120302,12.3.2@@120302
AI-Sweden-Models/gpt-sw3-356m-instruct (few-shot),3.57,470607872.0,64000.0,2048,5854.62,ğŸ“,âœ“,âœ—,34.94 Â± 3.80 / 49.66 Â± 3.96@@34.93742628878407,11.28 Â± 0.96 / 11.02 Â± 0.85@@11.280304288326596,2.08 Â± 1.48 / 45.41 Â± 3.83@@2.079444829565586,42.03 Â± 1.44 / 36.59 Â± 1.41@@42.03159589743815,63.38 Â± 0.84 / 15.95 Â± 1.16@@63.38444940600312,-0.28 Â± 0.58 / 24.62 Â± 1.13@@-0.28006240401122856,-0.76 Â± 3.27 / 35.04 Â± 1.77@@-0.7576209782634302,0.28 Â± 0.39 / 25.19 Â± 0.77@@0.2812015306083922,9.3.2@@90302,12.5.2@@120502,12.1.0@@120100,12.4.0@@120400,12.6.1@@120601,14.2.0@@140200,12.1.0@@120100,12.1.0@@120100
NbAiLab/nb-gpt-j-6B-alpaca (few-shot),3.57,6055077088.0,50400.0,1024,2606.86,ğŸ“,âœ—,âœ—,27.68 Â± 3.64 / 46.61 Â± 4.11@@27.68310986145972,12.95 Â± 3.80 / 11.68 Â± 2.31@@12.954535681776816,1.65 Â± 1.96 / 47.94 Â± 2.55@@1.6520708267408857,47.40 Â± 0.64 / 38.60 Â± 0.65@@47.39974342783079,63.32 Â± 0.32 / 16.03 Â± 0.49@@63.32319677298074,4.38 Â± 1.51 / 28.23 Â± 1.18@@4.376324313479085,12.81 Â± 4.57 / 37.83 Â± 2.98@@12.814816724419629,-0.68 Â± 1.31 / 25.00 Â± 0.79@@-0.6792664394552642,10.0.1@@100001,9.3.1@@90301,10.0.1@@100001,12.4.0@@120400,12.6.1@@120601,14.2.0@@140200,10.0.1@@100001,10.0.1@@100001
Qwen/Qwen1.5-1.8B-Chat (few-shot),3.59,1836828672.0,151936.0,32768,8303.55,ğŸ“,âœ—,âœ—,26.58 Â± 2.81 / 45.88 Â± 3.40@@26.58466850447276,18.00 Â± 2.52 / 14.88 Â± 1.68@@18.004611144774817,0.63 Â± 1.48 / 33.42 Â± 0.28@@0.632426921727217,49.40 Â± 1.53 / 41.66 Â± 1.48@@49.404255933351294,57.19 Â± 1.18 / 11.87 Â± 0.68@@57.19166750728618,7.54 Â± 1.76 / 30.27 Â± 1.08@@7.53755327905796,12.85 Â± 3.11 / 42.13 Â± 2.09@@12.850285063479117,7.01 Â± 0.62 / 30.16 Â± 0.46@@7.00771938471654,11.0.0@@110000,12.5.2@@120502,12.1.0@@120100,12.5.0@@120500,12.6.1@@120601,14.2.0@@140200,12.1.0@@120100,12.1.0@@120100
AI-Sweden-Models/gpt-sw3-1.3b (few-shot),3.62,1444532224.0,64000.0,2048,4607.55,ğŸ§ ,âœ“,âœ—,28.65 Â± 2.81 / 47.83 Â± 3.55@@28.650209702388025,8.80 Â± 5.54 / 8.63 Â± 4.48@@8.798019775743729,2.84 Â± 1.81 / 49.21 Â± 1.95@@2.8376618399207736,51.59 Â± 0.80 / 45.34 Â± 0.88@@51.58572686662425,62.17 Â± 1.12 / 14.96 Â± 1.16@@62.16964937622833,-0.77 Â± 1.31 / 23.70 Â± 1.23@@-0.7701420128198075,3.02 Â± 3.77 / 36.58 Â± 2.16@@3.0159186822503488,-0.33 Â± 1.17 / 24.65 Â± 0.48@@-0.33262258667380956,9.3.1@@90301,9.3.1@@90301,9.3.1@@90301,12.5.1@@120501,12.6.1@@120601,14.2.0@@140200,10.0.1@@100001,9.3.1@@90301
ibm-granite/granite-3.0-1b-a400m-instruct (few-shot),3.63,1334628352.0,49155.0,4096,7964.03,ğŸ“,âœ“,âœ—,22.35 Â± 2.26 / 44.97 Â± 2.66@@22.350447875286463,30.63 Â± 2.60 / 20.55 Â± 1.52@@30.626504000514494,1.95 Â± 1.48 / 46.94 Â± 1.55@@1.949752112644288,43.95 Â± 1.09 / 37.30 Â± 0.69@@43.95333483511026,59.66 Â± 0.68 / 13.59 Â± 0.61@@59.664883715086034,-0.74 Â± 1.35 / 22.56 Â± 0.97@@-0.736838843733929,11.15 Â± 3.42 / 38.81 Â± 1.43@@11.153128425773588,-1.22 Â± 0.88 / 24.33 Â± 0.84@@-1.2194899988640748,13.2.0@@130200,13.2.0@@130200,13.2.0@@130200,13.2.0@@130200,13.2.0@@130200,14.2.0@@140200,13.2.0@@130200,13.2.0@@130200
PleIAs/Pleias-1.2b-Preview (few-shot),3.63,1195468800.0,65536.0,2048,10756.07,ğŸ§ ,âœ“,âœ—,28.95 Â± 4.05 / 48.32 Â± 5.01@@28.953317536416645,28.30 Â± 2.45 / 22.93 Â± 1.82@@28.303925233865833,0.20 Â± 0.52 / 34.12 Â± 1.62@@0.20455662446770836,44.53 Â± 0.87 / 37.86 Â± 0.90@@44.53346811028577,56.60 Â± 2.67 / 10.20 Â± 1.29@@56.59953588030475,2.24 Â± 1.51 / 26.04 Â± 1.48@@2.2411800235946484,11.52 Â± 2.67 / 40.10 Â± 1.81@@11.521549861422322,0.06 Â± 1.12 / 25.22 Â± 0.57@@0.06462593007378438,14.1.2@@140102,14.0.4@@140004,14.1.2@@140102,14.3.0@@140300,14.0.4@@140004,14.2.0@@140200,14.0.4@@140004,14.0.4@@140004
BSC-LT/salamandra-2b (few-shot),3.63,2253490176.0,256000.0,8192,7146.49,ğŸ§ ,âœ“,âœ—,13.79 Â± 4.60 / 25.32 Â± 4.57@@13.785546693613359,22.17 Â± 2.68 / 19.59 Â± 2.07@@22.168217320590458,-0.26 Â± 1.85 / 35.79 Â± 2.62@@-0.25789283524319156,55.91 Â± 0.70 / 49.87 Â± 0.77@@55.90788582840156,62.32 Â± 1.60 / 15.99 Â± 1.47@@62.32383307273267,2.41 Â± 1.58 / 24.62 Â± 0.81@@2.4103132790438693,0.91 Â± 2.03 / 35.29 Â± 0.82@@0.907710541057242,-0.25 Â± 0.99 / 25.24 Â± 0.62@@-0.24971779969430716,14.4.0@@140400,14.4.0@@140400,14.4.0@@140400,14.4.0@@140400,14.4.0@@140400,14.4.0@@140400,14.4.0@@140400,14.4.0@@140400
HuggingFaceTB/SmolLM2-1.7B (few-shot),3.67,1711376384.0,49152.0,8192,2616.53,ğŸ§ ,âœ“,âœ—,9.93 Â± 2.70 / 23.57 Â± 3.00@@9.933280683114312,24.47 Â± 3.42 / 18.70 Â± 2.18@@24.472349702652494,1.22 Â± 1.81 / 35.31 Â± 1.93@@1.22213836034212,47.54 Â± 2.94 / 42.09 Â± 2.63@@47.5413193014187,61.62 Â± 0.72 / 14.36 Â± 0.73@@61.61522244095977,-1.79 Â± 0.84 / 22.41 Â± 0.97@@-1.7908152655580558,19.01 Â± 2.56 / 46.27 Â± 1.71@@19.00717922556547,1.34 Â± 1.16 / 25.88 Â± 0.65@@1.3353746916630969,13.1.0@@130100,13.1.0@@130100,13.1.0@@130100,13.1.0@@130100,13.1.0@@130100,14.2.0@@140200,13.1.0@@130100,13.1.0@@130100
PleIAs/Pleias-Nano (few-shot),3.69,1195468800.0,65536.0,2048,2519.09,ğŸ§ ,âœ“,âœ—,29.12 Â± 4.09 / 49.93 Â± 4.45@@29.124289817534706,16.17 Â± 3.44 / 14.33 Â± 1.92@@16.17140296502197,-0.47 Â± 0.62 / 33.18 Â± 0.28@@-0.4723138206449734,43.16 Â± 0.63 / 36.52 Â± 0.62@@43.16258575058863,59.04 Â± 1.20 / 11.45 Â± 0.63@@59.04044241804514,1.35 Â± 2.07 / 26.00 Â± 1.38@@1.3522454876294707,6.94 Â± 2.90 / 38.44 Â± 2.00@@6.939801664996239,0.52 Â± 0.76 / 25.53 Â± 0.44@@0.5177078821138001,14.1.2@@140102,14.0.4@@140004,14.1.2@@140102,14.3.0@@140300,14.0.4@@140004,14.2.0@@140200,14.0.4@@140004,14.0.4@@140004
AI-Sweden-Models/gpt-sw3-356m (few-shot),3.7,470607872.0,64000.0,2048,5757.63,ğŸ§ ,âœ“,âœ—,27.61 Â± 2.14 / 39.77 Â± 1.85@@27.614956598214036,16.13 Â± 4.02 / 14.90 Â± 3.13@@16.128132079880302,1.96 Â± 2.25 / 38.40 Â± 2.99@@1.9605799568506936,39.67 Â± 1.69 / 34.79 Â± 1.52@@39.67244506736343,59.05 Â± 1.42 / 12.41 Â± 1.13@@59.04861842063838,-0.23 Â± 1.25 / 23.24 Â± 1.44@@-0.2337402497023315,4.85 Â± 3.16 / 36.78 Â± 1.41@@4.846819439632428,0.28 Â± 0.38 / 25.19 Â± 0.78@@0.2791486329110533,9.3.1@@90301,9.3.1@@90301,9.3.2@@90302,12.5.1@@120501,12.6.1@@120601,14.2.0@@140200,10.0.1@@100001,9.3.2@@90302
Qwen/Qwen1.5-1.8B (few-shot),3.7,1836828672.0,151936.0,32768,5665.51,ğŸ“,âœ“,âœ—,29.03 Â± 2.48 / 46.75 Â± 3.69@@29.029190432024887,9.83 Â± 3.50 / 8.97 Â± 2.64@@9.83317942131056,0.56 Â± 0.87 / 33.34 Â± 0.23@@0.5591698146933111,53.20 Â± 0.47 / 46.43 Â± 0.74@@53.20429116946783,56.43 Â± 1.74 / 11.67 Â± 1.17@@56.4292660792853,-0.48 Â± 0.90 / 25.87 Â± 1.03@@-0.4780837821843005,17.56 Â± 2.63 / 45.31 Â± 1.78@@17.557126588916,4.78 Â± 1.48 / 27.73 Â± 1.32@@4.779488853049027,10.0.1@@100001,12.5.2@@120502,12.1.0@@120100,12.1.0@@120100,12.6.1@@120601,14.2.0@@140200,12.1.0@@120100,12.1.0@@120100
allenai/OLMo-7B (few-shot),3.73,6888095744.0,50280.0,2049,5402.86,ğŸ§ ,âœ“,âœ—,30.76 Â± 4.38 / 44.83 Â± 4.36@@30.762982235709714,26.76 Â± 3.11 / 19.46 Â± 2.38@@26.75614624851667,0.55 Â± 1.73 / 39.40 Â± 4.57@@0.5520803038455748,52.49 Â± 1.01 / 45.65 Â± 1.22@@52.49132911678964,50.86 Â± 0.68 / 9.46 Â± 0.54@@50.859413207435864,0.26 Â± 1.33 / 23.32 Â± 0.83@@0.26179456181341526,6.94 Â± 1.82 / 37.66 Â± 1.18@@6.9416351229648035,-0.11 Â± 0.71 / 24.99 Â± 0.40@@-0.11367192029169758,12.5.2@@120502,12.5.2@@120502,12.5.2@@120502,12.5.2@@120502,12.5.2@@120502,12.5.2@@120502,12.5.2@@120502,12.5.2@@120502
ibm-granite/granite-3.0-1b-a400m-base (few-shot),3.79,1384956928.0,49152.0,4096,7808.38,ğŸ§ ,âœ“,âœ—,17.52 Â± 2.86 / 27.96 Â± 2.94@@17.520506889349242,16.82 Â± 3.53 / 14.28 Â± 3.01@@16.824129159351493,1.53 Â± 2.06 / 36.59 Â± 3.39@@1.5325826132878955,44.65 Â± 1.79 / 40.21 Â± 1.57@@44.646516086558336,60.13 Â± 0.88 / 11.98 Â± 0.53@@60.129805618998944,-0.05 Â± 1.56 / 22.74 Â± 1.67@@-0.04721951520366365,0.55 Â± 2.81 / 35.78 Â± 1.38@@0.5520840048413367,-0.21 Â± 0.87 / 25.02 Â± 0.65@@-0.20695129745293686,13.2.0@@130200,13.2.0@@130200,13.2.0@@130200,13.2.0@@130200,13.2.0@@130200,14.2.0@@140200,13.2.0@@130200,13.2.0@@130200
Qwen/Qwen1.5-0.5B-Chat (few-shot),3.9,619570176.0,151936.0,32768,11740.04,ğŸ“,âœ—,âœ—,10.72 Â± 3.35 / 25.21 Â± 3.80@@10.722026536903668,17.38 Â± 2.04 / 15.74 Â± 1.99@@17.383701993592396,1.32 Â± 1.08 / 42.05 Â± 3.69@@1.3205800256823907,40.37 Â± 1.02 / 34.58 Â± 0.97@@40.371063194903414,55.87 Â± 5.22 / 11.87 Â± 1.03@@55.870235869224416,-0.70 Â± 1.80 / 27.35 Â± 1.42@@-0.7043998050512238,22.41 Â± 3.16 / 42.73 Â± 0.96@@22.41211469872936,1.71 Â± 0.99 / 25.84 Â± 0.79@@1.712902937351201,11.0.0@@110000,12.5.2@@120502,12.1.0@@120100,12.4.0@@120400,12.6.1@@120601,14.2.0@@140200,12.1.0@@120100,12.1.0@@120100
allenai/OLMo-7B-Twin-2T (few-shot),3.9,6888095744.0,50280.0,2049,5484.4,ğŸ§ ,âœ“,âœ—,18.30 Â± 3.89 / 27.62 Â± 5.78@@18.295671716541065,7.52 Â± 3.92 / 6.60 Â± 2.84@@7.519916347186169,3.23 Â± 1.94 / 45.74 Â± 3.06@@3.2290964764286825,51.37 Â± 1.43 / 46.35 Â± 1.42@@51.36665516242461,53.01 Â± 1.10 / 10.72 Â± 0.80@@53.00815604015951,2.17 Â± 1.53 / 23.73 Â± 0.99@@2.1725263400755623,0.22 Â± 2.74 / 35.08 Â± 1.48@@0.21914418937164756,-0.65 Â± 1.58 / 24.75 Â± 1.03@@-0.6536750113760978,12.5.2@@120502,12.5.2@@120502,12.5.2@@120502,12.5.2@@120502,12.5.2@@120502,12.5.2@@120502,12.5.2@@120502,12.5.2@@120502
PleIAs/Pleias-3b-Preview (few-shot),3.9,3211926528.0,65536.0,4096,6513.19,ğŸ§ ,âœ“,âœ—,13.01 Â± 2.33 / 28.28 Â± 4.63@@13.011727923208463,15.93 Â± 3.91 / 14.68 Â± 2.81@@15.9283607164395,0.05 Â± 1.37 / 40.73 Â± 3.78@@0.04779843333938214,40.81 Â± 2.04 / 36.10 Â± 1.67@@40.81475797072667,58.60 Â± 2.15 / 10.74 Â± 1.12@@58.602284321168554,2.50 Â± 1.61 / 23.96 Â± 1.66@@2.5008328462410745,2.94 Â± 2.51 / 35.74 Â± 1.24@@2.944740649094401,-0.35 Â± 0.97 / 25.37 Â± 0.72@@-0.34576115984667305,14.1.2@@140102,14.0.4@@140004,14.1.2@@140102,14.3.0@@140300,14.0.4@@140004,14.2.0@@140200,14.0.4@@140004,14.0.4@@140004
Qwen/Qwen1.5-0.5B (few-shot),3.97,619570176.0,151936.0,32768,11371.34,ğŸ“,âœ“,âœ—,8.88 Â± 1.86 / 24.27 Â± 2.45@@8.875100190032434,19.01 Â± 1.91 / 17.08 Â± 1.83@@19.008769420694087,0.66 Â± 1.41 / 37.98 Â± 4.14@@0.6563315675205091,38.31 Â± 2.81 / 32.78 Â± 2.33@@38.30762856056591,55.57 Â± 1.04 / 8.04 Â± 0.82@@55.565819071634905,-2.41 Â± 2.08 / 25.04 Â± 0.81@@-2.411823664847843,16.56 Â± 3.13 / 42.30 Â± 1.26@@16.555562613679967,0.62 Â± 1.30 / 25.65 Â± 0.72@@0.6223029571640831,10.0.1@@100001,12.5.2@@120502,12.1.0@@120100,12.1.0@@120100,12.6.1@@120601,14.2.0@@140200,12.1.0@@120100,12.1.0@@120100
infly/OpenCoder-1.5B-Instruct (few-shot),3.97,1905650880.0,96640.0,4096,7719.75,ğŸ“,âœ—,âœ—,12.87 Â± 3.92 / 30.05 Â± 4.09@@12.872715812664248,27.91 Â± 2.41 / 19.95 Â± 1.73@@27.908691624658065,-0.38 Â± 1.62 / 38.41 Â± 4.33@@-0.38018911252544135,35.73 Â± 0.81 / 28.18 Â± 0.93@@35.73119829035659,53.27 Â± 1.42 / 7.85 Â± 0.48@@53.27180947031594,-0.30 Â± 1.54 / 23.04 Â± 1.46@@-0.30037437765420155,3.09 Â± 3.74 / 35.37 Â± 1.40@@3.088427078386784,0.32 Â± 0.69 / 25.28 Â± 0.76@@0.32238444641602776,14.4.0@@140400,14.4.0@@140400,14.4.0@@140400,14.4.0@@140400,14.4.0@@140400,14.4.0@@140400,14.4.0@@140400,14.4.0@@140400
AI-Sweden-Models/gpt-sw3-126m-instruct (few-shot),4.03,186112512.0,64000.0,2048,7717.03,ğŸ“,âœ“,âœ—,6.37 Â± 3.38 / 25.43 Â± 4.09@@6.369705856868705,13.98 Â± 1.54 / 13.46 Â± 1.42@@13.982139737756622,0.41 Â± 0.80 / 33.31 Â± 0.24@@0.41034280453678945,24.27 Â± 3.23 / 20.46 Â± 2.90@@24.268693168278276,60.87 Â± 0.92 / 12.82 Â± 1.14@@60.87338030985847,0.19 Â± 1.01 / 23.63 Â± 1.44@@0.1855001582878303,4.72 Â± 3.89 / 35.76 Â± 1.86@@4.724947187379463,-0.07 Â± 0.75 / 24.90 Â± 0.90@@-0.06658005388580053,9.3.2@@90302,11.0.0@@110000,11.0.0@@110000,12.4.0@@120400,12.6.1@@120601,14.2.0@@140200,11.0.0@@110000,11.0.0@@110000
RuterNorway/Llama-2-7b-chat-norwegian (few-shot),4.1,,32000.0,4096,10889.7,ğŸ“,âœ—,âœ—,10.65 Â± 3.65 / 28.33 Â± 5.27@@10.650853565554193,10.12 Â± 1.24 / 9.84 Â± 1.12@@10.12012674425826,-0.66 Â± 1.24 / 33.61 Â± 0.26@@-0.6648554671719903,28.87 Â± 4.21 / 26.08 Â± 3.96@@28.865389021785965,56.92 Â± 0.98 / 8.57 Â± 0.76@@56.91939418851689,-1.57 Â± 1.77 / 25.32 Â± 1.71@@-1.569267737072645,4.29 Â± 5.87 / 35.00 Â± 1.75@@4.285638127649973,-0.88 Â± 1.17 / 24.43 Â± 0.74@@-0.8838219887737755,9.3.1@@90301,9.3.1@@90301,9.3.1@@90301,12.5.2@@120502,12.6.1@@120601,14.2.0@@140200,10.0.1@@100001,9.3.1@@90301
HuggingFaceTB/SmolLM2-360M (few-shot),4.1,361821120.0,49152.0,8192,22023.39,ğŸ§ ,âœ“,âœ—,3.61 Â± 2.69 / 19.01 Â± 3.95@@3.607490415798792,12.68 Â± 1.39 / 12.32 Â± 1.19@@12.683557712966604,1.79 Â± 0.97 / 36.23 Â± 3.19@@1.7861997571168204,32.48 Â± 3.57 / 28.12 Â± 3.14@@32.484688885622965,56.85 Â± 1.37 / 10.17 Â± 1.17@@56.851367462659255,0.21 Â± 1.40 / 22.43 Â± 1.26@@0.20837890659588118,6.03 Â± 3.05 / 37.58 Â± 1.59@@6.026694162875369,0.20 Â± 0.86 / 25.12 Â± 0.70@@0.19594195771413836,13.1.0@@130100,13.1.0@@130100,13.1.0@@130100,13.1.0@@130100,13.1.0@@130100,14.2.0@@140200,13.1.0@@130100,13.1.0@@130100
RJuro/kanelsnegl-v0.2 (few-shot),4.15,7241732096.0,32000.0,512,1373.32,ğŸ“,âœ“,âœ—,4.81 Â± 2.69 / 19.31 Â± 1.01@@4.806820559694911,0.00 Â± 0.00 / 0.00 Â± 0.00@@0.0,0.00 Â± 0.00 / 33.25 Â± 0.23@@0.0,30.05 Â± 4.99 / 0.00 Â± 0.00@@30.053116497561046,61.06 Â± 0.14 / 12.02 Â± 0.15@@61.05619838257553,-0.42 Â± 0.81 / 22.35 Â± 1.17@@-0.41522142123496997,0.00 Â± 0.00 / 35.86 Â± 1.26@@0.0,0.15 Â± 0.64 / 25.21 Â± 0.79@@0.15387759878036789,10.0.1@@100001,10.0.1@@100001,10.0.1@@100001,10.0.1@@100001,12.6.1@@120601,14.2.0@@140200,10.0.1@@100001,11.0.0@@110000
NbAiLab/nb-gpt-j-6B-v2 (few-shot),4.15,6050882784.0,50400.0,1024,2555.5,ğŸ§ ,âœ—,âœ—,27.80 Â± 6.39 / 43.80 Â± 5.16@@27.80494271259627,0.24 Â± 0.25 / 0.25 Â± 0.21@@0.24188496628640552,0.56 Â± 0.51 / 34.04 Â± 1.28@@0.5571038325151182,21.33 Â± 6.27 / 6.84 Â± 6.83@@21.325084288981667,53.76 Â± 0.47 / 11.17 Â± 0.49@@53.7602327469358,0.76 Â± 1.75 / 25.88 Â± 1.63@@0.7579215974241091,0.99 Â± 3.76 / 34.10 Â± 2.62@@0.988166469609602,-0.48 Â± 0.94 / 24.73 Â± 0.61@@-0.48491972422875845,10.0.1@@100001,9.3.1@@90301,11.0.0@@110000,12.5.1@@120501,12.6.1@@120601,14.2.0@@140200,11.0.0@@110000,11.0.0@@110000
PleIAs/Pleias-Pico (few-shot),4.2,353424384.0,65536.0,2048,2330.93,ğŸ§ ,âœ“,âœ—,13.31 Â± 3.23 / 34.38 Â± 3.13@@13.309230381594011,10.59 Â± 2.24 / 10.29 Â± 1.37@@10.586127392134362,0.52 Â± 0.78 / 33.76 Â± 0.37@@0.5235976312014544,22.98 Â± 2.97 / 18.77 Â± 2.44@@22.979568790776682,53.52 Â± 1.40 / 7.67 Â± 0.60@@53.52477116095542,2.16 Â± 1.62 / 27.22 Â± 1.48@@2.15903263607409,4.30 Â± 2.48 / 37.38 Â± 1.67@@4.297668295649369,-0.01 Â± 1.18 / 25.21 Â± 0.79@@-0.006336266166619489,14.1.2@@140102,14.0.4@@140004,14.1.2@@140102,14.3.0@@140300,14.0.4@@140004,14.2.0.dev0@@140200,14.0.4@@140004,14.0.4@@140004
RJuro/kanelsnegl-v0.1 (few-shot),4.21,7241732096.0,32000.0,510,5847.39,ğŸ“,âœ“,âœ—,13.00 Â± 4.17 / 24.41 Â± 3.12@@13.004298464414813,0.00 Â± 0.00 / 0.00 Â± 0.00@@0.0,0.00 Â± 0.00 / 33.25 Â± 0.23@@0.0,12.39 Â± 1.52 / 0.00 Â± 0.00@@12.391429928480209,61.25 Â± 0.17 / 12.03 Â± 0.21@@61.24671958008548,3.92 Â± 1.42 / 23.33 Â± 1.02@@3.916649138260453,0.00 Â± 0.00 / 35.86 Â± 1.26@@0.0,0.04 Â± 0.14 / 25.18 Â± 0.77@@0.03891135809424986,9.3.1@@90301,9.3.1@@90301,9.3.1@@90301,12.5.1@@120501,12.6.1@@120601,14.2.0.dev0@@140200,10.0.1@@100001,9.3.1@@90301
allenai/OLMo-1B (few-shot),4.22,1176764416.0,50280.0,2049,8536.09,ğŸ§ ,âœ“,âœ—,17.94 Â± 5.58 / 32.80 Â± 3.63@@17.93699217101962,13.39 Â± 2.60 / 12.39 Â± 2.46@@13.39128223773426,-2.02 Â± 2.28 / 40.63 Â± 4.12@@-2.0211100550345193,26.24 Â± 3.20 / 23.65 Â± 2.96@@26.2421720364985,48.87 Â± 1.42 / 5.39 Â± 0.62@@48.867899310353096,-0.33 Â± 0.61 / 23.91 Â± 0.71@@-0.3337688553352394,0.05 Â± 2.96 / 34.67 Â± 1.78@@0.05317856105141301,-0.08 Â± 0.81 / 25.21 Â± 0.56@@-0.08016823764960612,12.1.0@@120100,12.5.2@@120502,12.1.0@@120100,12.1.0@@120100,12.6.1@@120601,12.1.0@@120100,12.1.0@@120100,12.1.0@@120100
HuggingFaceTB/SmolLM2-360M-Instruct (few-shot),4.22,361821120.0,49152.0,8192,21776.98,ğŸ“,âœ“,âœ—,2.66 Â± 2.70 / 16.29 Â± 2.34@@2.660725949874136,8.97 Â± 3.18 / 8.62 Â± 2.72@@8.96639425346848,1.65 Â± 1.38 / 44.50 Â± 3.21@@1.648327209134854,28.73 Â± 1.90 / 24.92 Â± 1.68@@28.727323423333125,55.39 Â± 0.68 / 10.01 Â± 0.63@@55.39237977071026,-2.29 Â± 1.63 / 25.06 Â± 1.53@@-2.28903192743651,3.55 Â± 3.45 / 35.45 Â± 1.54@@3.546371075541351,-0.41 Â± 1.41 / 25.02 Â± 0.71@@-0.4118728809213953,13.1.0@@130100,13.1.0@@130100,13.1.0@@130100,13.1.0@@130100,13.1.0@@130100,14.2.0.dev0@@140200,13.1.0@@130100,13.1.0@@130100
NorwAI/NorwAI-Mistral-7B-pretrain (few-shot),4.23,7536586752.0,67993.0,4065,3023.95,ğŸ§ ,âœ“,âœ—,3.55 Â± 3.64 / 22.75 Â± 4.02@@3.5545293800898587,12.82 Â± 2.64 / 12.37 Â± 1.95@@12.817294575442977,0.68 Â± 1.41 / 35.13 Â± 0.98@@0.6763339622888445,24.31 Â± 1.88 / 19.85 Â± 1.75@@24.307959713276738,55.58 Â± 0.58 / 10.39 Â± 0.63@@55.579452872843824,-0.75 Â± 1.11 / 22.24 Â± 1.25@@-0.7461712461744413,-2.13 Â± 4.41 / 33.89 Â± 3.03@@-2.128634338032265,0.88 Â± 0.62 / 25.49 Â± 0.74@@0.876366067727594,12.10.5@@121005,12.10.5@@121005,12.10.5@@121005,12.10.5@@121005,12.10.5@@121005,14.2.0.dev0@@140200,12.10.5@@121005,12.10.5@@121005
PleIAs/Pleias-350m-Preview (few-shot),4.26,353424384.0,65536.0,2048,10241.69,ğŸ§ ,âœ“,âœ—,9.47 Â± 3.30 / 25.66 Â± 3.36@@9.472400263676851,13.84 Â± 1.95 / 13.12 Â± 1.60@@13.837410956947682,-0.36 Â± 1.60 / 39.52 Â± 3.19@@-0.357526781019145,29.00 Â± 1.46 / 23.82 Â± 1.42@@28.99937569662692,45.28 Â± 4.20 / 6.64 Â± 0.74@@45.280650188360596,0.75 Â± 1.90 / 27.09 Â± 1.34@@0.745881964190192,2.54 Â± 3.58 / 36.82 Â± 2.34@@2.5441977849365887,-0.66 Â± 0.98 / 24.57 Â± 0.57@@-0.6601808743913656,14.1.2@@140102,14.0.4@@140004,14.1.2@@140102,14.3.0@@140300,14.0.4@@140004,14.2.0.dev0@@140200,14.0.4@@140004,14.0.4@@140004
HuggingFaceTB/SmolLM2-135M-Instruct (few-shot),4.26,134515008.0,49152.0,8192,25602.11,ğŸ“,âœ“,âœ—,2.61 Â± 3.22 / 18.95 Â± 3.93@@2.6119275382760443,12.11 Â± 1.07 / 11.48 Â± 1.07@@12.107188237063722,0.25 Â± 1.87 / 39.65 Â± 4.00@@0.2462636759550297,16.74 Â± 2.74 / 14.02 Â± 2.56@@16.739270425662614,56.53 Â± 0.95 / 8.45 Â± 0.77@@56.52927304712648,0.74 Â± 1.78 / 26.10 Â± 0.61@@0.735028348287796,10.81 Â± 4.60 / 38.73 Â± 1.77@@10.808322442815957,-0.50 Â± 0.85 / 24.15 Â± 0.67@@-0.4988802103776566,13.1.0@@130100,13.1.0@@130100,13.1.0@@130100,13.1.0@@130100,13.1.0@@130100,14.2.0.dev0@@140200,13.1.0@@130100,13.1.0@@130100
AI-Sweden-Models/gpt-sw3-126m (few-shot),4.34,186112512.0,64000.0,2048,8957.78,ğŸ§ ,âœ“,âœ—,9.18 Â± 4.25 / 26.36 Â± 3.94@@9.178083936014607,3.43 Â± 2.66 / 5.56 Â± 1.90@@3.425368638608757,-0.22 Â± 1.53 / 34.20 Â± 0.84@@-0.21995613872747982,19.46 Â± 3.63 / 16.64 Â± 3.32@@19.462742503903428,52.34 Â± 1.60 / 8.84 Â± 0.78@@52.3383933576406,1.00 Â± 3.30 / 25.52 Â± 2.09@@0.9997541439639568,5.18 Â± 4.75 / 36.68 Â± 2.20@@5.175832255333828,-1.28 Â± 0.99 / 24.75 Â± 0.93@@-1.2816996585056162,9.2.0@@90200,9.2.0@@90200,9.2.0@@90200,12.5.1@@120501,12.6.1@@120601,14.2.0.dev0@@140200,10.0.1@@100001,9.2.0@@90200
NbAiLab/nb-gpt-j-6B@sharded (few-shot),4.37,,50400.0,1024,2630.15,ğŸ§ ,âœ“,âœ—,11.00 Â± 7.09 / 26.09 Â± 6.96@@10.996303814050504,0.36 Â± 0.40 / 1.82 Â± 1.16@@0.361751527845115,-0.11 Â± 1.16 / 33.76 Â± 0.86@@-0.10501356146641747,17.35 Â± 5.86 / 5.15 Â± 6.60@@17.350077365401596,51.83 Â± 0.77 / 10.14 Â± 0.49@@51.82842663649353,-0.96 Â± 1.47 / 23.86 Â± 1.33@@-0.9577258416573355,3.51 Â± 3.46 / 35.41 Â± 2.22@@3.5059022264046815,0.73 Â± 1.39 / 25.54 Â± 1.00@@0.72903881549195,10.0.1@@100001,9.3.1@@90301,10.0.1@@100001,12.5.1@@120501,12.6.1@@120601,10.0.1@@100001,10.0.1@@100001,10.0.1@@100001
HuggingFaceTB/SmolLM2-135M (few-shot),4.41,134515008.0,49152.0,8192,26346.08,ğŸ§ ,âœ“,âœ—,3.79 Â± 3.11 / 21.06 Â± 4.74@@3.793539627603367,13.72 Â± 1.83 / 13.41 Â± 1.52@@13.716149440706992,-0.45 Â± 0.70 / 39.69 Â± 4.95@@-0.45253931215525284,17.28 Â± 3.01 / 14.69 Â± 2.86@@17.283687648863374,47.44 Â± 1.55 / 6.04 Â± 0.58@@47.443850976778776,-0.50 Â± 1.82 / 25.93 Â± 1.05@@-0.5020982794468347,10.99 Â± 5.42 / 38.26 Â± 1.92@@10.990408670526172,-0.51 Â± 1.30 / 24.79 Â± 0.70@@-0.5058832922309285,13.1.0@@130100,13.1.0@@130100,13.1.0@@130100,13.1.0@@130100,13.1.0@@130100,14.2.0.dev0@@140200,13.1.0@@130100,13.1.0@@130100
NorGLM/NorGPT-369M (few-shot),4.53,,64000.0,1024,19895.92,ğŸ§ ,âœ“,âœ—,2.06 Â± 2.30 / 20.38 Â± 2.71@@2.0649381514022203,1.13 Â± 1.19 / 0.97 Â± 1.03@@1.12505773973119,-0.36 Â± 0.97 / 41.52 Â± 4.00@@-0.3604909182368881,4.20 Â± 0.61 / 0.32 Â± 0.12@@4.202063933057338,54.00 Â± 0.80 / 9.08 Â± 0.87@@54.00255388871301,0.01 Â± 1.71 / 23.68 Â± 1.20@@0.014408247691468368,3.26 Â± 1.64 / 29.55 Â± 2.52@@3.2561741407720985,-0.62 Â± 0.87 / 24.55 Â± 0.66@@-0.6246411900839024,12.5.2@@120502,12.5.2@@120502,12.5.2@@120502,12.5.2@@120502,12.5.2@@120502,14.2.0.dev0@@140200,12.5.2@@120502,12.5.2@@120502
ai-forever/mGPT (few-shot),4.93,,100000.0,2046,11734.33,ğŸ§ ,âœ“,âœ—,2.61 Â± 2.75 / 20.51 Â± 2.48@@2.6084624247603183,0.65 Â± 0.68 / 0.59 Â± 0.63@@0.648821052660044,-0.73 Â± 1.72 / 41.15 Â± 3.71@@-0.7251190031194412,2.68 Â± 1.87 / 1.99 Â± 1.69@@2.683373635947206,35.64 Â± 4.11 / 4.70 Â± 2.01@@35.641831670945976,-1.21 Â± 1.27 / 22.69 Â± 0.94@@-1.2059335336901398,6.94 Â± 3.67 / 38.18 Â± 1.72@@6.944361406383505,-1.12 Â± 0.87 / 24.71 Â± 0.88@@-1.1198643252353837,10.0.1@@100001,9.3.1@@90301,11.0.0@@110000,12.5.1@@120501,12.6.1@@120601,14.2.0.dev0@@140200,11.0.0@@110000,11.0.0@@110000
Sigurdur/icebreaker (few-shot),4.99,110418432.0,32000.0,1024,48618.98,ğŸ§ ,âœ—,âœ—,0.00 Â± 0.00 / 18.12 Â± 0.19@@0.0,0.00 Â± 0.00 / 0.00 Â± 0.00@@0.0,0.00 Â± 0.00 / 33.25 Â± 0.23@@0.0,0.04 Â± 0.01 / 0.00 Â± 0.00@@0.04025303058364268,37.85 Â± 0.55 / 0.76 Â± 0.08@@37.854334404401015,-0.30 Â± 0.45 / 24.72 Â± 0.92@@-0.2968224064976931,-0.75 Â± 1.90 / 34.96 Â± 1.13@@-0.7499726606665224,-0.88 Â± 0.48 / 24.60 Â± 0.50@@-0.8833115652112425,12.7.0@@120700,12.7.0@@120700,12.7.0@@120700,12.7.0@@120700,12.7.0@@120700,14.2.0.dev0@@140200,12.7.0@@120700,12.7.0@@120700
