model,nlu_rank,nlg_rank,parameters,vocabulary_size,context,speed,commercial,merge,angry_tweets_primary,angry_tweets_secondary,dansk_primary,dansk_secondary,scala_da_primary,scala_da_secondary,scandiqa_da_primary,scandiqa_da_secondary,nordjylland_news_primary,nordjylland_news_secondary,danske_talemaader_primary,danske_talemaader_secondary,danish_citizen_tests_primary,danish_citizen_tests_secondary,hellaswag_da_primary,hellaswag_da_secondary,angry_tweets_version,dansk_version,scala_da_version,scandiqa_da_version,nordjylland_news_version,danske_talemaader_version,danish_citizen_tests_version,hellaswag_da_version,speed_version
"gpt-4-1106-preview (few-shot, val)",1.18,1.17,,100.0,128000,575.52,True,False,61.62,73.99,66.8,45.69,66.84,82.79,68.83,56.85,66.21,18.02,95.21,96.41,97.19,98.12,78.74,83.91,12.10.2,12.10.0,12.10.2,12.10.0,12.10.0,12.10.2,12.10.2,12.10.2,12.5.3
"gpt-4-0613 (few-shot, val)",1.23,1.16,,100.0,8191,597.21,True,False,59.97,73.06,64.94,45.76,71.56,85.36,68.46,56.43,66.76,18.99,94.93,96.21,93.98,95.94,81.64,86.17,0.0.0,0.0.0,0.0.0,12.9.0,12.6.1,10.0.1,10.0.1,9.1.2,12.5.3
"claude-3-5-sonnet-20241022 (zero-shot, val)",1.27,2.26,,,200000,192.92,True,False,63.61,76.0,65.88,55.11,71.03,85.46,59.56,46.24,64.6,13.66,84.02,88.01,85.34,89.61,23.71,41.45,14.0.3,14.0.3,14.0.3,14.0.3,14.0.3,14.0.3,14.0.3,14.0.3,14.0.3
"syvai/danskgpt-chat-llama3-70b (few-shot, val)",1.32,1.53,70554.0,128.0,7937,1282.9,True,False,62.78,75.05,65.4,54.29,57.88,78.5,68.23,62.24,66.78,20.59,86.2,88.64,80.14,85.73,66.22,74.34,12.10.0,12.10.0,12.10.0,12.10.0,12.10.0,12.10.0,12.10.0,12.10.0,12.10.0
KennethEnevoldsen/dfm-sentence-encoder-large-2,1.37,999.0,355.0,50.0,512,6568.66,True,False,55.12,69.99,75.3,70.13,76.34,87.56,50.82,45.15,,,,,,,,,0.0.0,0.0.0,0.0.0,0.0.0,0.0.0,0.0.0,0.0.0,0.0.0,0.0.0
"gpt-4o-2024-05-13 (few-shot, val)",1.39,1.12,,200.0,127997,916.47,True,False,49.42,61.74,71.15,52.24,64.59,79.93,67.87,57.35,66.03,17.74,96.41,97.3,97.68,98.44,85.96,89.41,12.10.2,12.10.0,12.10.2,12.10.0,12.10.0,12.10.2,12.10.2,12.10.2,12.10.0
AI-Sweden-Models/roberta-large-1160k,1.39,999.0,355.0,50.0,512,14014.08,True,False,51.2,66.62,74.16,70.93,73.87,86.61,55.06,49.34,,,,,,,,,10.0.1,10.0.1,10.0.1,10.0.1,0.0.0,0.0.0,0.0.0,0.0.0,12.10.0
danish-foundation-models/encoder-large-v1,1.42,999.0,355.0,50.0,512,6670.77,True,False,51.42,67.07,74.6,69.95,76.11,87.41,53.06,47.42,,,,,,,,,0.0.0,0.0.0,0.0.0,0.0.0,0.0.0,0.0.0,0.0.0,0.0.0,0.0.0
KennethEnevoldsen/dfm-sentence-encoder-large-1,1.43,999.0,355.0,50.0,512,6245.47,True,False,53.85,68.94,74.99,70.34,75.71,87.29,50.4,44.85,,,,,,,,,0.0.0,0.0.0,0.0.0,0.0.0,0.0.0,0.0.0,0.0.0,0.0.0,0.0.0
AI-Sweden-Models/Llama-3-8B-instruct (few-shot),1.44,1.38,8030.0,128.0,8192,4314.43,False,False,54.96,68.41,58.6,47.13,70.55,85.14,65.86,60.95,66.99,22.45,80.95,85.57,76.88,84.65,73.73,80.1,12.10.4,13.0.0,12.10.4,12.10.4,12.10.4,12.10.4,12.10.4,12.10.4,12.10.4
AI-Sweden-Models/roberta-large-1350k,1.46,999.0,355.0,50.0,512,5743.56,True,False,49.94,65.66,75.22,71.57,72.59,85.58,54.79,48.97,,,,,,,,,10.0.1,10.0.1,10.0.1,10.0.1,0.0.0,0.0.0,0.0.0,0.0.0,10.0.1
"meta-llama/Meta-Llama-3-70B (few-shot, val)",1.48,1.52,70554.0,128.0,8192,311.65,True,False,60.19,73.13,63.62,53.29,50.07,72.94,66.71,60.97,67.33,22.84,83.94,87.93,78.83,85.39,60.69,69.38,12.6.1,12.7.0,12.7.0,12.7.0,12.7.0,12.7.0,12.7.0,12.7.0,12.7.0
google/gemma-2-27b-it (few-shot),1.48,1.36,27227.0,256.0,8193,1516.14,True,False,59.06,72.86,59.94,38.0,58.57,78.63,65.6,57.48,68.12,23.96,85.2,88.8,84.02,89.32,71.26,78.17,13.0.0,13.0.0,13.0.0,13.0.0,13.0.0,13.0.0,13.0.0,13.0.0,13.0.0
"gpt-4o-2024-05-13 (zero-shot, val)",1.49,1.36,,200.0,8191,636.59,True,False,53.07,68.64,64.8,45.57,64.18,81.9,63.09,49.02,64.78,13.85,90.74,93.05,95.22,96.8,78.1,83.59,14.0.3,14.0.3,14.0.3,14.0.3,14.0.3,14.0.3,14.0.3,14.0.3,14.0.3
ltg/norbert3-large,1.53,999.0,354.0,50.0,512,5048.17,True,False,48.29,64.67,73.62,68.91,71.55,85.17,53.54,48.59,,,,,,,,,0.0.0,0.0.0,0.0.0,0.0.0,0.0.0,0.0.0,0.0.0,0.0.0,0.0.0
vesteinn/DanskBERT,1.54,999.0,124.0,50.0,512,15748.62,True,False,52.86,68.19,72.55,69.31,75.2,86.99,43.48,37.65,,,,,,,,,0.0.0,0.0.0,0.0.0,0.0.0,0.0.0,0.0.0,0.0.0,0.0.0,0.0.0
"gpt-3.5-turbo-0613 (few-shot, val)",1.58,1.63,,100.0,4095,920.94,True,False,52.52,68.1,61.31,49.86,57.63,77.01,65.51,57.03,66.38,18.03,81.95,86.33,77.66,85.08,62.21,71.05,12.9.0,12.9.0,12.9.0,12.9.0,12.6.1,10.0.1,10.0.1,12.9.0,12.5.3
NbAiLab/nb-bert-large,1.59,999.0,355.0,50.0,512,6343.25,True,False,49.07,65.38,70.38,65.7,72.02,85.74,51.32,45.72,,,,,,,,,0.0.0,0.0.0,0.0.0,0.0.0,0.0.0,0.0.0,0.0.0,0.0.0,0.0.0
intfloat/multilingual-e5-large,1.61,999.0,560.0,250.0,512,6731.95,True,False,55.07,69.43,69.5,65.03,57.67,78.48,52.84,46.71,,,,,,,,,0.0.0,0.0.0,0.0.0,0.0.0,0.0.0,0.0.0,0.0.0,0.0.0,0.0.0
google/rembert,1.67,999.0,576.0,250.0,512,11735.9,True,False,50.19,66.32,70.19,66.64,69.72,84.3,44.44,39.85,,,,,,,,,0.0.0,0.0.0,0.0.0,0.0.0,0.0.0,0.0.0,0.0.0,0.0.0,12.7.0
"gpt-4o-mini-2024-07-18 (zero-shot, val)",1.7,1.7,,200.0,8191,908.12,True,False,49.73,65.95,57.52,35.79,57.56,77.16,64.34,51.79,64.66,13.62,79.84,84.92,83.21,88.67,63.33,72.15,14.0.1,14.0.1,14.0.1,14.0.1,14.0.1,14.0.3,14.0.3,14.0.3,14.0.3
CohereForAI/aya-expanse-32b (few-shot),1.72,1.56,32296.0,256.0,8193,2288.11,False,False,56.39,69.83,61.15,40.96,37.75,67.36,65.87,58.09,67.6,23.65,66.13,74.34,73.67,82.52,69.23,76.78,13.0.0,13.0.0,13.0.0,13.0.0,13.0.0,13.0.0,13.0.0,13.0.0,13.0.0
"152334H/miqu-1-70b-sf (few-shot, val)",1.72,1.62,68977.0,32.0,32762,2126.22,True,False,55.11,69.6,56.96,45.84,42.64,71.04,64.12,54.58,66.8,20.36,83.94,87.97,73.32,81.64,60.52,70.08,12.7.0,12.7.0,12.7.0,12.7.0,12.7.0,12.7.0,12.7.0,12.7.0,12.7.0
FacebookAI/xlm-roberta-large,1.74,999.0,561.0,250.0,512,17896.69,True,False,48.33,63.94,72.74,67.15,57.3,76.82,49.29,43.57,,,,,,,,,0.0.0,0.0.0,0.0.0,0.0.0,0.0.0,0.0.0,0.0.0,0.0.0,12.7.0
microsoft/mdeberta-v3-base,1.74,999.0,279.0,251.0,512,20637.23,True,False,43.38,60.05,72.9,67.41,67.05,83.18,47.97,42.15,,,,,,,,,0.0.0,0.0.0,0.0.0,0.0.0,0.0.0,0.0.0,0.0.0,0.0.0,12.7.0
NbAiLab/nb-roberta-base-scandi,1.75,999.0,278.0,250.0,512,15078.99,True,False,52.08,67.98,73.28,68.37,67.99,83.02,37.27,32.39,,,,,,,,,0.0.0,0.0.0,0.0.0,0.0.0,0.0.0,0.0.0,0.0.0,0.0.0,0.0.0
KennethEnevoldsen/dfm-sentence-encoder-medium-3,1.76,999.0,178.0,120.0,512,14050.48,True,False,47.55,64.66,71.21,67.27,68.72,83.85,43.9,38.33,,,,,,,,,0.0.0,0.0.0,0.0.0,0.0.0,0.0.0,0.0.0,0.0.0,0.0.0,0.0.0
"meta-llama/Meta-Llama-3-70B-Instruct (few-shot, val)",1.77,1.4,70554.0,128.0,8190,1672.52,True,False,53.09,68.18,63.1,55.1,40.98,69.1,63.12,51.13,67.76,23.19,85.18,88.91,79.22,85.7,70.19,77.54,12.7.0,12.7.0,12.7.0,12.7.0,12.7.0,12.7.0,12.7.0,12.7.0,12.7.0
google/gemma-2-9b-it (few-shot),1.77,1.53,9242.0,256.0,8193,2062.05,True,False,52.26,64.13,49.05,30.91,58.38,78.98,64.41,55.34,67.67,23.18,80.62,85.41,75.37,83.59,66.17,74.39,13.0.0,13.0.0,13.0.0,13.0.0,13.0.0,13.0.0,13.0.0,13.0.0,13.0.0
"meta-llama/Llama-2-70b-hf (few-shot, val)",1.78,1.71,68977.0,32.0,4094,1891.65,True,False,53.24,67.81,58.06,50.1,39.71,65.9,67.47,62.51,67.39,23.85,84.43,88.28,71.35,80.47,54.31,65.2,12.7.0,12.7.0,12.7.0,12.7.0,12.7.0,12.7.0,12.7.0,12.7.0,12.7.0
"gpt-4o-mini-2024-07-18 (few-shot, val)",1.82,1.47,,200.0,8191,784.26,True,False,56.91,71.25,59.96,41.55,67.13,83.05,33.63,17.52,65.32,15.39,91.7,93.79,88.38,92.19,71.08,78.12,14.0.0,14.0.0,14.0.0,14.0.0,14.0.0,14.0.1,14.0.1,14.0.1,14.0.1
pere/roberta-debug-8,1.83,999.0,278.0,250.0,512,15103.14,True,False,49.77,66.38,71.34,66.53,64.31,80.7,37.0,31.86,,,,,,,,,0.0.0,0.0.0,0.0.0,0.0.0,0.0.0,0.0.0,0.0.0,0.0.0,0.0.0
"gpt-4-1106-preview (zero-shot, val)",1.83,1.51,,100.0,8191,436.04,True,False,53.69,67.91,35.79,25.86,62.98,81.27,64.87,51.96,64.56,13.61,87.34,90.59,98.11,98.75,67.56,75.47,14.0.3,14.0.3,14.0.3,14.0.3,14.0.3,14.0.3,14.0.3,14.0.3,14.0.3
NbAiLab/nb-roberta-base-scandi-1e4,1.84,999.0,278.0,250.0,512,15073.66,True,False,51.7,67.54,72.16,68.01,62.03,80.01,35.36,29.95,,,,,,,,,0.0.0,0.0.0,0.0.0,0.0.0,0.0.0,0.0.0,0.0.0,0.0.0,0.0.0
NbAiLab/nb-bert-base,1.84,999.0,178.0,120.0,512,14050.04,True,False,46.32,64.13,70.36,66.92,66.41,82.44,41.53,36.42,,,,,,,,,0.0.0,0.0.0,0.0.0,0.0.0,0.0.0,0.0.0,0.0.0,0.0.0,0.0.0
vesteinn/FoBERT,1.85,999.0,124.0,50.0,512,15623.28,True,False,49.18,65.94,69.65,65.8,65.45,81.55,37.33,32.4,,,,,,,,,0.0.0,0.0.0,0.0.0,0.0.0,0.0.0,0.0.0,0.0.0,0.0.0,0.0.0
NbAiLab/nb-sbert-base,1.87,999.0,178.0,120.0,512,17756.84,True,False,47.83,65.23,70.12,65.8,63.25,80.82,41.01,36.51,,,,,,,,,12.10.5,12.10.5,12.10.5,12.10.5,0.0.0,0.0.0,0.0.0,0.0.0,12.10.5
vesteinn/ScandiBERT-no-faroese,1.87,999.0,124.0,50.0,512,15435.6,True,False,47.73,64.85,69.79,65.2,68.28,83.52,37.07,31.9,,,,,,,,,0.0.0,0.0.0,0.0.0,0.0.0,0.0.0,0.0.0,0.0.0,0.0.0,0.0.0
sentence-transformers/use-cmlm-multilingual,1.87,999.0,472.0,501.0,512,30230.67,True,False,48.03,65.34,69.17,65.8,55.31,76.29,47.57,42.34,,,,,,,,,0.0.0,0.0.0,0.0.0,0.0.0,0.0.0,0.0.0,0.0.0,0.0.0,12.7.0
setu4993/LaBSE,1.88,999.0,471.0,501.0,512,25417.61,True,False,46.5,64.31,71.24,66.41,52.92,75.11,45.4,40.08,,,,,,,,,0.0.0,0.0.0,0.0.0,0.0.0,0.0.0,0.0.0,0.0.0,0.0.0,12.7.0
pere/roberta-debug-32,1.88,999.0,278.0,250.0,512,14958.48,True,False,50.48,66.71,68.46,64.34,64.34,80.92,35.3,30.3,,,,,,,,,0.0.0,0.0.0,0.0.0,0.0.0,0.0.0,0.0.0,0.0.0,0.0.0,0.0.0
pere/roberta-base-exp-8,1.89,999.0,278.0,250.0,512,15112.46,True,False,49.66,66.21,68.77,64.77,60.13,78.92,37.37,32.6,,,,,,,,,0.0.0,0.0.0,0.0.0,0.0.0,0.0.0,0.0.0,0.0.0,0.0.0,0.0.0
intfloat/multilingual-e5-large-instruct,1.9,999.0,560.0,250.0,514,5947.27,True,False,55.45,69.74,69.86,65.3,31.14,63.23,52.75,45.51,,,,,,,,,13.0.0,13.0.0,13.0.0,13.0.0,0.0.0,0.0.0,0.0.0,0.0.0,13.0.0
intfloat/multilingual-e5-base,1.92,999.0,278.0,250.0,512,14965.0,True,False,49.88,66.06,68.7,64.05,44.2,70.33,45.91,39.9,,,,,,,,,0.0.0,12.6.1,0.0.0,0.0.0,0.0.0,0.0.0,0.0.0,0.0.0,0.0.0
mhenrichsen/danskgpt-chat-v2.1 (few-shot),1.95,1.88,,32.0,32768,5085.22,True,False,54.69,69.5,51.08,35.83,30.95,62.15,64.32,56.56,66.9,20.9,79.39,84.29,73.22,81.91,48.16,60.83,12.0.0,12.0.0,12.0.0,12.0.0,12.0.0,12.0.0,12.0.0,12.0.0,12.0.0
ltg/norbert3-base,1.96,999.0,124.0,50.0,512,11405.28,True,False,43.94,61.91,73.26,67.83,51.62,73.99,45.68,40.7,,,,,,,,,0.0.0,0.0.0,0.0.0,0.0.0,0.0.0,0.0.0,0.0.0,0.0.0,0.0.0
Nexusflow/Starling-LM-7B-beta (few-shot),2.01,1.97,7242.0,32.0,8192,5875.95,False,False,51.75,67.38,53.2,32.89,32.72,62.53,65.36,56.44,67.46,23.35,59.78,69.68,58.63,71.72,50.74,62.79,12.5.2,12.5.2,12.5.2,12.5.2,12.5.2,12.5.2,12.5.2,12.5.2,12.5.2
pere/roberta-base-exp-32,2.02,999.0,278.0,250.0,512,15080.54,True,False,51.33,67.04,71.9,67.25,44.45,70.51,37.0,32.51,,,,,,,,,0.0.0,0.0.0,0.0.0,0.0.0,0.0.0,0.0.0,0.0.0,0.0.0,0.0.0
mistralai/Mistral-Nemo-Instruct-2407 (few-shot),2.02,2.03,12248.0,131.0,1024001,7094.98,True,False,48.97,64.19,53.95,34.84,31.78,61.53,65.53,56.44,66.24,20.0,67.09,74.85,72.87,81.97,42.77,55.61,13.0.0,13.0.0,13.0.0,13.0.0,13.0.0,13.0.0,13.0.0,13.0.0,13.0.0
skole-gpt-mixtral (few-shot),2.03,2.19,,32.0,32768,3582.66,False,False,51.51,66.73,49.17,34.74,32.04,64.63,66.15,58.52,66.83,21.53,65.77,74.26,77.56,85.02,30.34,46.85,13.0.0,13.0.0,13.0.0,13.0.0,13.0.0,13.0.0,13.0.0,13.0.0,13.0.0
pere/roberta-base-exp-32B,2.03,999.0,278.0,250.0,512,15102.57,True,False,47.83,64.9,71.81,66.85,54.99,75.82,34.74,29.92,,,,,,,,,0.0.0,0.0.0,0.0.0,0.0.0,0.0.0,0.0.0,0.0.0,0.0.0,0.0.0
"RJuro/munin-neuralbeagle-7b (few-shot, val)",2.04,1.92,7242.0,32.0,32768,2492.75,False,True,54.91,67.84,51.44,41.38,22.77,52.29,64.01,56.51,68.06,24.28,74.24,80.62,70.86,80.31,41.49,55.86,9.3.2,9.3.2,9.3.2,12.5.2,12.6.1,10.0.1,10.0.1,9.3.2,9.3.2
"claude-3-5-haiku-20241022 (zero-shot, val)",2.08,2.58,,,200000,276.86,True,False,56.46,71.07,59.48,42.21,20.57,49.85,57.7,38.23,64.38,13.19,53.54,64.3,69.09,77.89,21.03,36.45,14.0.1,14.0.1,14.0.1,14.0.1,14.0.1,14.0.1,14.0.1,14.0.1,14.0.1
four-two-labs/orpo-llama-3-swe (few-shot),2.11,2.52,8030.0,128.0,8192,4974.22,False,False,51.73,66.43,46.75,29.4,24.73,53.98,65.74,59.97,65.21,18.86,55.72,66.59,61.59,73.95,25.43,43.11,12.7.0,12.7.0,12.7.0,12.7.0,12.7.0,12.7.0,12.7.0,12.7.0,12.7.0
"timpal0l/BeagleCatMunin (few-shot, val)",2.11,2.26,7242.0,32.0,32768,2495.0,False,True,54.73,68.74,47.62,36.77,21.8,51.07,63.6,57.26,67.31,23.24,66.49,74.84,60.41,72.97,28.51,45.74,9.3.2,9.3.2,9.3.2,12.5.2,12.6.1,10.0.1,10.0.1,9.3.2,9.3.2
meta-llama/Meta-Llama-3-8B (few-shot),2.12,2.52,8030.0,128.0,8192,1046.19,True,False,51.29,66.35,46.31,29.09,25.7,55.65,65.44,59.79,65.16,18.74,56.2,66.91,61.16,73.63,24.99,42.57,12.6.1,12.6.1,12.6.1,12.6.1,12.6.1,12.6.1,12.6.1,12.6.1,14.0.2
meta-llama/Meta-Llama-3-8B-Instruct (few-shot),2.13,2.44,8030.0,128.0,8192,1040.29,True,False,48.43,62.09,57.74,40.66,27.12,60.4,59.77,46.76,66.36,19.75,57.87,67.43,50.42,65.43,29.17,44.59,12.6.1,12.6.1,12.6.1,12.6.1,12.6.1,12.6.1,12.6.1,12.6.1,14.0.2
"birgermoell/BeagleCatMunin-Flashback-Bellman (few-shot, val)",2.13,2.26,7242.0,32.0,32768,2890.1,False,True,52.3,64.19,50.4,38.57,21.3,47.78,63.79,58.17,66.25,20.33,65.32,73.95,64.76,75.94,33.7,50.16,9.3.1,9.3.1,9.3.1,12.5.2,12.6.1,10.0.1,10.0.1,9.3.1,9.3.1
"timpal0l/dolphin-2.9-llama3-8b-flashback (few-shot, val)",2.14,2.45,8030.0,128.0,8192,5018.29,False,True,52.17,67.14,51.37,37.56,27.98,60.57,59.94,51.65,66.25,19.93,57.31,68.05,54.17,68.2,27.65,44.53,12.7.0,12.7.0,12.7.0,12.7.0,12.7.0,12.7.0,12.7.0,12.7.0,12.7.0
meta-llama/Llama-3.1-8B (few-shot),2.14,2.44,8030.0,128.0,131072,2363.74,True,False,49.71,64.0,47.68,32.67,25.48,58.45,65.79,60.31,64.74,17.82,57.6,67.81,65.98,77.34,28.65,45.11,12.11.0,12.11.0,12.11.0,12.11.0,13.0.0,13.0.0,13.0.0,13.0.0,14.0.1
"meta-llama/Llama-2-70b-chat-hf (few-shot, val)",2.15,2.14,68977.0,32.0,3841,1979.03,True,False,50.66,62.04,52.22,38.82,23.57,56.09,61.94,53.82,67.13,21.62,69.26,76.99,46.4,59.45,39.72,53.83,12.7.0,12.7.0,12.7.0,12.7.0,12.7.0,12.7.0,12.7.0,12.7.0,12.7.0
"merge-crew/da-sv-task-arithmetic (few-shot, val)",2.15,2.32,7242.0,32.0,32768,2500.05,True,True,51.51,61.68,46.06,35.43,27.68,57.59,62.26,57.78,66.62,21.92,68.64,76.45,66.17,76.72,23.95,42.19,10.0.1,10.0.1,10.0.1,10.0.1,12.6.1,10.0.1,10.0.1,10.0.1,10.0.1
AI-Sweden-Models/bert-large-nordic-pile-1M-steps,2.15,999.0,369.0,64.0,512,6570.9,True,False,41.53,59.82,67.4,62.44,41.62,68.99,42.46,37.3,,,,,,,,,0.0.0,0.0.0,0.0.0,0.0.0,0.0.0,0.0.0,0.0.0,0.0.0,0.0.0
syvai/llama3-da-base (few-shot),2.15,2.53,8030.0,128.0,8190,3191.4,True,False,48.61,60.53,49.97,34.87,28.16,59.87,65.5,59.55,66.16,20.83,54.55,65.21,62.19,74.2,20.36,38.27,12.9.0,12.9.0,12.9.0,12.9.0,12.9.0,12.9.0,12.9.0,12.9.0,12.9.0
mistralai/Ministral-8B-Instruct-2410 (few-shot),2.15,1.96,8020.0,131.0,32768,929.75,True,False,49.67,65.83,52.49,38.85,22.8,55.25,64.46,57.07,66.75,21.86,59.57,69.19,65.34,76.95,53.97,64.76,13.0.0,13.0.0,13.0.0,13.0.0,13.0.0,13.0.0,13.0.0,13.0.0,14.0.1
ltg/norbert3-small,2.16,999.0,41.0,50.0,512,13515.41,True,False,39.34,58.37,67.89,64.13,50.9,74.15,39.58,34.82,,,,,,,,,0.0.0,0.0.0,0.0.0,0.0.0,0.0.0,0.0.0,0.0.0,0.0.0,0.0.0
"merge-crew/da-sv-slerp (few-shot, val)",2.17,2.34,7242.0,32.0,32768,2467.48,True,True,51.75,62.28,45.94,35.68,28.04,58.31,62.03,57.65,66.65,21.98,68.88,76.64,64.81,75.78,23.63,42.03,10.0.1,10.0.1,10.0.1,10.0.1,12.6.1,10.0.1,10.0.1,10.0.1,10.0.1
google/gemma-2-9b (few-shot),2.18,1.73,9242.0,256.0,8193,2037.53,True,False,38.84,45.52,44.16,25.93,43.42,69.4,66.24,60.11,67.46,24.1,81.68,86.22,77.77,85.06,50.04,61.09,13.0.0,13.0.0,13.0.0,13.0.0,13.0.0,13.0.0,13.0.0,13.0.0,13.0.0
upstage/SOLAR-10.7B-v1.0 (few-shot),2.18,1.71,10732.0,32.0,4096,3780.42,True,False,46.63,59.02,58.03,38.25,15.09,40.04,67.21,62.15,66.81,22.82,64.79,73.46,68.59,78.59,65.29,73.54,12.5.3,12.5.3,12.5.3,12.5.3,12.5.3,12.5.3,12.5.3,12.5.3,12.5.3
"mlabonne/NeuralBeagle14-7B (few-shot, val)",2.19,2.05,7242.0,32.0,8192,2549.38,False,True,51.29,66.57,53.02,41.35,19.73,57.07,61.26,51.69,67.33,22.77,65.38,73.95,62.78,74.61,39.07,53.83,9.3.2,9.3.2,9.3.2,12.5.2,12.6.1,10.0.1,10.0.1,9.3.2,9.3.2
CohereForAI/aya-expanse-8b (few-shot),2.19,2.38,8028.0,256.0,8192,5581.05,False,False,52.0,66.25,51.32,25.54,18.48,52.18,62.08,52.43,66.18,21.1,41.32,55.43,52.24,68.01,37.67,53.26,13.0.0,13.0.0,13.0.0,13.0.0,13.0.0,13.0.0,13.0.0,13.0.0,13.0.0
"birgermoell/Rapid-Cycling (few-shot, val)",2.2,2.26,7242.0,32.0,32768,2345.88,False,True,51.25,62.67,49.99,38.37,20.66,49.98,62.4,56.82,65.58,17.82,67.48,75.62,63.69,75.31,32.11,48.55,9.3.2,9.3.2,9.3.2,12.5.2,12.6.1,10.0.1,10.0.1,9.3.2,9.3.2
cardiffnlp/twitter-xlm-roberta-base,2.21,999.0,278.0,250.0,512,34475.2,True,False,45.3,63.22,70.1,64.54,51.74,74.31,27.76,22.01,,,,,,,,,0.0.0,0.0.0,0.0.0,0.0.0,0.0.0,0.0.0,0.0.0,0.0.0,12.7.0
"merge-crew/da-sv-dare-ties-density-0.9 (few-shot, val)",2.21,2.58,7242.0,32.0,32768,2442.55,True,True,53.73,67.51,45.61,35.04,17.08,52.62,61.18,56.67,66.14,20.98,60.58,69.8,57.89,70.0,16.45,35.47,10.0.1,10.0.1,10.0.1,10.0.1,12.6.1,10.0.1,10.0.1,10.0.1,10.0.1
facebook/xlm-v-base,2.21,999.0,778.0,902.0,512,25396.22,True,False,31.86,47.51,71.42,66.61,52.95,73.96,40.58,34.66,,,,,,,,,0.0.0,0.0.0,0.0.0,0.0.0,0.0.0,0.0.0,0.0.0,0.0.0,12.7.0
timpal0l/sol (few-shot),2.23,1.72,10732.0,32.0,4096,3700.95,False,False,44.38,57.19,54.91,36.29,21.11,45.43,65.85,58.96,66.89,22.65,61.12,70.29,64.86,76.05,67.96,75.68,12.7.0,12.7.0,12.7.0,12.7.0,12.7.0,12.7.0,12.7.0,12.7.0,12.7.0
utter-project/EuroLLM-9B-Instruct (few-shot),2.24,1.97,9152.0,128.0,4096,5762.51,False,False,53.97,68.4,34.0,25.49,32.21,56.97,63.73,57.1,67.55,23.77,80.75,85.31,74.77,83.14,36.86,51.61,13.1.0,13.1.0,13.1.0,13.1.0,13.1.0,13.1.0,13.1.0,13.1.0,13.1.0
Mabeck/Heidrun-Mistral-7B-chat (few-shot),2.24,2.21,7242.0,32.0,32768,5821.93,False,False,42.79,54.47,50.8,34.04,23.25,56.31,65.47,59.9,67.5,23.95,66.61,74.86,64.8,76.46,29.18,46.64,10.0.1,10.0.1,10.0.1,12.5.0,12.6.1,10.0.1,11.0.0,10.0.1,10.0.1
Maltehb/danish-bert-botxo,2.26,999.0,111.0,32.0,512,16091.06,True,False,43.79,62.26,66.71,61.55,45.96,69.62,32.91,26.29,,,,,,,,,0.0.0,0.0.0,0.0.0,0.0.0,0.0.0,0.0.0,0.0.0,0.0.0,0.0.0
jannikskytt/MeDa-Bert,2.26,999.0,111.0,32.0,512,16113.51,True,False,44.62,62.33,64.64,59.54,47.47,70.55,29.91,23.14,,,,,,,,,0.0.0,0.0.0,0.0.0,0.0.0,0.0.0,0.0.0,0.0.0,0.0.0,0.0.0
meta-llama/Llama-3.1-8B-Instruct (few-shot),2.26,2.07,8030.0,128.0,131072,1042.12,True,False,51.3,64.44,57.19,44.34,10.31,42.59,60.46,48.8,67.38,23.21,61.78,71.28,66.61,77.73,39.62,53.92,13.0.0,13.0.0,13.0.0,13.0.0,13.0.0,13.0.0,13.0.0,13.0.0,14.0.2
senseable/WestLake-7B-v2 (few-shot),2.27,2.18,7242.0,32.0,32768,5992.97,False,False,49.81,66.32,52.61,33.64,19.64,54.22,57.94,48.03,66.67,21.08,57.65,68.08,51.99,66.43,44.44,58.16,12.6.1,12.6.1,12.6.1,12.6.1,12.6.1,12.6.1,12.6.1,12.6.1,12.6.1
emillykkejensen/Llama-3-8B-instruct-dansk (few-shot),2.28,2.63,8030.0,128.0,4094,967.48,False,False,50.07,60.95,41.74,30.54,24.49,57.72,65.18,59.29,66.24,20.03,55.51,65.8,48.43,64.28,19.64,37.09,12.9.1,12.9.1,12.9.1,12.9.1,12.9.1,12.9.1,12.9.1,12.9.1,12.9.1
"RJuro/munin-neuralbeagle-SkoleGPTOpenOrca-7b (few-shot, val)",2.28,2.05,7242.0,32.0,32768,3007.6,False,True,43.41,48.74,50.83,36.96,19.72,52.71,64.53,57.87,66.77,21.6,72.92,79.69,68.11,78.52,40.62,55.12,9.3.2,9.3.2,9.3.2,12.5.2,12.6.1,10.0.1,10.0.1,9.3.2,9.3.2
"timpal0l/BeagleCatMunin2 (few-shot, val)",2.28,1.96,7242.0,32.0,32768,2477.24,False,True,47.95,55.7,51.53,40.66,14.1,40.8,64.33,58.28,68.04,24.72,67.37,75.55,66.75,77.34,42.21,56.48,9.3.1,9.3.1,9.3.1,12.5.2,12.6.1,10.0.1,10.0.1,9.3.1,9.3.1
sarnikowski/convbert-medium-small-da-cased,2.29,999.0,24.0,29.0,512,13820.64,True,False,36.85,56.27,64.28,59.29,63.55,81.41,29.88,24.52,,,,,,,,,0.0.0,0.0.0,0.0.0,0.0.0,0.0.0,0.0.0,0.0.0,0.0.0,0.0.0
"birgermoell/Flashback-Bellman (few-shot, val)",2.3,2.41,7242.0,32.0,32768,2887.36,False,True,48.21,60.08,47.71,35.65,19.55,50.98,61.69,56.46,65.46,17.73,61.29,70.82,60.29,72.97,28.33,45.86,9.3.1,9.3.1,9.3.1,12.5.2,12.6.1,10.0.1,10.0.1,9.3.1,9.3.1
"AI-Sweden-Models/tyr (few-shot, val)",2.3,2.44,7242.0,32.0,32768,6079.2,False,True,50.6,65.49,47.01,36.47,13.73,52.15,61.63,56.35,66.82,22.26,57.53,67.77,67.04,78.12,22.16,40.9,12.3.2,12.5.2,12.3.2,12.3.2,12.3.2,12.3.2,12.3.2,12.3.2,12.3.2
Geotrend/bert-base-en-fr-de-no-da-cased,2.3,999.0,118.0,42.0,512,13972.84,True,False,34.78,55.59,63.38,59.2,41.08,69.77,44.89,40.32,,,,,,,,,0.0.0,0.0.0,0.0.0,0.0.0,0.0.0,0.0.0,0.0.0,0.0.0,0.0.0
timpal0l/Llama-3-8B-flashback-v1 (few-shot),2.32,2.93,8030.0,128.0,8192,4806.85,True,False,50.25,66.18,46.59,31.16,14.46,50.96,62.5,56.86,61.98,15.41,46.91,59.57,50.98,66.25,16.33,35.98,12.7.0,12.7.0,12.7.0,12.7.0,12.7.0,12.7.0,12.7.0,12.7.0,12.7.0
"merge-crew/da-sv-ties (few-shot, val)",2.32,2.64,7242.0,32.0,32768,2457.19,True,True,51.95,65.69,45.39,34.45,13.25,45.66,62.73,58.51,66.33,21.24,57.16,66.99,60.06,71.17,13.62,33.4,10.0.1,10.0.1,10.0.1,10.0.1,12.6.1,10.0.1,10.0.1,10.0.1,10.0.1
danish-foundation-models/encoder-medium-v1,2.34,999.0,111.0,32.0,512,16130.05,True,False,39.91,58.47,63.42,58.69,51.01,74.54,31.49,25.76,,,,,,,,,0.0.0,0.0.0,0.0.0,0.0.0,0.0.0,0.0.0,0.0.0,0.0.0,0.0.0
ibm-granite/granite-3.0-8b-base (few-shot),2.34,2.62,8171.0,49.0,4096,5116.13,True,False,47.16,64.63,44.58,33.5,19.2,53.44,63.32,58.41,65.64,21.12,32.05,47.54,47.42,65.02,28.73,46.04,13.0.0,13.0.0,13.0.0,13.0.0,13.0.0,13.0.0,13.0.0,13.0.0,13.0.0
neph1/bellman-7b-mistral-instruct-v0.2 (few-shot),2.34,2.91,7242.0,32.0,32768,2517.83,False,False,47.58,63.81,46.11,28.75,18.41,57.44,60.8,52.78,65.65,18.78,41.77,55.65,35.86,52.48,11.59,32.81,9.2.0,9.2.0,9.2.0,12.4.0,12.6.1,10.0.1,10.0.1,9.2.0,9.2.0
google-bert/bert-base-multilingual-uncased,2.35,999.0,167.0,106.0,512,13992.5,True,False,33.5,54.63,64.92,60.82,46.75,72.71,41.77,37.09,,,,,,,,,0.0.0,0.0.0,0.0.0,0.0.0,0.0.0,0.0.0,0.0.0,0.0.0,0.0.0
mistralai/Mistral-7B-Instruct-v0.2 (few-shot),2.36,2.67,7242.0,32.0,32737,633.64,False,False,48.09,65.4,44.89,29.13,19.06,58.77,60.81,51.56,66.84,21.21,51.6,63.5,35.85,52.62,22.21,40.78,9.2.0,9.2.0,9.3.1,12.4.0,12.6.1,10.0.1,10.0.1,9.3.2,12.9.0
AI-Sweden-Models/Llama-3-8B (few-shot),2.37,2.29,8030.0,128.0,8192,4140.98,True,False,46.48,55.2,36.72,27.73,26.1,59.19,64.11,58.0,67.23,23.15,82.84,87.01,75.27,83.44,14.55,33.99,12.10.5,12.10.5,12.10.5,12.10.5,12.10.5,12.10.5,12.10.5,12.10.5,12.10.5
microsoft/infoxlm-large,2.37,999.0,560.0,250.0,512,6696.2,True,False,37.94,55.77,74.42,69.54,15.26,48.92,50.1,44.25,,,,,,,,,0.0.0,0.0.0,0.0.0,0.0.0,0.0.0,0.0.0,0.0.0,0.0.0,0.0.0
"mlabonne/AlphaMonarch-7B (few-shot, val)",2.37,2.17,7242.0,32.0,8192,5340.04,False,True,49.11,64.78,52.72,39.49,16.09,54.94,56.13,46.28,66.62,21.03,60.03,70.04,59.83,72.27,40.4,55.04,12.5.2,12.5.2,12.5.2,12.5.2,12.6.1,12.5.2,12.5.2,12.5.2,12.5.2
"merge-crew/da-sv-dare-ties-density-0.6 (few-shot, val)",2.37,2.62,7242.0,32.0,32768,2514.54,True,True,49.59,63.45,46.03,34.23,12.72,46.56,61.58,57.03,65.24,19.37,59.88,69.41,59.51,71.02,16.86,34.77,10.0.1,10.0.1,10.0.1,10.0.1,12.6.1,10.0.1,10.0.1,10.0.1,10.0.1
NLPnorth/snakmodel-7b-instruct (few-shot),2.38,2.65,6738.0,32.0,4096,3027.58,False,False,50.46,64.72,35.82,29.62,18.6,52.87,64.68,58.57,66.71,21.52,64.57,71.2,57.45,71.64,9.33,29.66,13.2.0,13.2.0,13.2.0,13.2.0,13.2.0,13.2.0,13.2.0,13.2.0,13.2.0
timpal0l/njord-alpha (few-shot),2.4,2.28,7242.0,32.0,32768,5431.36,True,False,39.37,56.57,38.25,28.14,29.76,61.8,63.16,57.02,67.57,24.15,83.45,87.17,70.43,79.43,16.43,33.75,12.7.0,12.7.0,12.7.0,12.7.0,12.7.0,12.7.0,12.7.0,12.7.0,12.7.0
Geotrend/bert-base-en-no-cased,2.4,999.0,111.0,33.0,512,14080.79,True,False,33.91,54.87,62.66,58.6,40.96,69.68,44.63,39.93,,,,,,,,,0.0.0,0.0.0,0.0.0,0.0.0,0.0.0,0.0.0,0.0.0,0.0.0,0.0.0
"KennethEnevoldsen/munin_mistral-7b (few-shot, val)",2.41,2.25,7242.0,32.0,32768,2543.28,False,True,47.52,55.98,46.7,36.3,8.04,36.02,64.15,60.05,67.18,22.71,70.49,77.89,66.28,76.88,25.13,43.24,12.3.1,12.5.2,12.3.1,12.3.2,12.6.1,12.3.2,12.3.2,12.3.2,12.3.2
mistralai/Mistral-7B-v0.3 (few-shot),2.41,2.53,7248.0,33.0,32768,1364.05,True,False,45.92,61.91,43.6,32.17,15.43,46.2,64.43,59.13,66.33,22.03,53.81,64.81,61.06,73.89,20.64,39.21,12.10.4,12.10.4,12.10.4,12.10.4,12.10.5,12.10.4,12.10.4,12.10.4,14.0.3
timpal0l/Mistral-7B-v0.1-flashback-v2 (few-shot),2.41,2.73,7242.0,32.0,32768,5053.68,True,False,47.82,63.19,42.43,29.3,16.51,52.73,62.2,56.95,65.43,20.36,50.76,62.66,50.82,66.66,14.47,34.86,12.5.3,12.5.3,12.5.3,12.5.3,12.6.1,12.5.3,12.5.3,12.5.3,12.5.3
alpindale/Mistral-7B-v0.2-hf (few-shot),2.41,2.56,7242.0,32.0,32768,1841.12,True,False,45.86,61.89,43.65,32.21,15.19,46.19,64.43,59.14,66.3,21.99,53.67,64.67,54.52,68.59,20.51,39.1,12.5.1,12.5.2,12.5.1,12.5.1,12.6.1,12.5.1,12.5.1,12.5.1,12.5.2
meta-llama/Llama-2-13b-chat-hf (few-shot),2.42,2.67,13016.0,32.0,4096,2849.49,True,False,45.41,62.27,44.0,29.0,16.17,56.93,63.94,57.06,66.88,21.84,45.21,57.54,51.06,67.44,16.5,36.77,12.10.4,12.10.5,12.10.4,12.11.0,12.11.0,12.10.4,12.10.4,12.10.4,12.10.4
ibm-granite/granite-3.0-8b-instruct (few-shot),2.42,2.76,8171.0,49.0,4096,5090.05,True,False,49.31,66.02,44.92,32.65,10.14,44.99,63.24,57.34,66.02,20.91,33.71,49.7,43.55,62.5,21.34,39.77,13.0.0,13.0.0,13.0.0,13.0.0,13.0.0,13.0.0,13.0.0,13.0.0,13.0.0
CohereForAI/aya-23-8B (few-shot),2.42,2.73,8028.0,256.0,8192,5607.73,False,False,47.16,63.47,47.08,32.34,8.41,37.31,63.96,58.83,65.03,20.21,36.64,49.92,39.24,59.45,27.29,45.01,13.0.0,13.0.0,13.0.0,13.0.0,13.0.0,13.0.0,13.0.0,13.0.0,13.0.0
ThatsGroes/munin-SkoleGPTOpenOrca-7b-16bit (few-shot),2.43,2.17,7242.0,32.0,32768,3005.72,False,False,39.63,46.93,45.37,28.99,21.77,47.96,64.76,58.28,67.91,24.44,78.71,83.82,63.74,74.88,28.58,45.97,11.0.0,11.0.0,11.0.0,12.4.0,12.6.1,10.0.1,10.0.1,11.0.0,11.0.0
AI-Nordics/bert-large-swedish-cased,2.43,999.0,335.0,31.0,512,7199.47,True,False,38.46,58.16,60.66,56.95,32.29,63.74,43.21,37.68,,,,,,,,,0.0.0,0.0.0,0.0.0,0.0.0,0.0.0,0.0.0,0.0.0,0.0.0,0.0.0
ZurichNLP/unsup-simcse-xlm-roberta-base,2.44,999.0,278.0,250.0,512,34520.24,True,False,45.07,63.33,65.1,61.96,26.83,60.41,35.05,29.92,,,,,,,,,12.6.1,12.6.1,12.6.1,0.0.0,0.0.0,0.0.0,0.0.0,0.0.0,12.7.0
KBLab/megatron-bert-large-swedish-cased-165k,2.45,999.0,370.0,64.0,512,7137.91,True,False,41.02,60.13,58.5,55.82,27.1,61.03,45.72,39.99,,,,,,,,,0.0.0,0.0.0,0.0.0,0.0.0,0.0.0,0.0.0,0.0.0,0.0.0,0.0.0
sentence-transformers/paraphrase-xlm-r-multilingual-v1,2.46,999.0,278.0,250.0,512,20154.46,True,False,46.39,63.97,61.17,58.41,38.61,67.08,25.77,19.9,,,,,,,,,0.0.0,0.0.0,0.0.0,0.0.0,0.0.0,0.0.0,0.0.0,0.0.0,12.8.0
KBLab/megatron-bert-large-swedish-cased-110k,2.46,999.0,370.0,64.0,512,7074.64,True,False,39.2,59.33,60.18,57.15,26.68,59.41,44.87,39.34,,,,,,,,,0.0.0,0.0.0,0.0.0,0.0.0,0.0.0,0.0.0,0.0.0,0.0.0,0.0.0
Geotrend/bert-base-en-da-cased,2.47,999.0,111.0,33.0,512,14061.58,True,False,33.67,54.48,62.57,59.39,35.79,65.87,43.26,38.77,,,,,,,,,0.0.0,0.0.0,0.0.0,0.0.0,0.0.0,0.0.0,0.0.0,0.0.0,0.0.0
bineric/NorskGPT-Llama3-8b (few-shot),2.48,2.12,8030.0,128.0,8190,3694.76,False,False,42.13,45.91,51.4,37.7,3.91,34.38,66.28,57.81,66.7,21.56,65.15,73.55,57.36,70.88,44.55,57.29,12.7.0,12.7.0,12.7.0,12.7.0,12.7.0,12.7.0,12.7.0,12.7.0,12.7.0
sentence-transformers/paraphrase-multilingual-mpnet-base-v2,2.48,999.0,278.0,250.0,512,15099.94,True,False,49.13,65.84,61.18,57.94,29.66,63.05,26.42,19.99,,,,,,,,,0.0.0,0.0.0,0.0.0,0.0.0,0.0.0,0.0.0,0.0.0,0.0.0,0.0.0
Mabeck/Heidrun-Mistral-7B-base (few-shot),2.48,2.46,7242.0,32.0,32768,3822.53,True,False,39.38,49.16,40.14,28.08,21.85,53.75,63.63,58.07,67.06,23.6,60.78,69.96,61.29,73.5,16.26,35.7,11.0.0,11.0.0,11.0.0,11.0.0,12.6.1,11.0.0,11.0.0,11.0.0,11.0.0
danish-foundation-models/munin-7b-v0.1dev0 (few-shot),2.49,2.06,7242.0,32.0,8192,6112.86,True,False,36.47,50.72,39.12,28.74,26.76,57.02,64.41,58.75,67.89,24.67,91.32,93.45,79.92,85.82,24.76,42.17,12.4.0,12.5.2,12.4.0,12.4.0,12.4.0,12.4.0,12.4.0,12.4.0,12.5.0
"birgermoell/Munin-NeuralBeagle-NorskGPT (few-shot, val)",2.49,1.97,7242.0,32.0,32768,2902.56,False,True,44.02,47.74,51.85,40.02,1.22,34.29,64.09,57.69,67.69,23.9,68.45,76.37,65.51,76.56,42.09,56.33,9.3.1,9.3.1,9.3.1,12.5.2,12.6.1,10.0.1,10.0.1,9.3.1,9.3.1
"birgermoell/WestLake-Munin-Cat-NorskGPT (few-shot, val)",2.49,1.97,7242.0,32.0,32768,2856.11,False,True,44.02,47.74,51.85,40.02,1.22,34.29,64.09,57.69,67.69,23.88,68.45,76.37,65.51,76.56,42.09,56.33,9.3.1,9.3.1,9.3.1,12.5.2,12.6.1,10.0.1,10.0.1,9.3.1,9.3.1
RuterNorway/Llama-2-13b-chat-norwegian (few-shot),2.5,2.59,,32.0,4094,3254.47,False,False,43.4,57.24,43.17,31.37,11.08,43.4,63.1,56.81,67.46,22.85,52.94,64.04,41.65,59.92,17.57,37.68,9.3.1,9.3.1,9.3.1,9.3.1,9.3.1,11.0.0,11.0.0,9.3.1,12.9.0
danish-foundation-models/munin-7b-alpha (few-shot),2.5,2.21,7242.0,32.0,32768,6116.08,True,False,36.89,43.77,40.6,28.71,26.41,53.03,63.44,57.81,67.27,23.82,77.63,83.01,67.83,77.91,25.16,42.68,12.4.0,12.5.2,12.4.0,12.4.0,12.6.1,12.4.0,12.4.0,12.4.0,12.4.0
microsoft/xlm-align-base,2.5,999.0,278.0,250.0,512,14744.17,True,False,47.83,65.49,70.36,65.91,11.87,48.82,35.11,29.87,,,,,,,,,0.0.0,0.0.0,0.0.0,0.0.0,0.0.0,0.0.0,0.0.0,0.0.0,0.0.0
mistralai/Mistral-7B-v0.1 (few-shot),2.5,2.56,7242.0,32.0,32768,2657.24,True,False,43.16,54.53,45.42,32.66,8.79,38.38,64.55,59.43,66.47,22.11,53.26,64.5,58.26,71.56,18.53,37.79,0.0.0,0.0.0,0.0.0,12.5.1,12.6.1,10.0.1,10.0.1,9.1.2,9.1.2
google/gemma-7b (few-shot),2.51,2.32,8538.0,256.0,8190,1377.83,True,False,46.55,59.52,19.59,15.47,32.64,63.84,64.81,59.4,66.63,22.82,74.32,80.31,65.58,76.41,24.74,39.03,12.9.1,12.9.1,12.9.1,12.9.1,12.9.1,12.9.1,12.9.1,12.9.1,12.10.0
Twitter/twhin-bert-base,2.52,999.0,279.0,250.0,512,11513.72,True,False,42.17,61.25,60.01,56.13,29.43,62.08,34.82,29.79,,,,,,,,,0.0.0,12.6.1,0.0.0,0.0.0,0.0.0,0.0.0,0.0.0,0.0.0,0.0.0
Geotrend/bert-base-25lang-cased,2.52,999.0,151.0,85.0,512,13908.28,True,False,32.88,53.56,62.53,58.99,29.01,61.89,44.11,39.51,,,,,,,,,0.0.0,0.0.0,0.0.0,0.0.0,0.0.0,0.0.0,0.0.0,0.0.0,0.0.0
flax-community/nordic-roberta-wiki,2.53,999.0,125.0,50.0,512,16226.52,True,False,34.45,55.56,60.82,57.64,41.89,70.04,31.55,26.83,,,,,,,,,0.0.0,0.0.0,0.0.0,0.0.0,0.0.0,0.0.0,0.0.0,0.0.0,0.0.0
sarnikowski/electra-small-discriminator-da-256-cased,2.53,999.0,13.0,29.0,512,20339.7,True,False,24.38,40.85,60.63,56.9,68.58,84.12,27.53,21.03,,,,,,,,,0.0.0,0.0.0,0.0.0,0.0.0,0.0.0,0.0.0,0.0.0,0.0.0,0.0.0
mhenrichsen/hestenettetLM (few-shot),2.54,2.56,7242.0,32.0,32768,5159.7,True,False,42.61,53.47,44.9,31.91,8.65,38.18,64.7,59.62,66.48,22.13,52.83,64.27,57.96,71.31,18.11,37.65,12.3.2,12.5.2,12.3.2,12.3.2,12.6.1,12.3.2,12.3.2,12.3.2,12.3.2
Geotrend/bert-base-da-cased,2.54,999.0,104.0,23.0,512,15432.35,True,False,32.06,52.57,62.76,58.88,30.95,63.72,42.36,37.79,,,,,,,,,0.0.0,0.0.0,0.0.0,0.0.0,0.0.0,0.0.0,0.0.0,0.0.0,0.0.0
microsoft/infoxlm-base,2.54,999.0,278.0,250.0,512,34735.22,True,False,46.78,64.46,69.78,65.83,11.27,51.47,33.33,28.28,,,,,,,,,0.0.0,0.0.0,0.0.0,0.0.0,0.0.0,0.0.0,0.0.0,0.0.0,12.7.0
clips/mfaq,2.55,999.0,278.0,250.0,128,5591.18,True,False,45.6,63.53,68.49,64.72,28.26,55.28,18.6,14.34,,,,,,,,,0.0.0,0.0.0,0.0.0,0.0.0,0.0.0,0.0.0,0.0.0,0.0.0,0.0.0
google-bert/bert-base-multilingual-cased,2.56,999.0,178.0,120.0,512,14083.03,True,False,32.38,53.3,63.17,59.45,27.93,61.91,44.06,39.57,,,,,,,,,0.0.0,0.0.0,0.0.0,0.0.0,0.0.0,0.0.0,0.0.0,0.0.0,0.0.0
jhu-clsp/bernice,2.57,999.0,278.0,250.0,128,5566.94,True,False,47.2,64.51,61.98,58.3,40.52,67.99,15.93,13.53,,,,,,,,,0.0.0,0.0.0,0.0.0,0.0.0,0.0.0,0.0.0,0.0.0,0.0.0,0.0.0
tollefj/nordavind-7b-instruct-warm (few-shot),2.57,3.4,7248.0,33.0,2048,6450.44,False,False,49.44,66.0,38.39,24.87,7.5,47.53,57.72,51.24,66.09,22.03,3.53,24.18,12.86,40.23,1.29,25.61,12.3.2,12.5.2,12.3.2,12.4.0,12.6.1,12.3.2,12.3.2,12.3.2,12.3.2
sarnikowski/convbert-small-da-cased,2.57,999.0,13.0,29.0,512,14273.42,True,False,29.52,47.81,60.59,57.31,57.1,78.14,25.69,20.16,,,,,,,,,0.0.0,0.0.0,0.0.0,0.0.0,0.0.0,0.0.0,0.0.0,0.0.0,0.0.0
meta-llama/Llama-3.2-3B-Instruct (few-shot),2.58,2.7,3213.0,128.0,131073,10423.76,False,False,42.77,54.7,41.12,32.5,11.52,49.37,60.18,51.14,65.19,18.34,49.78,62.29,45.88,63.96,21.89,41.16,13.0.0,13.0.0,13.0.0,13.0.0,13.0.0,13.0.0,13.0.0,13.0.0,13.0.0
mistralai/Mistral-7B-Instruct-v0.1 (few-shot),2.6,2.84,7242.0,32.0,32766,633.64,False,False,44.49,60.64,37.93,23.54,14.09,42.43,58.78,51.38,65.8,19.91,45.07,58.18,35.36,55.82,14.85,35.26,9.3.1,9.3.1,9.3.1,12.4.0,12.6.1,10.0.1,10.0.1,9.3.1,12.9.0
bineric/NorskGPT-Llama-13B-v0.1 (few-shot),2.6,2.48,13016.0,32.0,4096,2856.44,False,False,44.28,55.59,44.17,31.63,3.11,34.35,63.25,55.59,66.63,21.44,59.51,69.11,50.89,67.29,25.32,43.22,12.10.4,12.10.4,12.10.4,12.10.4,12.10.4,12.10.4,12.10.4,12.10.4,12.10.4
jonfd/electra-small-nordic,2.6,999.0,22.0,96.0,128,5989.23,True,False,34.43,51.9,65.4,60.53,67.27,83.37,7.09,6.6,,,,,,,,,0.0.0,0.0.0,0.0.0,0.0.0,0.0.0,0.0.0,0.0.0,0.0.0,0.0.0
DDSC/roberta-base-danish,2.6,999.0,125.0,50.0,512,15003.66,True,False,43.9,62.31,63.84,59.85,17.16,56.47,31.5,26.94,,,,,,,,,0.0.0,0.0.0,0.0.0,0.0.0,0.0.0,0.0.0,0.0.0,0.0.0,0.0.0
google/gemma-2-2b-it (few-shot),2.6,2.43,2614.0,256.0,8193,5373.87,True,False,47.11,63.36,28.22,19.95,19.99,58.86,58.49,48.0,66.73,21.91,52.85,63.72,52.74,68.55,29.94,47.03,13.0.0,13.0.0,13.0.0,13.0.0,13.0.0,13.0.0,13.0.0,13.0.0,13.0.0
jjzha/dajobbert-base-uncased,2.6,999.0,110.0,32.0,512,16243.43,True,False,39.65,59.23,60.78,55.74,37.67,65.47,22.46,15.41,,,,,,,,,0.0.0,0.0.0,0.0.0,0.0.0,0.0.0,0.0.0,0.0.0,0.0.0,0.0.0
KB/bert-base-swedish-cased,2.62,999.0,125.0,50.0,512,16181.26,True,False,33.28,54.37,61.74,58.09,33.15,64.69,33.03,28.67,,,,,,,,,0.0.0,0.0.0,0.0.0,0.0.0,0.0.0,0.0.0,0.0.0,0.0.0,0.0.0
KBLab/bert-base-swedish-cased,2.62,999.0,125.0,50.0,512,16164.04,True,False,33.31,54.09,61.74,58.09,33.35,64.61,33.03,28.67,,,,,,,,,0.0.0,0.0.0,0.0.0,0.0.0,0.0.0,0.0.0,0.0.0,0.0.0,0.0.0
bineric/NorskGPT-Llama-7B-v0.1 (few-shot),2.63,2.72,6738.0,32.0,4096,5384.08,False,False,47.73,60.64,41.63,28.51,0.0,33.41,61.7,54.25,66.02,19.78,47.16,59.6,38.28,58.13,22.27,41.07,12.3.2,12.5.2,12.3.2,12.3.2,12.6.1,12.3.2,12.3.2,12.3.2,12.3.2
meta-llama/Llama-2-7b-chat-hf (few-shot),2.63,2.95,6738.0,32.0,4096,2643.05,False,False,44.88,62.35,35.44,24.63,9.74,47.42,61.34,55.04,66.15,19.69,32.17,46.67,35.74,55.18,11.32,32.24,9.3.1,9.3.1,9.3.1,12.4.0,12.6.1,10.0.1,10.0.1,9.3.1,9.3.1
bineric/NorskGPT-Mistral-7b (few-shot),2.63,2.13,7242.0,32.0,32768,2442.87,False,False,40.41,44.17,50.76,32.89,0.0,33.41,63.8,57.26,66.89,21.43,64.32,73.0,53.18,67.48,43.42,57.5,9.3.1,9.3.1,9.3.1,12.5.1,12.6.1,10.0.1,10.0.1,9.3.1,9.3.1
ibm-granite/granite-3.0-2b-instruct (few-shot),2.63,3.23,2634.0,49.0,4097,10193.87,True,False,41.86,61.22,41.79,32.67,11.86,50.92,59.28,51.97,64.86,19.26,29.55,46.85,26.2,51.29,3.64,27.01,13.0.0,13.0.0,13.0.0,13.0.0,13.0.0,13.0.0,13.0.0,13.0.0,13.0.0
sentence-transformers/stsb-xlm-r-multilingual,2.64,999.0,278.0,250.0,512,15039.9,True,False,42.26,61.41,58.52,55.04,34.8,64.51,25.68,19.6,,,,,,,,,0.0.0,0.0.0,0.0.0,0.0.0,0.0.0,0.0.0,0.0.0,0.0.0,0.0.0
KBLab/megatron-bert-base-swedish-cased-600k,2.65,999.0,135.0,64.0,512,15725.82,True,False,39.4,59.02,57.97,54.71,23.5,59.54,36.99,31.87,,,,,,,,,0.0.0,0.0.0,0.0.0,0.0.0,0.0.0,0.0.0,0.0.0,0.0.0,0.0.0
norallm/normistral-7b-warm-instruct (few-shot),2.65,3.34,7248.0,33.0,2048,6193.5,True,False,47.48,63.93,39.83,25.99,4.55,42.91,57.45,49.23,66.17,21.29,10.83,28.99,14.66,41.21,2.71,26.1,12.6.1,12.6.1,12.6.1,12.6.1,12.6.1,12.6.1,12.6.1,12.6.1,12.6.1
emillykkejensen/Phi-3-mini-4k-instruct-dansk (few-shot),2.66,2.96,3821.0,32.0,4096,1360.1,False,False,44.93,62.99,39.96,25.49,4.01,45.8,60.67,55.01,65.29,20.29,35.28,51.43,41.62,60.84,11.81,33.65,12.10.4,12.10.4,12.10.4,12.10.4,12.10.4,12.10.4,12.10.4,12.10.4,12.10.4
LumiOpen/Viking-33B@1000B (few-shot),2.67,3.63,33119.0,131.0,4097,2079.9,True,False,45.05,62.23,34.22,22.52,9.4,44.83,60.33,54.92,62.78,15.36,0.43,24.15,4.81,36.58,1.77,26.0,12.9.0,12.9.0,12.9.0,12.9.0,12.9.0,12.9.0,12.9.0,12.9.0,12.9.0
TrustLLMeu/baseline-7-8b_1t-tokens_llama (few-shot),2.68,3.44,7800.0,100.0,4096,6196.57,True,False,45.67,58.41,34.25,30.39,10.62,53.2,56.92,50.77,65.67,19.97,2.31,24.65,10.57,40.33,0.64,25.4,13.0.0,13.0.0,13.0.0,13.0.0,13.0.0,13.0.0,13.0.0,13.0.0,13.0.0
Twitter/twhin-bert-large,2.68,999.0,562.0,250.0,512,9706.97,True,False,39.36,58.64,66.39,62.24,7.06,49.71,38.42,33.88,,,,,,,,,0.0.0,0.0.0,0.0.0,0.0.0,0.0.0,0.0.0,0.0.0,0.0.0,12.7.0
Geotrend/distilbert-base-en-da-cased,2.68,999.0,69.0,33.0,512,26196.27,True,False,31.89,53.99,59.5,56.28,36.0,67.38,33.19,28.41,,,,,,,,,0.0.0,0.0.0,0.0.0,0.0.0,0.0.0,0.0.0,0.0.0,0.0.0,0.0.0
Geotrend/distilbert-base-en-fr-de-no-da-cased,2.68,999.0,76.0,42.0,512,26081.06,True,False,31.3,52.43,58.78,55.5,34.92,66.69,32.53,27.86,,,,,,,,,0.0.0,0.0.0,0.0.0,0.0.0,0.0.0,0.0.0,0.0.0,0.0.0,0.0.0
ibm-granite/granite-8b-code-base (few-shot),2.68,3.19,8055.0,49.0,4096,1002.12,True,False,39.16,56.83,48.55,37.15,10.43,46.99,56.75,51.28,63.95,17.51,33.33,49.48,17.65,45.43,8.97,31.39,12.10.5,12.10.5,12.10.5,12.10.5,12.10.5,12.10.5,12.10.5,12.10.5,12.10.5
ibm-granite/granite-8b-code-base-4k (few-shot),2.68,3.19,8055.0,49.0,4096,2312.61,True,False,39.07,56.85,48.44,36.99,9.72,46.85,56.54,51.18,63.93,17.49,33.11,49.31,18.96,46.29,9.03,31.42,13.0.0,13.0.0,13.0.0,13.0.0,13.0.0,13.0.0,13.0.0,13.0.0,13.0.0
occiglot/occiglot-7b-eu5-instruct (few-shot),2.68,2.72,7242.0,32.0,32768,2087.8,False,False,42.31,59.29,40.19,29.73,1.14,33.83,63.95,57.89,66.68,22.38,44.3,57.0,48.76,65.51,15.44,35.82,12.2.0,12.5.2,12.3.1,12.4.0,12.6.1,12.3.1,12.3.1,12.3.1,12.3.1
DDSC/roberta-base-scandinavian,2.69,999.0,125.0,50.0,512,14490.87,True,False,44.48,62.62,43.9,41.25,30.37,63.92,33.71,28.89,,,,,,,,,0.0.0,0.0.0,0.0.0,0.0.0,0.0.0,0.0.0,0.0.0,0.0.0,0.0.0
meta-llama/Llama-3.2-3B (few-shot),2.69,2.97,3213.0,128.0,131073,3713.14,True,False,38.9,44.34,41.13,27.15,9.6,44.34,62.25,56.85,63.35,15.11,45.46,57.79,46.77,64.61,12.19,33.27,13.0.0,13.0.0,13.0.0,13.0.0,13.0.0,13.0.0,13.0.0,13.0.0,13.0.0
sentence-transformers/paraphrase-multilingual-MiniLM-L12-v2,2.69,999.0,118.0,250.0,512,29200.68,True,False,44.48,63.11,56.75,53.43,26.74,62.19,25.53,17.89,,,,,,,,,0.0.0,0.0.0,0.0.0,0.0.0,0.0.0,0.0.0,0.0.0,0.0.0,12.8.0
Qwen/Qwen1.5-4B-Chat (few-shot),2.7,3.05,3950.0,152.0,32768,4347.23,False,False,42.04,60.76,35.96,28.58,8.65,49.56,59.73,53.68,63.22,16.73,37.79,52.64,29.62,52.29,16.87,37.41,10.0.1,12.5.2,12.1.0,12.5.2,12.6.1,12.1.0,12.1.0,12.1.0,9.3.2
ibm-granite/granite-8b-code-instruct-4k (few-shot),2.7,3.32,8055.0,49.0,4096,5616.81,True,False,37.11,56.47,45.9,33.0,11.7,50.31,55.71,50.11,63.86,18.38,32.44,46.63,7.46,39.41,5.62,28.71,13.0.0,13.0.0,13.0.0,13.0.0,13.0.0,13.0.0,13.0.0,13.0.0,13.0.0
AI-Sweden-Models/gpt-sw3-40b (few-shot),2.71,3.04,39927.0,64.0,1793,408.99,True,False,47.81,64.26,26.57,17.35,11.13,51.34,60.13,53.78,66.21,21.48,33.48,46.04,29.86,49.82,6.67,29.53,12.9.0,12.9.0,12.9.0,12.9.0,12.9.0,12.9.1,12.9.1,12.9.1,12.9.1
distilbert/distilbert-base-multilingual-cased,2.71,999.0,135.0,120.0,512,26354.74,True,False,32.53,54.09,58.12,54.97,35.53,66.86,32.96,28.19,,,,,,,,,0.0.0,0.0.0,0.0.0,0.0.0,0.0.0,0.0.0,0.0.0,0.0.0,0.0.0
Geotrend/distilbert-base-25lang-cased,2.71,999.0,109.0,85.0,512,26098.8,True,False,31.81,53.25,58.44,55.32,34.13,65.98,32.18,27.6,,,,,,,,,0.0.0,0.0.0,0.0.0,0.0.0,0.0.0,0.0.0,0.0.0,0.0.0,0.0.0
Geotrend/distilbert-base-da-cased,2.71,999.0,61.0,23.0,512,28949.94,True,False,32.13,53.89,58.36,55.3,34.75,65.89,32.16,27.5,,,,,,,,,0.0.0,0.0.0,0.0.0,0.0.0,0.0.0,0.0.0,0.0.0,0.0.0,0.0.0
Geotrend/distilbert-base-en-no-cased,2.71,999.0,69.0,33.0,512,26597.05,True,False,32.95,54.57,57.53,54.43,33.63,65.69,32.05,27.21,,,,,,,,,0.0.0,0.0.0,0.0.0,0.0.0,0.0.0,0.0.0,0.0.0,0.0.0,0.0.0
microsoft/Phi-3-mini-4k-instruct (few-shot),2.72,2.97,3821.0,32.0,4096,5224.17,True,False,42.6,61.52,41.37,24.64,6.52,45.01,57.75,50.57,64.55,19.26,38.64,53.92,42.12,61.23,13.66,35.16,12.10.5,12.10.5,12.10.5,12.10.5,12.10.5,12.10.5,12.10.5,12.10.5,12.10.5
Maltehb/aelaectra-danish-electra-small-uncased,2.72,999.0,14.0,32.0,128,5995.22,True,False,34.45,51.4,62.52,57.14,65.15,82.32,2.75,2.51,,,,,,,,,0.0.0,0.0.0,0.0.0,0.0.0,0.0.0,0.0.0,0.0.0,0.0.0,0.0.0
occiglot/occiglot-7b-eu5 (few-shot),2.72,2.83,7242.0,32.0,32768,2219.46,True,False,44.62,62.62,37.93,29.5,0.28,33.48,62.89,58.05,66.05,21.82,38.54,53.57,45.89,63.14,12.38,33.54,12.1.0,12.5.2,12.1.0,12.1.0,12.6.1,12.1.0,12.1.0,12.2.0,12.2.0
Maltehb/aelaectra-danish-electra-small-cased,2.73,999.0,14.0,32.0,128,4592.9,True,False,32.72,49.84,63.31,58.18,67.74,83.32,0.0,0.0,,,,,,,,,0.0.0,0.0.0,0.0.0,0.0.0,0.0.0,0.0.0,0.0.0,0.0.0,12.4.0
timpal0l/Mistral-7B-v0.1-flashback-v2-instruct (few-shot),2.74,2.93,7242.0,32.0,32768,5172.48,False,False,40.65,57.47,37.02,27.64,7.48,46.56,59.07,52.71,64.46,14.29,47.26,60.38,49.54,66.15,9.02,30.79,12.3.2,12.5.2,12.3.2,12.4.0,12.6.1,12.3.2,12.3.2,12.3.2,12.3.2
"merge-crew/da-sv-dare-ties-density-0.3 (few-shot, val)",2.74,3.06,7242.0,32.0,32768,2460.88,True,True,48.49,63.06,30.16,25.03,5.52,38.81,57.22,52.44,64.24,18.43,43.57,56.56,35.6,50.86,6.76,28.91,10.0.1,10.0.1,10.0.1,10.0.1,12.6.1,10.0.1,10.0.1,10.0.1,10.0.1
NorwAI/NorwAI-Mistral-7B (few-shot),2.76,2.9,7537.0,68.0,4065,3034.67,True,False,48.39,64.51,21.47,16.98,12.46,52.33,58.49,52.51,66.53,21.82,36.65,48.7,49.97,65.62,5.64,28.33,12.10.5,12.10.5,12.10.5,12.10.5,12.10.5,12.10.5,12.10.5,12.10.5,12.10.5
meta-llama/Llama-2-7b-hf (few-shot),2.76,3.11,6738.0,32.0,3841,930.05,True,False,43.91,61.54,31.77,22.31,0.31,33.43,63.54,58.44,65.5,19.96,20.18,38.69,35.69,57.05,7.93,29.76,9.2.0,9.2.0,9.2.0,12.5.1,12.6.1,10.0.1,10.0.1,9.2.0,12.9.0
meta-llama/Llama-2-13b-hf (few-shot),2.76,2.67,13016.0,32.0,4096,2898.43,True,False,23.01,36.55,41.28,31.98,23.5,58.11,65.52,60.29,66.28,21.69,50.3,61.85,56.24,70.27,15.43,35.31,12.10.4,12.10.5,12.10.4,12.10.5,12.10.5,12.10.4,12.10.4,12.10.4,12.10.4
LumiOpen/Viking-13B (few-shot),2.77,3.64,14030.0,131.0,4097,839.52,True,False,48.71,60.9,28.6,20.29,2.3,37.21,58.96,53.85,64.05,16.99,0.55,24.15,0.0,35.66,0.36,25.24,12.10.5,12.10.5,12.10.5,12.10.5,12.10.5,12.10.5,12.10.5,12.10.5,12.10.5
KBLab/megatron-bert-base-swedish-cased-125k,2.77,999.0,135.0,64.0,512,15762.86,True,False,36.31,57.37,53.93,52.04,23.46,58.91,34.34,27.85,,,,,,,,,0.0.0,0.0.0,0.0.0,0.0.0,0.0.0,0.0.0,0.0.0,0.0.0,0.0.0
neuralmagic/Sparse-Llama-3.1-8B-2of4 (few-shot),2.81,2.74,8030.0,128.0,131072,2840.83,True,False,37.08,54.37,27.6,25.68,10.84,49.05,63.61,58.67,63.45,17.77,38.31,53.54,46.65,63.48,28.92,44.79,13.2.0,13.2.0,13.2.0,13.2.0,13.2.0,13.2.0,13.2.0,13.2.0,13.2.0
norallm/normistral-7b-warm (few-shot),2.82,3.54,7248.0,33.0,2048,3174.78,True,False,40.51,55.84,37.8,24.74,3.35,44.6,55.58,49.08,65.81,21.55,-0.9,23.1,3.61,35.1,0.4,25.12,11.0.0,11.0.0,11.0.0,11.0.0,12.6.1,11.0.0,11.0.0,11.0.0,11.0.0
Qwen/Qwen1.5-4B (few-shot),2.83,3.08,3950.0,152.0,32768,3247.86,True,False,39.62,56.09,32.28,23.24,5.38,36.31,60.63,54.16,62.74,16.48,37.49,51.62,29.21,52.4,15.58,36.33,10.0.1,12.5.2,12.1.0,12.1.0,12.6.1,12.1.0,12.1.0,12.1.0,12.1.0
flax-community/swe-roberta-wiki-oscar,2.84,999.0,125.0,50.0,512,15436.87,True,False,36.66,57.48,55.98,52.41,22.69,59.46,29.08,24.81,,,,,,,,,0.0.0,0.0.0,0.0.0,0.0.0,0.0.0,0.0.0,0.0.0,0.0.0,0.0.0
NorwAI/NorwAI-Llama2-7B (few-shot),2.84,3.19,7033.0,68.0,4096,4437.75,True,False,45.89,63.12,16.72,15.96,11.25,51.88,59.3,53.17,66.51,22.13,14.84,33.02,27.95,48.55,2.41,26.59,12.10.5,12.10.5,12.10.5,12.10.5,12.10.5,12.10.5,12.10.5,12.10.5,12.10.5
google/gemma-7b-it (few-shot),2.87,2.9,8538.0,256.0,8192,1792.03,False,False,29.21,52.86,43.83,34.03,12.96,55.83,56.52,49.76,65.36,19.65,41.3,54.09,31.26,52.68,15.02,34.38,12.7.0,12.7.0,12.7.0,12.7.0,12.7.0,12.7.0,12.7.0,12.7.0,12.7.0
mideind/IceBERT-xlmr-ic3,2.88,999.0,278.0,250.0,512,11004.24,True,False,37.47,56.94,58.49,56.15,6.71,45.62,35.52,30.6,,,,,,,,,12.7.0,12.7.0,12.7.0,12.7.0,0.0.0,0.0.0,0.0.0,0.0.0,0.0.0
HPLT/gpt-33b-nordic-prerelease (few-shot),2.9,3.75,33119.0,131.0,4097,501.12,True,False,44.7,60.56,25.35,17.77,1.43,34.16,58.32,52.29,62.23,14.6,-1.01,23.28,1.33,33.83,-0.19,25.04,12.9.1,12.9.1,12.10.0,12.10.0,12.10.0,12.10.0,12.10.0,12.10.0,12.10.0
ibm-granite/granite-3b-code-base-2k (few-shot),2.93,3.43,3483.0,49.0,2048,2731.51,True,False,35.47,52.7,38.62,27.71,5.07,43.91,50.96,45.21,62.5,15.45,13.46,33.24,15.31,43.65,6.0,29.24,13.0.0,13.0.0,13.0.0,13.0.0,13.0.0,13.0.0,13.0.0,13.0.0,13.0.0
stabilityai/stablelm-2-1_6b (few-shot),2.97,3.75,1645.0,100.0,4096,7258.53,True,False,39.09,45.25,28.45,22.9,1.43,37.98,57.34,51.67,57.67,11.58,11.94,32.3,18.18,45.98,2.67,26.59,12.10.8,12.10.8,12.10.8,12.10.8,12.10.8,12.10.8,12.10.8,12.10.8,12.10.8
AI-Sweden-Models/gpt-sw3-20b (few-shot),2.98,3.38,20918.0,64.0,2046,1875.24,True,False,30.23,41.05,27.41,19.03,11.34,46.62,59.56,52.8,64.47,18.39,11.04,29.26,22.71,46.5,3.03,26.49,12.10.0,9.3.1,9.3.1,9.3.1,9.3.1,12.9.0,12.9.0,9.3.1,12.9.0
KBLab/bert-base-swedish-cased-new,2.98,999.0,135.0,64.0,512,15932.9,True,False,38.46,58.57,59.37,57.15,4.61,49.7,28.47,23.13,,,,,,,,,0.0.0,0.0.0,0.0.0,0.0.0,0.0.0,0.0.0,0.0.0,0.0.0,0.0.0
meta-llama/Llama-3.2-1B-Instruct (few-shot),2.98,3.5,1236.0,128.0,131073,7435.78,False,False,36.94,49.24,35.45,30.39,1.12,44.63,53.34,44.61,61.33,15.38,27.14,43.89,18.57,46.35,3.16,26.86,13.0.0,13.0.0,13.0.0,13.0.0,13.0.0,13.0.0,13.0.0,13.0.0,13.0.0
ltg/norbert3-xs,2.98,999.0,15.0,50.0,512,14208.46,True,False,39.16,58.91,59.94,58.86,2.16,48.93,28.57,24.69,,,,,,,,,0.0.0,0.0.0,0.0.0,0.0.0,0.0.0,0.0.0,0.0.0,0.0.0,0.0.0
HPLT/gpt-13b-nordic-prerelease (few-shot),3.0,3.67,14030.0,131.0,4097,3519.54,True,False,37.19,53.63,28.72,20.53,2.96,46.67,54.83,49.53,61.62,14.33,1.17,24.76,11.38,38.52,-0.16,25.19,12.6.1,12.6.1,12.6.1,12.6.1,12.6.1,12.6.1,12.6.1,12.6.1,12.6.1
ibm-granite/granite-3.0-3b-a800m-instruct (few-shot),3.0,3.35,3374.0,49.0,4096,10246.27,True,False,31.44,48.96,37.37,26.81,5.27,40.63,55.05,48.41,63.82,18.09,18.25,38.38,19.54,46.35,2.64,26.88,13.0.0,13.0.0,13.0.0,13.0.0,13.0.0,13.0.0,13.0.0,13.0.0,13.0.0
allenai/OLMo-1.7-7B-hf (few-shot),3.01,3.3,6888.0,50.0,4096,3371.43,True,False,31.57,46.48,33.8,25.32,2.76,44.96,59.5,54.2,64.19,17.67,17.75,35.7,28.24,52.5,4.5,27.33,12.10.4,12.10.5,12.10.4,12.10.5,12.10.5,12.10.4,12.10.4,12.10.4,12.10.4
ibm-granite/granite-3.0-2b-base (few-shot),3.02,3.17,2534.0,49.0,4097,10186.88,True,False,29.5,42.61,32.34,24.48,3.89,37.29,59.15,53.67,64.48,19.25,24.4,42.44,31.93,54.43,10.0,32.31,13.0.0,13.0.0,13.0.0,13.0.0,13.0.0,13.0.0,13.0.0,13.0.0,13.0.0
ibm-granite/granite-3b-code-instruct-2k (few-shot),3.03,3.63,3483.0,49.0,2048,9058.91,True,False,31.54,50.61,37.21,27.74,6.3,49.09,51.51,44.86,61.56,13.64,17.92,37.22,10.79,40.86,1.7,26.14,13.0.0,13.0.0,13.0.0,13.0.0,13.0.0,13.0.0,13.0.0,13.0.0,13.0.0
LumiOpen/Viking-7B (few-shot),3.03,3.74,7550.0,131.0,4096,4968.72,True,False,38.74,49.48,23.98,17.18,1.04,33.67,56.29,50.17,61.96,13.71,-0.06,23.97,-1.04,34.9,0.73,25.11,12.7.0,12.7.0,12.7.0,12.7.0,12.7.0,12.7.0,12.7.0,12.7.0,12.7.0
Addedk/kbbert-distilled-cased,3.04,999.0,82.0,50.0,512,29698.43,True,False,31.18,53.05,57.84,54.75,13.25,53.61,27.5,22.73,,,,,,,,,0.0.0,0.0.0,0.0.0,0.0.0,0.0.0,0.0.0,0.0.0,0.0.0,0.0.0
Addedk/mbert-swedish-distilled-cased,3.04,999.0,135.0,120.0,512,26091.07,True,False,31.16,52.25,56.36,53.98,21.08,56.96,23.61,19.63,,,,,,,,,0.0.0,0.0.0,0.0.0,0.0.0,0.0.0,0.0.0,0.0.0,0.0.0,0.0.0
MaLA-LM/emma-500-llama2-7b (few-shot),3.04,3.8,6738.0,32.0,4096,6275.17,True,False,29.32,41.08,28.18,24.25,2.9,37.93,62.92,56.48,53.81,9.42,27.86,43.42,34.62,55.21,4.73,27.77,13.0.0,13.0.0,13.0.0,13.0.0,13.0.0,13.0.0,13.0.0,13.0.0,13.0.0
google/gemma-2-2b (few-shot),3.06,2.9,2614.0,256.0,8193,5235.32,True,False,34.94,42.58,17.29,13.87,6.39,45.03,59.95,54.94,64.82,20.37,48.07,60.5,45.03,63.4,9.1,30.51,13.0.0,13.0.0,13.0.0,13.0.0,13.0.0,13.0.0,13.0.0,13.0.0,13.0.0
google/gemma-2b (few-shot),3.07,3.34,2506.0,256.0,8192,6087.12,True,False,40.21,46.73,19.97,16.51,2.27,38.71,56.27,50.55,63.07,16.98,15.04,35.51,30.63,50.02,4.9,28.18,12.1.0,12.5.2,12.1.0,12.1.0,12.6.1,12.1.0,12.1.0,12.1.0,12.1.0
birgermoell/roberta-swedish-scandi,3.08,999.0,125.0,50.0,512,15384.84,True,False,33.51,54.93,49.22,47.83,12.08,54.24,28.88,24.49,,,,,,,,,0.0.0,0.0.0,0.0.0,0.0.0,0.0.0,0.0.0,0.0.0,0.0.0,0.0.0
sentence-transformers/distilbert-multilingual-nli-stsb-quora-ranking,3.09,999.0,135.0,120.0,512,33753.4,True,False,36.6,56.93,54.48,52.85,8.84,51.76,21.36,15.42,,,,,,,,,0.0.0,0.0.0,0.0.0,0.0.0,0.0.0,0.0.0,0.0.0,0.0.0,12.8.0
utter-project/EuroLLM-1.7B-Instruct (few-shot),3.12,3.5,1657.0,128.0,4096,15008.58,True,False,37.92,46.23,19.61,17.44,2.81,38.15,56.82,50.05,63.91,18.26,2.54,25.25,17.85,40.98,0.52,25.6,13.1.0,13.1.0,13.1.0,13.1.0,13.1.0,13.1.0,13.1.0,13.1.0,13.1.0
sentence-transformers/quora-distilbert-multilingual,3.13,999.0,135.0,120.0,512,26458.45,True,False,36.6,56.93,54.48,52.85,8.84,51.76,19.76,13.97,,,,,,,,,0.0.0,0.0.0,0.0.0,0.0.0,0.0.0,0.0.0,0.0.0,0.0.0,0.0.0
HPLT/gpt-7b-nordic-prerelease (few-shot),3.14,3.98,7550.0,131.0,4096,1382.06,True,False,37.77,55.35,21.98,18.42,1.26,34.03,52.54,46.03,58.21,11.61,0.0,24.0,-0.87,35.7,0.0,25.18,12.3.2,12.5.2,12.3.2,12.3.2,12.6.1,12.3.2,12.3.2,12.3.2,14.0.3
ibm-granite/granite-7b-base (few-shot),3.15,3.43,6738.0,32.0,2048,4405.37,True,False,31.65,51.95,24.93,22.23,0.06,34.3,57.0,51.47,62.67,17.33,16.13,36.8,24.21,49.43,1.27,25.59,12.10.5,12.10.5,12.10.5,12.10.5,12.10.5,12.10.8,12.10.8,12.10.8,12.10.8
AI-Sweden-Models/gpt-sw3-20b-instruct (few-shot),3.18,999.0,20918.0,64.0,1793,1830.86,True,False,32.78,47.79,15.94,14.05,7.86,41.91,60.27,52.16,68.0,23.97,,,,,7.99,29.85,9.3.1,9.3.1,9.3.1,9.3.1,9.3.1,0.0.0,0.0.0,9.3.1,12.7.0
meta-llama/Llama-3.2-1B (few-shot),3.18,3.91,1236.0,128.0,131073,7577.45,True,False,35.97,49.88,19.82,17.2,2.14,44.16,51.92,46.59,58.65,11.57,2.65,25.17,9.51,40.41,-0.88,24.79,13.0.0,13.0.0,13.0.0,13.0.0,13.0.0,13.0.0,13.0.0,13.0.0,13.0.0
EuropeanParliament/EUBERT,3.2,999.0,94.0,66.0,512,20070.41,True,False,27.33,49.78,41.09,40.4,21.58,59.41,26.68,20.68,,,,,,,,,12.6.1,12.6.1,12.6.1,12.6.1,0.0.0,0.0.0,0.0.0,0.0.0,0.0.0
google/gemma-2b-it (few-shot),3.2,3.48,2506.0,256.0,8192,6470.59,False,False,34.03,52.42,24.44,17.37,2.25,42.33,49.76,42.12,62.41,17.66,15.16,31.61,12.67,41.99,2.67,26.82,12.1.0,12.5.2,12.1.0,12.4.0,12.6.1,12.1.0,12.1.0,12.1.0,12.1.0
microsoft/Phi-3-mini-128k-instruct (few-shot),3.2,2.94,3821.0,32.0,130817,7311.73,True,False,40.85,59.79,4.51,3.71,5.43,46.21,58.44,51.76,64.64,19.18,37.45,52.86,36.39,56.5,17.42,38.06,12.9.1,12.9.1,12.9.1,12.9.1,12.9.1,12.10.0,12.10.0,12.10.0,12.10.0
ibm-granite/granite-7b-instruct (few-shot),3.22,3.53,6738.0,32.0,4096,3136.16,True,False,31.21,50.13,23.87,20.19,2.04,45.31,54.08,47.36,62.33,16.36,17.68,37.53,17.54,45.41,1.72,25.87,13.0.0,13.2.0,13.2.0,13.2.0,13.2.0,13.2.0,13.2.0,13.2.0,13.2.0
allenai/OLMo-7B (few-shot),3.25,4.3,6888.0,50.0,2049,5402.86,True,False,30.76,44.83,26.76,19.46,0.55,39.4,52.49,45.65,50.86,9.46,0.26,23.32,6.94,37.66,-0.11,24.99,12.5.2,12.5.2,12.5.2,12.5.2,12.5.2,12.5.2,12.5.2,12.5.2,12.5.2
mhenrichsen/danskgpt-tiny-chat (few-shot),3.26,3.49,1100.0,32.0,2048,1744.69,False,False,34.05,52.43,22.31,19.3,0.7,40.47,48.91,41.82,65.27,17.79,6.27,27.63,6.25,37.75,2.11,26.0,9.1.2,9.1.2,9.1.2,12.4.0,12.6.1,10.0.1,10.0.1,9.1.2,9.1.2
01-ai/Yi-1.5-6B (few-shot),3.27,2.87,6061.0,64.0,4097,2867.41,True,False,12.73,22.69,35.21,23.65,4.75,35.71,61.53,55.95,64.28,18.81,46.17,59.04,36.46,57.64,18.01,38.12,13.0.0,13.0.0,13.0.0,13.0.0,13.0.0,13.0.0,13.0.0,13.0.0,13.0.0
dbmdz/bert-base-historic-multilingual-cased,3.27,999.0,111.0,32.0,512,20046.97,True,False,24.17,43.75,47.61,45.91,8.14,51.78,30.51,25.19,,,,,,,,,0.0.0,0.0.0,0.0.0,0.0.0,0.0.0,0.0.0,0.0.0,0.0.0,12.8.0
dbmdz/bert-medium-historic-multilingual-cased,3.28,999.0,42.0,32.0,512,24291.12,True,False,27.93,50.86,49.88,46.74,5.42,48.29,28.62,22.93,,,,,,,,,0.0.0,0.0.0,0.0.0,0.0.0,0.0.0,0.0.0,0.0.0,0.0.0,0.0.0
NLPnorth/snakmodel-7b-base (few-shot),3.29,3.29,6738.0,32.0,4096,3083.32,True,False,44.71,54.12,23.74,16.59,21.24,57.23,19.32,0.0,58.05,10.44,47.83,58.23,55.62,69.71,5.51,27.63,13.1.0,13.2.0,13.1.0,13.1.0,13.2.0,13.2.0,13.2.0,13.2.0,13.2.0
AI-Sweden-Models/gpt-sw3-6.7b-v2 (few-shot),3.3,3.36,7111.0,64.0,2048,2350.93,True,False,18.07,27.21,20.84,16.93,10.54,48.37,57.23,51.22,65.15,18.96,6.34,28.14,18.0,45.08,5.57,28.66,9.2.0,9.2.0,9.2.0,12.5.1,12.6.1,10.0.1,10.0.1,9.2.0,9.2.0
AI-Sweden-Models/gpt-sw3-1.3b-instruct (few-shot),3.39,3.51,1445.0,64.0,2048,4544.34,True,False,27.14,42.34,14.73,14.44,2.65,40.63,54.18,46.38,65.48,19.58,0.32,23.38,7.0,37.91,0.13,25.04,9.3.1,12.5.2,12.1.0,12.4.0,12.6.1,12.1.0,12.1.0,12.1.0,12.1.0
AI-Sweden-Models/gpt-sw3-6.7b (few-shot),3.39,3.53,7111.0,64.0,2048,2285.21,True,False,22.71,35.11,18.23,14.77,5.03,49.0,55.56,49.11,64.58,18.26,1.11,24.85,8.76,37.32,1.7,26.17,11.0.0,11.0.0,11.0.0,11.0.0,12.6.1,11.0.0,11.0.0,11.0.0,11.0.0
NorwAI/NorwAI-Mistral-7B-instruct (few-shot),3.4,3.03,7537.0,68.0,4065,3027.1,False,False,42.16,45.21,13.78,11.9,3.52,39.81,31.67,20.02,65.03,18.0,40.74,53.17,43.43,61.76,4.5,26.55,12.10.4,12.10.5,12.10.5,12.10.5,12.10.5,12.10.5,12.10.5,12.10.5,12.10.5
sentence-transformers/distiluse-base-multilingual-cased-v1,3.41,999.0,135.0,120.0,512,34041.87,True,False,27.78,49.38,46.78,44.41,3.04,46.85,23.22,15.52,,,,,,,,,0.0.0,0.0.0,0.0.0,0.0.0,0.0.0,0.0.0,0.0.0,0.0.0,12.8.0
HuggingFaceTB/SmolLM2-1.7B-Instruct (few-shot),3.41,3.52,1711.0,49.0,8192,15970.88,True,False,18.49,35.29,29.44,20.31,1.73,38.18,50.4,44.39,61.76,15.33,22.03,37.29,12.61,41.82,2.06,26.03,13.1.0,13.1.0,13.1.0,13.1.0,13.1.0,13.1.0,13.1.0,13.1.0,13.1.0
Qwen/Qwen1.5-1.8B-Chat (few-shot),3.42,3.73,1837.0,152.0,32768,8303.55,False,False,26.58,45.88,18.0,14.88,0.63,33.42,49.4,41.66,57.19,11.87,22.17,39.97,12.85,42.13,7.01,30.16,11.0.0,12.5.2,12.1.0,12.5.0,12.6.1,12.1.0,12.1.0,12.1.0,9.3.2
ibm-granite/granite-3.0-1b-a400m-instruct (few-shot),3.44,3.8,1335.0,49.0,4096,7964.03,True,False,22.35,44.97,30.63,20.55,1.95,46.94,43.95,37.3,59.66,13.59,2.78,25.53,11.15,38.81,-1.22,24.33,13.2.0,13.2.0,13.2.0,13.2.0,13.2.0,13.2.0,13.2.0,13.2.0,13.2.0
AI-Sweden-Models/gpt-sw3-356m-instruct (few-shot),3.45,3.7,471.0,64.0,2048,5854.62,True,False,34.94,49.66,11.28,11.02,2.08,45.41,42.03,36.59,63.38,15.95,-0.09,23.32,-0.76,35.04,0.28,25.19,9.3.2,12.5.2,12.1.0,12.4.0,12.6.1,12.1.0,12.1.0,12.1.0,12.1.0
NbAiLab/nb-gpt-j-6B-alpaca (few-shot),3.47,3.59,6055.0,50.0,1024,2606.86,False,False,27.68,46.61,12.95,11.68,1.65,47.94,47.4,38.6,63.32,16.03,4.49,27.32,12.81,37.83,-0.68,25.0,10.0.1,9.3.1,10.0.1,12.4.0,12.6.1,10.0.1,10.0.1,10.0.1,9.3.2
AI-Sweden-Models/gpt-sw3-1.3b (few-shot),3.5,3.75,1445.0,64.0,2048,4607.55,True,False,28.65,47.83,8.8,8.63,2.84,49.21,51.59,45.34,62.17,14.96,-1.31,24.58,3.02,36.58,-0.33,24.65,9.3.1,9.3.1,9.3.1,12.5.1,12.6.1,10.0.1,10.0.1,9.3.1,9.3.1
Qwen/Qwen1.5-1.8B (few-shot),3.5,3.78,1837.0,152.0,32768,5665.51,True,False,29.03,46.75,9.83,8.97,0.56,33.34,53.2,46.43,56.43,11.67,14.86,33.52,17.56,45.31,4.78,27.73,10.0.1,12.5.2,12.1.0,12.1.0,12.6.1,12.1.0,12.1.0,12.1.0,12.1.0
AI-Sweden-Models/gpt-sw3-356m (few-shot),3.53,3.84,471.0,64.0,2048,5757.63,True,False,27.61,39.77,16.13,14.9,1.96,38.4,39.67,34.79,59.05,12.41,1.0,23.91,4.85,36.78,0.28,25.19,9.3.1,9.3.1,9.3.2,12.5.1,12.6.1,10.0.1,10.0.1,9.3.2,9.3.2
ibm-granite/granite-3.0-3b-a800m-base (few-shot),3.56,3.46,3374.0,49.0,4096,10504.04,True,False,6.85,19.42,31.8,23.06,0.97,36.48,55.19,49.83,63.43,16.85,15.97,36.37,17.19,45.23,3.07,27.05,13.0.0,13.0.0,13.0.0,13.0.0,13.0.0,13.0.0,13.0.0,13.0.0,13.0.0
dbmdz/bert-mini-historic-multilingual-cased,3.59,999.0,12.0,32.0,512,47121.63,True,False,26.03,48.46,41.7,38.74,2.19,49.8,20.76,13.82,,,,,,,,,0.0.0,0.0.0,0.0.0,0.0.0,0.0.0,0.0.0,0.0.0,0.0.0,0.0.0
mhenrichsen/danskgpt-tiny (few-shot),3.62,3.7,1100.0,32.0,2048,8596.74,True,False,26.31,44.07,14.13,12.15,-0.54,44.56,38.99,32.12,62.61,15.12,-2.76,22.41,5.08,35.14,-0.7,24.83,0.0.0,0.0.0,0.0.0,12.5.1,12.6.1,10.0.1,10.0.1,0.0.0,0.0.0
allenai/OLMo-7B-Twin-2T (few-shot),3.62,4.24,6888.0,50.0,2049,5484.4,True,False,18.3,27.62,7.52,6.6,3.23,45.74,51.37,46.35,53.01,10.72,2.17,23.73,0.22,35.08,-0.65,24.75,12.5.2,12.5.2,12.5.2,12.5.2,12.5.2,12.5.2,12.5.2,12.5.2,12.5.2
HuggingFaceTB/SmolLM2-1.7B (few-shot),3.63,3.52,1711.0,49.0,8192,16248.88,True,False,9.93,23.57,24.47,18.7,1.22,35.31,47.54,42.09,61.62,14.36,19.65,36.46,19.01,46.27,1.34,25.88,13.1.0,13.1.0,13.1.0,13.1.0,13.1.0,13.1.0,13.1.0,13.1.0,13.1.0
alexanderfalk/danbert-small-cased,3.63,999.0,83.0,52.0,512,30013.37,True,False,30.67,51.76,33.05,31.68,13.01,55.11,5.3,1.56,,,,,,,,,0.0.0,0.0.0,0.0.0,0.0.0,0.0.0,0.0.0,0.0.0,0.0.0,0.0.0
ibm-granite/granite-3.0-1b-a400m-base (few-shot),3.67,3.89,1385.0,49.0,4096,7808.38,True,False,17.52,27.96,16.82,14.28,1.53,36.59,44.65,40.21,60.13,11.98,0.29,24.16,0.55,35.78,-0.21,25.02,13.2.0,13.2.0,13.2.0,13.2.0,13.2.0,13.2.0,13.2.0,13.2.0,13.2.0
jannesg/bertsson,3.68,999.0,124.0,50.0,512,15313.79,True,False,24.11,44.78,32.63,32.76,2.91,46.98,22.17,15.37,,,,,,,,,0.0.0,0.0.0,0.0.0,0.0.0,0.0.0,0.0.0,0.0.0,0.0.0,0.0.0
AI-Sweden-Models/gpt-sw3-6.7b-v2-instruct (few-shot),3.68,3.02,7111.0,64.0,2048,1472.78,True,False,2.85,18.05,15.35,14.74,10.99,54.07,58.22,50.51,66.38,21.48,30.9,43.86,16.81,42.03,11.08,32.13,9.2.0,9.2.0,9.2.0,12.4.0,12.6.1,10.0.1,10.0.1,9.2.0,14.0.3
state-spaces/mamba-2.8b-hf (few-shot),3.69,3.63,2768.0,50.0,32769,2721.51,True,False,10.47,19.91,17.58,15.48,1.23,36.92,49.37,42.56,62.56,17.47,2.18,24.56,4.94,38.22,1.84,26.18,13.0.0,13.0.0,13.0.0,13.0.0,13.0.0,13.0.0,13.0.0,13.0.0,13.0.0
KBLab/albert-base-swedish-cased-alpha,3.73,999.0,14.0,50.0,512,15925.14,True,False,19.79,42.09,29.9,28.27,6.15,52.04,21.55,15.96,,,,,,,,,0.0.0,0.0.0,0.0.0,0.0.0,0.0.0,0.0.0,0.0.0,0.0.0,0.0.0
sentence-transformers/distiluse-base-multilingual-cased,3.74,999.0,135.0,120.0,512,19205.51,True,False,30.13,46.78,26.96,25.63,2.01,48.79,16.49,8.25,,,,,,,,,12.6.1,12.6.1,12.6.1,12.6.1,0.0.0,0.0.0,0.0.0,0.0.0,0.0.0
sentence-transformers/distiluse-base-multilingual-cased-v2,3.74,999.0,135.0,120.0,512,33246.61,True,False,30.13,46.78,26.96,25.63,2.01,48.79,16.4,8.22,,,,,,,,,12.6.1,12.6.1,12.6.1,12.6.1,0.0.0,0.0.0,0.0.0,0.0.0,12.8.0
3ebdola/Dialectal-Arabic-XLM-R-Base,3.83,999.0,278.0,250.0,512,12782.54,True,False,22.07,44.7,36.51,36.31,1.63,45.36,9.48,3.09,,,,,,,,,0.0.0,0.0.0,0.0.0,0.0.0,0.0.0,0.0.0,0.0.0,0.0.0,12.8.0
Qwen/Qwen1.5-0.5B-Chat (few-shot),3.83,3.88,620.0,152.0,32768,11740.04,False,False,10.72,25.21,17.38,15.74,1.32,42.05,40.37,34.58,55.87,11.87,4.56,25.87,22.41,42.73,1.71,25.84,11.0.0,12.5.2,12.1.0,12.4.0,12.6.1,12.1.0,12.1.0,12.1.0,9.3.2
Qwen/Qwen1.5-0.5B (few-shot),3.85,3.98,620.0,152.0,32768,11371.34,True,False,8.88,24.27,19.01,17.08,0.66,37.98,38.31,32.78,55.57,8.04,7.21,29.73,16.56,42.3,0.62,25.65,10.0.1,12.5.2,12.1.0,12.1.0,12.6.1,12.1.0,12.1.0,12.1.0,9.3.2
dbmdz/bert-tiny-historic-multilingual-cased,3.94,999.0,5.0,32.0,512,78027.26,True,False,20.71,40.07,33.62,31.69,1.19,48.46,7.68,4.19,,,,,,,,,0.0.0,12.6.1,0.0.0,0.0.0,0.0.0,0.0.0,0.0.0,0.0.0,0.0.0
allenai/OLMo-1B (few-shot),3.95,4.47,1177.0,50.0,2049,8536.09,True,False,17.94,32.8,13.39,12.39,-2.02,40.63,26.24,23.65,48.87,5.39,-0.33,23.91,0.05,34.67,-0.08,25.21,12.1.0,12.5.2,12.1.0,12.1.0,12.6.1,12.1.0,12.1.0,12.1.0,12.1.0
NbAiLab/nb-gpt-j-6B-v2 (few-shot),4.03,4.23,6051.0,50.0,1024,2555.5,False,False,27.8,43.8,0.24,0.25,0.56,34.04,21.33,6.84,53.76,11.17,-1.83,23.94,0.99,34.1,-0.48,24.73,10.0.1,9.3.1,11.0.0,12.5.1,12.6.1,11.0.0,11.0.0,11.0.0,9.3.1
RuterNorway/Llama-2-7b-chat-norwegian (few-shot),4.13,4.04,,32.0,4096,10889.7,False,False,10.65,28.33,10.12,9.84,-0.66,33.61,28.87,26.08,56.92,8.57,0.1,26.5,4.29,35.0,-0.88,24.43,9.3.1,9.3.1,9.3.1,12.5.2,12.6.1,10.0.1,10.0.1,9.3.1,9.3.1
RabotaRu/HRBert-mini,4.14,999.0,80.0,200.0,512,54950.85,True,False,20.33,40.95,22.21,21.7,0.9,48.85,7.23,2.73,,,,,,,,,0.0.0,0.0.0,0.0.0,0.0.0,0.0.0,0.0.0,0.0.0,0.0.0,0.0.0
HuggingFaceTB/SmolLM2-360M (few-shot),4.18,4.02,362.0,49.0,8192,22023.39,True,False,3.61,19.01,12.68,12.32,1.79,36.23,32.48,28.12,56.85,10.17,-0.03,23.99,6.03,37.58,0.2,25.12,13.1.0,13.1.0,13.1.0,13.1.0,13.1.0,13.1.0,13.1.0,13.1.0,13.1.0
AI-Sweden-Models/gpt-sw3-126m-instruct (few-shot),4.21,3.8,186.0,64.0,2048,7717.03,True,False,6.37,25.43,13.98,13.46,0.41,33.31,24.27,20.46,60.87,12.82,0.53,24.39,4.72,35.76,-0.07,24.9,9.3.2,11.0.0,11.0.0,12.4.0,12.6.1,11.0.0,11.0.0,11.0.0,11.0.0
HuggingFaceTB/SmolLM2-360M-Instruct (few-shot),4.26,4.13,362.0,49.0,8192,21776.98,True,False,2.66,16.29,8.97,8.62,1.65,44.5,28.73,24.92,55.39,10.01,0.28,23.92,3.55,35.45,-0.41,25.02,13.1.0,13.1.0,13.1.0,13.1.0,13.1.0,13.1.0,13.1.0,13.1.0,13.1.0
fresh-xlm-roberta-base,4.26,999.0,278.0,250.0,512,2214.08,True,False,17.37,36.83,16.04,15.6,1.34,35.45,6.64,1.58,,,,,,,,,0.0.0,0.0.0,0.0.0,0.0.0,0.0.0,0.0.0,0.0.0,0.0.0,12.6.1
NorwAI/NorwAI-Mistral-7B-pretrain (few-shot),4.31,4.13,7537.0,68.0,4065,3023.95,True,False,3.55,22.75,12.82,12.37,0.68,35.13,24.31,19.85,55.58,10.39,-0.11,25.69,-2.13,33.89,0.88,25.49,12.10.5,12.10.5,12.10.5,12.10.5,12.10.5,12.10.5,12.10.5,12.10.5,12.10.5
AI-Sweden-Models/gpt-sw3-126m (few-shot),4.32,4.32,186.0,64.0,2048,8957.78,True,False,9.18,26.36,3.43,5.56,-0.22,34.2,19.46,16.64,52.34,8.84,-0.58,24.0,5.18,36.68,-1.28,24.75,9.2.0,9.2.0,9.2.0,12.5.1,12.6.1,10.0.1,10.0.1,9.2.0,9.2.0
HuggingFaceTB/SmolLM2-135M (few-shot),4.32,4.54,135.0,49.0,8192,26346.08,True,False,3.79,21.06,13.72,13.41,-0.45,39.69,17.28,14.69,47.44,6.04,-0.58,25.72,10.99,38.26,-0.51,24.79,13.1.0,13.1.0,13.1.0,13.1.0,13.1.0,13.1.0,13.1.0,13.1.0,13.1.0
RJuro/kanelsnegl-v0.2 (few-shot),4.33,3.84,7242.0,32.0,512,1373.32,True,False,4.81,19.31,0.0,0.0,0.0,33.25,30.05,0.0,61.06,12.02,0.0,24.0,0.0,35.86,0.15,25.21,10.0.1,10.0.1,10.0.1,10.0.1,12.6.1,10.0.1,10.0.1,11.0.0,11.0.0
fresh-electra-small,4.36,999.0,14.0,31.0,512,7840.02,True,False,18.61,35.23,12.87,13.23,0.3,37.84,0.0,0.0,,,,,,,,,0.0.0,0.0.0,0.0.0,0.0.0,0.0.0,0.0.0,0.0.0,0.0.0,12.8.0
NbAiLab/nb-gpt-j-6B@sharded (few-shot),4.38,4.3,,50.0,1024,2630.15,True,False,11.0,26.09,0.36,1.82,-0.11,33.76,17.35,5.15,51.83,10.14,-0.96,23.86,3.51,35.41,0.73,25.54,10.0.1,9.3.1,10.0.1,12.5.1,12.6.1,10.0.1,10.0.1,10.0.1,9.3.1
HuggingFaceTB/SmolLM2-135M-Instruct (few-shot),4.4,3.97,135.0,49.0,8192,25602.11,True,False,2.61,18.95,12.11,11.48,0.25,39.65,16.74,14.02,56.53,8.45,1.05,26.37,10.81,38.73,-0.5,24.15,13.1.0,13.1.0,13.1.0,13.1.0,13.1.0,13.1.0,13.1.0,13.1.0,13.1.0
RJuro/kanelsnegl-v0.1 (few-shot),4.49,3.81,7242.0,32.0,510,5847.39,True,False,13.0,24.41,0.0,0.0,0.0,33.25,12.39,0.0,61.25,12.03,0.0,24.0,0.0,35.86,0.04,25.18,9.3.1,9.3.1,9.3.1,12.5.1,12.6.1,10.0.1,10.0.1,9.3.1,12.10.0
NorGLM/NorGPT-369M (few-shot),4.78,4.24,,64.0,1024,19895.92,True,False,2.06,20.38,1.13,0.97,-0.36,41.52,4.2,0.32,54.0,9.08,-2.57,23.19,3.26,29.55,-0.62,24.55,12.5.2,12.5.2,12.5.2,12.5.2,12.5.2,12.5.2,12.5.2,12.5.2,12.5.2
ai-forever/mGPT (few-shot),4.79,5.16,,100.0,2046,11734.33,True,False,2.61,20.51,0.65,0.59,-0.73,41.15,2.68,1.99,35.64,4.7,-0.61,24.71,6.94,38.18,-1.12,24.71,10.0.1,9.3.1,11.0.0,12.5.1,12.6.1,11.0.0,11.0.0,11.0.0,12.10.0
peter-sk/gpt-neox-da (few-shot),4.84,4.44,1515.0,50.0,1024,6025.33,True,False,-0.52,28.55,0.64,0.52,-0.02,36.82,2.89,0.48,50.23,6.09,0.9,26.2,4.1,33.71,0.04,25.21,10.0.1,10.0.1,10.0.1,10.0.1,12.6.1,10.0.1,10.0.1,10.0.1,10.0.1
ssmits/Falcon2-5.5B-multilingual (few-shot),4.86,4.89,5465.0,65.0,8192,7691.9,True,False,0.0,18.12,0.0,0.0,0.0,33.25,0.03,0.02,42.82,0.2,4.55,25.74,-1.17,34.84,-1.26,24.88,13.0.0,13.0.0,13.0.0,13.0.0,13.0.0,13.0.0,13.0.0,13.0.0,13.0.0
Sigurdur/icebreaker (few-shot),4.86,5.2,110.0,32.0,1024,48618.98,False,False,0.0,18.12,0.0,0.0,0.0,33.25,0.04,0.0,37.85,0.76,0.26,23.72,-0.75,34.96,-0.88,24.6,12.7.0,12.7.0,12.7.0,12.7.0,12.7.0,12.7.0,12.7.0,12.7.0,12.5.2
Sigurdur/qa-icebreaker (few-shot),4.86,999.0,110.0,32.0,1024,44888.92,False,False,0.07,27.86,0.0,0.0,0.0,33.25,0.08,0.0,30.99,0.6,,,,,,,12.7.0,12.7.0,12.7.0,12.7.0,12.7.0,0.0.0,0.0.0,0.0.0,12.5.2
01-ai/Yi-6B (few-shot),999.0,3.03,6061.0,64.0,4094,6435.34,True,False,,,35.08,25.02,,,60.88,55.09,64.15,18.95,34.07,50.17,33.75,54.22,13.61,34.38,0.0.0,9.3.2,0.0.0,12.5.1,12.6.1,10.0.1,10.0.1,10.0.1,12.10.0
01-ai/Yi-6B-Chat (few-shot),999.0,2.81,6061.0,64.0,4096,2278.2,False,False,42.65,59.71,,,4.77,36.03,61.05,54.79,65.34,20.13,39.59,54.6,35.08,55.47,17.62,37.35,11.0.0,0.0.0,11.0.0,11.0.0,11.0.0,11.0.0,11.0.0,11.0.0,11.0.0
norallm/normistral-7b-scratch (few-shot),999.0,3.66,7248.0,33.0,2048,3191.78,True,False,,,,,,,,,63.19,17.04,0.58,23.87,4.6,37.09,-0.34,24.79,0.0.0,0.0.0,0.0.0,0.0.0,12.6.1,10.0.1,10.0.1,10.0.1,10.0.1
