model,rank,parameters,vocabulary_size,context,speed,generative_type,commercial,merge,dutch_social,conll_nl,scala_nl,squad_nl,wiki_lingua_nl,mmlu_nl,hellaswag_nl,dutch_social_version,conll_nl_version,scala_nl_version,squad_nl_version,wiki_lingua_nl_version,mmlu_nl_version,hellaswag_nl_version
"gpt-4-0613 (few-shot, val)",1.52,,100256.0,8444,597.21,ğŸ“,âœ“,âœ—,18.92 Â± 2.78 / 40.80 Â± 2.43@@18.918720483777268,73.35 Â± 2.61 / 56.00 Â± 2.82@@73.35324331324907,76.70 Â± 2.39 / 88.16 Â± 1.21@@76.7005718691664,79.91 Â± 1.09 / 52.22 Â± 2.14@@79.9087693813897,69.97 Â± 0.41 / 22.66 Â± 0.68@@69.96934830560349,70.71 Â± 2.96 / 78.12 Â± 2.24@@70.70684493869864,90.07 Â± 1.29 / 92.54 Â± 0.98@@90.06529869381765,12.10.0@@121000,12.10.0@@121000,12.10.0@@121000,14.2.0.dev0@@140200,12.10.0@@121000,12.10.0@@121000,12.10.0@@121000
"gpt-4-1106-preview (few-shot, val)",1.76,,100256.0,128000,575.52,ğŸ“,âœ“,âœ—,14.22 Â± 3.26 / 33.41 Â± 3.24@@14.222378248409864,66.44 Â± 2.18 / 56.97 Â± 2.87@@66.44461964916889,72.30 Â± 2.26 / 85.96 Â± 1.13@@72.2960026664485,80.14 Â± 0.78 / 56.68 Â± 1.78@@80.1411650665076,67.13 Â± 0.50 / 17.61 Â± 0.76@@67.13482063729316,70.04 Â± 1.91 / 77.58 Â± 1.42@@70.03540175926197,88.29 Â± 2.26 / 91.17 Â± 1.70@@88.28979625369934,12.10.2@@121002,12.3.2@@120302,12.10.2@@121002,14.2.0.dev0@@140200,12.3.2@@120302,12.10.2@@121002,12.10.2@@121002
meta-llama/Llama-3.1-405B-Instruct-FP8 (few-shot),1.81,405868625920.0,128256.0,131072,798.95,ğŸ“,âœ“,âœ—,11.23 Â± 1.27 / 20.82 Â± 0.81@@11.23364142833609,69.12 Â± 2.03 / 64.39 Â± 2.33@@69.12053591896635,68.74 Â± 0.69 / 83.97 Â± 0.59@@68.7413463222585,77.66 Â± 0.76 / 58.31 Â± 1.33@@77.6644206284331,70.51 Â± 1.10 / 24.87 Â± 1.85@@70.50644283226575,74.89 Â± 1.06 / 81.14 Â± 0.79@@74.88950731648639,80.93 Â± 1.07 / 85.65 Â± 0.81@@80.93409122952485,14.0.4@@140004,14.0.4@@140004,14.0.4@@140004,14.3.0@@140300,14.0.4@@140004,14.0.4@@140004,14.0.4@@140004
"gpt-4o-2024-05-13 (few-shot, val)",1.85,,200019.0,128127,916.47,ğŸ“,âœ“,âœ—,10.80 Â± 2.24 / 32.52 Â± 2.18@@10.795570972044944,76.75 Â± 3.44 / 61.13 Â± 4.40@@76.75134240298256,56.26 Â± 4.51 / 73.83 Â± 3.26@@56.2615181794265,79.40 Â± 0.90 / 51.78 Â± 1.84@@79.39956904699248,66.86 Â± 0.46 / 16.93 Â± 0.91@@66.8550995469559,73.11 Â± 1.87 / 79.69 Â± 1.46@@73.11397889781618,92.69 Â± 1.46 / 94.53 Â± 1.09@@92.68565056145036,12.10.2@@121002,12.10.0@@121000,12.10.2@@121002,14.2.0.dev0@@140200,12.10.0@@121000,12.10.2@@121002,12.10.2@@121002
meta-llama/Meta-Llama-3-70B (few-shot),1.94,70553706496.0,128256.0,8192,1298.94,ğŸ§ ,âœ“,âœ—,16.09 Â± 1.71 / 41.46 Â± 1.77@@16.087648274642326,72.38 Â± 1.48 / 65.20 Â± 2.45@@72.380974827051,59.68 Â± 2.32 / 79.27 Â± 1.42@@59.6750314079287,82.60 Â± 1.56 / 68.60 Â± 1.25@@82.60482986196078,69.46 Â± 1.32 / 24.58 Â± 2.08@@69.4625804235693,62.02 Â± 1.42 / 71.38 Â± 1.07@@62.024878448908595,59.69 Â± 3.59 / 68.74 Â± 3.12@@59.69047275221031,14.3.0@@140300,14.3.0@@140300,14.3.0@@140300,14.3.0@@140300,14.3.0@@140300,14.3.0@@140300,14.3.0@@140300
meta-llama/Llama-3.1-70B-Instruct (few-shot),1.97,70553706496.0,128256.0,131072,1408.67,ğŸ“,âœ“,âœ—,11.41 Â± 1.33 / 21.26 Â± 0.89@@11.410783042690628,68.82 Â± 1.86 / 53.75 Â± 2.33@@68.81856976122329,61.66 Â± 1.04 / 80.70 Â± 0.54@@61.66138217200488,79.03 Â± 0.75 / 59.67 Â± 1.45@@79.03143569878416,69.51 Â± 0.76 / 23.39 Â± 1.19@@69.50762890963233,68.61 Â± 1.24 / 76.39 Â± 0.93@@68.61432042813293,69.72 Â± 1.33 / 76.77 Â± 1.11@@69.7228958757566,14.0.3@@140003,14.0.3@@140003,14.0.3@@140003,14.3.0@@140300,14.0.3@@140003,14.0.3@@140003,14.0.3@@140003
meta-llama/Llama-3.3-70B-Instruct (few-shot),1.97,70553706496.0,128256.0,131072,1353.36,ğŸ“,âœ“,âœ—,10.87 Â± 1.05 / 19.75 Â± 0.82@@10.865135009061081,70.37 Â± 1.97 / 56.00 Â± 2.79@@70.3707897558362,62.87 Â± 1.48 / 81.12 Â± 0.82@@62.865454193117976,72.23 Â± 0.75 / 47.75 Â± 1.34@@72.23298339825328,69.36 Â± 0.65 / 22.77 Â± 1.04@@69.35768569470383,68.82 Â± 1.12 / 76.61 Â± 0.84@@68.81970346469308,74.72 Â± 0.75 / 80.76 Â± 0.61@@74.72316926589909,14.0.3@@140003,14.0.3@@140003,14.0.3@@140003,14.3.0@@140300,14.0.3@@140003,14.0.3@@140003,14.0.3@@140003
"gpt-4o-2024-05-13 (zero-shot, val)",1.98,,200019.0,8191,882.4,ğŸ“,âœ“,âœ—,12.36 Â± 2.16 / 19.95 Â± 1.34@@12.357556426961528,69.12 Â± 2.60 / 41.51 Â± 2.79@@69.11504837770093,58.88 Â± 2.34 / 79.01 Â± 1.24@@58.88153013625701,76.88 Â± 0.76 / 45.35 Â± 1.23@@76.87694942192243,64.37 Â± 0.09 / 13.15 Â± 0.11@@64.36608954099938,72.21 Â± 2.17 / 79.18 Â± 1.61@@72.20730750002494,79.68 Â± 1.85 / 84.49 Â± 1.43@@79.67516326730481,14.0.3@@140003,14.0.3@@140003,14.0.3@@140003,14.2.0.dev0@@140200,14.0.3@@140003,14.4.0@@140400,14.4.0@@140400
"claude-3-5-sonnet-20241022 (zero-shot, val)",1.99,,,200000,168.2,ğŸ“,âœ“,âœ—,12.64 Â± 2.16 / 33.98 Â± 1.59@@12.635552317248349,62.41 Â± 2.92 / 52.27 Â± 2.69@@62.406866260961294,74.06 Â± 2.21 / 86.59 Â± 1.26@@74.05820722234736,71.43 Â± 0.34 / 37.34 Â± 0.83@@71.432032960727,64.25 Â± 0.09 / 13.47 Â± 0.15@@64.25430834991857,75.74 Â± 1.64 / 81.84 Â± 1.20@@75.74312939544716,71.15 Â± 2.62 / 78.40 Â± 1.96@@71.14967864352164,14.0.3@@140003,14.0.3@@140003,14.0.3@@140003,14.2.0.dev0@@140200,14.0.3@@140003,14.4.0@@140400,14.4.0@@140400
Qwen/QwQ-32B-Preview (few-shot),2.0,32763876352.0,152064.0,32768,2258.16,ğŸ“,âœ“,âœ—,9.12 Â± 1.28 / 21.29 Â± 0.75@@9.115616103639216,71.32 Â± 1.36 / 57.50 Â± 3.60@@71.31791010931926,63.96 Â± 1.27 / 81.82 Â± 0.72@@63.95791035841211,78.35 Â± 0.83 / 60.41 Â± 0.82@@78.3528321229707,66.59 Â± 0.44 / 16.89 Â± 0.53@@66.58933001934201,67.82 Â± 0.94 / 75.79 Â± 0.71@@67.82218966629522,78.26 Â± 1.44 / 83.32 Â± 1.15@@78.26346050436072,14.0.4@@140004,14.0.4@@140004,14.0.4@@140004,14.3.0@@140300,14.0.4@@140004,14.0.4@@140004,14.0.4@@140004
"gpt-4o-mini-2024-07-18 (few-shot, val)",2.02,,200019.0,8191,784.26,ğŸ“,âœ“,âœ—,20.33 Â± 2.51 / 40.68 Â± 1.79@@20.327132829788937,68.71 Â± 3.85 / 53.19 Â± 4.36@@68.71190632705508,49.52 Â± 5.39 / 72.59 Â± 3.64@@49.522426880755354,79.94 Â± 0.98 / 51.41 Â± 1.87@@79.94070480011263,66.13 Â± 0.23 / 15.64 Â± 0.32@@66.13125258125365,62.12 Â± 2.67 / 71.76 Â± 1.95@@62.118686234088095,65.74 Â± 3.66 / 73.59 Â± 2.89@@65.7350845564687,14.0.0@@140000,14.0.0@@140000,14.0.0@@140000,14.2.0.dev0@@140200,14.0.1@@140001,14.0.1@@140001,14.0.1@@140001
Qwen/Qwen2.5-72B-Instruct (few-shot),2.03,72706203648.0,152064.0,32768,1218.79,ğŸ“,âœ“,âœ—,9.84 Â± 1.35 / 19.81 Â± 0.75@@9.841973561776891,67.16 Â± 1.61 / 44.06 Â± 2.06@@67.16166208827575,66.06 Â± 1.20 / 82.87 Â± 0.67@@66.0597843122773,77.17 Â± 0.40 / 54.93 Â± 1.27@@77.16743489343273,64.83 Â± 0.23 / 15.04 Â± 0.29@@64.8268975582323,73.09 Â± 0.79 / 79.74 Â± 0.60@@73.09284256197787,79.00 Â± 0.83 / 84.13 Â± 0.64@@78.99882121361784,14.0.4@@140004,14.0.4@@140004,14.0.4@@140004,14.3.0@@140300,14.0.4@@140004,14.0.4@@140004,14.0.4@@140004
"152334H/miqu-1-70b-sf (few-shot, val)",2.06,68976648192.0,32000.0,33017,2126.22,ğŸ§ ,âœ“,âœ—,15.33 Â± 4.14 / 36.14 Â± 2.91@@15.32597283767229,67.00 Â± 3.69 / 56.41 Â± 4.29@@66.99526956520427,55.48 Â± 4.37 / 77.55 Â± 2.24@@55.48100270699982,76.87 Â± 1.15 / 61.02 Â± 1.67@@76.8666147280979,68.95 Â± 0.75 / 21.31 Â± 1.20@@68.95143364090472,54.36 Â± 1.61 / 65.70 Â± 1.26@@54.36395900116984,70.26 Â± 3.64 / 77.62 Â± 2.82@@70.26114350022799,12.7.0@@120700,12.7.0@@120700,12.7.0@@120700,12.7.0@@120700,12.7.0@@120700,12.7.0@@120700,12.7.0@@120700
google/gemma-2-27b-it (few-shot),2.13,27227128320.0,256000.0,8448,1516.14,ğŸ“,âœ“,âœ—,14.80 Â± 0.93 / 36.86 Â± 1.08@@14.795465607403251,65.20 Â± 1.76 / 53.16 Â± 2.84@@65.1985122174104,59.02 Â± 1.53 / 79.44 Â± 0.78@@59.02432934499849,75.47 Â± 0.72 / 55.87 Â± 1.05@@75.47067334284573,64.03 Â± 1.25 / 20.76 Â± 1.31@@64.02779832627857,59.71 Â± 0.83 / 69.70 Â± 0.64@@59.71487413842722,70.70 Â± 1.31 / 77.81 Â± 0.99@@70.69737192644156,13.0.0@@130000,13.0.0@@130000,13.0.0@@130000,14.3.0@@140300,13.0.0@@130000,13.0.0@@130000,13.0.0@@130000
"gpt-4-1106-preview (zero-shot, val)",2.14,,100256.0,8191,589.23,ğŸ“,âœ“,âœ—,11.13 Â± 1.98 / 18.38 Â± 1.21@@11.12511215614849,55.72 Â± 3.68 / 40.53 Â± 2.95@@55.71679312668374,67.28 Â± 2.42 / 83.06 Â± 1.36@@67.27954490914777,75.76 Â± 0.77 / 50.45 Â± 1.45@@75.75509906918946,64.09 Â± 0.08 / 12.91 Â± 0.15@@64.09217876149341,68.71 Â± 1.85 / 76.64 Â± 1.35@@68.70618638306422,71.70 Â± 2.75 / 78.16 Â± 2.13@@71.69743588710531,14.0.3@@140003,14.0.3@@140003,14.0.3@@140003,14.2.0.dev0@@140200,14.0.3@@140003,14.4.0@@140400,14.4.0@@140400
mistralai/Mistral-Small-24B-Instruct-2501 (few-shot),2.16,23572403200.0,131072.0,32768,2350.82,ğŸ“,âœ“,âœ—,15.51 Â± 1.76 / 38.88 Â± 1.17@@15.51465340091058,67.37 Â± 1.19 / 45.53 Â± 2.83@@67.37311240063546,37.67 Â± 2.45 / 58.39 Â± 2.65@@37.67338409705664,78.89 Â± 0.45 / 60.96 Â± 0.56@@78.89200074820626,65.64 Â± 0.15 / 15.68 Â± 0.26@@65.64133031191886,58.39 Â± 0.92 / 68.65 Â± 0.69@@58.39020214061102,79.04 Â± 1.17 / 84.26 Â± 0.88@@79.04424575323252,15.0.0@@150000,15.0.0@@150000,15.0.0@@150000,15.0.0@@150000,15.0.0@@150000,15.0.0@@150000,15.0.0@@150000
meta-llama/Meta-Llama-3-70B-instruct (few-shot),2.19,70553706496.0,128256.0,8192,1194.24,ğŸ“,âœ“,âœ—,10.61 Â± 1.50 / 21.44 Â± 0.87@@10.606420075733352,66.69 Â± 1.81 / 50.93 Â± 2.99@@66.69471601129315,58.64 Â± 1.06 / 79.12 Â± 0.61@@58.63662354047159,75.17 Â± 0.62 / 51.32 Â± 1.12@@75.16991355321163,65.59 Â± 0.38 / 17.32 Â± 0.44@@65.59111328184372,62.52 Â± 1.04 / 71.84 Â± 0.78@@62.52110885078665,64.47 Â± 1.41 / 72.97 Â± 1.10@@64.47057841578359,14.3.0@@140300,14.3.0@@140300,14.3.0@@140300,14.3.0@@140300,14.3.0@@140300,14.3.0@@140300,14.3.0@@140300
"gpt-4o-mini-2024-07-18 (zero-shot, val)",2.2,,200019.0,8191,862.54,ğŸ“,âœ“,âœ—,12.67 Â± 2.02 / 18.63 Â± 1.37@@12.665183411452963,64.15 Â± 2.49 / 38.77 Â± 2.59@@64.15112941443789,62.44 Â± 3.24 / 80.58 Â± 1.66@@62.43729630664356,73.09 Â± 1.04 / 44.00 Â± 1.63@@73.08577234049741,64.26 Â± 0.11 / 13.64 Â± 0.19@@64.26141520496458,56.45 Â± 2.36 / 67.46 Â± 1.73@@56.45368214883737,62.09 Â± 2.86 / 71.09 Â± 2.06@@62.09217403510225,14.0.1@@140001,14.0.1@@140001,14.0.1@@140001,14.2.0.dev0@@140200,14.0.1@@140001,14.0.3@@140003,14.0.3@@140003
ThatsGroes/gemma-2-27b-it-FP8-Dynamic (few-shot),2.29,28410968576.0,256000.0,4096,3632.83,ğŸ“,âœ“,âœ—,10.56 Â± 1.04 / 19.29 Â± 0.63@@10.557363856431543,68.17 Â± 1.75 / 51.61 Â± 2.73@@68.17080379119193,56.89 Â± 0.82 / 78.31 Â± 0.43@@56.89140284979477,75.31 Â± 0.69 / 55.57 Â± 1.07@@75.3140416038824,64.01 Â± 0.23 / 15.23 Â± 0.30@@64.01035328308353,58.74 Â± 0.88 / 68.94 Â± 0.65@@58.738167569262714,65.18 Â± 0.73 / 73.34 Â± 0.53@@65.18104022860783,14.0.4@@140004,14.0.4@@140004,14.0.4@@140004,14.3.0@@140300,14.0.4@@140004,14.0.4@@140004,14.0.4@@140004
CohereForAI/c4ai-command-r-08-2024 (few-shot),2.3,32296476672.0,256000.0,131072,1909.17,ğŸ“,âœ—,âœ—,14.41 Â± 1.69 / 35.58 Â± 1.84@@14.410321550306632,68.58 Â± 1.76 / 44.49 Â± 2.32@@68.57625181312986,55.01 Â± 1.21 / 77.17 Â± 0.63@@55.00728547206503,76.12 Â± 0.81 / 59.07 Â± 0.69@@76.12423680903471,65.69 Â± 0.95 / 16.39 Â± 0.64@@65.6853160969331,50.48 Â± 0.92 / 62.55 Â± 0.71@@50.480738554820924,49.08 Â± 1.51 / 60.63 Â± 1.34@@49.07601459701668,14.0.4@@140004,14.0.4@@140004,14.0.4@@140004,14.3.0@@140300,14.0.4@@140004,14.0.4@@140004,14.0.4@@140004
upstage/SOLAR-10.7B-v1.0 (few-shot),2.36,10731524096.0,32000.0,4096,929.16,ğŸ§ ,âœ“,âœ—,15.40 Â± 1.59 / 37.56 Â± 2.76@@15.403079675099407,64.85 Â± 3.22 / 46.33 Â± 1.24@@64.85062663754971,41.57 Â± 1.03 / 69.95 Â± 0.96@@41.5709926626318,84.04 Â± 0.53 / 70.94 Â± 0.72@@84.04222882098192,68.62 Â± 0.52 / 26.03 Â± 0.70@@68.61947432953457,37.99 Â± 0.81 / 53.37 Â± 0.61@@37.991451431663776,49.80 Â± 1.87 / 60.30 Â± 1.64@@49.79651791974124,15.0.0@@150000,15.0.0@@150000,15.0.0@@150000,15.0.0@@150000,15.0.0@@150000,15.0.0@@150000,15.0.0@@150000
"gpt-3.5-turbo-0613 (few-shot, val)",2.38,,100256.0,4095,920.94,ğŸ“,âœ“,âœ—,8.81 Â± 3.30 / 30.88 Â± 2.25@@8.814224080409815,68.96 Â± 3.80 / 58.45 Â± 3.71@@68.96057516643064,58.95 Â± 4.48 / 78.64 Â± 2.32@@58.945568526792805,68.26 Â± 1.85 / 55.57 Â± 2.33@@68.25713018821233,69.13 Â± 0.41 / 21.32 Â± 0.75@@69.12998343119398,42.28 Â± 2.88 / 56.45 Â± 2.26@@42.28172845015723,61.52 Â± 2.69 / 70.62 Â± 2.20@@61.51957590724096,<9.2.0@@0,<9.2.0@@0,<9.2.0@@0,<9.2.0@@0,<9.2.0@@0,<9.2.0@@0,<9.2.0@@0
"meta-llama/Llama-2-70b-hf (few-shot, val)",2.42,68976653312.0,32000.0,4349,1891.65,ğŸ§ ,âœ“,âœ—,7.82 Â± 4.30 / 34.91 Â± 2.53@@7.817270630670543,66.50 Â± 3.72 / 57.66 Â± 3.78@@66.49798470317847,49.55 Â± 4.95 / 73.43 Â± 3.38@@49.54713262417035,77.36 Â± 1.41 / 65.26 Â± 1.55@@77.35869523154358,67.28 Â± 1.07 / 21.33 Â± 1.39@@67.28034037165344,49.41 Â± 2.21 / 61.91 Â± 1.74@@49.40648722508646,54.50 Â± 4.84 / 65.70 Â± 3.64@@54.501192696806974,12.7.0@@120700,12.7.0@@120700,12.7.0@@120700,12.7.0@@120700,12.7.0@@120700,12.7.0@@120700,12.7.0@@120700
nvidia/Llama-3.1-Nemotron-70B-Instruct-HF (few-shot),2.44,70553706496.0,128256.0,131072,1207.76,ğŸ“,âœ“,âœ—,10.80 Â± 1.40 / 20.34 Â± 0.88@@10.803753686451694,55.08 Â± 2.19 / 30.07 Â± 1.17@@55.084830588276056,61.31 Â± 1.10 / 80.58 Â± 0.56@@61.30981352695483,75.28 Â± 0.37 / 53.22 Â± 1.08@@75.28058784307247,52.72 Â± 0.51 / 9.05 Â± 0.31@@52.718693337228615,68.15 Â± 1.32 / 76.04 Â± 1.01@@68.1530245255439,72.50 Â± 0.80 / 79.13 Â± 0.64@@72.50216331532592,14.0.4@@140004,14.0.4@@140004,14.0.4@@140004,14.3.0@@140300,14.0.4@@140004,14.0.4@@140004,14.0.4@@140004
"claude-3-5-haiku-20241022 (zero-shot, val)",2.47,,,200000,199.99,ğŸ“,âœ“,âœ—,12.71 Â± 2.21 / 30.22 Â± 1.53@@12.713775313214065,61.15 Â± 3.04 / 43.60 Â± 2.00@@61.145725421411726,35.26 Â± 2.46 / 59.55 Â± 1.69@@35.25822310712442,68.75 Â± 0.97 / 38.87 Â± 1.41@@68.75291999745937,64.93 Â± 0.11 / 13.88 Â± 0.23@@64.93481932207942,59.28 Â± 2.71 / 69.26 Â± 2.12@@59.278960195218446,50.45 Â± 2.20 / 61.68 Â± 1.89@@50.44899929373992,14.0.2@@140002,14.0.3@@140003,14.0.3@@140003,14.2.0.dev0@@140200,14.0.3@@140003,14.4.0@@140400,14.4.0@@140400
google/gemma-2-9b-it (few-shot),2.5,9241705984.0,256000.0,4096,2597.9,ğŸ“,âœ“,âœ—,9.09 Â± 1.75 / 19.03 Â± 1.02@@9.088238804155038,55.69 Â± 2.23 / 39.19 Â± 1.99@@55.69000978669718,50.96 Â± 1.36 / 72.17 Â± 1.05@@50.96348820143698,74.88 Â± 0.50 / 54.55 Â± 1.02@@74.88484941556843,62.35 Â± 0.17 / 12.87 Â± 0.25@@62.34553933813004,54.69 Â± 0.75 / 65.91 Â± 0.57@@54.6927487364406,59.02 Â± 1.34 / 69.00 Â± 1.06@@59.02234634456857,14.4.0@@140400,14.4.0@@140400,14.4.0@@140400,14.4.0@@140400,14.4.0@@140400,14.4.0@@140400,14.4.0@@140400
mistralai/Mistral-Nemo-Instruct-2407 (few-shot),2.52,12247782400.0,131072.0,1024256,7094.98,ğŸ“,âœ“,âœ—,10.10 Â± 1.55 / 33.62 Â± 2.04@@10.09720845909788,66.57 Â± 1.86 / 48.40 Â± 2.67@@66.57332207281758,40.31 Â± 2.25 / 69.53 Â± 1.51@@40.311763327029624,74.24 Â± 0.63 / 59.99 Â± 0.95@@74.24063308002674,68.66 Â± 0.68 / 20.75 Â± 1.15@@68.66180246841395,42.50 Â± 0.84 / 56.53 Â± 0.62@@42.49558992224863,48.51 Â± 1.44 / 60.59 Â± 1.34@@48.512136304202,13.0.0@@130000,13.0.0@@130000,13.0.0@@130000,13.0.0@@130000,13.0.0@@130000,13.0.0@@130000,13.0.0@@130000
"meta-llama/Llama-2-70b-chat-hf (few-shot, val)",2.53,68976653312.0,32000.0,4096,1979.03,ğŸ“,âœ“,âœ—,13.30 Â± 3.75 / 30.50 Â± 2.48@@13.29922039827694,64.00 Â± 3.52 / 48.94 Â± 3.83@@63.99966907621849,30.88 Â± 4.62 / 59.62 Â± 4.50@@30.87573881883162,70.96 Â± 1.01 / 54.14 Â± 1.55@@70.96050201302737,68.71 Â± 0.70 / 19.82 Â± 0.90@@68.71107938699424,45.47 Â± 2.07 / 59.14 Â± 1.69@@45.46654283701132,42.91 Â± 3.26 / 57.30 Â± 2.39@@42.910676083942555,12.7.0@@120700,12.7.0@@120700,12.7.0@@120700,12.7.0@@120700,12.7.0@@120700,12.7.0@@120700,12.7.0@@120700
mistralai/Mixtral-8x7B-Instruct-v0.1 (few-shot),2.56,46702792704.0,32000.0,32768,5535.32,ğŸ“,âœ“,âœ—,12.50 Â± 1.74 / 33.57 Â± 1.09@@12.503602131804719,58.80 Â± 3.37 / 37.95 Â± 1.80@@58.804838330868456,45.22 Â± 1.65 / 71.80 Â± 1.10@@45.22405280453761,72.15 Â± 1.25 / 49.97 Â± 1.07@@72.15083285071958,65.95 Â± 0.32 / 15.67 Â± 0.51@@65.95491415486322,43.41 Â± 1.10 / 57.51 Â± 0.81@@43.405161546112474,43.33 Â± 1.37 / 57.03 Â± 1.09@@43.32942026748658,14.0.4@@140004,14.0.4@@140004,14.0.4@@140004,14.3.0@@140300,14.0.4@@140004,14.0.4@@140004,14.0.4@@140004
google/gemma-2-9b (few-shot),2.57,9241705984.0,256000.0,4096,919.55,ğŸ§ ,âœ“,âœ—,7.74 Â± 1.78 / 17.99 Â± 1.16@@7.7394413926530845,67.12 Â± 2.11 / 48.38 Â± 1.76@@67.123742932894,33.39 Â± 5.91 / 59.74 Â± 5.70@@33.389964680284834,78.46 Â± 1.22 / 62.37 Â± 0.82@@78.45533491575777,66.39 Â± 0.97 / 21.15 Â± 1.39@@66.39205296043656,51.95 Â± 0.71 / 63.84 Â± 0.52@@51.949641306882775,43.20 Â± 2.54 / 56.02 Â± 2.27@@43.19519380155575,14.4.0@@140400,14.4.0@@140400,14.4.0@@140400,14.4.0@@140400,14.4.0@@140400,14.4.0@@140400,14.4.0@@140400
CohereForAI/aya-expanse-8b (few-shot),2.57,8028033024.0,256000.0,8192,1341.64,ğŸ§ ,âœ—,âœ—,13.68 Â± 1.32 / 34.87 Â± 0.67@@13.684295747014636,53.02 Â± 1.86 / 30.09 Â± 1.16@@53.022398148928204,29.97 Â± 2.13 / 64.01 Â± 1.12@@29.967148316858065,75.15 Â± 0.59 / 56.98 Â± 0.82@@75.14943664754504,73.93 Â± 0.30 / 30.81 Â± 0.43@@73.93261615201482,38.81 Â± 1.13 / 53.87 Â± 0.90@@38.81107718583323,40.95 Â± 1.72 / 55.25 Â± 1.38@@40.9482885318983,14.1.2@@140102,14.1.2@@140102,14.1.2@@140102,14.2.0.dev0@@140200,14.1.2@@140102,14.1.2@@140102,14.1.2@@140102
mistralai/Mixtral-8x7B-v0.1 (few-shot),2.61,46702792704.0,32000.0,32768,2362.92,ğŸ§ ,âœ“,âœ—,12.99 Â± 2.90 / 35.40 Â± 3.35@@12.989248300262055,64.81 Â± 2.75 / 50.00 Â± 2.43@@64.81043000535125,39.38 Â± 1.67 / 69.22 Â± 0.96@@39.383748109877935,79.80 Â± 1.45 / 65.22 Â± 1.22@@79.79528048578024,66.41 Â± 0.70 / 20.80 Â± 0.95@@66.41231482644798,45.60 Â± 1.16 / 59.03 Â± 0.83@@45.59941884778179,24.71 Â± 2.75 / 41.41 Â± 2.20@@24.706945138726137,14.0.4@@140004,14.0.4@@140004,14.0.4@@140004,14.3.0@@140300,14.0.4@@140004,14.0.4@@140004,14.0.4@@140004
CohereForAI/c4ai-command-r7b-12-2024 (few-shot),2.62,8028033024.0,256000.0,4096,2713.55,ğŸ“,âœ—,âœ—,13.80 Â± 1.42 / 33.51 Â± 1.87@@13.801187730177256,61.73 Â± 2.45 / 35.33 Â± 1.85@@61.731235626385526,37.21 Â± 1.69 / 67.42 Â± 1.06@@37.21173816770456,76.28 Â± 1.01 / 60.06 Â± 0.59@@76.28051538627551,66.52 Â± 0.34 / 17.60 Â± 0.32@@66.5181715284416,40.02 Â± 1.17 / 54.88 Â± 0.90@@40.02208597154581,38.47 Â± 1.20 / 53.60 Â± 0.94@@38.465318461583756,14.4.0@@140400,14.4.0@@140400,14.4.0@@140400,14.4.0@@140400,14.4.0@@140400,14.4.0@@140400,14.4.0@@140400
CohereForAI/aya-23-8B (few-shot),2.65,8028033024.0,256000.0,8192,2706.96,ğŸ§ ,âœ—,âœ—,7.90 Â± 1.63 / 24.82 Â± 0.95@@7.897898437624712,60.81 Â± 1.94 / 46.59 Â± 3.32@@60.80936951018656,31.12 Â± 2.35 / 64.29 Â± 1.88@@31.12421701220722,68.19 Â± 0.72 / 52.80 Â± 0.97@@68.18999172173463,72.90 Â± 0.24 / 30.63 Â± 0.42@@72.90062607382424,32.37 Â± 1.09 / 48.63 Â± 0.82@@32.371705770735836,53.32 Â± 1.89 / 64.30 Â± 1.72@@53.32372943870423,13.0.0@@130000,13.0.0@@130000,13.0.0@@130000,14.3.0@@140300,13.0.0@@130000,13.0.0@@130000,13.0.0@@130000
meta-llama/Meta-Llama-3-8B-Instruct (few-shot),2.65,8030261248.0,128256.0,8192,1483.24,ğŸ“,âœ“,âœ—,14.67 Â± 2.51 / 41.36 Â± 2.04@@14.672823847110456,68.72 Â± 1.81 / 54.89 Â± 2.10@@68.72299111873397,32.91 Â± 2.56 / 64.93 Â± 1.97@@32.90870744469777,67.12 Â± 0.59 / 39.33 Â± 0.95@@67.12105733006248,67.62 Â± 0.82 / 18.19 Â± 1.14@@67.61581254773773,36.18 Â± 1.31 / 51.68 Â± 1.05@@36.180467076603776,33.91 Â± 1.71 / 48.01 Â± 1.47@@33.91033845702422,12.6.1@@120601,12.6.1@@120601,12.6.1@@120601,14.2.0.dev0@@140200,12.6.1@@120601,12.6.1@@120601,12.6.1@@120601
CohereForAI/c4ai-command-r-v01 (few-shot),2.66,34980831232.0,256000.0,8192,1919.22,ğŸ“,âœ—,âœ—,9.03 Â± 1.38 / 29.15 Â± 1.45@@9.027587800145646,61.21 Â± 2.15 / 41.76 Â± 1.84@@61.2104091403285,38.15 Â± 2.37 / 65.60 Â± 2.16@@38.14538367363899,69.35 Â± 0.82 / 49.78 Â± 1.70@@69.34641865957079,67.58 Â± 0.17 / 18.69 Â± 0.23@@67.57834015676053,41.03 Â± 0.96 / 55.56 Â± 0.74@@41.0251201044128,44.57 Â± 1.60 / 58.17 Â± 1.22@@44.568568665303694,14.0.4@@140004,14.0.4@@140004,14.0.4@@140004,14.3.0@@140300,14.1.1@@140101,14.1.1@@140101,14.1.1@@140101
Nexusflow/Starling-LM-7B-beta (few-shot),2.66,7241748480.0,32002.0,4096,1990.47,ğŸ“,âœ—,âœ—,15.13 Â± 1.83 / 40.18 Â± 1.61@@15.129648796068116,63.01 Â± 2.00 / 33.76 Â± 1.86@@63.012389177769926,39.20 Â± 1.25 / 68.05 Â± 1.27@@39.20367924433561,66.93 Â± 3.57 / 39.70 Â± 4.32@@66.92786405874315,64.41 Â± 0.66 / 14.57 Â± 0.60@@64.41484074894106,32.99 Â± 1.00 / 49.58 Â± 0.76@@32.989819561309375,42.49 Â± 1.27 / 55.95 Â± 0.90@@42.48713276307668,14.1.2@@140102,14.1.2@@140102,14.1.2@@140102,14.3.0@@140300,14.1.2@@140102,14.1.2@@140102,14.1.2@@140102
senseable/WestLake-7B-v2 (few-shot),2.69,7241732096.0,32000.0,4096,3612.97,ğŸ§ ,âœ—,âœ—,13.47 Â± 1.85 / 38.67 Â± 1.20@@13.471928311591046,64.21 Â± 3.23 / 46.00 Â± 2.16@@64.21168880701087,28.59 Â± 2.48 / 61.30 Â± 3.20@@28.590952296043532,71.37 Â± 1.13 / 50.63 Â± 0.99@@71.37006088215931,68.08 Â± 1.07 / 19.02 Â± 1.25@@68.08477172380663,34.73 Â± 1.02 / 50.90 Â± 0.78@@34.725975700540076,37.65 Â± 1.74 / 52.33 Â± 1.37@@37.646497486642666,15.0.0@@150000,15.0.0@@150000,15.0.0@@150000,15.0.0@@150000,15.0.0@@150000,15.0.0@@150000,15.0.0@@150000
nvidia/mistral-nemo-minitron-8b-base (few-shot),2.69,8414105600.0,131072.0,8192,1203.56,ğŸ§ ,âœ“,âœ—,12.71 Â± 2.10 / 37.65 Â± 1.83@@12.707057354480632,66.29 Â± 2.06 / 47.69 Â± 2.04@@66.29346208261181,31.39 Â± 1.27 / 63.48 Â± 1.67@@31.39208057906614,79.21 Â± 1.17 / 65.97 Â± 0.83@@79.20929246606674,64.10 Â± 0.62 / 17.65 Â± 0.69@@64.10083848881186,37.55 Â± 1.03 / 52.98 Â± 0.83@@37.547116513839384,29.69 Â± 2.55 / 44.05 Â± 2.51@@29.694041502666124,14.1.1@@140101,14.1.1@@140101,14.1.1@@140101,14.3.0@@140300,14.1.1@@140101,14.1.1@@140101,14.1.1@@140101
mistralai/Ministral-8B-Instruct-2410 (few-shot),2.71,8019808256.0,131072.0,32768,1300.24,ğŸ“,âœ“,âœ—,12.10 Â± 1.14 / 34.69 Â± 1.15@@12.101175973138837,63.30 Â± 2.36 / 39.20 Â± 2.16@@63.30438132122783,32.20 Â± 0.77 / 65.67 Â± 0.69@@32.204180613450426,74.66 Â± 0.75 / 59.91 Â± 0.63@@74.66470850372079,65.60 Â± 0.14 / 15.53 Â± 0.18@@65.60275464042206,33.02 Â± 0.79 / 49.45 Â± 0.61@@33.023609209433104,44.88 Â± 2.56 / 57.56 Â± 2.18@@44.87643843826613,15.0.0@@150000,14.1.2@@140102,14.1.2@@140102,14.2.0.dev0@@140200,14.1.2@@140102,14.1.2@@140102,14.1.2@@140102
skole-gpt-mixtral (few-shot),2.73,,32000.0,32768,3582.66,ğŸ§ ,âœ“,âœ—,8.92 Â± 1.08 / 24.28 Â± 0.76@@8.918752696290786,62.16 Â± 1.09 / 45.76 Â± 2.07@@62.15607058130191,32.76 Â± 2.94 / 65.17 Â± 2.79@@32.75857563937352,72.57 Â± 0.85 / 56.87 Â± 0.92@@72.5714350463929,68.39 Â± 0.73 / 20.83 Â± 1.21@@68.39195063075749,46.17 Â± 0.64 / 59.57 Â± 0.48@@46.167201159994335,33.31 Â± 1.83 / 49.12 Â± 1.64@@33.3145720667635,13.0.0@@130000,13.0.0@@130000,13.0.0@@130000,13.0.0@@130000,13.0.0@@130000,13.0.0@@130000,13.0.0@@130000
yhavinga/Boreas-7B-chat (few-shot),2.76,7241732096.0,32000.0,32768,2912.59,ğŸ“,âœ—,âœ—,11.97 Â± 1.80 / 35.17 Â± 3.03@@11.973192475786512,60.22 Â± 1.55 / 38.72 Â± 1.45@@60.220145499304834,30.94 Â± 4.81 / 62.66 Â± 3.36@@30.941311236875052,75.55 Â± 0.98 / 60.04 Â± 0.84@@75.54566722522223,66.60 Â± 1.93 / 20.00 Â± 1.35@@66.5996345745225,35.34 Â± 1.32 / 51.45 Â± 0.99@@35.340108446492145,31.47 Â± 2.90 / 47.64 Â± 2.52@@31.466866855449926,12.6.1@@120601,12.6.1@@120601,12.6.1@@120601,14.2.0.dev0@@140200,12.6.1@@120601,12.6.1@@120601,12.6.1@@120601
utter-project/EuroLLM-9B (few-shot),2.77,9152319488.0,128000.0,4096,2383.62,ğŸ§ ,âœ“,âœ—,11.20 Â± 1.69 / 29.96 Â± 1.70@@11.195853367330312,55.96 Â± 2.14 / 34.41 Â± 1.67@@55.96005798553908,35.34 Â± 2.44 / 65.91 Â± 2.33@@35.34229643726389,79.92 Â± 1.20 / 67.95 Â± 1.14@@79.92168318212289,67.89 Â± 1.05 / 21.86 Â± 1.72@@67.89071164406778,35.52 Â± 0.78 / 51.48 Â± 0.58@@35.51769168419271,22.96 Â± 2.05 / 39.68 Â± 1.99@@22.955323039600817,15.0.0@@150000,15.0.0@@150000,15.0.0@@150000,15.0.0@@150000,15.0.0@@150000,15.0.0@@150000,15.0.0@@150000
meta-llama/Llama-3.1-8B (few-shot),2.78,8030261248.0,128256.0,131072,1481.56,ğŸ§ ,âœ“,âœ—,11.97 Â± 1.98 / 38.02 Â± 1.25@@11.97086086321078,65.87 Â± 1.90 / 46.02 Â± 1.99@@65.87441419381655,31.90 Â± 4.02 / 56.86 Â± 4.61@@31.90373107029614,77.35 Â± 1.66 / 62.80 Â± 1.04@@77.35310923320459,65.74 Â± 0.81 / 20.37 Â± 1.30@@65.74350070237415,36.04 Â± 0.86 / 51.88 Â± 0.66@@36.04104543613823,25.83 Â± 2.09 / 43.58 Â± 1.76@@25.82732703083569,14.4.0.dev0@@140400,15.0.0@@150000,15.0.0@@150000,14.3.0@@140300,15.0.0@@150000,15.0.0@@150000,15.0.0@@150000
mgoin/Nemotron-4-340B-Instruct-hf-FP8 (few-shot),2.79,341029195776.0,256000.0,4096,1904.18,ğŸ“,âœ“,âœ—,10.62 Â± 2.33 / 34.10 Â± 2.72@@10.622032242125993,47.60 Â± 2.59 / 29.38 Â± 1.71@@47.59998319433835,61.64 Â± 9.03 / 78.16 Â± 6.70@@61.639891339561025,42.51 Â± 9.76 / 27.85 Â± 6.27@@42.50929513802135,54.51 Â± 2.27 / 8.49 Â± 1.49@@54.51219186812523,50.32 Â± 11.27 / 61.39 Â± 9.56@@50.323872987670036,64.62 Â± 6.94 / 71.43 Â± 6.37@@64.62342649397654,14.0.4@@140004,14.0.4@@140004,14.0.4@@140004,14.3.0@@140300,14.0.4@@140004,14.0.4@@140004,14.0.4@@140004
allenai/Llama-3.1-Tulu-3-8B-DPO (few-shot),2.79,8030326784.0,128264.0,131072,7205.86,ğŸ“,âœ“,âœ—,7.17 Â± 1.32 / 19.75 Â± 0.75@@7.174414976284568,59.87 Â± 1.90 / 44.64 Â± 1.46@@59.8661784402049,40.51 Â± 2.07 / 63.80 Â± 1.93@@40.50585834521027,72.12 Â± 1.49 / 54.35 Â± 1.17@@72.12272584744579,67.69 Â± 0.41 / 18.08 Â± 0.70@@67.68621083232574,36.38 Â± 0.64 / 52.03 Â± 0.48@@36.378829484888385,40.49 Â± 1.93 / 54.69 Â± 1.57@@40.48747115319639,15.1.0@@150100,15.1.0@@150100,15.1.0@@150100,15.1.0@@150100,15.1.0@@150100,15.1.0@@150100,15.1.0@@150100
allenai/Llama-3.1-Tulu-3-8B (few-shot),2.8,8030326784.0,128264.0,131072,7235.06,ğŸ“,âœ“,âœ—,7.13 Â± 1.41 / 19.51 Â± 0.80@@7.1331700697391875,58.28 Â± 1.91 / 43.29 Â± 1.30@@58.28336139894772,40.31 Â± 2.20 / 63.06 Â± 2.05@@40.31412750290886,71.14 Â± 1.84 / 54.55 Â± 1.26@@71.13983427683544,67.73 Â± 0.54 / 18.27 Â± 0.92@@67.73149399989052,36.32 Â± 0.49 / 51.96 Â± 0.37@@36.318092026204496,40.61 Â± 1.77 / 54.77 Â± 1.45@@40.606283342780834,15.1.0@@150100,15.1.0@@150100,15.1.0@@150100,15.1.0@@150100,15.1.0@@150100,15.1.0@@150100,15.1.0@@150100
meta-llama/Llama-3.1-8B-Instruct (few-shot),2.8,8030261248.0,128256.0,131072,1478.39,ğŸ“,âœ“,âœ—,8.97 Â± 1.44 / 20.07 Â± 0.82@@8.965070729662637,61.68 Â± 1.94 / 42.64 Â± 1.85@@61.681794879665134,36.57 Â± 1.77 / 65.25 Â± 1.94@@36.56671058242787,68.14 Â± 0.60 / 38.60 Â± 1.20@@68.14402942962741,64.80 Â± 0.38 / 16.87 Â± 0.29@@64.79738181151333,37.45 Â± 0.61 / 53.03 Â± 0.48@@37.45196230242732,42.45 Â± 1.72 / 56.78 Â± 1.31@@42.4465898555315,14.1.2@@140102,14.1.2@@140102,14.1.2@@140102,14.2.0.dev0@@140200,14.1.2@@140102,14.1.2@@140102,14.1.2@@140102
"mlabonne/NeuralBeagle14-7B (few-shot, val)",2.84,7241732096.0,32000.0,8192,2409.53,ğŸ“,âœ—,âœ“,11.25 Â± 4.22 / 39.00 Â± 3.14@@11.246057310540872,63.53 Â± 3.80 / 50.43 Â± 2.90@@63.53120666595999,27.76 Â± 4.44 / 62.44 Â± 2.43@@27.759501630099248,24.97 Â± 1.46 / 0.38 Â± 0.33@@24.968860938438382,71.20 Â± 0.46 / 23.47 Â± 0.80@@71.19693293469027,40.23 Â± 2.86 / 54.77 Â± 2.16@@40.23409276830282,47.87 Â± 2.49 / 60.78 Â± 1.85@@47.871673683530915,9.3.2@@90302,9.3.2@@90302,9.3.2@@90302,14.3.0@@140300,9.3.2@@90302,9.3.2@@90302,9.3.2@@90302
meta-llama/Meta-Llama-3-8B (few-shot),2.84,8030261248.0,128256.0,8192,1476.79,ğŸ§ ,âœ“,âœ—,10.45 Â± 2.69 / 33.45 Â± 1.99@@10.450338309419582,62.26 Â± 2.20 / 42.41 Â± 2.02@@62.26459021823446,30.30 Â± 3.94 / 62.28 Â± 2.89@@30.301285835140106,76.66 Â± 1.92 / 62.76 Â± 1.52@@76.65614292770971,65.17 Â± 1.24 / 18.63 Â± 1.85@@65.17278118750255,36.38 Â± 0.86 / 52.08 Â± 0.66@@36.384315366892515,28.33 Â± 2.31 / 45.29 Â± 1.78@@28.33008894706405,12.6.1@@120601,12.6.1@@120601,12.6.1@@120601,14.3.0@@140300,12.6.1@@120601,12.6.1@@120601,12.6.1@@120601
ibm-granite/granite-3.0-8b-base (few-shot),2.85,8170835968.0,49152.0,4096,2514.59,ğŸ§ ,âœ“,âœ—,8.46 Â± 1.09 / 21.30 Â± 0.67@@8.463590533700872,52.32 Â± 1.98 / 41.98 Â± 1.88@@52.31667905507129,42.42 Â± 3.42 / 68.81 Â± 2.66@@42.420536121697204,78.31 Â± 1.48 / 64.38 Â± 0.93@@78.3101471875957,66.00 Â± 0.61 / 18.47 Â± 0.79@@66.00052040113951,34.34 Â± 0.87 / 50.51 Â± 0.72@@34.34191302893769,26.46 Â± 3.88 / 43.33 Â± 3.00@@26.455312208504644,14.1.2@@140102,14.1.2@@140102,14.1.2@@140102,14.3.0@@140300,14.1.2@@140102,14.1.2@@140102,14.1.2@@140102
NorwAI/NorwAI-Mixtral-8x7B (few-shot),2.86,46997647360.0,67993.0,32768,2368.15,ğŸ§ ,âœ“,âœ—,13.83 Â± 1.32 / 37.70 Â± 1.94@@13.830482288251458,62.76 Â± 3.54 / 40.29 Â± 1.82@@62.760161169851735,24.44 Â± 2.86 / 58.02 Â± 2.28@@24.44237863019118,76.52 Â± 0.95 / 60.97 Â± 1.18@@76.52087415753083,63.34 Â± 0.59 / 18.36 Â± 0.69@@63.34473979273753,38.50 Â± 0.76 / 52.93 Â± 0.49@@38.49519528747159,20.26 Â± 3.39 / 38.63 Â± 3.03@@20.25981418418425,14.0.4@@140004,14.0.4@@140004,14.0.4@@140004,14.3.0@@140300,14.0.4@@140004,14.0.4@@140004,14.0.4@@140004
NorwAI/NorwAI-Mixtral-8x7B-instruct (few-shot),2.86,46997647360.0,67993.0,32768,9015.47,ğŸ“,âœ“,âœ—,11.28 Â± 2.13 / 32.44 Â± 3.18@@11.28157237575409,62.81 Â± 3.06 / 43.07 Â± 2.90@@62.80936705584048,28.57 Â± 2.14 / 60.59 Â± 2.37@@28.565009888664328,66.14 Â± 2.59 / 42.46 Â± 4.16@@66.13714279081888,65.35 Â± 0.98 / 18.66 Â± 0.83@@65.35262754521682,39.53 Â± 0.99 / 54.24 Â± 0.73@@39.529336757261774,26.71 Â± 3.11 / 44.58 Â± 2.46@@26.710230213728863,14.0.4@@140004,14.0.4@@140004,14.0.4@@140004,14.3.0@@140300,14.0.4@@140004,14.0.4@@140004,14.0.4@@140004
robinsmits/Qwen1.5-7B-Dutch-Chat-Sft-Bf16 (few-shot),2.87,7718948864.0,151646.0,32768,2413.24,ğŸ“,âœ—,âœ—,14.79 Â± 1.96 / 41.48 Â± 1.53@@14.791154660498421,56.83 Â± 2.31 / 46.81 Â± 2.87@@56.82788520356918,23.58 Â± 2.69 / 50.85 Â± 3.74@@23.580553311087126,67.70 Â± 0.88 / 43.32 Â± 2.07@@67.7028888098761,65.06 Â± 1.20 / 18.45 Â± 1.09@@65.05846860716701,33.73 Â± 0.75 / 50.05 Â± 0.57@@33.73422944774543,29.29 Â± 1.83 / 45.90 Â± 1.77@@29.289335325981963,12.6.1@@120601,12.6.1@@120601,12.6.1@@120601,14.2.0.dev0@@140200,12.6.1@@120601,12.6.1@@120601,12.6.1@@120601
robinsmits/Qwen1.5-7B-Dutch-Chat (few-shot),2.88,7718948864.0,151646.0,32768,4685.65,ğŸ“,âœ—,âœ—,14.62 Â± 2.25 / 41.08 Â± 1.81@@14.618020792353887,57.81 Â± 2.68 / 47.15 Â± 2.77@@57.80846005780376,25.34 Â± 2.37 / 54.46 Â± 3.43@@25.340665356316393,71.39 Â± 0.44 / 49.79 Â± 1.72@@71.3926674685618,60.51 Â± 2.40 / 15.62 Â± 1.65@@60.5111246749584,34.78 Â± 0.80 / 50.83 Â± 0.58@@34.7839452778414,30.29 Â± 1.78 / 46.74 Â± 1.68@@30.289045571180363,12.5.3@@120503,12.5.3@@120503,12.5.3@@120503,14.2.0.dev0@@140200,12.5.3@@120503,12.5.3@@120503,12.5.3@@120503
ReBatch/Reynaerde-7B-Chat (few-shot),2.91,7248023552.0,32768.0,32768,2553.94,ğŸ“,âœ—,âœ—,11.22 Â± 1.85 / 30.99 Â± 1.36@@11.220801316210952,56.22 Â± 2.46 / 38.04 Â± 1.69@@56.22025776881495,20.04 Â± 1.67 / 55.38 Â± 3.62@@20.037931730372588,71.46 Â± 0.83 / 55.50 Â± 1.19@@71.4612082211284,68.28 Â± 0.61 / 20.97 Â± 0.82@@68.28498341215891,32.44 Â± 0.61 / 49.05 Â± 0.48@@32.44205152828423,31.24 Â± 1.92 / 47.72 Â± 1.69@@31.24065559782789,13.0.0@@130000,13.0.0@@130000,13.0.0@@130000,14.2.0.dev0@@140200,13.0.0@@130000,13.0.0@@130000,13.0.0@@130000
ibm-granite/granite-3.0-8b-instruct (few-shot),2.92,8170848256.0,49155.0,4096,1279.43,ğŸ“,âœ“,âœ—,13.37 Â± 1.25 / 36.94 Â± 1.81@@13.367558033391294,53.62 Â± 2.29 / 40.51 Â± 1.41@@53.618073284159436,23.47 Â± 1.79 / 60.17 Â± 1.23@@23.4747291101779,74.82 Â± 1.29 / 60.62 Â± 1.21@@74.82068705529667,62.34 Â± 3.24 / 18.49 Â± 1.19@@62.338426502537914,34.69 Â± 0.59 / 50.59 Â± 0.56@@34.685635878319424,31.36 Â± 1.90 / 46.78 Â± 1.51@@31.36435339557296,13.0.0@@130000,13.0.0@@130000,13.0.0@@130000,14.2.0.dev0@@140200,13.0.0@@130000,13.0.0@@130000,13.0.0@@130000
ReBatch/Reynaerde-7B-Instruct (few-shot),2.93,7248023552.0,32768.0,32768,2561.7,ğŸ“,âœ—,âœ—,10.39 Â± 1.44 / 28.74 Â± 1.05@@10.387376144766005,59.16 Â± 2.29 / 42.33 Â± 2.15@@59.156884015865295,19.50 Â± 1.96 / 55.52 Â± 3.92@@19.49986201342134,71.70 Â± 0.87 / 55.86 Â± 1.58@@71.70143995668136,68.19 Â± 0.63 / 20.85 Â± 0.78@@68.18520556989824,32.93 Â± 0.63 / 49.37 Â± 0.55@@32.93341972519194,28.04 Â± 1.54 / 45.48 Â± 1.35@@28.03819818505044,13.0.0@@130000,13.0.0@@130000,13.0.0@@130000,14.2.0.dev0@@140200,13.0.0@@130000,13.0.0@@130000,13.0.0@@130000
utter-project/EuroLLM-9B-Instruct (few-shot),2.93,9152319488.0,128000.0,4096,954.97,ğŸ“,âœ—,âœ—,9.55 Â± 1.61 / 30.66 Â± 1.40@@9.548904327214728,56.24 Â± 1.98 / 30.62 Â± 2.25@@56.23702425821983,37.38 Â± 4.42 / 61.36 Â± 5.00@@37.37521420185058,70.44 Â± 2.16 / 57.85 Â± 1.91@@70.43591759041654,63.88 Â± 0.28 / 14.05 Â± 0.24@@63.877236280386576,34.79 Â± 1.19 / 50.59 Â± 0.94@@34.78943235108526,25.03 Â± 2.39 / 40.97 Â± 2.75@@25.026485420845994,14.4.0@@140400,14.4.0@@140400,14.4.0@@140400,14.4.0@@140400,14.4.0@@140400,15.0.0@@150000,15.0.0@@150000
"mlabonne/AlphaMonarch-7B (few-shot, val)",2.94,7241732096.0,32000.0,8192,2410.16,ğŸ“,âœ—,âœ“,11.14 Â± 3.37 / 38.64 Â± 2.36@@11.142821607852193,64.71 Â± 5.15 / 53.58 Â± 3.82@@64.70872890481495,25.22 Â± 5.45 / 61.28 Â± 2.51@@25.217341077793147,23.46 Â± 1.65 / 1.74 Â± 1.14@@23.45781746788295,67.71 Â± 0.59 / 17.76 Â± 0.71@@67.71215998800471,38.49 Â± 2.59 / 53.52 Â± 2.03@@38.487129903216044,47.66 Â± 2.91 / 60.31 Â± 2.30@@47.65829185054947,12.5.2@@120502,12.5.2@@120502,12.5.2@@120502,14.3.0@@140300,12.5.2@@120502,12.5.2@@120502,12.5.2@@120502
ReBatch/Llama-3-8B-dutch (few-shot),2.95,8030277632.0,128258.0,8445,3799.86,ğŸ§ ,âœ—,âœ—,11.07 Â± 1.98 / 34.77 Â± 1.31@@11.066041247502808,60.14 Â± 2.00 / 44.91 Â± 2.19@@60.13720216338017,15.67 Â± 3.75 / 40.14 Â± 2.65@@15.674560724745348,71.98 Â± 2.28 / 58.63 Â± 2.03@@71.97989705827838,64.49 Â± 1.40 / 18.40 Â± 1.70@@64.49182734155329,36.13 Â± 1.24 / 51.76 Â± 0.92@@36.132309053887305,28.25 Â± 2.23 / 44.23 Â± 2.03@@28.24662935083267,12.7.0@@120700,12.7.0@@120700,12.7.0@@120700,14.3.0@@140300,12.7.0@@120700,12.7.0@@120700,12.7.0@@120700
tiiuae/Falcon3-7B-Instruct (few-shot),2.96,7455550464.0,131072.0,32768,2978.29,ğŸ“,âœ“,âœ—,10.83 Â± 1.57 / 21.85 Â± 1.03@@10.833854139880609,58.58 Â± 1.70 / 49.83 Â± 1.39@@58.581890536219504,24.34 Â± 1.54 / 61.66 Â± 0.97@@24.340162923436957,72.78 Â± 0.76 / 56.76 Â± 0.88@@72.7770599297094,65.16 Â± 1.01 / 16.13 Â± 1.02@@65.15905408043182,28.81 Â± 0.78 / 46.49 Â± 0.62@@28.812712166989062,25.51 Â± 0.87 / 43.86 Â± 0.71@@25.505564839177286,14.3.0@@140300,14.3.0@@140300,14.3.0@@140300,14.3.0@@140300,14.3.0@@140300,14.3.0@@140300,14.3.0@@140300
BSC-LT/salamandra-7b-instruct (few-shot),2.99,7768117248.0,256000.0,8192,3958.96,ğŸ“,âœ“,âœ—,14.05 Â± 1.36 / 36.34 Â± 1.24@@14.050863102875304,55.14 Â± 2.28 / 33.17 Â± 0.93@@55.1355964571706,25.20 Â± 1.89 / 56.92 Â± 2.37@@25.20331591206743,74.54 Â± 0.62 / 59.28 Â± 0.98@@74.5448993250473,66.66 Â± 0.68 / 18.53 Â± 0.97@@66.66142200418108,24.73 Â± 0.87 / 41.65 Â± 0.84@@24.727008885839844,16.92 Â± 1.40 / 35.50 Â± 1.17@@16.915051036268736,14.4.0@@140400,14.4.0@@140400,14.4.0@@140400,14.4.0@@140400,14.4.0@@140400,14.4.0@@140400,14.4.0@@140400
Rijgersberg/Mistral-7B-v0.1-chat-nl (few-shot),3.01,7241732096.0,32000.0,32768,5907.39,ğŸ“,âœ—,âœ—,11.08 Â± 1.46 / 32.20 Â± 1.43@@11.08003777577462,56.73 Â± 1.95 / 38.97 Â± 1.84@@56.72759695264824,19.41 Â± 2.55 / 57.17 Â± 2.38@@19.405589248705144,70.13 Â± 0.98 / 53.00 Â± 1.60@@70.12575150614029,68.05 Â± 0.39 / 21.26 Â± 0.65@@68.05241674868739,31.39 Â± 0.86 / 48.09 Â± 0.72@@31.389391347198302,16.49 Â± 2.14 / 36.67 Â± 1.72@@16.489639412458775,12.5.2@@120502,12.5.2@@120502,12.5.2@@120502,14.2.0.dev0@@140200,12.5.2@@120502,12.5.2@@120502,12.5.2@@120502
allenai/OLMo-2-1124-13B (few-shot),3.01,13716198400.0,100352.0,4096,1463.93,ğŸ§ ,âœ“,âœ—,12.88 Â± 1.05 / 32.56 Â± 2.12@@12.88176985254436,53.97 Â± 2.20 / 47.52 Â± 2.43@@53.97064165763512,13.40 Â± 2.47 / 41.89 Â± 2.86@@13.398178614071089,82.49 Â± 0.51 / 67.35 Â± 1.53@@82.48709922809209,65.71 Â± 0.45 / 22.19 Â± 1.00@@65.71391925521311,27.38 Â± 0.65 / 45.39 Â± 0.50@@27.380827670284365,18.05 Â± 1.11 / 38.05 Â± 0.93@@18.048523677464587,15.0.0@@150000,15.0.0@@150000,15.0.0@@150000,15.0.0@@150000,15.0.0@@150000,15.0.0@@150000,15.0.0@@150000
mistralai/Mistral-7B-Instruct-v0.2 (few-shot),3.02,7241732096.0,32000.0,32768,2356.01,ğŸ“,âœ—,âœ—,12.37 Â± 1.64 / 37.37 Â± 1.35@@12.371176984482005,55.56 Â± 2.66 / 39.56 Â± 2.13@@55.56370100417105,21.50 Â± 1.70 / 59.10 Â± 1.32@@21.503317428653506,60.81 Â± 1.13 / 34.17 Â± 1.99@@60.80894790427135,67.99 Â± 0.49 / 19.54 Â± 0.55@@67.98520862212172,22.86 Â± 1.89 / 41.71 Â± 1.45@@22.86362269905482,24.80 Â± 1.77 / 42.93 Â± 1.38@@24.799811217659165,9.2.0@@90200,9.3.1@@90301,9.3.1@@90301,14.2.0.dev0@@140200,12.4.0@@120400,9.3.2@@90302,9.3.2@@90302
tiiuae/Falcon3-10B-Base (few-shot),3.04,10305653760.0,131072.0,32768,1068.74,ğŸ§ ,âœ“,âœ—,11.06 Â± 1.61 / 27.47 Â± 2.64@@11.059663004201239,55.80 Â± 2.79 / 45.44 Â± 1.93@@55.797453996794886,17.75 Â± 2.09 / 56.68 Â± 2.15@@17.754962723672268,74.66 Â± 1.04 / 59.36 Â± 1.29@@74.66131182459367,64.00 Â± 1.26 / 17.52 Â± 1.81@@64.00367446156451,31.56 Â± 1.07 / 48.42 Â± 0.81@@31.56103741031004,20.26 Â± 1.14 / 39.14 Â± 0.89@@20.2584159051734,15.1.0@@150100,15.1.0@@150100,15.1.0@@150100,15.1.0@@150100,15.1.0@@150100,15.1.0@@150100,15.1.0@@150100
mistralai/Mistral-7B-v0.3 (few-shot),3.04,7248023552.0,32768.0,32768,1424.11,ğŸ§ ,âœ“,âœ—,7.02 Â± 1.21 / 26.40 Â± 2.96@@7.021832280863846,56.52 Â± 1.42 / 41.84 Â± 1.84@@56.51777084724519,23.41 Â± 2.91 / 59.14 Â± 3.11@@23.413938885585246,76.70 Â± 1.59 / 62.97 Â± 1.16@@76.699698255587,64.37 Â± 0.74 / 17.69 Â± 0.90@@64.37050822554738,34.93 Â± 1.11 / 51.02 Â± 0.87@@34.92880666873182,23.73 Â± 1.97 / 41.93 Â± 1.68@@23.728835631927677,12.10.4@@121004,12.10.4@@121004,12.10.4@@121004,14.3.0@@140300,12.10.5@@121005,12.10.4@@121004,12.10.4@@121004
nvidia/mistral-nemo-minitron-8b-instruct (few-shot),3.05,8414105600.0,131072.0,8192,3160.57,ğŸ“,âœ“,âœ—,11.12 Â± 1.15 / 29.33 Â± 1.27@@11.117964232074193,60.11 Â± 1.96 / 37.17 Â± 1.69@@60.11184560759184,32.68 Â± 1.80 / 64.15 Â± 1.14@@32.684246338583264,21.73 Â± 1.12 / 0.02 Â± 0.02@@21.733768135597376,64.01 Â± 0.11 / 11.65 Â± 0.13@@64.00898493666318,41.00 Â± 1.29 / 55.62 Â± 0.95@@41.0048765006428,39.20 Â± 2.23 / 53.01 Â± 1.79@@39.196913001331495,14.1.1@@140101,14.1.1@@140101,14.1.1@@140101,14.2.0.dev0@@140200,14.1.1@@140101,14.1.1@@140101,14.1.1@@140101
alpindale/Mistral-7B-v0.2-hf (few-shot),3.05,7241732096.0,32000.0,32768,1841.12,ğŸ§ ,âœ“,âœ—,7.11 Â± 1.17 / 26.36 Â± 2.97@@7.114361949324207,56.76 Â± 1.52 / 42.03 Â± 1.98@@56.758916201287704,23.55 Â± 2.76 / 59.14 Â± 3.18@@23.545637726026506,76.73 Â± 1.59 / 62.98 Â± 1.18@@76.72807462931937,64.33 Â± 0.72 / 17.66 Â± 0.87@@64.33499385850155,34.92 Â± 1.07 / 51.02 Â± 0.85@@34.91588481126201,23.87 Â± 1.80 / 42.03 Â± 1.58@@23.86794371644381,12.5.2@@120502,12.5.2@@120502,12.5.2@@120502,14.3.0@@140300,12.5.2@@120502,12.5.2@@120502,12.5.2@@120502
ibm-granite/granite-3.0-2b-base (few-shot),3.06,2533525504.0,49152.0,4352,10186.88,ğŸ§ ,âœ“,âœ—,12.12 Â± 1.92 / 35.44 Â± 1.80@@12.115548380737222,47.28 Â± 1.57 / 36.12 Â± 1.72@@47.282205385967096,12.74 Â± 2.68 / 52.69 Â± 2.88@@12.737062353930305,75.48 Â± 1.00 / 61.60 Â± 1.42@@75.47672967901873,64.26 Â± 0.75 / 16.55 Â± 0.76@@64.25674705780693,26.88 Â± 0.86 / 44.76 Â± 0.70@@26.883332349063032,34.05 Â± 1.57 / 50.08 Â± 1.18@@34.048036144729586,13.0.0@@130000,13.0.0@@130000,13.0.0@@130000,14.3.0@@140300,13.0.0@@130000,13.0.0@@130000,13.0.0@@130000
ChocoLlama/Llama-3-ChocoLlama-8B-instruct (few-shot),3.06,8030261248.0,128256.0,8192,3455.79,ğŸ“,âœ—,âœ—,10.07 Â± 1.34 / 19.77 Â± 0.75@@10.070184256139605,55.86 Â± 2.11 / 35.88 Â± 1.28@@55.86273271576927,26.55 Â± 1.73 / 57.29 Â± 2.89@@26.54916823543917,68.10 Â± 1.62 / 50.91 Â± 1.35@@68.09809047716399,66.74 Â± 0.45 / 17.99 Â± 0.53@@66.74253997640335,27.51 Â± 1.17 / 44.54 Â± 0.83@@27.507195373563302,12.79 Â± 2.75 / 32.41 Â± 2.01@@12.785028988208005,14.3.0@@140300,14.3.0@@140300,14.3.0@@140300,14.3.0@@140300,14.3.0@@140300,14.3.0@@140300,14.3.0@@140300
google/gemma-2-2b-it (few-shot),3.08,2614341888.0,256000.0,8448,5373.87,ğŸ“,âœ“,âœ—,11.17 Â± 1.32 / 32.96 Â± 1.96@@11.168051459685206,40.58 Â± 2.08 / 28.95 Â± 1.56@@40.575736086035114,19.63 Â± 2.61 / 52.65 Â± 2.73@@19.63425142429469,68.90 Â± 0.68 / 51.81 Â± 0.83@@68.8994197178782,66.83 Â± 0.86 / 19.21 Â± 0.95@@66.83292406145483,29.30 Â± 1.02 / 46.88 Â± 0.79@@29.304404995349575,31.43 Â± 1.42 / 47.87 Â± 1.30@@31.430831918128,13.0.0@@130000,13.0.0@@130000,13.0.0@@130000,14.2.0.dev0@@140200,13.0.0@@130000,13.0.0@@130000,13.0.0@@130000
meta-llama/Llama-3.2-3B-Instruct (few-shot),3.08,3212749824.0,128256.0,131328,2101.25,ğŸ“,âœ—,âœ—,12.87 Â± 1.32 / 37.23 Â± 1.55@@12.872947909856283,43.66 Â± 2.01 / 40.23 Â± 1.75@@43.65698788429111,17.94 Â± 3.48 / 55.88 Â± 3.97@@17.937680944938236,64.32 Â± 1.32 / 48.39 Â± 1.09@@64.32384652929836,66.74 Â± 1.00 / 18.33 Â± 1.28@@66.74408476406825,33.80 Â± 0.84 / 50.30 Â± 0.61@@33.79542199046643,21.02 Â± 1.29 / 40.27 Â± 1.09@@21.01718851612402,13.0.0@@130000,13.0.0@@130000,13.0.0@@130000,14.2.0.dev0@@140200,13.0.0@@130000,13.0.0@@130000,13.0.0@@130000
BramVanroy/GEITje-7B-ultra (few-shot),3.09,7241732096.0,32000.0,8192,2475.48,ğŸ§ ,âœ—,âœ—,12.78 Â± 2.52 / 42.17 Â± 1.91@@12.784319609213263,42.20 Â± 2.20 / 27.85 Â± 1.11@@42.19894777506249,18.23 Â± 1.91 / 50.04 Â± 2.54@@18.232232018041536,63.73 Â± 0.74 / 44.83 Â± 1.77@@63.73357186847553,68.30 Â± 0.40 / 20.79 Â± 0.63@@68.30129377762205,26.92 Â± 1.09 / 44.44 Â± 0.85@@26.922267632880036,25.72 Â± 1.01 / 43.74 Â± 0.69@@25.72139780802718,10.0.1@@100001,10.0.1@@100001,10.0.1@@100001,14.2.0.dev0@@140200,12.4.0@@120400,10.0.1@@100001,10.0.1@@100001
ibm-granite/granite-3.0-2b-instruct (few-shot),3.1,2634201088.0,49155.0,4352,10193.87,ğŸ“,âœ“,âœ—,13.85 Â± 1.90 / 36.43 Â± 2.11@@13.851309244875665,52.52 Â± 1.62 / 44.69 Â± 2.23@@52.51880012002863,17.72 Â± 1.86 / 57.31 Â± 1.52@@17.71705218359952,69.72 Â± 1.28 / 56.69 Â± 0.94@@69.71850714912696,66.23 Â± 0.48 / 18.18 Â± 0.68@@66.2330297200242,24.62 Â± 0.65 / 43.32 Â± 0.48@@24.6237933586362,15.79 Â± 1.37 / 35.56 Â± 1.11@@15.79000309555066,13.0.0@@130000,13.0.0@@130000,13.0.0@@130000,14.2.0.dev0@@140200,13.0.0@@130000,13.0.0@@130000,13.0.0@@130000
mistralai/Mistral-7B-v0.1 (few-shot),3.11,7241732096.0,32000.0,4096,2943.8,ğŸ§ ,âœ“,âœ—,10.56 Â± 2.41 / 33.43 Â± 3.42@@10.555385466764285,57.99 Â± 3.09 / 42.58 Â± 2.64@@57.98883329739803,19.29 Â± 3.69 / 53.97 Â± 4.78@@19.288774643944397,77.54 Â± 1.47 / 63.90 Â± 1.27@@77.54033471200003,64.25 Â± 0.94 / 17.60 Â± 1.37@@64.25001062947558,28.47 Â± 0.78 / 46.16 Â± 0.66@@28.47383194587449,11.69 Â± 1.99 / 32.97 Â± 1.29@@11.693885722148567,15.0.0@@150000,15.0.0@@150000,15.0.0@@150000,15.0.0@@150000,15.0.0@@150000,15.0.0@@150000,15.0.0@@150000
google/gemma-7b (few-shot),3.11,8537680896.0,256000.0,8192,1298.32,ğŸ§ ,âœ“,âœ—,6.85 Â± 1.48 / 21.27 Â± 1.03@@6.848967156828745,49.11 Â± 2.79 / 37.28 Â± 1.26@@49.11392848943052,22.03 Â± 3.52 / 45.64 Â± 3.79@@22.026157706844778,77.41 Â± 1.52 / 63.01 Â± 1.17@@77.41446059973642,65.53 Â± 0.86 / 19.60 Â± 1.39@@65.53167295176536,38.53 Â± 0.94 / 51.67 Â± 0.97@@38.53127482789248,16.26 Â± 2.86 / 30.86 Â± 2.08@@16.260732053156623,15.1.0@@150100,15.1.0@@150100,15.1.0@@150100,15.1.0@@150100,15.1.0@@150100,15.1.0@@150100,15.1.0@@150100
microsoft/Phi-3-mini-4k-instruct (few-shot),3.13,3821079552.0,32064.0,4096,8681.12,ğŸ“,âœ“,âœ—,12.58 Â± 1.62 / 36.56 Â± 1.79@@12.58489457977648,50.31 Â± 1.94 / 41.54 Â± 2.19@@50.308957050747274,14.72 Â± 1.84 / 50.23 Â± 3.10@@14.722279340697572,64.88 Â± 0.87 / 45.99 Â± 0.92@@64.88367453562111,64.40 Â± 0.77 / 17.47 Â± 0.56@@64.39917673051241,28.31 Â± 0.70 / 46.18 Â± 0.50@@28.312901805928455,21.25 Â± 1.25 / 40.78 Â± 1.02@@21.253237880629552,12.10.5@@121005,12.10.5@@121005,12.10.5@@121005,14.2.0.dev0@@140200,12.10.5@@121005,12.10.5@@121005,12.10.5@@121005
ChocoLlama/Llama-3-ChocoLlama-8B-base (few-shot),3.14,,128256.0,8192,2967.36,ğŸ§ ,âœ“,âœ—,5.35 Â± 3.06 / 31.56 Â± 2.04@@5.354315450245116,53.64 Â± 3.48 / 42.81 Â± 2.59@@53.63889634373906,30.31 Â± 4.31 / 59.20 Â± 5.32@@30.31358040537463,74.32 Â± 2.49 / 60.37 Â± 1.76@@74.3228881649869,61.83 Â± 1.22 / 17.45 Â± 1.13@@61.826555113875656,31.39 Â± 1.15 / 48.33 Â± 0.86@@31.38799819525262,16.31 Â± 2.20 / 34.68 Â± 1.79@@16.30662712956169,14.3.0@@140300,14.3.0@@140300,14.3.0@@140300,14.3.0@@140300,14.3.0@@140300,14.3.0@@140300,14.3.0@@140300
RuterNorway/Llama-2-13b-chat-norwegian (few-shot),3.15,,32000.0,4096,951.99,ğŸ“,âœ—,âœ—,8.41 Â± 1.47 / 25.59 Â± 1.30@@8.408022619699118,57.66 Â± 1.29 / 43.77 Â± 2.78@@57.65777466423523,16.93 Â± 2.60 / 55.72 Â± 3.35@@16.93047033630274,70.98 Â± 1.20 / 56.03 Â± 1.01@@70.97673975566447,66.22 Â± 0.50 / 19.03 Â± 0.51@@66.22476184609695,25.70 Â± 1.05 / 44.15 Â± 0.82@@25.696788618124046,17.92 Â± 1.69 / 37.64 Â± 1.43@@17.91873064180411,9.3.1@@90301,9.3.1@@90301,9.3.1@@90301,14.3.0@@140300,9.3.1@@90301,9.3.1@@90301,9.3.1@@90301
neuralmagic/Sparse-Llama-3.1-8B-2of4 (few-shot),3.15,8030261248.0,128256.0,131072,2996.46,ğŸ§ ,âœ“,âœ—,11.94 Â± 2.89 / 34.06 Â± 1.51@@11.938287926942046,34.21 Â± 3.16 / 33.46 Â± 2.25@@34.21451416388018,6.18 Â± 3.30 / 37.82 Â± 4.01@@6.180777640496338,75.06 Â± 1.03 / 62.05 Â± 0.60@@75.05518776638137,64.48 Â± 0.77 / 20.21 Â± 0.93@@64.47806076343113,29.76 Â± 0.98 / 46.99 Â± 0.77@@29.760353299451975,38.79 Â± 3.59 / 51.86 Â± 3.32@@38.78958286942521,13.2.0@@130200,13.2.0@@130200,13.2.0@@130200,14.3.0@@140300,13.2.0@@130200,13.2.0@@130200,13.2.0@@130200
Rijgersberg/GEITje-7B-chat-v2 (few-shot),3.17,7241732096.0,32000.0,32768,5907.62,ğŸ“,âœ—,âœ—,11.06 Â± 2.30 / 40.32 Â± 1.64@@11.06087082158508,42.12 Â± 4.00 / 31.12 Â± 1.86@@42.124231401823856,19.71 Â± 3.65 / 49.65 Â± 4.28@@19.70685593968266,69.08 Â± 1.89 / 54.21 Â± 2.07@@69.0796086649416,65.55 Â± 0.49 / 19.18 Â± 0.67@@65.5486320660566,27.71 Â± 0.91 / 45.01 Â± 0.71@@27.710057572100084,18.03 Â± 1.77 / 36.82 Â± 1.76@@18.02971032782509,12.5.2@@120502,12.5.2@@120502,12.5.2@@120502,14.2.0.dev0@@140200,12.5.2@@120502,12.5.2@@120502,12.5.2@@120502
tiiuae/Falcon3-7B-Base (few-shot),3.18,7455550464.0,131072.0,32768,2982.07,ğŸ§ ,âœ“,âœ—,14.30 Â± 1.45 / 36.33 Â± 1.93@@14.304927211398741,55.78 Â± 2.65 / 40.37 Â± 3.26@@55.77828712961125,11.83 Â± 2.54 / 47.95 Â± 3.53@@11.834116418254785,72.45 Â± 1.21 / 58.18 Â± 1.30@@72.44820786762939,59.81 Â± 2.31 / 15.14 Â± 1.21@@59.81434930312389,24.88 Â± 1.55 / 43.00 Â± 1.22@@24.876813425603572,12.27 Â± 1.23 / 33.26 Â± 1.13@@12.26825243509088,14.3.0@@140300,14.3.0@@140300,14.3.0@@140300,14.4.0@@140400,14.4.0@@140400,14.4.0@@140400,14.4.0@@140400
microsoft/Phi-3-mini-128k-instruct (few-shot),3.22,3821079552.0,32064.0,131072,7311.73,ğŸ“,âœ“,âœ—,12.84 Â± 1.82 / 36.64 Â± 1.13@@12.842186297061813,44.27 Â± 2.14 / 34.47 Â± 2.48@@44.270588103631795,10.44 Â± 1.58 / 48.93 Â± 3.41@@10.444989615608065,67.21 Â± 0.77 / 48.38 Â± 1.08@@67.21246910096338,62.60 Â± 0.62 / 15.63 Â± 0.45@@62.59996038344979,28.63 Â± 0.84 / 46.39 Â± 0.61@@28.62595214849118,22.58 Â± 0.97 / 41.78 Â± 0.71@@22.575556072692113,12.9.1@@120901,12.9.1@@120901,12.9.1@@120901,14.2.0.dev0@@140200,12.10.0@@121000,12.10.0@@121000,12.10.0@@121000
meta-llama/Llama-2-13b-hf (few-shot),3.22,13015866880.0,32000.0,4096,939.56,ğŸ§ ,âœ“,âœ—,7.08 Â± 2.24 / 31.62 Â± 4.03@@7.084085020579635,57.98 Â± 3.58 / 48.20 Â± 2.59@@57.980916203789555,24.89 Â± 3.12 / 56.05 Â± 4.84@@24.886526218916085,76.55 Â± 1.46 / 62.47 Â± 1.09@@76.54679219421989,64.08 Â± 0.81 / 17.37 Â± 1.30@@64.07811109369504,21.80 Â± 1.22 / 40.94 Â± 0.92@@21.80104963090832,8.51 Â± 0.91 / 30.80 Â± 0.78@@8.509951192152556,14.3.0@@140300,14.3.0@@140300,14.3.0@@140300,14.3.0@@140300,14.3.0@@140300,14.4.0@@140400,14.4.0@@140400
ibm-granite/granite-8b-code-base-4k (few-shot),3.22,8054910976.0,49152.0,4096,2312.61,ğŸ§ ,âœ“,âœ—,13.81 Â± 1.66 / 36.99 Â± 2.58@@13.806555342901078,63.29 Â± 2.51 / 52.18 Â± 4.31@@63.29168638769953,8.16 Â± 1.97 / 44.29 Â± 4.25@@8.162728963045515,71.28 Â± 1.23 / 58.92 Â± 1.24@@71.27993246181241,63.08 Â± 0.90 / 15.69 Â± 0.65@@63.0783058967063,16.86 Â± 1.16 / 37.54 Â± 0.93@@16.86017009487484,6.24 Â± 0.78 / 29.25 Â± 0.61@@6.235710556955865,13.0.0@@130000,13.0.0@@130000,13.0.0@@130000,14.3.0@@140300,13.0.0@@130000,13.0.0@@130000,13.0.0@@130000
mistralai/Mistral-7B-Instruct-v0.1 (few-shot),3.24,7241732096.0,32000.0,32768,633.64,ğŸ“,âœ“,âœ—,7.91 Â± 2.16 / 27.82 Â± 1.97@@7.910864592599499,52.72 Â± 2.58 / 33.51 Â± 1.22@@52.7244317066401,18.14 Â± 2.10 / 55.42 Â± 3.05@@18.140618951125724,70.19 Â± 1.32 / 54.65 Â± 0.81@@70.1856258001489,64.77 Â± 0.97 / 16.55 Â± 0.81@@64.77424650052853,26.06 Â± 0.77 / 44.08 Â± 0.51@@26.062823803321507,14.26 Â± 1.48 / 35.14 Â± 1.18@@14.263236820252951,9.3.1@@90301,9.3.1@@90301,9.3.1@@90301,14.2.0.dev0@@140200,12.4.0@@120400,9.3.1@@90301,9.3.1@@90301
ibm-granite/granite-3.0-3b-a800m-instruct (few-shot),3.24,3374295552.0,49155.0,4096,10246.27,ğŸ“,âœ“,âœ—,9.45 Â± 1.76 / 39.66 Â± 1.14@@9.45146303633271,49.25 Â± 2.57 / 36.48 Â± 2.14@@49.24788703217436,11.87 Â± 2.68 / 47.32 Â± 3.85@@11.869180277891001,70.85 Â± 0.44 / 55.66 Â± 0.77@@70.85458794267257,64.77 Â± 0.96 / 16.74 Â± 0.86@@64.76669453899376,21.52 Â± 1.18 / 40.76 Â± 0.95@@21.51790106311567,22.32 Â± 2.02 / 39.89 Â± 1.82@@22.323220071385812,13.0.0@@130000,13.0.0@@130000,13.0.0@@130000,14.3.0@@140300,13.0.0@@130000,13.0.0@@130000,13.0.0@@130000
Qwen/Qwen1.5-4B-Chat (few-shot),3.27,3950369280.0,151936.0,32768,4347.23,ğŸ“,âœ—,âœ—,14.68 Â± 1.40 / 40.53 Â± 1.64@@14.680660060499642,42.52 Â± 2.25 / 37.46 Â± 3.08@@42.522011800914136,4.07 Â± 2.16 / 35.24 Â± 1.77@@4.0669100920698105,71.15 Â± 0.47 / 56.69 Â± 0.85@@71.14584280240013,62.75 Â± 0.84 / 14.83 Â± 0.70@@62.749118646388524,24.25 Â± 1.22 / 43.08 Â± 0.87@@24.248246212083664,16.21 Â± 1.51 / 37.11 Â± 1.16@@16.210555879418347,10.0.1@@100001,12.5.2@@120502,12.1.0@@120100,14.2.0.dev0@@140200,12.1.0@@120100,12.1.0@@120100,12.1.0@@120100
BSC-LT/salamandra-7b (few-shot),3.27,7768117248.0,256000.0,8192,3123.97,ğŸ§ ,âœ“,âœ—,12.08 Â± 1.28 / 36.53 Â± 1.84@@12.08221322730731,52.96 Â± 3.38 / 43.41 Â± 2.53@@52.96296396080672,19.74 Â± 3.53 / 47.07 Â± 4.15@@19.739779179121577,72.35 Â± 1.42 / 59.22 Â± 1.29@@72.34884476074464,62.28 Â± 5.15 / 24.22 Â± 2.42@@62.27587900175422,17.89 Â± 0.89 / 37.59 Â± 0.66@@17.888708320970316,6.49 Â± 0.99 / 26.73 Â± 0.65@@6.487329485662144,14.4.0@@140400,14.4.0@@140400,14.4.0@@140400,14.4.0@@140400,14.4.0@@140400,14.4.0@@140400,14.4.0@@140400
Rijgersberg/GEITje-7B-chat (few-shot),3.27,7241732096.0,32000.0,32768,5919.97,ğŸ“,âœ—,âœ—,8.16 Â± 1.68 / 27.37 Â± 1.95@@8.161838205441114,50.69 Â± 1.67 / 35.96 Â± 2.63@@50.691487487001986,20.45 Â± 2.12 / 59.00 Â± 1.21@@20.453202712936363,60.49 Â± 1.99 / 40.59 Â± 3.15@@60.494573686759644,66.92 Â± 0.50 / 20.19 Â± 0.69@@66.92378204985289,24.89 Â± 1.55 / 42.34 Â± 1.14@@24.887058435660453,9.84 Â± 1.87 / 30.90 Â± 1.58@@9.841818806531807,12.5.2@@120502,12.5.2@@120502,12.5.2@@120502,14.2.0.dev0@@140200,12.5.2@@120502,12.5.2@@120502,12.5.2@@120502
ibm-granite/granite-8b-code-instruct-4k (few-shot),3.28,8054910976.0,49152.0,4096,5616.81,ğŸ“,âœ“,âœ—,12.38 Â± 1.62 / 29.91 Â± 1.91@@12.38123653800313,60.72 Â± 2.14 / 45.52 Â± 2.46@@60.71564337509599,10.96 Â± 1.47 / 47.97 Â± 3.45@@10.95879636986866,66.04 Â± 1.44 / 53.24 Â± 0.97@@66.03561322509162,63.23 Â± 0.96 / 16.22 Â± 0.74@@63.22554669168312,15.26 Â± 0.67 / 35.76 Â± 0.34@@15.26355556634756,4.03 Â± 0.90 / 27.17 Â± 0.73@@4.027495619142405,13.0.0@@130000,13.0.0@@130000,13.0.0@@130000,14.2.0.dev0@@140200,13.0.0@@130000,13.0.0@@130000,13.0.0@@130000
meta-llama/Llama-2-7b-chat-hf (few-shot),3.29,6738417664.0,32000.0,4096,2643.05,ğŸ“,âœ“,âœ—,10.07 Â± 1.84 / 35.66 Â± 2.24@@10.069365655930413,50.23 Â± 2.34 / 37.12 Â± 3.30@@50.22743203078803,14.73 Â± 1.62 / 54.59 Â± 2.24@@14.72686826442938,60.82 Â± 1.47 / 44.37 Â± 1.23@@60.81601615199645,67.59 Â± 0.56 / 18.45 Â± 0.65@@67.59002687118482,20.19 Â± 1.26 / 39.24 Â± 1.03@@20.185613933821166,11.42 Â± 1.29 / 32.50 Â± 1.10@@11.423700388625749,9.3.1@@90301,9.3.1@@90301,9.3.1@@90301,14.2.0.dev0@@140200,12.4.0@@120400,9.3.1@@90301,9.3.1@@90301
BramVanroy/fietje-2b-chat (few-shot),3.3,2775059577.0,50297.0,2048,4703.76,ğŸ“,âœ—,âœ—,13.25 Â± 2.12 / 39.92 Â± 1.66@@13.252969258365855,39.57 Â± 2.74 / 31.81 Â± 1.55@@39.56808504176218,9.31 Â± 1.92 / 50.99 Â± 2.59@@9.31497263880554,65.85 Â± 1.68 / 53.33 Â± 1.40@@65.85363736640905,65.37 Â± 0.53 / 17.63 Â± 0.74@@65.37387894939457,26.63 Â± 1.33 / 44.86 Â± 1.00@@26.62776847465874,11.62 Â± 1.28 / 32.71 Â± 1.00@@11.62065653079563,12.6.1@@120601,12.6.1@@120601,12.6.1@@120601,14.2.0.dev0@@140200,12.6.1@@120601,12.6.1@@120601,12.6.1@@120601
BramVanroy/fietje-2b-instruct (few-shot),3.31,2775059577.0,50297.0,2048,4710.47,ğŸ“,âœ—,âœ—,13.70 Â± 2.29 / 40.77 Â± 1.77@@13.699242958962484,36.50 Â± 2.72 / 28.73 Â± 1.41@@36.50431753211246,4.81 Â± 2.20 / 43.19 Â± 1.45@@4.806265798248378,66.74 Â± 1.83 / 54.52 Â± 1.58@@66.73653131823852,66.01 Â± 0.42 / 17.97 Â± 0.65@@66.01181307967636,26.76 Â± 1.00 / 44.94 Â± 0.74@@26.76403939172614,12.93 Â± 1.54 / 34.12 Â± 1.22@@12.926564204553143,12.6.1@@120601,12.6.1@@120601,12.6.1@@120601,14.2.0.dev0@@140200,12.6.1@@120601,12.6.1@@120601,12.6.1@@120601
occiglot/occiglot-7b-eu5 (few-shot),3.32,7241732096.0,32000.0,4096,2943.39,ğŸ§ ,âœ“,âœ—,9.34 Â± 1.37 / 27.04 Â± 1.93@@9.33800686853338,51.78 Â± 2.16 / 43.50 Â± 1.95@@51.78229200007465,13.12 Â± 1.40 / 53.71 Â± 3.01@@13.123752004467137,73.85 Â± 1.40 / 59.56 Â± 1.44@@73.8464805774947,64.89 Â± 0.63 / 18.34 Â± 1.10@@64.88511399911658,17.56 Â± 0.99 / 37.11 Â± 0.87@@17.555091862290084,7.29 Â± 1.52 / 29.19 Â± 1.29@@7.293932637704621,15.0.0@@150000,15.0.0@@150000,15.0.0@@150000,15.0.0@@150000,15.0.0@@150000,15.0.0@@150000,15.0.0@@150000
01-ai/Yi-1.5-6B (few-shot),3.33,6061035520.0,64000.0,4352,2867.41,ğŸ§ ,âœ“,âœ—,9.23 Â± 2.84 / 19.38 Â± 4.37@@9.23470969271258,51.18 Â± 1.62 / 35.45 Â± 1.88@@51.18142191452721,1.99 Â± 2.56 / 34.69 Â± 1.59@@1.9851076029833714,68.29 Â± 1.59 / 55.91 Â± 1.90@@68.28793385687683,60.81 Â± 1.16 / 15.41 Â± 0.63@@60.811265047523186,28.03 Â± 1.02 / 45.90 Â± 0.79@@28.034654434662386,23.64 Â± 1.21 / 42.59 Â± 0.96@@23.642507986410806,13.0.0@@130000,13.0.0@@130000,13.0.0@@130000,14.3.0@@140300,13.0.0@@130000,13.0.0@@130000,13.0.0@@130000
BramVanroy/GEITje-7B-ultra-sft (few-shot),3.34,7241732096.0,32000.0,8192,5979.18,ğŸ“,âœ—,âœ—,7.00 Â± 3.04 / 35.01 Â± 3.72@@6.995515281186503,39.41 Â± 2.93 / 30.59 Â± 1.59@@39.41312724619716,16.10 Â± 2.34 / 52.05 Â± 3.60@@16.09870114254153,66.88 Â± 1.12 / 51.66 Â± 1.62@@66.87583422387479,67.74 Â± 0.43 / 20.32 Â± 0.57@@67.73751230954076,25.80 Â± 0.75 / 42.85 Â± 0.76@@25.802596287206853,12.49 Â± 2.15 / 33.04 Â± 2.08@@12.48758713437034,12.5.2@@120502,12.5.2@@120502,12.5.2@@120502,14.2.0.dev0@@140200,12.5.2@@120502,12.5.2@@120502,12.5.2@@120502
robinsmits/Schaapje-2B-Chat-V1.0 (few-shot),3.36,2533531648.0,49155.0,4096,2245.16,ğŸ“,âœ—,âœ—,8.05 Â± 1.82 / 18.71 Â± 0.88@@8.05220218149081,54.33 Â± 2.50 / 34.12 Â± 1.85@@54.329627492453604,10.72 Â± 1.00 / 42.54 Â± 1.96@@10.717578195867587,69.26 Â± 0.99 / 50.64 Â± 1.64@@69.25769260421916,65.03 Â± 0.16 / 14.56 Â± 0.19@@65.03427603543969,19.82 Â± 1.26 / 39.41 Â± 0.94@@19.821175782763483,8.31 Â± 1.22 / 29.59 Â± 0.89@@8.309182765862474,14.3.0@@140300,14.3.0@@140300,14.3.0@@140300,14.3.0@@140300,14.3.0@@140300,14.3.0@@140300,14.3.0@@140300
ibm-granite/granite-3.0-3b-a800m-base (few-shot),3.37,3374286336.0,49152.0,4096,10504.04,ğŸ§ ,âœ“,âœ—,9.91 Â± 1.71 / 35.24 Â± 2.62@@9.907561529757544,42.52 Â± 3.31 / 33.08 Â± 2.70@@42.51577849122459,0.69 Â± 2.82 / 36.10 Â± 2.58@@0.6879079966761468,68.78 Â± 0.76 / 57.24 Â± 0.82@@68.78112376311903,63.71 Â± 0.60 / 17.04 Â± 0.70@@63.71184729345259,20.93 Â± 1.42 / 40.35 Â± 1.23@@20.931976468242304,24.42 Â± 1.73 / 42.26 Â± 1.49@@24.41709782775859,13.0.0@@130000,13.0.0@@130000,13.0.0@@130000,14.3.0@@140300,13.0.0@@130000,13.0.0@@130000,13.0.0@@130000
TrustLLMeu/baseline-7-8b_2-3t-tokens_llama (few-shot),3.39,7799574528.0,100096.0,4096,1394.74,ğŸ§ ,âœ“,âœ—,9.20 Â± 1.78 / 31.68 Â± 1.42@@9.199423400885735,50.76 Â± 1.71 / 41.71 Â± 2.37@@50.75580375466606,15.08 Â± 1.63 / 53.14 Â± 3.32@@15.081790968169056,72.47 Â± 1.39 / 59.07 Â± 1.14@@72.46742474371686,65.74 Â± 0.53 / 19.70 Â± 1.10@@65.73615427732875,9.30 Â± 1.09 / 29.84 Â± 0.98@@9.299145674090568,0.75 Â± 0.98 / 24.28 Â± 0.48@@0.7514278905406219,15.0.0@@150000,15.0.0@@150000,15.0.0@@150000,15.0.0@@150000,15.0.0.dev0@@150000,15.0.0.dev0@@150000,15.0.0.dev0@@150000
meta-llama/Llama-3.2-3B (few-shot),3.4,3212749824.0,128256.0,131328,3713.14,ğŸ§ ,âœ“,âœ—,7.90 Â± 1.98 / 30.71 Â± 1.89@@7.904633205985899,47.40 Â± 3.29 / 33.11 Â± 2.04@@47.40055139152853,3.10 Â± 1.93 / 34.24 Â± 0.73@@3.101984228749315,72.70 Â± 1.32 / 57.26 Â± 1.51@@72.69589658394172,62.27 Â± 2.04 / 16.54 Â± 1.58@@62.27119887436856,29.18 Â± 0.87 / 46.04 Â± 0.54@@29.181916122001418,10.34 Â± 1.08 / 32.08 Â± 1.06@@10.343676296410912,13.0.0@@130000,13.0.0@@130000,13.0.0@@130000,14.3.0@@140300,13.0.0@@130000,13.0.0@@130000,13.0.0@@130000
BramVanroy/fietje-2b (few-shot),3.43,2779683840.0,51200.0,2048,4803.72,ğŸ§ ,âœ“,âœ—,13.39 Â± 1.64 / 41.03 Â± 1.87@@13.38668316387005,33.92 Â± 3.43 / 28.63 Â± 2.42@@33.91813568034666,6.75 Â± 2.55 / 41.28 Â± 2.37@@6.752486136815664,70.77 Â± 1.59 / 57.42 Â± 1.26@@70.76577714269186,61.49 Â± 0.90 / 16.13 Â± 0.80@@61.494662859622615,24.66 Â± 0.67 / 42.68 Â± 0.55@@24.66229655320506,4.78 Â± 1.80 / 27.19 Â± 1.20@@4.783919451622854,12.6.1@@120601,12.6.1@@120601,12.6.1@@120601,14.3.0@@140300,12.6.1@@120601,12.6.1@@120601,12.6.1@@120601
norallm/normistral-11b-warm (few-shot),3.46,11429893120.0,51200.0,1024000,2500.58,ğŸ§ ,âœ“,âœ—,10.06 Â± 1.48 / 34.52 Â± 1.48@@10.060142505591347,49.85 Â± 3.52 / 39.69 Â± 2.14@@49.85101168587427,6.00 Â± 0.95 / 50.86 Â± 1.30@@6.0014581646928775,70.94 Â± 0.90 / 57.20 Â± 1.37@@70.9424259179768,63.74 Â± 0.77 / 19.58 Â± 0.80@@63.74272079403453,11.95 Â± 0.97 / 33.64 Â± 0.77@@11.9514996817502,5.29 Â± 0.98 / 28.40 Â± 0.57@@5.289855455470096,15.0.0@@150000,15.0.0@@150000,15.0.0@@150000,15.0.0@@150000,15.0.0@@150000,15.0.0@@150000,15.0.0@@150000
occiglot/occiglot-7b-eu5-instruct (few-shot),3.49,7241748480.0,32002.0,4096,4838.43,ğŸ“,âœ—,âœ—,11.32 Â± 1.71 / 37.65 Â± 1.15@@11.321904673092535,53.83 Â± 3.13 / 34.97 Â± 1.44@@53.825595992557915,10.63 Â± 2.83 / 47.43 Â± 5.06@@10.632701616731186,34.27 Â± 1.09 / 0.09 Â± 0.06@@34.267193331768304,64.83 Â± 0.77 / 16.25 Â± 1.04@@64.83268131618388,19.27 Â± 1.22 / 38.83 Â± 0.88@@19.27175103390465,7.78 Â± 1.33 / 29.72 Â± 0.92@@7.77597551734713,15.0.0@@150000,15.0.0@@150000,15.0.0@@150000,15.0.0@@150000,15.0.0@@150000,15.0.0@@150000,15.0.0@@150000
infly/OpenCoder-8B-Instruct (few-shot),3.49,7771262976.0,96640.0,8192,3009.29,ğŸ“,âœ“,âœ—,10.56 Â± 1.49 / 22.35 Â± 1.17@@10.556139697077276,52.60 Â± 3.92 / 27.83 Â± 1.33@@52.599992023643175,9.90 Â± 1.91 / 48.52 Â± 4.41@@9.89502375027502,61.11 Â± 3.15 / 40.73 Â± 5.09@@61.108592161040164,65.37 Â± 0.33 / 16.10 Â± 0.35@@65.373795551277,4.76 Â± 1.75 / 27.32 Â± 1.53@@4.7606868154939015,2.29 Â± 1.55 / 26.62 Â± 0.94@@2.294371959492202,14.4.0@@140400,14.4.0@@140400,14.4.0@@140400,14.4.0@@140400,14.4.0@@140400,14.4.0@@140400,14.4.0@@140400
TrustLLMeu/baseline-7-8b_1t-tokens_llama (few-shot),3.49,7799574528.0,100096.0,4096,1416.09,ğŸ§ ,âœ“,âœ—,10.99 Â± 1.30 / 33.15 Â± 2.51@@10.992943987575252,49.35 Â± 2.96 / 41.29 Â± 2.41@@49.34819632716943,10.93 Â± 3.28 / 49.96 Â± 4.76@@10.926826970015572,69.24 Â± 1.46 / 55.52 Â± 1.47@@69.24301306148661,65.46 Â± 0.60 / 19.33 Â± 1.02@@65.4570712725399,1.48 Â± 1.14 / 25.20 Â± 0.76@@1.4809403210004046,-0.86 Â± 1.00 / 24.01 Â± 0.64@@-0.8590430594593327,15.0.0.dev0@@150000,15.1.0@@150100,15.1.0@@150100,15.1.0@@150100,15.1.0@@150100,15.1.0@@150100,15.1.0@@150100
meta-llama/Llama-2-7b-hf (few-shot),3.51,6738417664.0,32000.0,4096,930.05,ğŸ“,âœ“,âœ—,7.10 Â± 1.85 / 27.42 Â± 1.76@@7.09829366622361,40.49 Â± 4.32 / 30.86 Â± 2.27@@40.4899636406647,18.66 Â± 2.39 / 55.25 Â± 3.77@@18.655580211380958,72.80 Â± 1.23 / 59.81 Â± 0.85@@72.79621131185885,62.58 Â± 1.13 / 16.33 Â± 0.81@@62.583031716785634,17.36 Â± 1.12 / 37.44 Â± 0.99@@17.358786742287105,6.68 Â± 1.82 / 29.30 Â± 1.02@@6.682474387156229,9.2.0@@90200,9.2.0@@90200,9.2.0@@90200,14.3.0@@140300,11.0.0@@110000,9.2.0@@90200,9.2.0@@90200
Qwen/Qwen2.5-Math-7B (few-shot),3.52,7615616512.0,152064.0,4096,1522.74,ğŸ§ ,âœ“,âœ—,9.16 Â± 1.71 / 17.43 Â± 1.74@@9.161531322846253,53.52 Â± 2.89 / 37.67 Â± 2.63@@53.51999142434739,0.35 Â± 0.49 / 33.44 Â± 0.27@@0.3455606736347516,48.85 Â± 6.87 / 29.65 Â± 7.56@@48.85252165381987,59.14 Â± 1.35 / 9.67 Â± 1.45@@59.13614172975941,26.42 Â± 0.67 / 43.94 Â± 0.51@@26.42030491438717,13.06 Â± 1.43 / 33.99 Â± 1.08@@13.064332312672766,15.1.0@@150100,15.1.0@@150100,15.1.0@@150100,15.1.0@@150100,15.1.0@@150100,15.1.0@@150100,15.1.0@@150100
meta-llama/Llama-2-13b-chat-hf (few-shot),3.55,13015866880.0,32000.0,4096,1719.8,ğŸ“,âœ“,âœ—,8.91 Â± 1.30 / 27.16 Â± 1.06@@8.907402859844316,40.29 Â± 2.25 / 27.87 Â± 1.33@@40.29110208040574,15.28 Â± 1.58 / 55.41 Â± 2.06@@15.2765557429506,64.90 Â± 2.28 / 50.43 Â± 1.73@@64.90464379238522,64.83 Â± 0.09 / 14.85 Â± 0.15@@64.82736744146678,10.82 Â± 0.89 / 30.83 Â± 0.55@@10.818550146394024,5.09 Â± 1.56 / 27.88 Â± 0.57@@5.087865274739427,14.3.0@@140300,14.3.0@@140300,14.3.0@@140300,14.3.0@@140300,14.3.0@@140300,14.3.0@@140300,14.3.0@@140300
tiiuae/Falcon3-3B-Instruct (few-shot),3.56,3227655168.0,131072.0,32768,6467.85,ğŸ“,âœ“,âœ—,6.60 Â± 2.48 / 20.56 Â± 1.47@@6.595431064813689,53.09 Â± 1.96 / 41.18 Â± 3.05@@53.090769792058154,9.59 Â± 2.66 / 46.95 Â± 4.26@@9.58657647917899,53.76 Â± 0.96 / 40.59 Â± 0.64@@53.76283546186588,63.07 Â± 1.21 / 13.84 Â± 1.20@@63.06801993312548,14.10 Â± 0.80 / 35.52 Â± 0.60@@14.104652015600443,6.68 Â± 1.04 / 30.01 Â± 0.80@@6.675451570726057,14.3.0@@140300,14.3.0@@140300,14.3.0@@140300,14.3.0@@140300,14.3.0@@140300,14.3.0@@140300,14.3.0@@140300
openGPT-X/Teuken-7B-instruct-research-v0.4 (few-shot),3.58,7452725248.0,250680.0,4096,1253.66,ğŸ“,âœ—,âœ—,4.25 Â± 1.28 / 18.15 Â± 3.08@@4.245013303283621,39.24 Â± 2.43 / 24.25 Â± 1.34@@39.24081654055841,11.48 Â± 1.02 / 52.86 Â± 2.43@@11.47935019875848,67.83 Â± 0.99 / 53.92 Â± 0.62@@67.82582218479024,65.55 Â± 0.28 / 15.78 Â± 0.39@@65.54922432056628,13.37 Â± 0.76 / 32.35 Â± 0.82@@13.36910134924954,9.13 Â± 1.17 / 27.27 Â± 0.70@@9.13167819271574,14.0.4@@140004,14.0.4@@140004,14.0.4@@140004,14.2.0.dev0@@140200,14.0.4@@140004,14.0.4@@140004,14.0.4@@140004
Rijgersberg/GEITje-7B (few-shot),3.58,7241732096.0,32000.0,32768,5886.57,ğŸ§ ,âœ“,âœ—,4.36 Â± 2.96 / 28.11 Â± 4.71@@4.35555534523125,47.53 Â± 1.90 / 32.42 Â± 1.99@@47.52609575736037,30.67 Â± 4.45 / 63.78 Â± 2.80@@30.672081249238364,3.93 Â± 0.18 / 0.00 Â± 0.00@@3.9321839401693586,67.58 Â± 0.85 / 22.14 Â± 1.21@@67.57669426966459,28.12 Â± 0.98 / 44.50 Â± 0.93@@28.122879505018204,11.70 Â± 2.42 / 32.05 Â± 1.90@@11.697589294249042,9.3.1@@90301,9.3.1@@90301,9.3.1@@90301,14.3.0@@140300,9.3.1@@90301,9.3.1@@90301,9.3.1@@90301
allenai/OLMo-1.7-7B-hf (few-shot),3.59,6888095744.0,50304.0,4096,3371.43,ğŸ§ ,âœ“,âœ—,4.34 Â± 2.10 / 19.37 Â± 2.08@@4.339277484978905,46.95 Â± 2.32 / 36.13 Â± 1.88@@46.9509997699909,3.46 Â± 1.91 / 41.32 Â± 3.08@@3.4584881644938963,74.87 Â± 0.59 / 62.27 Â± 0.90@@74.86921899921933,61.31 Â± 0.64 / 17.24 Â± 0.72@@61.30637975533318,18.21 Â± 0.70 / 37.51 Â± 0.63@@18.207469264558313,9.03 Â± 1.04 / 29.35 Â± 0.77@@9.029396180140392,12.10.4@@121004,12.10.5@@121005,12.10.4@@121004,14.3.0@@140300,12.10.5@@121005,12.10.4@@121004,12.10.4@@121004
google/gemma-2-2b (few-shot),3.64,2614341888.0,256000.0,8448,5235.32,ğŸ§ ,âœ“,âœ—,8.11 Â± 1.55 / 28.07 Â± 1.80@@8.11257160440434,22.63 Â± 4.98 / 22.71 Â± 2.86@@22.62564978889866,8.04 Â± 1.79 / 48.95 Â± 2.97@@8.041071023361422,68.93 Â± 1.50 / 54.14 Â± 1.51@@68.92850446450257,61.90 Â± 1.04 / 17.09 Â± 0.93@@61.89815484423888,22.76 Â± 0.76 / 41.67 Â± 0.80@@22.758510729408368,8.50 Â± 1.32 / 30.16 Â± 1.11@@8.503080420022977,13.0.0@@130000,13.0.0@@130000,13.0.0@@130000,14.3.0@@140300,13.0.0@@130000,13.0.0@@130000,13.0.0@@130000
ChocoLlama/ChocoLlama-2-7B-base (few-shot),3.65,6738415616.0,32000.0,4096,3103.81,ğŸ§ ,âœ“,âœ—,6.41 Â± 3.47 / 36.97 Â± 2.19@@6.409871795824626,28.05 Â± 2.71 / 28.25 Â± 3.57@@28.046224854076247,14.79 Â± 1.90 / 47.16 Â± 4.47@@14.791634007895643,71.14 Â± 1.71 / 58.97 Â± 1.38@@71.1376059434652,64.40 Â± 0.80 / 18.78 Â± 1.13@@64.39777210667671,8.24 Â± 1.01 / 29.35 Â± 0.95@@8.23662791074279,3.04 Â± 0.99 / 26.12 Â± 0.82@@3.0415366828525228,14.3.0@@140300,14.3.0@@140300,14.3.0@@140300,14.3.0@@140300,14.3.0@@140300,14.3.0@@140300,14.3.0@@140300
ibm-granite/granite-3b-code-instruct-2k (few-shot),3.67,3482503680.0,49152.0,2048,9058.91,ğŸ“,âœ“,âœ—,10.15 Â± 1.55 / 22.01 Â± 1.44@@10.150162884166255,48.53 Â± 3.89 / 38.20 Â± 2.92@@48.53283778860359,4.88 Â± 2.27 / 38.78 Â± 3.56@@4.876593846021397,58.87 Â± 0.77 / 44.68 Â± 1.49@@58.86883754594437,59.56 Â± 1.09 / 15.20 Â± 0.56@@59.55947979877237,7.38 Â± 1.06 / 29.60 Â± 0.71@@7.383254752264941,2.69 Â± 0.56 / 25.85 Â± 0.33@@2.6914675038937657,13.0.0@@130000,13.0.0@@130000,13.0.0@@130000,14.2.0.dev0@@140200,13.0.0@@130000,13.0.0@@130000,13.0.0@@130000
ChocoLlama/ChocoLlama-2-7B-instruct (few-shot),3.67,6738415616.0,32000.0,4096,4780.39,ğŸ“,âœ—,âœ—,8.02 Â± 1.90 / 29.04 Â± 2.81@@8.022969270896816,30.03 Â± 3.15 / 29.81 Â± 3.12@@30.0319921788317,8.84 Â± 1.52 / 38.13 Â± 2.33@@8.841321056567047,67.92 Â± 0.63 / 50.42 Â± 1.53@@67.92269029387492,65.36 Â± 0.94 / 16.34 Â± 1.03@@65.36070887348615,6.68 Â± 0.98 / 29.20 Â± 0.71@@6.677728368769298,3.78 Â± 0.95 / 27.03 Â± 0.78@@3.7786396868564616,14.3.0@@140300,14.3.0@@140300,14.3.0@@140300,14.3.0@@140300,14.3.0@@140300,14.3.0@@140300,14.3.0@@140300
ibm-granite/granite-3b-code-base-2k (few-shot),3.69,3482503680.0,49152.0,2048,2731.51,ğŸ§ ,âœ“,âœ—,12.39 Â± 1.50 / 30.05 Â± 1.80@@12.38816803058242,50.88 Â± 3.41 / 39.51 Â± 3.29@@50.87889915471811,3.31 Â± 1.19 / 37.97 Â± 4.40@@3.3082107104214935,61.89 Â± 1.10 / 49.65 Â± 1.28@@61.8940564745547,52.50 Â± 2.95 / 10.11 Â± 2.12@@52.49678909269277,9.22 Â± 0.79 / 31.06 Â± 0.75@@9.219803709764642,4.45 Â± 1.38 / 28.26 Â± 1.08@@4.450504328778472,13.0.0@@130000,13.0.0@@130000,13.0.0@@130000,14.3.0@@140300,13.0.0@@130000,13.0.0@@130000,13.0.0@@130000
timpal0l/Mistral-7B-v0.1-flashback-v2 (few-shot),3.7,7241732096.0,32000.0,32768,5053.68,ğŸ“,âœ“,âœ—,8.43 Â± 1.27 / 24.23 Â± 0.94@@8.430053187606616,54.56 Â± 2.96 / 37.86 Â± 2.49@@54.56062869687683,10.99 Â± 2.55 / 50.46 Â± 4.17@@10.986058728129478,21.49 Â± 1.75 / 0.01 Â± 0.01@@21.488740318030995,57.88 Â± 1.41 / 12.36 Â± 1.30@@57.87966587486153,25.12 Â± 1.17 / 43.50 Â± 0.92@@25.12054130287289,10.65 Â± 1.55 / 31.51 Â± 1.52@@10.646264915666666,12.5.3@@120503,12.5.3@@120503,12.5.3@@120503,14.3.0@@140300,12.5.3@@120503,12.5.3@@120503,12.5.3@@120503
ibm-granite/granite-7b-base (few-shot),3.71,6738415616.0,32000.0,2048,4405.37,ğŸ§ ,âœ“,âœ—,7.51 Â± 1.57 / 19.22 Â± 1.72@@7.509385720152374,37.39 Â± 3.37 / 32.77 Â± 1.97@@37.39073520708501,3.11 Â± 0.88 / 50.54 Â± 0.90@@3.1097982677360885,64.54 Â± 0.92 / 49.49 Â± 1.47@@64.53854762699082,57.63 Â± 1.86 / 12.27 Â± 0.83@@57.62645702445297,14.52 Â± 1.25 / 35.34 Â± 0.95@@14.52211254661268,6.60 Â± 1.13 / 29.30 Â± 0.97@@6.597606554845015,12.10.5@@121005,12.10.5@@121005,12.10.5@@121005,14.3.0@@140300,12.10.5@@121005,12.10.8@@121008,12.10.8@@121008
meta-llama/Llama-3.2-1B-Instruct (few-shot),3.72,1235814400.0,128256.0,131328,7435.78,ğŸ“,âœ“,âœ—,9.15 Â± 1.70 / 32.55 Â± 2.69@@9.154089840468124,42.01 Â± 2.06 / 37.16 Â± 1.98@@42.00522519805291,1.11 Â± 2.15 / 36.71 Â± 3.89@@1.107657011406834,49.71 Â± 1.40 / 34.38 Â± 0.82@@49.70502012432601,58.72 Â± 1.05 / 12.47 Â± 0.62@@58.72339785229996,17.71 Â± 0.69 / 38.01 Â± 0.61@@17.710644304097883,6.98 Â± 1.11 / 28.05 Â± 1.00@@6.9844102274389845,13.0.0@@130000,13.0.0@@130000,13.0.0@@130000,14.2.0.dev0@@140200,13.0.0@@130000,13.0.0@@130000,13.0.0@@130000
Qwen/Qwen1.5-4B (few-shot),3.74,3950369280.0,151936.0,32768,3247.86,ğŸ“,âœ“,âœ—,12.55 Â± 1.39 / 39.80 Â± 1.38@@12.551018998977082,35.74 Â± 3.22 / 31.74 Â± 2.24@@35.737534861970474,0.23 Â± 0.44 / 33.35 Â± 0.31@@0.22560501914600364,24.05 Â± 0.72 / 1.74 Â± 0.60@@24.049574485684232,58.90 Â± 1.59 / 14.17 Â± 0.80@@58.903305678177276,22.20 Â± 1.53 / 41.49 Â± 1.08@@22.204076319237398,13.11 Â± 1.85 / 33.86 Â± 1.69@@13.111097515741838,10.0.1@@100001,12.5.2@@120502,12.1.0@@120100,14.3.0@@140300,12.1.0@@120100,12.1.0@@120100,12.1.0@@120100
MaLA-LM/emma-500-llama2-7b (few-shot),3.74,6738415616.0,32000.0,4096,6275.17,ğŸ§ ,âœ“,âœ—,8.77 Â± 1.80 / 25.31 Â± 1.42@@8.76810016986511,36.61 Â± 3.37 / 31.91 Â± 2.20@@36.610841535401164,3.52 Â± 2.07 / 35.34 Â± 1.61@@3.5157430561832306,74.26 Â± 0.67 / 60.07 Â± 1.68@@74.26316493831767,54.50 Â± 5.78 / 15.01 Â± 1.59@@54.497866064484704,14.90 Â± 1.44 / 35.20 Â± 1.09@@14.902736581660761,7.26 Â± 1.56 / 29.91 Â± 1.18@@7.256327451153886,13.0.0@@130000,13.0.0@@130000,13.0.0@@130000,14.3.0@@140300,13.0.0@@130000,13.0.0@@130000,13.0.0@@130000
openGPT-X/Teuken-7B-instruct-commercial-v0.4 (few-shot),3.75,7452725248.0,250680.0,4096,1437.66,ğŸ“,âœ“,âœ—,0.78 Â± 0.93 / 8.63 Â± 0.29@@0.7798353353044836,42.35 Â± 2.49 / 29.29 Â± 1.66@@42.350750173309066,-0.02 Â± 1.29 / 38.46 Â± 1.55@@-0.023690831372878245,61.13 Â± 2.82 / 46.42 Â± 2.29@@61.128972467133224,65.32 Â± 0.26 / 16.11 Â± 0.29@@65.3197488746082,14.59 Â± 0.65 / 34.74 Â± 0.52@@14.594794083010127,11.78 Â± 1.60 / 32.91 Â± 0.98@@11.775641336682341,14.0.4@@140004,14.0.4@@140004,14.0.4@@140004,14.2.0.dev0@@140200,14.0.4@@140004,14.0.4@@140004,14.0.4@@140004
ibm-granite/granite-7b-instruct (few-shot),3.78,6738481152.0,32008.0,4096,3136.16,ğŸ“,âœ“,âœ—,7.45 Â± 1.77 / 22.28 Â± 1.35@@7.447987245260033,33.73 Â± 2.02 / 30.41 Â± 1.57@@33.72932791994705,3.78 Â± 2.04 / 50.30 Â± 1.51@@3.779948220795886,38.27 Â± 2.96 / 14.99 Â± 2.18@@38.26749700697868,64.37 Â± 0.44 / 16.25 Â± 0.30@@64.36758947034832,13.67 Â± 1.39 / 34.95 Â± 1.02@@13.674415927833145,11.51 Â± 0.68 / 33.35 Â± 0.60@@11.511515158109283,13.0.0@@130000,13.2.0@@130200,13.2.0@@130200,14.2.0.dev0@@140200,13.2.0@@130200,13.2.0@@130200,13.2.0@@130200
tiiuae/Falcon3-3B-Base (few-shot),3.83,3227655168.0,131072.0,32768,6469.55,ğŸ§ ,âœ“,âœ—,7.36 Â± 1.82 / 21.74 Â± 1.98@@7.35950115783426,46.74 Â± 3.20 / 39.02 Â± 2.78@@46.73898789626552,2.01 Â± 2.90 / 38.53 Â± 5.01@@2.009577934842283,46.33 Â± 1.67 / 36.70 Â± 1.52@@46.33195889371266,57.68 Â± 2.51 / 11.33 Â± 1.02@@57.678379033241065,10.60 Â± 1.35 / 32.43 Â± 1.14@@10.59531954834572,1.86 Â± 0.86 / 25.60 Â± 0.38@@1.8594476711293428,14.3.0@@140300,14.3.0@@140300,14.3.0@@140300,14.3.0@@140300,14.3.0@@140300,14.3.0@@140300,14.3.0@@140300
utter-project/EuroLLM-1.7B-Instruct (few-shot),3.89,1656850432.0,128000.0,4096,6288.34,ğŸ“,âœ“,âœ—,7.03 Â± 2.08 / 34.16 Â± 1.83@@7.030807497625413,32.45 Â± 2.17 / 30.83 Â± 2.31@@32.44897942684693,5.58 Â± 1.32 / 44.79 Â± 3.28@@5.582674156445834,53.57 Â± 2.55 / 38.89 Â± 1.80@@53.56795421914997,61.96 Â± 0.80 / 14.66 Â± 0.48@@61.955366453621544,2.53 Â± 1.10 / 25.95 Â± 1.10@@2.531998238832601,1.04 Â± 0.74 / 25.13 Â± 0.68@@1.0366156464808585,13.1.0@@130100,13.1.0@@130100,13.1.0@@130100,14.2.0.dev0@@140200,13.1.0@@130100,13.1.0@@130100,13.1.0@@130100
ibm-granite/granite-3.0-1b-a400m-instruct (few-shot),3.89,1334628352.0,49155.0,4096,7964.03,ğŸ“,âœ“,âœ—,13.26 Â± 1.54 / 37.96 Â± 2.44@@13.255201212616816,30.60 Â± 2.69 / 26.10 Â± 1.90@@30.60093435180251,1.04 Â± 1.52 / 45.97 Â± 3.20@@1.0423676315549435,41.33 Â± 1.21 / 31.91 Â± 1.05@@41.32654951925465,61.20 Â± 1.00 / 13.03 Â± 0.49@@61.20123239459645,2.10 Â± 1.04 / 26.02 Â± 0.92@@2.104132154709824,-0.52 Â± 0.72 / 23.98 Â± 0.59@@-0.5226640985239069,13.2.0@@130200,13.2.0@@130200,13.2.0@@130200,14.2.0.dev0@@140200,13.2.0@@130200,13.2.0@@130200,13.2.0@@130200
google/gemma-2b (few-shot),3.9,2506172416.0,256000.0,8192,6087.12,ğŸ§ ,âœ“,âœ—,10.75 Â± 1.63 / 23.37 Â± 1.57@@10.7480104527844,16.90 Â± 4.91 / 17.38 Â± 4.30@@16.896761614694828,0.41 Â± 1.03 / 33.54 Â± 0.32@@0.413808022236279,61.18 Â± 1.63 / 49.22 Â± 1.71@@61.184343619284576,58.61 Â± 2.22 / 13.67 Â± 1.15@@58.60657953431655,10.94 Â± 0.50 / 31.87 Â± 0.76@@10.941258417552055,3.29 Â± 0.95 / 26.85 Â± 0.49@@3.285847214726993,15.0.0@@150000,12.5.2@@120502,12.1.0@@120100,14.3.0@@140300,12.1.0@@120100,12.1.0@@120100,12.1.0@@120100
AI-Sweden-Models/gpt-sw3-20b-instruct (few-shot),3.9,20918423552.0,64000.0,2048,1830.86,ğŸ“,âœ“,âœ—,18.40 Â± 2.14 / 40.21 Â± 2.51@@18.404172225069686,24.44 Â± 1.62 / 25.02 Â± 1.72@@24.4444708170711,4.85 Â± 2.01 / 49.10 Â± 2.56@@4.853754190693031,26.67 Â± 3.62 / 8.58 Â± 4.14@@26.669270724298105,54.89 Â± 1.27 / 13.01 Â± 0.47@@54.88568074513751,4.38 Â± 1.45 / 27.07 Â± 1.30@@4.38156589156395,1.95 Â± 0.83 / 24.88 Â± 0.71@@1.9527308477108367,9.3.1@@90301,9.3.1@@90301,9.3.1@@90301,14.3.0@@140300,9.3.1@@90301,9.3.1@@90301,9.3.1@@90301
BSC-LT/salamandra-2b-instruct (few-shot),3.91,2253490176.0,256000.0,8192,10891.84,ğŸ“,âœ“,âœ—,8.55 Â± 1.68 / 20.20 Â± 1.26@@8.548211424355062,29.38 Â± 3.16 / 26.61 Â± 1.82@@29.37535776085517,2.45 Â± 1.78 / 46.03 Â± 3.05@@2.446220406634942,59.50 Â± 1.22 / 39.00 Â± 2.44@@59.5034827682255,59.95 Â± 0.58 / 13.12 Â± 0.68@@59.95307765319012,1.56 Â± 1.27 / 26.23 Â± 0.94@@1.559019637238639,1.70 Â± 0.86 / 25.75 Â± 0.64@@1.7047971550922774,14.4.0@@140400,14.4.0@@140400,14.4.0@@140400,14.4.0@@140400,14.4.0@@140400,14.4.0@@140400,14.4.0@@140400
Qwen/Qwen1.5-1.8B-Chat (few-shot),3.92,1836828672.0,151936.0,32768,8303.55,ğŸ“,âœ—,âœ—,6.82 Â± 1.82 / 30.97 Â± 2.65@@6.8182774863569025,23.44 Â± 5.09 / 25.00 Â± 2.33@@23.44362130331714,4.11 Â± 1.73 / 43.70 Â± 3.47@@4.109901744602294,47.43 Â± 1.55 / 31.45 Â± 2.42@@47.4289296347124,60.91 Â± 0.99 / 12.65 Â± 0.41@@60.90916884350008,12.11 Â± 0.90 / 33.62 Â± 0.61@@12.114447974214995,6.41 Â± 1.13 / 29.73 Â± 0.82@@6.407023171061208,11.0.0@@110000,12.5.2@@120502,12.1.0@@120100,14.2.0.dev0@@140200,12.5.0@@120500,12.1.0@@120100,12.1.0@@120100
stabilityai/stablelm-2-1_6b (few-shot),3.92,1644515328.0,100352.0,4096,7258.53,ğŸ§ ,âœ“,âœ—,6.32 Â± 1.30 / 24.04 Â± 1.14@@6.318774767055495,36.58 Â± 3.88 / 33.82 Â± 2.87@@36.584328653874664,4.01 Â± 2.01 / 36.03 Â± 1.61@@4.008630432706511,64.81 Â± 1.61 / 51.32 Â± 1.60@@64.80582135150655,52.24 Â± 1.79 / 10.76 Â± 0.68@@52.24139777681558,10.24 Â± 1.06 / 31.02 Â± 0.79@@10.242849062662106,6.75 Â± 0.83 / 28.50 Â± 0.84@@6.752532384929511,12.10.8@@121008,12.10.8@@121008,12.10.8@@121008,14.3.0@@140300,12.10.8@@121008,12.10.8@@121008,12.10.8@@121008
NorwAI/NorwAI-Mistral-7B (few-shot),3.93,7536586752.0,67993.0,4224,3034.67,ğŸ§ ,âœ“,âœ—,8.31 Â± 1.56 / 20.06 Â± 1.06@@8.309840281632674,24.15 Â± 5.73 / 26.49 Â± 4.13@@24.153869376650412,1.60 Â± 1.71 / 41.51 Â± 3.60@@1.6041423094656782,57.36 Â± 2.41 / 44.11 Â± 1.33@@57.36311852704832,59.43 Â± 1.17 / 14.57 Â± 0.83@@59.43166423865478,3.04 Â± 1.28 / 26.56 Â± 0.79@@3.041665035711463,3.70 Â± 1.54 / 26.98 Â± 1.26@@3.695981531433505,12.10.4@@121004,12.10.4@@121004,12.10.4@@121004,14.3.0@@140300,12.10.4@@121004,12.10.4@@121004,12.10.4@@121004
HuggingFaceTB/SmolLM2-1.7B-Instruct (few-shot),3.93,1711376384.0,49152.0,8192,2631.13,ğŸ“,âœ“,âœ—,1.56 Â± 3.25 / 28.78 Â± 2.60@@1.5648579086665024,31.84 Â± 3.39 / 28.66 Â± 1.77@@31.84020643015225,5.05 Â± 1.34 / 43.99 Â± 4.14@@5.045396534531319,49.69 Â± 0.65 / 34.61 Â± 1.43@@49.68569195946478,60.35 Â± 1.16 / 13.63 Â± 0.63@@60.35126142545778,13.39 Â± 0.96 / 34.55 Â± 0.65@@13.394893490451679,4.57 Â± 0.96 / 27.42 Â± 0.73@@4.574887606514897,13.1.0@@130100,13.1.0@@130100,13.1.0@@130100,14.2.0.dev0@@140200,13.1.0@@130100,13.1.0@@130100,13.1.0@@130100
RuterNorway/Llama-2-7b-chat-norwegian (few-shot),3.93,,32000.0,4096,10889.7,ğŸ“,âœ—,âœ—,11.36 Â± 1.56 / 30.66 Â± 3.68@@11.35590674332874,35.49 Â± 3.10 / 29.35 Â± 2.75@@35.48815925866721,2.52 Â± 2.14 / 42.60 Â± 4.80@@2.521546942782741,21.47 Â± 1.36 / 16.14 Â± 1.35@@21.473958575259584,62.24 Â± 0.86 / 15.62 Â± 0.60@@62.24441529833712,5.41 Â± 1.15 / 27.75 Â± 0.75@@5.40769524220498,0.15 Â± 0.98 / 25.59 Â± 0.57@@0.15026280412931584,9.3.1@@90301,9.3.1@@90301,9.3.1@@90301,14.2.0.dev0@@140200,9.3.1@@90301,9.3.1@@90301,9.3.1@@90301
AI-Sweden-Models/gpt-sw3-20b (few-shot),3.94,20918423552.0,64000.0,2048,1875.24,ğŸ§ ,âœ“,âœ—,14.73 Â± 2.89 / 33.39 Â± 3.60@@14.733407898370496,35.98 Â± 3.72 / 34.31 Â± 2.76@@35.97509054908276,1.93 Â± 1.04 / 47.93 Â± 2.28@@1.931156508074026,56.02 Â± 0.94 / 43.71 Â± 1.22@@56.015567332204,44.96 Â± 7.95 / 10.26 Â± 1.46@@44.95792265712225,6.24 Â± 1.54 / 29.02 Â± 1.30@@6.238033168952704,0.47 Â± 1.20 / 24.89 Â± 0.59@@0.4690774992040204,14.3.0@@140300,14.3.0@@140300,14.3.0@@140300,14.3.0@@140300,14.3.0@@140300,9.3.1@@90301,9.3.1@@90301
BSC-LT/salamandra-2b (few-shot),3.97,2253490176.0,256000.0,8192,7146.49,ğŸ§ ,âœ“,âœ—,8.65 Â± 1.59 / 30.08 Â± 3.16@@8.65223931651062,29.61 Â± 3.81 / 28.10 Â± 3.52@@29.61023665046302,-0.12 Â± 0.78 / 33.87 Â± 0.63@@-0.12430680144840427,58.74 Â± 1.34 / 46.40 Â± 1.27@@58.73868123527674,59.15 Â± 1.44 / 16.78 Â± 0.68@@59.1534986635088,-1.08 Â± 0.89 / 24.30 Â± 0.75@@-1.0846799126701845,-1.07 Â± 0.92 / 23.34 Â± 0.41@@-1.069154018004158,14.4.0@@140400,14.4.0@@140400,14.4.0@@140400,14.4.0@@140400,14.4.0@@140400,14.4.0@@140400,14.4.0@@140400
Tweeties/tweety-7b-dutch-v24a (few-shot),3.97,7391293440.0,50257.0,1024,2971.19,ğŸ“,âœ“,âœ—,12.47 Â± 2.51 / 40.41 Â± 2.26@@12.465052380157966,35.83 Â± 3.06 / 29.15 Â± 2.80@@35.82522238960587,16.81 Â± 3.31 / 53.38 Â± 5.08@@16.808212724575792,4.02 Â± 0.08 / 0.00 Â± 0.00@@4.020295740766086,51.61 Â± 0.65 / 9.48 Â± 0.19@@51.60825421662594,20.21 Â± 1.63 / 37.93 Â± 1.39@@20.205548207970608,5.94 Â± 1.54 / 28.98 Â± 0.98@@5.944350848932118,12.6.1@@120601,12.6.1@@120601,12.6.1@@120601,14.3.0@@140300,12.6.1@@120601,12.6.1@@120601,12.6.1@@120601
infly/OpenCoder-8B-Base (few-shot),3.98,7771263040.0,96640.0,8192,2978.18,ğŸ§ ,âœ“,âœ—,5.73 Â± 1.93 / 20.29 Â± 1.82@@5.73020842472392,56.01 Â± 2.89 / 30.97 Â± 3.04@@56.01143918233309,3.20 Â± 1.55 / 37.85 Â± 2.40@@3.1996130974664236,28.66 Â± 2.06 / 0.05 Â± 0.05@@28.65977205116517,53.10 Â± 2.53 / 10.03 Â± 1.08@@53.09526982775423,6.44 Â± 1.31 / 28.57 Â± 0.86@@6.441008533734151,3.02 Â± 1.38 / 26.17 Â± 0.77@@3.020312712309485,14.4.0@@140400,14.4.0@@140400,14.4.0@@140400,15.0.0@@150000,15.0.0@@150000,15.0.0@@150000,15.0.0@@150000
google/gemma-7b-it (few-shot),4.04,8537680896.0,256000.0,8192,1314.23,ğŸ“,âœ—,âœ—,1.84 Â± 2.02 / 10.06 Â± 2.00@@1.8381720108046573,44.87 Â± 4.20 / 38.85 Â± 4.08@@44.87068031393636,8.27 Â± 1.98 / 50.48 Â± 4.16@@8.268993224411854,24.24 Â± 2.14 / 5.23 Â± 1.36@@24.243458686670124,59.97 Â± 0.46 / 10.62 Â± 0.63@@59.97067335294559,8.02 Â± 0.93 / 29.31 Â± 1.10@@8.021753673130537,2.50 Â± 1.78 / 25.50 Â± 0.85@@2.5028710538615355,15.0.0@@150000,15.0.0@@150000,15.0.0.dev0@@150000,15.0.0.dev0@@150000,15.0.0.dev0@@150000,15.0.0.dev0@@150000,15.0.0.dev0@@150000
HuggingFaceTB/SmolLM2-1.7B (few-shot),4.05,1711376384.0,49152.0,8192,2616.53,ğŸ§ ,âœ“,âœ—,4.60 Â± 2.12 / 29.94 Â± 1.50@@4.604643225417048,22.84 Â± 5.42 / 25.11 Â± 3.52@@22.837664023937972,2.55 Â± 1.41 / 40.88 Â± 3.15@@2.5458314030707907,46.59 Â± 1.16 / 37.30 Â± 0.98@@46.58579046962865,58.31 Â± 1.50 / 13.08 Â± 0.51@@58.31240982537565,14.32 Â± 0.71 / 35.65 Â± 0.50@@14.317581611699465,3.87 Â± 1.02 / 27.14 Â± 0.66@@3.8678620876424152,13.1.0@@130100,13.1.0@@130100,13.1.0@@130100,14.3.0@@140300,13.1.0@@130100,13.1.0@@130100,13.1.0@@130100
Qwen/Qwen1.5-0.5B-Chat (few-shot),4.06,619570176.0,151936.0,32768,11740.04,ğŸ“,âœ—,âœ—,8.59 Â± 3.20 / 29.65 Â± 5.10@@8.594954872277906,18.66 Â± 4.43 / 17.56 Â± 4.28@@18.664772037610774,0.34 Â± 2.02 / 43.92 Â± 3.15@@0.3377735597528041,37.70 Â± 1.55 / 27.48 Â± 1.17@@37.70479907348333,62.36 Â± 0.81 / 11.72 Â± 0.73@@62.359184878732776,2.09 Â± 1.13 / 25.90 Â± 0.60@@2.0859531815010954,1.44 Â± 1.12 / 26.50 Â± 0.68@@1.4410307830116842,11.0.0@@110000,12.5.2@@120502,12.1.0@@120100,14.2.0.dev0@@140200,12.5.0@@120500,12.1.0@@120100,12.1.0@@120100
PleIAs/Pleias-3b-Preview (few-shot),4.07,3211926528.0,65536.0,4096,6513.19,ğŸ§ ,âœ“,âœ—,7.24 Â± 2.08 / 29.45 Â± 4.63@@7.2382377541160725,31.13 Â± 3.71 / 29.34 Â± 2.26@@31.12973835223176,1.23 Â± 1.73 / 44.71 Â± 3.28@@1.2251465041528857,39.42 Â± 1.97 / 29.42 Â± 1.35@@39.4221036282341,56.85 Â± 0.66 / 11.52 Â± 0.17@@56.85221689898754,1.79 Â± 1.11 / 26.12 Â± 0.72@@1.7881674169659774,-0.63 Â± 1.13 / 23.93 Â± 0.71@@-0.6331838079053081,14.1.2@@140102,14.0.4@@140004,14.1.2@@140102,14.3.0@@140300,14.0.4@@140004,14.0.4@@140004,14.0.4@@140004
LumiOpen/Viking-13B (few-shot),4.07,14030361600.0,131072.0,4352,908.37,ğŸ§ ,âœ“,âœ—,8.57 Â± 2.44 / 34.17 Â± 2.59@@8.57199864775812,36.74 Â± 3.36 / 32.36 Â± 1.39@@36.73635762774583,3.01 Â± 1.94 / 46.03 Â± 4.19@@3.0144610408661716,48.04 Â± 2.39 / 36.57 Â± 1.81@@48.04013279837403,51.76 Â± 1.36 / 10.67 Â± 0.56@@51.76212791891886,0.67 Â± 1.15 / 24.89 Â± 0.79@@0.6723871567601875,-0.30 Â± 1.01 / 23.52 Â± 0.38@@-0.30336867740255274,12.5.2@@120502,12.5.2@@120502,12.5.2@@120502,14.3.0@@140300,12.5.2@@120502,12.5.2@@120502,12.5.2@@120502
utter-project/EuroLLM-1.7B (few-shot),4.09,,128000.0,4096,2755.85,ğŸ§ ,âœ“,âœ—,4.05 Â± 1.61 / 26.52 Â± 1.00@@4.050152707456984,26.97 Â± 2.42 / 27.85 Â± 1.55@@26.970303753343117,1.51 Â± 2.18 / 41.21 Â± 3.57@@1.5136630823015191,57.53 Â± 1.78 / 44.11 Â± 1.67@@57.530733808915954,57.86 Â± 1.10 / 11.60 Â± 0.26@@57.856937689939514,0.84 Â± 1.10 / 24.71 Â± 0.65@@0.8421168599590427,-1.07 Â± 1.23 / 23.68 Â± 0.41@@-1.0650651554130808,14.1.2@@140102,14.2.0.dev0@@140200,14.2.0.dev0@@140200,14.3.0@@140300,14.2.0.dev0@@140200,14.2.0.dev0@@140200,14.2.0.dev0@@140200
google/gemma-2b-it (few-shot),4.1,2506172416.0,256000.0,8192,6470.59,ğŸ“,âœ—,âœ—,8.89 Â± 1.28 / 19.32 Â± 3.12@@8.892984647407784,38.85 Â± 3.77 / 32.18 Â± 2.49@@38.85386809957466,-2.27 Â± 1.37 / 37.91 Â± 2.26@@-2.271919902166561,32.40 Â± 3.87 / 16.25 Â± 3.96@@32.40168695279046,51.99 Â± 8.25 / 12.75 Â± 2.04@@51.98762836313108,10.97 Â± 0.92 / 32.28 Â± 0.76@@10.969999100668002,1.45 Â± 1.15 / 24.79 Â± 0.52@@1.4465306991790872,15.0.0@@150000,12.5.2@@120502,12.1.0@@120100,14.2.0.dev0@@140200,12.4.0@@120400,12.1.0@@120100,12.1.0@@120100
tiiuae/Falcon3-1B-Instruct (few-shot),4.16,1669408768.0,131072.0,8192,9270.37,ğŸ“,âœ“,âœ—,3.73 Â± 1.83 / 15.20 Â± 2.26@@3.728189290790356,28.25 Â± 3.03 / 25.24 Â± 2.38@@28.247163312628608,0.76 Â± 1.10 / 33.57 Â± 0.34@@0.7593472973319758,31.17 Â± 3.06 / 20.69 Â± 2.06@@31.17063030603331,57.20 Â± 1.38 / 10.23 Â± 0.61@@57.204885549945175,5.45 Â± 0.96 / 28.87 Â± 0.86@@5.450208714961948,2.34 Â± 1.16 / 26.19 Â± 0.80@@2.3424625310574108,14.1.2@@140102,14.1.2@@140102,14.1.2@@140102,14.3.0@@140300,14.1.2@@140102,14.1.2@@140102,14.1.2@@140102
allenai/OLMo-7B (few-shot),4.16,6888095744.0,50280.0,2304,5402.86,ğŸ§ ,âœ“,âœ—,9.55 Â± 1.82 / 23.90 Â± 1.53@@9.545609735549611,37.37 Â± 2.22 / 30.45 Â± 2.45@@37.371323460608394,0.05 Â± 1.35 / 35.78 Â± 2.30@@0.04851094343761176,46.37 Â± 1.51 / 34.81 Â± 1.54@@46.37102994688945,45.22 Â± 0.39 / 8.61 Â± 0.17@@45.21965805470245,3.92 Â± 1.04 / 27.22 Â± 0.63@@3.9168082449617274,0.16 Â± 0.55 / 25.29 Â± 0.61@@0.1560962885078242,12.5.2@@120502,12.5.2@@120502,12.5.2@@120502,12.5.2@@120502,12.5.2@@120502,12.5.2@@120502,12.5.2@@120502
ibm-granite/granite-3.0-1b-a400m-base (few-shot),4.17,1384956928.0,49152.0,4096,7808.38,ğŸ§ ,âœ“,âœ—,9.35 Â± 1.70 / 31.57 Â± 6.23@@9.350069859325917,12.76 Â± 7.37 / 14.65 Â± 5.86@@12.758974809317342,0.69 Â± 1.52 / 44.03 Â± 3.52@@0.6865998451471176,47.01 Â± 1.39 / 36.69 Â± 1.41@@47.00622652320453,56.45 Â± 1.86 / 12.01 Â± 0.44@@56.4519047956128,-0.05 Â± 0.51 / 24.48 Â± 0.64@@-0.05221098922246096,-0.85 Â± 0.88 / 23.82 Â± 0.73@@-0.8523944988376362,13.2.0@@130200,13.2.0@@130200,13.2.0@@130200,14.3.0@@140300,13.2.0@@130200,13.2.0@@130200,13.2.0@@130200
NorwAI/NorwAI-Llama2-7B (few-shot),4.18,7033270272.0,67993.0,4224,4437.75,ğŸ§ ,âœ“,âœ—,6.04 Â± 1.51 / 18.08 Â± 2.09@@6.038297554101306,22.50 Â± 2.27 / 24.09 Â± 2.40@@22.50410129173471,-0.61 Â± 1.30 / 46.51 Â± 2.55@@-0.6081091262073046,45.36 Â± 2.90 / 32.97 Â± 2.21@@45.364615086329664,56.55 Â± 3.05 / 13.22 Â± 1.01@@56.545331024681225,0.27 Â± 1.29 / 24.94 Â± 0.91@@0.26920046894127464,1.47 Â± 0.79 / 25.75 Â± 0.39@@1.468607706074073,12.10.4@@121004,12.10.4@@121004,12.10.4@@121004,14.3.0@@140300,12.10.4@@121004,12.10.4@@121004,12.10.4@@121004
PleIAs/Pleias-1.2b-Preview (few-shot),4.21,1195468800.0,65536.0,2048,10756.07,ğŸ§ ,âœ“,âœ—,4.99 Â± 3.86 / 29.17 Â± 2.70@@4.987676698866344,38.22 Â± 3.45 / 35.62 Â± 3.90@@38.21682827363587,1.85 Â± 1.45 / 40.34 Â± 3.41@@1.8465237265966752,41.43 Â± 1.95 / 29.92 Â± 1.72@@41.430281255627186,49.31 Â± 4.05 / 8.77 Â± 1.00@@49.311089220282156,-1.45 Â± 0.89 / 24.35 Â± 0.73@@-1.449917330499989,0.83 Â± 0.92 / 26.03 Â± 0.51@@0.8326128446610933,14.1.2@@140102,14.0.4@@140004,14.1.2@@140102,14.3.0@@140300,14.0.4@@140004,14.0.4@@140004,14.0.4@@140004
PleIAs/Pleias-Nano (few-shot),4.23,1195468800.0,65536.0,2048,2519.09,ğŸ§ ,âœ“,âœ—,7.90 Â± 3.56 / 33.04 Â± 3.49@@7.895858223884504,23.58 Â± 4.08 / 26.01 Â± 4.43@@23.584987295467926,1.79 Â± 1.38 / 40.53 Â± 3.24@@1.7859099249687884,29.98 Â± 4.10 / 18.11 Â± 4.41@@29.980407886476286,53.77 Â± 3.32 / 10.12 Â± 0.52@@53.774959658330765,-0.41 Â± 0.68 / 24.81 Â± 0.50@@-0.4114618631991888,-0.45 Â± 0.84 / 25.39 Â± 0.66@@-0.45377066348945627,14.1.2@@140102,14.0.4@@140004,14.1.2@@140102,14.3.0@@140300,14.0.4@@140004,14.0.4@@140004,14.0.4@@140004
meta-llama/Llama-3.2-1B (few-shot),4.24,1235814400.0,128256.0,131328,7577.45,ğŸ§ ,âœ“,âœ—,4.25 Â± 2.95 / 26.57 Â± 3.31@@4.245858585823258,22.03 Â± 4.43 / 19.22 Â± 3.92@@22.032185133590517,1.46 Â± 1.83 / 42.29 Â± 4.01@@1.45727686669834,53.55 Â± 1.62 / 40.32 Â± 1.73@@53.55249255816449,51.56 Â± 1.45 / 10.34 Â± 0.52@@51.55592895585869,5.46 Â± 1.05 / 28.09 Â± 0.78@@5.459933785183857,-0.58 Â± 0.81 / 23.58 Â± 0.50@@-0.582880085814704,13.0.0@@130000,13.0.0@@130000,13.0.0@@130000,14.3.0@@140300,13.0.0@@130000,13.0.0@@130000,13.0.0@@130000
infly/OpenCoder-1.5B-Instruct (few-shot),4.26,1905650880.0,96640.0,4096,7719.75,ğŸ“,âœ—,âœ—,0.58 Â± 1.00 / 9.26 Â± 1.59@@0.5784780544135856,40.04 Â± 3.53 / 30.62 Â± 2.76@@40.03736740798154,1.66 Â± 2.54 / 37.30 Â± 3.78@@1.6605625666340587,33.96 Â± 0.89 / 20.92 Â± 1.32@@33.956046698944036,56.08 Â± 1.53 / 9.44 Â± 0.42@@56.081001305137754,0.25 Â± 1.46 / 25.03 Â± 1.01@@0.2518524190919351,-0.50 Â± 1.46 / 24.53 Â± 0.87@@-0.4981987717690863,14.4.0@@140400,14.4.0@@140400,14.4.0@@140400,14.4.0@@140400,14.4.0@@140400,14.4.0@@140400,14.4.0@@140400
Qwen/Qwen1.5-0.5B (few-shot),4.27,619570176.0,151936.0,32768,11371.34,ğŸ“,âœ“,âœ—,4.54 Â± 2.76 / 26.53 Â± 3.74@@4.543527266361412,28.30 Â± 3.90 / 28.67 Â± 3.15@@28.30373171900602,-0.42 Â± 2.41 / 37.60 Â± 3.89@@-0.41976482958202416,11.77 Â± 0.42 / 0.02 Â± 0.02@@11.77248759201972,58.40 Â± 2.03 / 10.34 Â± 0.54@@58.40132296922093,7.44 Â± 0.51 / 29.86 Â± 0.35@@7.4374626200324725,1.70 Â± 1.42 / 26.04 Â± 0.91@@1.7003534311594157,10.0.1@@100001,12.5.2@@120502,12.1.0@@120100,14.3.0@@140300,12.1.0@@120100,12.1.0@@120100,12.1.0@@120100
microsoft/phi-2 (few-shot),4.27,2779683840.0,51200.0,2048,6084.61,ğŸ§ ,âœ“,âœ—,7.50 Â± 2.01 / 30.07 Â± 4.61@@7.496024451945645,38.14 Â± 2.47 / 34.49 Â± 2.24@@38.1372255011012,0.08 Â± 2.20 / 41.56 Â± 4.05@@0.075298592677501,35.25 Â± 1.96 / 27.90 Â± 1.82@@35.24921232170326,40.34 Â± 9.40 / 8.25 Â± 1.76@@40.344558107171906,6.12 Â± 1.12 / 28.63 Â± 0.87@@6.115363946526468,1.38 Â± 0.96 / 24.66 Â± 0.55@@1.3839387075473877,15.0.0@@150000,15.0.0@@150000,15.0.0@@150000,15.0.0@@150000,15.0.0@@150000,15.0.0@@150000,15.0.0@@150000
HuggingFaceTB/SmolLM2-360M (few-shot),4.34,361821120.0,49152.0,8192,22023.39,ğŸ§ ,âœ“,âœ—,6.84 Â± 1.76 / 27.74 Â± 5.49@@6.839913056934031,20.95 Â± 2.02 / 25.63 Â± 1.96@@20.948963378240542,-1.50 Â± 1.30 / 34.07 Â± 0.45@@-1.497650617963242,27.47 Â± 1.08 / 19.71 Â± 0.69@@27.46878808549949,53.89 Â± 2.61 / 10.53 Â± 0.37@@53.89124403896858,-0.45 Â± 1.59 / 24.24 Â± 0.79@@-0.44901222338127617,-0.31 Â± 1.39 / 23.58 Â± 0.40@@-0.30508320825653584,13.1.0@@130100,13.1.0@@130100,13.1.0@@130100,14.3.0@@140300,13.1.0@@130100,13.1.0@@130100,13.1.0@@130100
Qwen/Qwen1.5-1.8B (few-shot),4.35,1836828672.0,151936.0,32768,5665.51,ğŸ“,âœ“,âœ—,5.20 Â± 1.78 / 35.43 Â± 2.14@@5.196802533800411,11.66 Â± 6.46 / 15.15 Â± 4.38@@11.664556477041536,2.89 Â± 1.91 / 41.36 Â± 4.63@@2.8893121713400465,16.05 Â± 0.42 / 0.02 Â± 0.03@@16.050442923163722,55.00 Â± 1.73 / 11.21 Â± 0.64@@55.001601790281704,13.56 Â± 0.64 / 34.17 Â± 0.48@@13.55512205074452,5.89 Â± 0.82 / 29.17 Â± 0.66@@5.8882838825483494,10.0.1@@100001,12.5.2@@120502,12.1.0@@120100,14.3.0@@140300,12.1.0@@120100,12.1.0@@120100,12.1.0@@120100
Qwen/Qwen2.5-Math-1.5B (few-shot),4.44,1543714304.0,151936.0,4096,2371.7,ğŸ“,âœ“,âœ—,3.00 Â± 1.61 / 14.87 Â± 3.32@@3.0005218367412554,20.07 Â± 2.97 / 16.76 Â± 2.65@@20.072564402243824,0.00 Â± 0.00 / 33.30 Â± 0.27@@0.0,12.21 Â± 1.24 / 0.00 Â± 0.00@@12.20802100228789,53.74 Â± 1.61 / 8.62 Â± 0.52@@53.73963302568882,8.13 Â± 0.93 / 30.28 Â± 0.64@@8.12641617819078,1.04 Â± 0.88 / 25.34 Â± 0.83@@1.0376270064792787,15.1.0@@150100,15.1.0@@150100,15.1.0@@150100,15.1.0@@150100,15.1.0@@150100,15.1.0@@150100,15.1.0@@150100
allenai/OLMo-7B-Twin-2T (few-shot),4.44,6888095744.0,50280.0,2304,5484.4,ğŸ§ ,âœ“,âœ—,3.70 Â± 1.69 / 17.91 Â± 1.48@@3.7028696803897017,18.70 Â± 5.76 / 19.58 Â± 4.59@@18.70288159407702,2.19 Â± 2.08 / 45.43 Â± 3.44@@2.190606686495216,48.44 Â± 1.55 / 38.08 Â± 1.07@@48.44058806019352,43.79 Â± 0.51 / 7.59 Â± 0.20@@43.79219139664201,0.65 Â± 1.39 / 25.05 Â± 1.02@@0.6475539528510236,-0.02 Â± 0.92 / 24.75 Â± 0.66@@-0.023238320536204463,12.5.2@@120502,12.5.2@@120502,12.5.2@@120502,12.5.2@@120502,12.5.2@@120502,12.5.2@@120502,12.5.2@@120502
state-spaces/mamba-2.8b-hf (few-shot),4.44,2768345600.0,50280.0,33024,2721.51,ğŸ§ ,âœ“,âœ—,2.40 Â± 1.70 / 22.89 Â± 4.81@@2.402573199212243,22.95 Â± 1.99 / 23.05 Â± 1.55@@22.952993805133374,3.12 Â± 1.51 / 45.58 Â± 4.56@@3.1150587582386473,32.09 Â± 1.56 / 22.40 Â± 1.73@@32.086691934623836,50.36 Â± 2.03 / 9.96 Â± 0.95@@50.357394799793845,-0.48 Â± 0.81 / 24.57 Â± 0.67@@-0.47549871513336023,1.28 Â± 1.03 / 26.62 Â± 0.80@@1.2753840839008606,13.0.0@@130000,13.0.0@@130000,13.0.0@@130000,13.0.0@@130000,13.0.0@@130000,13.0.0@@130000,13.0.0@@130000
HuggingFaceTB/SmolLM2-360M-Instruct (few-shot),4.47,361821120.0,49152.0,8192,21776.98,ğŸ“,âœ“,âœ—,6.73 Â± 2.20 / 27.67 Â± 4.00@@6.7284156959645625,15.68 Â± 5.54 / 22.21 Â± 5.42@@15.683161091210932,0.63 Â± 1.05 / 43.48 Â± 2.98@@0.6254322896064181,18.72 Â± 1.19 / 9.66 Â± 0.81@@18.723171732825175,50.53 Â± 2.03 / 9.14 Â± 0.47@@50.52855965855997,1.30 Â± 0.75 / 24.43 Â± 0.78@@1.2980504997313078,-0.36 Â± 0.85 / 24.09 Â± 0.49@@-0.36427158958149974,13.1.0@@130100,13.1.0@@130100,13.1.0@@130100,14.3.0@@140300,13.1.0@@130100,13.1.0@@130100,13.1.0@@130100
PleIAs/Pleias-Pico (few-shot),4.5,353424384.0,65536.0,2048,2330.93,ğŸ§ ,âœ“,âœ—,4.37 Â± 2.16 / 18.06 Â± 2.83@@4.367373322833994,21.32 Â± 2.14 / 22.20 Â± 2.65@@21.31874514069744,-0.19 Â± 1.24 / 41.66 Â± 3.35@@-0.1884032677791554,16.17 Â± 2.49 / 8.96 Â± 2.06@@16.171303110649188,50.94 Â± 2.76 / 7.92 Â± 0.87@@50.940764909100835,0.33 Â± 1.58 / 24.74 Â± 1.23@@0.3279542363978196,-0.81 Â± 0.69 / 24.22 Â± 0.67@@-0.8101298040573341,14.1.2@@140102,14.0.4@@140004,14.1.2@@140102,14.3.0@@140300,14.0.4@@140004,14.0.4@@140004,14.0.4@@140004
PleIAs/Pleias-350m-Preview (few-shot),4.54,353424384.0,65536.0,2048,10241.69,ğŸ§ ,âœ“,âœ—,3.57 Â± 2.03 / 16.42 Â± 3.18@@3.5702549316986616,24.47 Â± 2.03 / 26.64 Â± 2.70@@24.469124816783367,-2.03 Â± 1.35 / 39.46 Â± 4.09@@-2.033495373675181,20.72 Â± 1.47 / 11.22 Â± 1.64@@20.717268362811133,44.43 Â± 2.69 / 7.67 Â± 0.47@@44.427107695519226,-0.11 Â± 1.20 / 24.70 Â± 0.92@@-0.10585798522889267,-0.01 Â± 1.24 / 24.56 Â± 0.75@@-0.010194097204389175,14.1.2@@140102,14.0.4@@140004,14.1.2@@140102,14.3.0@@140300,14.0.4@@140004,14.0.4@@140004,14.0.4@@140004
HuggingFaceTB/SmolLM2-135M-Instruct (few-shot),4.6,134515008.0,49152.0,8192,25602.11,ğŸ“,âœ“,âœ—,-0.62 Â± 1.55 / 16.18 Â± 1.88@@-0.6231071826760038,15.82 Â± 3.13 / 16.46 Â± 2.61@@15.821432870815238,1.16 Â± 1.38 / 34.30 Â± 1.27@@1.1585295554112152,6.01 Â± 0.83 / 1.52 Â± 0.54@@6.013419564013079,54.82 Â± 3.44 / 9.74 Â± 0.58@@54.822711562810575,1.36 Â± 1.10 / 25.96 Â± 0.81@@1.3554516808629578,0.34 Â± 1.33 / 25.40 Â± 0.83@@0.3418983945063102,13.1.0@@130100,13.1.0@@130100,13.1.0@@130100,14.3.0@@140300,13.1.0@@130100,13.1.0@@130100,13.1.0@@130100
HuggingFaceTB/SmolLM2-135M (few-shot),4.63,134515008.0,49152.0,8192,26346.08,ğŸ§ ,âœ“,âœ—,2.01 Â± 1.88 / 15.88 Â± 1.32@@2.0104125574098752,17.49 Â± 2.94 / 18.59 Â± 2.66@@17.48716641059443,-0.02 Â± 0.15 / 34.86 Â± 2.12@@-0.0154530205901093,7.20 Â± 0.89 / 3.66 Â± 1.18@@7.200613274624677,52.46 Â± 1.93 / 9.47 Â± 0.33@@52.45614124527492,0.33 Â± 0.71 / 25.12 Â± 0.63@@0.32620949728065396,-0.10 Â± 0.85 / 24.87 Â± 0.65@@-0.09920466585516424,13.1.0@@130100,13.1.0@@130100,13.1.0@@130100,14.3.0@@140300,13.1.0@@130100,13.1.0@@130100,13.1.0@@130100
allenai/OLMo-1B (few-shot),4.68,1176764416.0,50280.0,2304,8536.09,ğŸ§ ,âœ“,âœ—,4.92 Â± 2.71 / 19.51 Â± 4.22@@4.923904042346017,22.58 Â± 5.05 / 26.82 Â± 3.69@@22.57939407140745,-1.27 Â± 1.85 / 41.38 Â± 3.59@@-1.2667596275128412,11.74 Â± 1.62 / 6.64 Â± 1.96@@11.741320555531638,43.43 Â± 0.37 / 7.83 Â± 0.14@@43.42598834329692,-0.56 Â± 1.27 / 24.38 Â± 0.98@@-0.5597785037648748,0.29 Â± 1.06 / 25.10 Â± 0.83@@0.2851232694873615,12.1.0@@120100,12.5.2@@120502,12.1.0@@120100,12.1.0@@120100,12.1.0@@120100,12.1.0@@120100,12.1.0@@120100
RJuro/kanelsnegl-v0.1 (few-shot),4.68,7241732096.0,32000.0,512,5847.39,ğŸ“,âœ“,âœ—,0.95 Â± 1.17 / 9.87 Â± 0.86@@0.9466306138711306,0.00 Â± 0.00 / 0.00 Â± 0.00@@0.0,0.00 Â± 0.00 / 33.34 Â± 0.31@@0.0,2.95 Â± 0.30 / 0.00 Â± 0.00@@2.948151059021381,60.14 Â± 0.15 / 10.07 Â± 0.16@@60.14197096010321,0.11 Â± 0.64 / 24.32 Â± 0.78@@0.1144166076635578,-0.13 Â± 0.82 / 23.60 Â± 0.33@@-0.1265227162704044,9.3.1@@90301,9.3.1@@90301,9.3.1@@90301,14.3.0@@140300,9.3.1@@90301,9.3.1@@90301,9.3.1@@90301
infly/OpenCoder-1.5B-Base (few-shot),4.68,1905650960.0,96640.0,4096,7718.23,ğŸ§ ,âœ“,âœ—,-0.52 Â± 1.26 / 16.03 Â± 1.24@@-0.5211102972997251,23.47 Â± 5.73 / 20.26 Â± 4.51@@23.470771106987183,-0.52 Â± 1.01 / 39.20 Â± 3.52@@-0.5183441188882475,10.34 Â± 1.39 / 0.05 Â± 0.05@@10.339658337813612,47.43 Â± 2.39 / 6.43 Â± 1.13@@47.42979291440861,0.35 Â± 1.45 / 25.35 Â± 1.03@@0.34718511741401875,-0.14 Â± 0.70 / 24.69 Â± 0.61@@-0.13859336728311947,14.4.0@@140400,14.4.0@@140400,14.4.0@@140400,15.0.0@@150000,15.0.0@@150000,15.0.0@@150000,15.0.0@@150000
ChocoLlama/ChocoLlama-2-7B-tokentrans-base (few-shot),4.71,6885871616.0,50000.0,4096,2728.88,ğŸ§ ,âœ“,âœ—,6.75 Â± 1.89 / 19.76 Â± 1.32@@6.754620392228936,0.00 Â± 0.00 / 0.00 Â± 0.00@@0.0,1.56 Â± 1.61 / 35.05 Â± 1.19@@1.5557595683555834,7.35 Â± 1.38 / 0.01 Â± 0.01@@7.354472030968,46.53 Â± 1.97 / 6.38 Â± 0.71@@46.53272251962335,3.49 Â± 0.58 / 25.94 Â± 0.72@@3.4866693233123534,0.75 Â± 0.87 / 25.46 Â± 0.63@@0.7520651836876192,14.3.0@@140300,14.3.0@@140300,14.3.0@@140300,14.3.0@@140300,14.3.0@@140300,14.3.0@@140300,14.3.0@@140300
NorwAI/NorwAI-Mistral-7B-pretrain (few-shot),4.91,7536586752.0,67993.0,4224,3023.95,ğŸ§ ,âœ“,âœ—,0.97 Â± 1.50 / 13.00 Â± 2.52@@0.9701822145323123,3.80 Â± 1.23 / 4.24 Â± 1.19@@3.79532872983951,-0.37 Â± 0.55 / 33.40 Â± 0.35@@-0.3664862706084941,3.88 Â± 1.07 / 0.90 Â± 0.52@@3.877696211297277,45.25 Â± 4.22 / 6.15 Â± 1.03@@45.25244690339605,-0.98 Â± 0.91 / 24.82 Â± 0.88@@-0.9801820602410191,-0.05 Â± 1.07 / 24.51 Â± 0.88@@-0.046323903044044185,12.10.4@@121004,12.10.4@@121004,12.10.4@@121004,14.3.0@@140300,12.10.4@@121004,12.10.4@@121004,12.10.4@@121004
ssmits/Falcon2-5.5B-multilingual (few-shot),4.99,5465415680.0,65024.0,8192,7691.9,ğŸ§ ,âœ“,âœ“,0.00 Â± 0.00 / 8.62 Â± 0.30@@0.0,0.00 Â± 0.00 / 0.00 Â± 0.00@@0.0,0.00 Â± 0.00 / 33.34 Â± 0.31@@0.0,0.03 Â± 0.01 / 0.00 Â± 0.00@@0.034852925976128275,43.74 Â± 0.57 / 0.22 Â± 0.04@@43.74085470830323,0.32 Â± 0.67 / 24.79 Â± 0.61@@0.31864367155370676,1.73 Â± 1.07 / 26.61 Â± 0.61@@1.7257433700925466,13.0.0@@130000,13.0.0@@130000,13.0.0@@130000,14.3.0@@140300,13.0.0@@130000,13.0.0@@130000,13.0.0@@130000
ai-forever/mGPT (few-shot),5.26,,100000.0,1024,11734.33,ğŸ§ ,âœ“,âœ—,-0.67 Â± 1.33 / 8.96 Â± 0.37@@-0.6659051684694035,0.11 Â± 0.21 / 0.27 Â± 0.53@@0.10626992561105209,-0.97 Â± 1.56 / 34.83 Â± 1.94@@-0.97305251724738,2.04 Â± 0.12 / 0.09 Â± 0.13@@2.0357230200742755,30.20 Â± 0.68 / 2.14 Â± 0.04@@30.20018519644509,1.45 Â± 0.84 / 24.91 Â± 0.60@@1.4532888296130242,-0.56 Â± 0.80 / 23.53 Â± 0.49@@-0.5614715178393421,10.0.1@@100001,9.3.1@@90301,11.0.0@@110000,14.3.0@@140300,12.0.0@@120000,11.0.0@@110000,11.0.0@@110000
ChocoLlama/ChocoLlama-2-7B-tokentrans-instruct (few-shot),5.27,6885871616.0,50000.0,4096,2725.65,ğŸ“,âœ—,âœ—,0.00 Â± 0.00 / 8.35 Â± 0.28@@0.0,0.00 Â± 0.00 / 0.00 Â± 0.00@@0.0,0.00 Â± 0.00 / 33.36 Â± 0.27@@0.0,2.07 Â± 0.64 / 0.00 Â± 0.00@@2.06655668111899,29.11 Â± 9.35 / 4.90 Â± 1.55@@29.10593527471065,0.00 Â± 0.00 / 24.53 Â± 0.70@@0.0,0.00 Â± 0.00 / 23.75 Â± 0.27@@0.0,14.3.0@@140300,14.3.0@@140300,14.3.0@@140300,14.3.0@@140300,14.3.0@@140300,14.3.0@@140300,14.3.0@@140300
