model,rank,parameters,vocabulary_size,context,speed,generative_type,commercial,merge,sst5,conll_en,scala_en,squad,cnn_dailymail,mmlu,hellaswag,sst5_version,conll_en_version,scala_en_version,squad_version,cnn_dailymail_version,mmlu_version,hellaswag_version
meta-llama/Llama-3.1-405B-Instruct-FP8 (few-shot),1.34,405868625920.0,128256.0,131072,798.95,ğŸ“,âœ“,âœ—,70.60 Â± 1.14 / 73.47 Â± 1.06@@70.59800753301509,82.86 Â± 0.87 / 81.12 Â± 1.04@@82.8618773570778,53.80 Â± 1.81 / 76.34 Â± 1.02@@53.80352521068256,82.32 Â± 0.61 / 62.69 Â± 1.45@@82.31511730491586,69.33 Â± 0.08 / 23.72 Â± 0.38@@69.33164170768578,80.39 Â± 0.78 / 85.32 Â± 0.59@@80.39194786908097,88.02 Â± 0.99 / 91.00 Â± 0.75@@88.01746665605656,14.0.4@@140004,14.0.4@@140004,14.0.4@@140004,14.0.4@@140004,14.0.4@@140004,14.0.4@@140004,14.0.4@@140004
"gpt-4-0613 (few-shot, val)",1.36,,100256.0,8191,597.21,ğŸ“,âœ“,âœ—,69.06 Â± 2.20 / 76.04 Â± 1.60@@69.06178894605952,78.06 Â± 2.73 / 70.76 Â± 3.80@@78.05655761785508,55.76 Â± 3.84 / 76.34 Â± 1.44@@55.757234355927764,85.76 Â± 0.77 / 67.35 Â± 1.98@@85.76281644265235,70.54 Â± 0.24 / 26.98 Â± 0.49@@70.5439775926061,72.27 Â± 2.36 / 78.75 Â± 1.88@@72.2729344432898,91.51 Â± 2.15 / 93.59 Â± 1.62@@91.50799037376149,12.1.0@@120100,12.2.0@@120200,12.2.0@@120200,12.2.0@@120200,12.5.2@@120502,12.5.2@@120502,12.5.2@@120502
"gpt-4-1106-preview (few-shot, val)",1.38,,100256.0,128000,575.52,ğŸ“,âœ“,âœ—,67.55 Â± 2.34 / 74.04 Â± 1.80@@67.55005450982536,81.79 Â± 1.39 / 65.51 Â± 4.16@@81.79183112469968,51.21 Â± 4.96 / 75.11 Â± 2.42@@51.208873742675465,84.48 Â± 0.76 / 66.60 Â± 1.45@@84.48316376481247,68.80 Â± 0.43 / 21.84 Â± 0.45@@68.80204505287111,81.71 Â± 1.12 / 86.29 Â± 0.83@@81.70581308181958,89.91 Â± 1.81 / 92.38 Â± 1.34@@89.90510931903766,12.10.2@@121002,12.10.0@@121000,12.10.2@@121002,12.10.0@@121000,12.10.0@@121000,12.10.2@@121002,12.10.2@@121002
Qwen/QwQ-32B-Preview (few-shot),1.39,32763876352.0,152064.0,32768,2258.16,ğŸ“,âœ“,âœ—,68.94 Â± 0.65 / 68.76 Â± 1.24@@68.94332143212416,76.84 Â± 1.07 / 71.81 Â± 0.77@@76.83641078117944,57.74 Â± 2.22 / 78.11 Â± 1.52@@57.743094954491234,86.06 Â± 0.60 / 71.22 Â± 1.19@@86.0628218790193,68.96 Â± 0.08 / 21.49 Â± 0.18@@68.96236273576505,75.15 Â± 0.76 / 81.28 Â± 0.58@@75.15336713066078,87.36 Â± 0.67 / 90.41 Â± 0.52@@87.3596280594797,14.0.4@@140004,14.0.4@@140004,14.0.4@@140004,14.0.4@@140004,14.0.4@@140004,14.0.4@@140004,14.0.4@@140004
meta-llama/Llama-3.1-70B-Instruct (few-shot),1.42,70553706496.0,128256.0,131072,1408.67,ğŸ“,âœ“,âœ—,69.96 Â± 0.89 / 72.99 Â± 0.72@@69.95513443275901,83.16 Â± 0.92 / 78.18 Â± 0.71@@83.1559479423403,50.83 Â± 1.22 / 74.22 Â± 0.70@@50.825387581009394,81.99 Â± 0.50 / 60.82 Â± 1.25@@81.98639738405443,69.21 Â± 0.07 / 23.55 Â± 0.30@@69.2052746596164,77.51 Â± 0.75 / 83.07 Â± 0.56@@77.50682493593881,83.85 Â± 0.63 / 87.76 Â± 0.49@@83.8502180653322,14.0.3@@140003,14.0.3@@140003,14.0.3@@140003,14.0.3@@140003,14.0.3@@140003,14.0.3@@140003,14.0.3@@140003
Qwen/Qwen2.5-72B-Instruct (few-shot),1.43,72706203648.0,152064.0,32768,1218.79,ğŸ“,âœ“,âœ—,68.66 Â± 1.08 / 74.39 Â± 0.68@@68.65841915415533,75.84 Â± 1.19 / 69.70 Â± 0.91@@75.83726244548234,56.46 Â± 2.43 / 76.75 Â± 1.60@@56.46363588854779,81.86 Â± 0.68 / 58.39 Â± 1.84@@81.85542571423227,68.32 Â± 0.06 / 20.52 Â± 0.14@@68.3228929163306,78.29 Â± 1.05 / 83.70 Â± 0.78@@78.29453384131686,86.39 Â± 0.74 / 89.77 Â± 0.56@@86.39152625493682,14.0.4@@140004,14.0.4@@140004,14.0.4@@140004,14.0.4@@140004,14.0.4@@140004,14.0.4@@140004,14.0.4@@140004
meta-llama/Llama-3.3-70B-Instruct (few-shot),1.44,70553706496.0,128256.0,131072,1353.36,ğŸ“,âœ“,âœ—,71.07 Â± 0.91 / 72.62 Â± 0.74@@71.07058985143804,82.35 Â± 0.76 / 76.42 Â± 0.70@@82.3475270520106,51.27 Â± 1.18 / 74.25 Â± 0.77@@51.274737999523346,76.00 Â± 0.67 / 50.23 Â± 1.33@@76.00035129133116,68.77 Â± 0.05 / 22.03 Â± 0.24@@68.76853446679888,76.73 Â± 0.84 / 82.57 Â± 0.63@@76.73118163334412,86.49 Â± 0.98 / 89.79 Â± 0.76@@86.48636294015482,14.0.3@@140003,14.0.3@@140003,14.0.3@@140003,14.0.3@@140003,14.0.3@@140003,14.0.3@@140003,14.0.3@@140003
"gpt-4o-2024-05-13 (few-shot, val)",1.46,,200019.0,128000,916.47,ğŸ“,âœ“,âœ—,62.74 Â± 2.04 / 71.28 Â± 1.46@@62.74260000318543,83.48 Â± 1.52 / 75.51 Â± 2.26@@83.4824692069373,46.56 Â± 3.35 / 71.13 Â± 1.97@@46.55809858778694,84.78 Â± 0.68 / 65.41 Â± 1.96@@84.77552030987339,67.64 Â± 0.97 / 20.90 Â± 0.92@@67.64218314900063,78.55 Â± 1.82 / 83.91 Â± 1.34@@78.54612797926934,91.34 Â± 1.66 / 93.48 Â± 1.27@@91.33997464358985,12.10.2@@121002,12.10.0@@121000,12.10.2@@121002,12.10.0@@121000,12.10.0@@121000,12.10.2@@121002,12.10.2@@121002
"claude-3-5-sonnet-20241022 (zero-shot, val)",1.47,,,200000,168.2,ğŸ“,âœ“,âœ—,67.01 Â± 2.34 / 71.49 Â± 1.89@@67.00665282829705,82.11 Â± 1.42 / 79.77 Â± 1.03@@82.111741302176,51.09 Â± 5.20 / 74.48 Â± 2.70@@51.08732211737552,77.79 Â± 1.01 / 52.41 Â± 1.56@@77.78642640190854,67.73 Â± 0.14 / 18.28 Â± 0.26@@67.73152067093179,82.02 Â± 1.66 / 86.52 Â± 1.21@@82.0195351775682,84.89 Â± 1.67 / 88.59 Â± 1.27@@84.89148531994644,14.0.3@@140003,14.0.3@@140003,14.0.3@@140003,14.0.3@@140003,14.0.3@@140003,14.4.0@@140400,14.4.0@@140400
meta-llama/Meta-Llama-3-70B (few-shot),1.49,70553706496.0,128256.0,8192,1298.94,ğŸ§ ,âœ“,âœ—,69.13 Â± 0.76 / 68.29 Â± 0.97@@69.12996954809951,82.88 Â± 1.45 / 80.30 Â± 1.26@@82.87692434282577,54.25 Â± 2.67 / 76.03 Â± 1.77@@54.2512783086188,88.09 Â± 1.11 / 77.58 Â± 1.77@@88.08623931407149,68.98 Â± 0.48 / 22.15 Â± 1.09@@68.98308034396905,68.66 Â± 1.52 / 76.40 Â± 1.16@@68.65846525497446,67.55 Â± 3.66 / 74.84 Â± 2.99@@67.55099965173751,14.3.0@@140300,14.3.0@@140300,14.3.0@@140300,14.3.0@@140300,14.3.0@@140300,14.3.0@@140300,14.3.0@@140300
"gpt-4o-2024-05-13 (zero-shot, val)",1.5,,200019.0,8191,882.4,ğŸ“,âœ“,âœ—,63.46 Â± 1.00 / 69.35 Â± 1.28@@63.45718851243698,81.23 Â± 1.31 / 72.72 Â± 1.69@@81.22618244708747,46.45 Â± 4.58 / 72.89 Â± 2.30@@46.45475359459428,81.53 Â± 0.66 / 57.64 Â± 1.26@@81.52521414461937,68.71 Â± 0.14 / 20.56 Â± 0.22@@68.70558684924617,81.20 Â± 2.32 / 85.94 Â± 1.72@@81.2032196819691,85.48 Â± 2.07 / 88.91 Â± 1.59@@85.48038596406158,14.0.3@@140003,14.0.3@@140003,14.0.3@@140003,14.0.3@@140003,14.0.3@@140003,14.4.0@@140400,14.4.0@@140400
meta-llama/Meta-Llama-3-70B-instruct (few-shot),1.5,70553706496.0,128256.0,8192,1194.24,ğŸ“,âœ“,âœ—,69.73 Â± 1.07 / 72.22 Â± 0.67@@69.72575394057311,80.76 Â± 0.92 / 75.73 Â± 0.43@@80.7640473462989,51.54 Â± 1.94 / 74.39 Â± 1.17@@51.53588310748708,80.76 Â± 0.62 / 58.29 Â± 1.37@@80.76194699654113,69.12 Â± 0.05 / 23.57 Â± 0.30@@69.11915420001606,72.26 Â± 0.61 / 79.18 Â± 0.46@@72.26261937036033,80.79 Â± 1.09 / 85.46 Â± 0.86@@80.78675839613541,14.3.0@@140300,14.3.0@@140300,14.3.0@@140300,14.3.0@@140300,14.3.0@@140300,14.3.0@@140300,14.3.0@@140300
"o3-mini-2025-01-31 (few-shot, val)",1.51,,,200000,42.1,ğŸ¤”,âœ“,âœ—,68.54 Â± 2.37 / 72.74 Â± 1.83@@68.53680692044085,84.79 Â± 1.46 / 78.06 Â± 1.69@@84.78799698550985,46.56 Â± 5.58 / 71.55 Â± 2.95@@46.56150098903418,78.61 Â± 0.93 / 57.65 Â± 1.05@@78.61312509084816,67.77 Â± 0.13 / 19.72 Â± 0.27@@67.76807302376255,82.20 Â± 3.73 / 86.72 Â± 2.75@@82.20297310036578,67.95 Â± 2.77 / 75.78 Â± 2.09@@67.95033171938441,15.0.0.dev0@@150000,15.0.0.dev0@@150000,15.0.0.dev0@@150000,15.0.0.dev0@@150000,15.0.0.dev0@@150000,15.0.0.dev0@@150000,15.0.0.dev0@@150000
mistralai/Mistral-Small-24B-Instruct-2501 (few-shot),1.55,23572403200.0,131072.0,32768,2350.82,ğŸ“,âœ“,âœ—,67.88 Â± 0.86 / 72.29 Â± 0.70@@67.87885554869975,77.61 Â± 1.06 / 73.11 Â± 1.11@@77.61000116401361,44.61 Â± 1.43 / 66.48 Â± 1.35@@44.60994780883443,85.89 Â± 0.59 / 70.36 Â± 1.45@@85.89462899934973,68.65 Â± 0.07 / 22.01 Â± 0.21@@68.64809178339783,69.23 Â± 0.87 / 76.84 Â± 0.66@@69.22505827642954,88.02 Â± 0.64 / 91.01 Â± 0.47@@88.02057859677845,15.0.0@@150000,15.0.0@@150000,15.0.0@@150000,15.0.0@@150000,15.0.0@@150000,15.0.0@@150000,15.0.0@@150000
"o3-mini-2025-01-31 (zero-shot, val)",1.56,,,200000,36.84,ğŸ¤”,âœ“,âœ—,68.32 Â± 1.60 / 73.44 Â± 1.11@@68.32219799249813,81.30 Â± 1.45 / 67.39 Â± 2.17@@81.30157856068813,46.90 Â± 4.63 / 72.91 Â± 2.39@@46.902799579303185,76.74 Â± 0.89 / 57.64 Â± 1.58@@76.74019986634363,67.43 Â± 0.15 / 18.41 Â± 0.23@@67.43244366254658,85.38 Â± 1.81 / 89.10 Â± 1.34@@85.38207794981587,67.64 Â± 2.05 / 75.55 Â± 1.52@@67.64395318872747,15.0.0.dev0@@150000,15.0.0.dev0@@150000,15.0.0.dev0@@150000,15.0.0.dev0@@150000,15.0.0.dev0@@150000,15.0.0.dev0@@150000,15.0.0.dev0@@150000
ThatsGroes/gemma-2-27b-it-FP8-Dynamic (few-shot),1.58,28410968576.0,256000.0,4096,3632.83,ğŸ“,âœ“,âœ—,68.92 Â± 1.04 / 72.90 Â± 0.74@@68.91598980483147,81.06 Â± 0.87 / 75.22 Â± 1.31@@81.05862649315598,49.06 Â± 1.46 / 72.52 Â± 0.82@@49.06202271693083,81.48 Â± 0.86 / 61.27 Â± 1.63@@81.48105671530013,68.00 Â± 0.09 / 22.45 Â± 0.14@@68.00057635264238,67.84 Â± 0.73 / 75.85 Â± 0.56@@67.84105194693743,78.26 Â± 0.99 / 83.56 Â± 0.79@@78.26103919361516,14.0.4@@140004,14.0.4@@140004,14.0.4@@140004,14.0.4@@140004,14.0.4@@140004,14.0.4@@140004,14.0.4@@140004
google/gemma-2-27b-it (few-shot),1.58,27227128320.0,256000.0,8193,1516.14,ğŸ“,âœ“,âœ—,68.68 Â± 0.87 / 73.25 Â± 0.48@@68.68101095262755,62.40 Â± 1.15 / 59.91 Â± 1.66@@62.40156048313843,54.17 Â± 2.59 / 76.02 Â± 1.67@@54.17288282085197,84.76 Â± 0.92 / 66.96 Â± 1.51@@84.76443447326383,69.79 Â± 0.37 / 26.34 Â± 0.54@@69.7862293117214,68.71 Â± 0.72 / 76.45 Â± 0.55@@68.70876578237612,81.25 Â± 1.38 / 85.84 Â± 1.05@@81.24639284071898,13.0.0@@130000,13.0.0@@130000,13.0.0@@130000,13.0.0@@130000,13.0.0@@130000,13.0.0@@130000,13.0.0@@130000
"gpt-4o-mini-2024-07-18 (few-shot, val)",1.62,,200019.0,8191,784.26,ğŸ“,âœ“,âœ—,66.75 Â± 2.50 / 73.93 Â± 1.51@@66.75380011817357,77.38 Â± 1.61 / 66.97 Â± 2.42@@77.37874870084714,52.43 Â± 3.69 / 74.46 Â± 2.17@@52.42545924547228,67.96 Â± 4.99 / 41.03 Â± 6.90@@67.96073726309146,68.73 Â± 0.21 / 20.97 Â± 0.36@@68.72755287215114,66.63 Â± 2.82 / 74.92 Â± 2.08@@66.62828290760284,79.95 Â± 1.44 / 84.69 Â± 1.09@@79.94748523459567,14.0.0@@140000,14.0.0@@140000,14.0.0@@140000,14.0.0@@140000,14.0.1@@140001,14.0.1@@140001,14.0.1@@140001
upstage/SOLAR-10.7B-v1.0 (few-shot),1.66,10731524096.0,32000.0,4096,929.16,ğŸ§ ,âœ“,âœ—,69.91 Â± 0.49 / 60.08 Â± 0.34@@69.90768955237925,69.51 Â± 1.54 / 63.18 Â± 1.23@@69.51374773105651,41.87 Â± 1.86 / 70.39 Â± 0.89@@41.8679679983829,89.20 Â± 0.38 / 76.76 Â± 0.81@@89.19610909789125,71.13 Â± 0.06 / 29.90 Â± 0.18@@71.1298444030399,48.34 Â± 1.63 / 60.51 Â± 1.47@@48.33970377541743,88.35 Â± 0.75 / 91.22 Â± 0.57@@88.34542242668368,15.0.0@@150000,15.0.0@@150000,15.0.0@@150000,15.0.0@@150000,15.0.0@@150000,15.0.0@@150000,15.0.0@@150000
google/gemma-2-9b-it (few-shot),1.68,9241705984.0,256000.0,4096,2597.9,ğŸ“,âœ“,âœ—,67.55 Â± 0.69 / 69.91 Â± 0.95@@67.55429763205926,77.37 Â± 0.75 / 67.77 Â± 0.96@@77.36787024106799,47.44 Â± 1.47 / 70.79 Â± 1.21@@47.44006866144295,80.95 Â± 0.63 / 60.35 Â± 1.06@@80.94919818484257,67.63 Â± 0.12 / 22.54 Â± 0.21@@67.62942234636284,62.36 Â± 0.76 / 71.74 Â± 0.57@@62.356754381378686,70.44 Â± 1.32 / 77.63 Â± 1.01@@70.44497176131425,14.4.0@@140400,14.4.0@@140400,14.4.0@@140400,14.4.0@@140400,14.4.0@@140400,14.4.0@@140400,14.4.0@@140400
VAGOsolutions/SauerkrautLM-7b-LaserChat (few-shot),1.68,7241748480.0,32002.0,4096,4413.12,ğŸ“,âœ—,âœ—,69.64 Â± 0.81 / 74.44 Â± 0.54@@69.63600485890119,72.31 Â± 0.95 / 58.34 Â± 1.84@@72.3101141293861,46.08 Â± 1.45 / 71.39 Â± 0.74@@46.07821400644586,86.80 Â± 0.57 / 72.23 Â± 1.24@@86.80039823936268,70.23 Â± 0.09 / 26.49 Â± 0.30@@70.23092542978702,48.37 Â± 1.21 / 61.11 Â± 0.87@@48.37004860094514,76.87 Â± 0.79 / 82.49 Â± 0.62@@76.87031796044162,14.0.4@@140004,14.0.4@@140004,14.0.4@@140004,14.0.4@@140004,14.0.4@@140004,14.0.4@@140004,14.0.4@@140004
"152334H/miqu-1-70b-sf (few-shot, val)",1.69,68976648192.0,32000.0,32764,2126.22,ğŸ§ ,âœ“,âœ—,62.99 Â± 3.04 / 69.81 Â± 1.86@@62.99326596288635,71.83 Â± 1.48 / 65.37 Â± 1.62@@71.83022813933786,39.97 Â± 3.89 / 69.38 Â± 1.87@@39.972813681148224,80.97 Â± 1.54 / 64.42 Â± 3.17@@80.96978860728753,71.27 Â± 0.50 / 25.32 Â± 0.64@@71.27316403086297,64.27 Â± 3.04 / 73.20 Â± 2.27@@64.26678171212046,77.60 Â± 4.02 / 82.85 Â± 3.10@@77.60049894365748,12.7.0@@120700,12.7.0@@120700,12.7.0@@120700,12.7.0@@120700,12.7.0@@120700,12.7.0@@120700,12.7.0@@120700
"gpt-4o-mini-2024-07-18 (zero-shot, val)",1.69,,200019.0,8191,862.54,ğŸ“,âœ“,âœ—,61.65 Â± 2.17 / 71.46 Â± 1.72@@61.649008802597024,75.80 Â± 0.83 / 52.95 Â± 1.04@@75.80220903663049,47.74 Â± 4.29 / 73.28 Â± 2.23@@47.73600728993793,79.90 Â± 0.76 / 56.98 Â± 1.46@@79.9035222237648,68.60 Â± 0.16 / 20.57 Â± 0.28@@68.5960940644145,63.18 Â± 2.47 / 72.23 Â± 1.82@@63.182359253640975,77.31 Â± 1.71 / 82.54 Â± 1.37@@77.31481786726864,14.0.1@@140001,14.0.1@@140001,14.0.1@@140001,14.0.1@@140001,14.0.3@@140003,14.0.3@@140003,14.0.3@@140003
CohereForAI/c4ai-command-r-08-2024 (few-shot),1.72,32296476672.0,256000.0,131072,1909.17,ğŸ“,âœ—,âœ—,67.62 Â± 0.95 / 70.27 Â± 1.06@@67.6168668569845,78.35 Â± 1.42 / 68.56 Â± 1.40@@78.35492998868895,46.50 Â± 1.03 / 71.67 Â± 0.79@@46.503724033860664,80.12 Â± 0.66 / 63.20 Â± 1.15@@80.12072468352571,70.22 Â± 0.23 / 26.49 Â± 0.34@@70.21724390098825,60.40 Â± 0.83 / 70.22 Â± 0.62@@60.39823453998174,60.49 Â± 2.10 / 69.11 Â± 1.87@@60.487072387212784,14.0.4@@140004,14.0.4@@140004,14.0.4@@140004,14.0.4@@140004,14.0.4@@140004,14.0.4@@140004,14.0.4@@140004
mistralai/Mistral-Nemo-Instruct-2407 (few-shot),1.72,12247782400.0,131072.0,1024001,7094.98,ğŸ“,âœ“,âœ—,63.05 Â± 1.41 / 70.34 Â± 0.52@@63.05045642892807,75.24 Â± 0.84 / 67.78 Â± 2.01@@75.24186541576582,44.75 Â± 2.73 / 71.43 Â± 1.71@@44.75241526858641,83.88 Â± 1.27 / 67.70 Â± 1.57@@83.87567916015523,70.56 Â± 0.58 / 25.57 Â± 0.59@@70.5585121086915,57.55 Â± 1.00 / 68.02 Â± 0.70@@57.55122485063373,67.97 Â± 1.89 / 75.51 Â± 1.48@@67.96736629284955,13.0.0@@130000,13.0.0@@130000,13.0.0@@130000,13.0.0@@130000,13.0.0@@130000,13.0.0@@130000,13.0.0@@130000
"meta-llama/Llama-2-70b-hf (few-shot, val)",1.73,68976653312.0,32000.0,4096,1891.65,ğŸ§ ,âœ“,âœ—,60.98 Â± 2.19 / 68.64 Â± 2.17@@60.983346179094646,72.38 Â± 1.28 / 66.44 Â± 1.74@@72.3829238851505,43.12 Â± 5.21 / 70.12 Â± 2.87@@43.11613616610608,86.22 Â± 1.70 / 74.50 Â± 3.41@@86.21705671551783,71.63 Â± 0.35 / 26.83 Â± 0.78@@71.63151232758537,54.29 Â± 1.91 / 65.78 Â± 1.33@@54.29198765016696,74.35 Â± 4.59 / 80.47 Â± 3.64@@74.35378060212214,12.7.0@@120700,12.7.0@@120700,12.7.0@@120700,12.7.0@@120700,12.7.0@@120700,12.7.0@@120700,12.7.0@@120700
Nexusflow/Starling-LM-7B-beta (few-shot),1.75,7241748480.0,32002.0,4096,1990.47,ğŸ“,âœ—,âœ—,70.12 Â± 0.78 / 74.54 Â± 0.50@@70.11579206586978,72.77 Â± 1.02 / 57.29 Â± 1.58@@72.7694477616771,44.68 Â± 0.97 / 71.05 Â± 0.52@@44.676910717013016,80.40 Â± 1.39 / 57.25 Â± 2.57@@80.4022606244064,69.32 Â± 0.08 / 23.63 Â± 0.24@@69.31670493882848,47.17 Â± 1.25 / 60.21 Â± 0.92@@47.165537389512835,77.25 Â± 0.73 / 82.76 Â± 0.56@@77.25212163281364,14.0.4@@140004,14.0.4@@140004,14.0.4@@140004,14.3.0@@140300,14.0.4@@140004,14.0.4@@140004,14.0.4@@140004
VAGOsolutions/FC-SauerkrautLM-7b-beta (few-shot),1.75,,32002.0,8192,2159.73,ğŸ“,âœ—,âœ—,69.36 Â± 0.87 / 67.37 Â± 0.89@@69.36055329882397,70.15 Â± 0.85 / 60.29 Â± 2.28@@70.1496740040818,37.09 Â± 2.04 / 68.05 Â± 1.30@@37.08644353603698,89.74 Â± 0.41 / 77.39 Â± 1.14@@89.74490865790165,69.72 Â± 0.17 / 25.82 Â± 0.35@@69.71788421404199,50.10 Â± 1.05 / 62.63 Â± 0.79@@50.102737099862,77.27 Â± 0.64 / 82.91 Â± 0.49@@77.26621601132446,12.6.1@@120601,12.6.1@@120601,12.6.1@@120601,12.6.1@@120601,12.6.1@@120601,12.6.1@@120601,12.6.1@@120601
nvidia/Llama-3.1-Nemotron-70B-Instruct-HF (few-shot),1.78,70553706496.0,128256.0,131072,1207.76,ğŸ“,âœ“,âœ—,68.56 Â± 1.01 / 74.22 Â± 0.73@@68.56164870775,73.66 Â± 1.39 / 60.87 Â± 1.81@@73.65882931596032,51.33 Â± 1.21 / 74.14 Â± 0.75@@51.32708269913495,79.71 Â± 0.44 / 56.87 Â± 1.12@@79.70699354713149,54.04 Â± 0.37 / 6.64 Â± 0.20@@54.0417003154289,75.50 Â± 0.90 / 81.59 Â± 0.67@@75.50492967263152,84.61 Â± 1.36 / 88.37 Â± 1.07@@84.61311520913142,14.0.4@@140004,14.0.4@@140004,14.0.4@@140004,14.0.4@@140004,14.0.4@@140004,14.0.4@@140004,14.0.4@@140004
"gpt-4-1106-preview (zero-shot, val)",1.79,,100256.0,8191,589.23,ğŸ“,âœ“,âœ—,65.24 Â± 2.14 / 72.51 Â± 1.77@@65.2437364410416,42.40 Â± 2.22 / 34.09 Â± 2.02@@42.403310509810794,44.59 Â± 4.02 / 71.93 Â± 2.06@@44.59226569571616,82.84 Â± 0.53 / 62.94 Â± 1.37@@82.83669006020702,68.33 Â± 0.17 / 20.27 Â± 0.29@@68.32525832112879,77.11 Â± 1.94 / 82.85 Â± 1.47@@77.10832833343757,84.45 Â± 1.54 / 88.09 Â± 1.24@@84.44852243167871,14.0.3@@140003,14.0.3@@140003,14.0.3@@140003,14.0.3@@140003,14.0.3@@140003,14.4.0@@140400,14.4.0@@140400
"gpt-3.5-turbo-0613 (few-shot, val)",1.8,,100256.0,4095,920.94,ğŸ“,âœ“,âœ—,66.41 Â± 2.66 / 68.72 Â± 1.87@@66.41485894691992,71.48 Â± 2.47 / 69.71 Â± 1.59@@71.47515894826128,41.43 Â± 2.57 / 70.34 Â± 1.35@@41.42727991154052,85.57 Â± 0.84 / 67.90 Â± 1.61@@85.5731628539237,69.57 Â± 0.18 / 24.41 Â± 0.39@@69.57452699076384,43.69 Â± 3.59 / 57.38 Â± 3.06@@43.69010544021585,75.60 Â± 3.04 / 81.48 Â± 2.31@@75.60355861089178,<9.2.0@@0,<9.2.0@@0,<9.2.0@@0,<9.2.0@@0,<9.2.0@@0,<9.2.0@@0,<9.2.0@@0
tiiuae/Falcon3-7B-Instruct (few-shot),1.8,7455550464.0,131072.0,32768,2978.29,ğŸ“,âœ“,âœ—,68.59 Â± 1.06 / 71.26 Â± 0.95@@68.58822952003833,70.33 Â± 1.30 / 66.22 Â± 1.32@@70.32978056987061,42.39 Â± 1.97 / 70.66 Â± 0.97@@42.38550130629175,85.71 Â± 0.56 / 71.18 Â± 1.11@@85.71159670751862,68.46 Â± 0.22 / 23.07 Â± 0.25@@68.46489724921412,57.54 Â± 1.08 / 68.09 Â± 0.81@@57.54354264100634,64.16 Â± 1.19 / 72.91 Â± 0.93@@64.1559012907076,14.3.0@@140300,14.3.0@@140300,14.3.0@@140300,14.3.0@@140300,14.3.0@@140300,14.3.0@@140300,14.3.0@@140300
google/gemma-2-9b (few-shot),1.8,9241705984.0,256000.0,4096,919.55,ğŸ§ ,âœ“,âœ—,67.10 Â± 1.78 / 70.03 Â± 1.60@@67.10024541614662,70.18 Â± 3.57 / 65.46 Â± 2.42@@70.17510079117628,44.43 Â± 1.58 / 71.53 Â± 0.85@@44.42689634717854,83.79 Â± 1.60 / 68.92 Â± 2.40@@83.78659073786397,69.60 Â± 0.52 / 24.95 Â± 0.53@@69.60105263220612,59.82 Â± 0.87 / 69.76 Â± 0.65@@59.82380037130959,53.58 Â± 5.63 / 63.66 Â± 5.14@@53.584118514900894,14.4.0@@140400,14.4.0@@140400,14.4.0@@140400,14.4.0@@140400,14.4.0@@140400,14.4.0@@140400,14.4.0@@140400
skole-gpt-mixtral (few-shot),1.8,,32000.0,32768,3582.66,ğŸ§ ,âœ“,âœ—,68.55 Â± 1.35 / 69.63 Â± 0.98@@68.54642519803427,67.43 Â± 0.90 / 60.40 Â± 1.08@@67.42801409615188,39.75 Â± 2.28 / 69.19 Â± 1.17@@39.750906427937934,82.86 Â± 1.53 / 65.93 Â± 2.77@@82.8631472056808,70.90 Â± 0.34 / 25.88 Â± 0.75@@70.89573696968728,59.14 Â± 1.02 / 69.28 Â± 0.76@@59.13679679111199,57.88 Â± 2.80 / 67.75 Â± 2.34@@57.877282072830404,13.0.0@@130000,13.0.0@@130000,13.0.0@@130000,13.0.0@@130000,13.0.0@@130000,13.0.0@@130000,13.0.0@@130000
mistralai/Ministral-8B-Instruct-2410 (few-shot),1.81,8019808256.0,131072.0,32768,1300.24,ğŸ“,âœ“,âœ—,61.67 Â± 0.85 / 69.03 Â± 0.69@@61.6673399686789,72.40 Â± 0.80 / 65.83 Â± 1.64@@72.39889334175967,35.86 Â± 7.94 / 65.20 Â± 6.98@@35.85612857783499,83.97 Â± 0.74 / 68.42 Â± 1.21@@83.97163509149598,69.38 Â± 0.48 / 24.96 Â± 0.47@@69.38193242516718,53.42 Â± 0.91 / 64.98 Â± 0.74@@53.42219612930463,78.36 Â± 2.31 / 83.62 Â± 1.78@@78.36271534342966,15.0.0@@150000,13.0.0@@130000,13.0.0@@130000,13.0.0@@130000,13.0.0@@130000,13.0.0@@130000,13.0.0@@130000
meta-llama/Llama-3.1-8B-Instruct (few-shot),1.82,8030261248.0,128256.0,131073,1478.39,ğŸ“,âœ“,âœ—,68.12 Â± 0.92 / 72.48 Â± 0.53@@68.12309286786149,76.95 Â± 0.95 / 72.47 Â± 0.82@@76.94842072332585,34.34 Â± 3.37 / 65.84 Â± 1.59@@34.34248116224431,76.21 Â± 1.69 / 47.88 Â± 3.37@@76.21436775843982,69.57 Â± 0.25 / 26.30 Â± 0.35@@69.5717437195708,56.62 Â± 0.49 / 67.29 Â± 0.39@@56.62396736682055,69.03 Â± 1.19 / 76.69 Â± 0.89@@69.03496675654297,13.0.0@@130000,13.0.0@@130000,13.0.0@@130000,13.0.0@@130000,13.0.0@@130000,13.0.0@@130000,13.0.0@@130000
nvidia/mistral-nemo-minitron-8b-base (few-shot),1.84,8414105600.0,131072.0,8192,1203.56,ğŸ§ ,âœ“,âœ—,69.03 Â± 0.69 / 65.72 Â± 2.41@@69.03090322355105,67.52 Â± 3.88 / 61.41 Â± 2.66@@67.51886859278969,40.51 Â± 1.93 / 69.82 Â± 0.89@@40.511466644742114,84.07 Â± 0.78 / 69.89 Â± 1.42@@84.06904172184613,67.86 Â± 0.55 / 19.31 Â± 0.44@@67.85705306872842,55.93 Â± 0.71 / 66.85 Â± 0.53@@55.9283516411584,64.11 Â± 1.73 / 72.26 Â± 1.43@@64.10948347976917,14.1.1@@140101,14.1.1@@140101,14.1.1@@140101,14.3.0@@140300,14.1.1@@140101,14.1.1@@140101,14.1.1@@140101
mistralai/Mixtral-8x7B-Instruct-v0.1 (few-shot),1.86,46702792704.0,32000.0,32768,5535.32,ğŸ“,âœ“,âœ—,69.48 Â± 0.68 / 71.36 Â± 1.02@@69.47865293830434,70.02 Â± 1.35 / 60.95 Â± 1.57@@70.01527777156718,44.59 Â± 0.99 / 70.37 Â± 0.77@@44.59186194892949,77.76 Â± 1.18 / 55.70 Â± 2.73@@77.75850005351222,68.79 Â± 0.10 / 21.92 Â± 0.16@@68.79216837493004,55.61 Â± 0.89 / 66.57 Â± 0.68@@55.612812401152325,57.52 Â± 1.56 / 67.66 Â± 1.21@@57.519430461558784,14.0.4@@140004,14.0.4@@140004,14.0.4@@140004,14.0.4@@140004,14.0.4@@140004,14.0.4@@140004,14.0.4@@140004
"VAGOsolutions/SauerkrautLM-7b-HerO (few-shot, val)",1.88,7241748480.0,32002.0,32768,2476.59,ğŸ“,âœ—,âœ“,68.63 Â± 2.65 / 73.31 Â± 1.74@@68.62881636763144,69.26 Â± 2.17 / 57.48 Â± 2.92@@69.25790140338057,29.87 Â± 3.02 / 63.64 Â± 1.60@@29.86534092221529,80.40 Â± 1.26 / 60.92 Â± 2.44@@80.39527919120438,70.20 Â± 0.33 / 26.15 Â± 0.51@@70.19536483567208,49.51 Â± 2.34 / 61.84 Â± 1.70@@49.51397436171266,71.47 Â± 2.32 / 78.36 Â± 1.73@@71.47423645536468,12.6.1@@120601,12.6.1@@120601,12.6.1@@120601,12.6.1@@120601,12.6.1@@120601,12.6.1@@120601,12.6.1@@120601
meta-llama/Meta-Llama-3-8B-Instruct (few-shot),1.9,8030261248.0,128256.0,8192,1483.24,ğŸ“,âœ“,âœ—,67.64 Â± 1.12 / 71.04 Â± 1.17@@67.63884051085853,75.02 Â± 1.31 / 69.47 Â± 1.18@@75.01652075799873,32.29 Â± 3.05 / 64.85 Â± 2.07@@32.29175891042334,79.10 Â± 1.10 / 54.84 Â± 2.22@@79.0968392552429,69.28 Â± 0.17 / 25.48 Â± 0.61@@69.27583553202567,53.77 Â± 1.03 / 64.91 Â± 0.80@@53.769241770226,57.64 Â± 1.55 / 67.29 Â± 1.30@@57.6397692066515,12.6.1@@120601,12.6.1@@120601,12.6.1@@120601,12.6.1@@120601,12.6.1@@120601,12.6.1@@120601,12.6.1@@120601
CohereForAI/aya-expanse-8b (few-shot),1.9,8028033024.0,256000.0,8192,1341.64,ğŸ§ ,âœ—,âœ—,68.67 Â± 0.74 / 66.23 Â± 0.49@@68.66940482223293,67.33 Â± 1.57 / 53.00 Â± 0.88@@67.33123315091686,31.18 Â± 1.63 / 65.23 Â± 0.69@@31.175844147041197,84.26 Â± 1.04 / 68.33 Â± 2.04@@84.2562408752948,72.23 Â± 0.14 / 30.67 Â± 0.16@@72.22531166829867,49.41 Â± 1.09 / 62.03 Â± 0.82@@49.40977672041459,58.93 Â± 1.50 / 68.81 Â± 1.21@@58.930181512126964,14.0.4@@140004,14.0.4@@140004,14.0.4@@140004,14.0.4@@140004,14.0.4@@140004,14.0.4@@140004,14.0.4@@140004
"cstr/Spaetzle-v8-7b (few-shot, val)",1.92,7241732096.0,32000.0,32768,5979.63,ğŸ“,âœ—,âœ“,65.39 Â± 2.32 / 73.11 Â± 1.62@@65.38955987023132,69.40 Â± 1.47 / 54.63 Â± 3.27@@69.3970877633642,26.69 Â± 3.88 / 62.82 Â± 2.19@@26.687291827840966,75.27 Â± 0.99 / 49.74 Â± 2.61@@75.2663241626061,71.02 Â± 0.71 / 25.90 Â± 1.04@@71.02241193177179,52.23 Â± 1.23 / 63.71 Â± 0.98@@52.22517218521563,74.61 Â± 2.55 / 80.66 Â± 1.88@@74.6141101767696,12.5.2@@120502,12.5.2@@120502,12.5.2@@120502,12.5.2@@120502,12.5.2@@120502,12.5.2@@120502,12.5.2@@120502
CohereForAI/c4ai-command-r7b-12-2024 (few-shot),1.92,8028033024.0,256000.0,4096,2713.55,ğŸ“,âœ—,âœ—,67.11 Â± 0.78 / 68.73 Â± 1.18@@67.10568971350537,70.40 Â± 0.75 / 62.74 Â± 1.22@@70.40447478806384,34.74 Â± 2.40 / 67.15 Â± 1.18@@34.73673879223077,85.14 Â± 0.70 / 71.39 Â± 1.08@@85.13514112971055,69.14 Â± 0.21 / 23.17 Â± 0.49@@69.13861133434693,50.19 Â± 0.74 / 62.29 Â± 0.65@@50.185527610789094,53.48 Â± 1.53 / 64.73 Â± 1.28@@53.47596526911741,14.4.0@@140400,14.4.0@@140400,14.4.0@@140400,14.4.0@@140400,14.4.0@@140400,14.4.0@@140400,14.4.0@@140400
ibm-granite/granite-3.0-8b-instruct (few-shot),1.93,8170848256.0,49155.0,4096,1279.43,ğŸ“,âœ“,âœ—,68.03 Â± 0.81 / 69.65 Â± 1.18@@68.03094091706072,66.17 Â± 1.74 / 57.76 Â± 1.30@@66.1727634711273,39.76 Â± 2.51 / 69.54 Â± 1.18@@39.75778251126143,84.07 Â± 0.91 / 71.21 Â± 1.53@@84.07493796983394,69.30 Â± 0.10 / 23.68 Â± 0.29@@69.29505122068804,49.99 Â± 0.60 / 62.20 Â± 0.47@@49.990723120683725,52.45 Â± 1.74 / 61.79 Â± 1.58@@52.45397540787775,14.0.4@@140004,14.0.4@@140004,14.0.4@@140004,14.0.4@@140004,14.0.4@@140004,14.0.4@@140004,14.0.4@@140004
CohereForAI/c4ai-command-r-v01 (few-shot),1.93,34980831232.0,256000.0,8192,1919.22,ğŸ“,âœ—,âœ—,67.26 Â± 0.99 / 68.90 Â± 1.29@@67.26462802439312,71.96 Â± 0.83 / 63.08 Â± 1.18@@71.96193916075761,40.81 Â± 1.97 / 70.25 Â± 1.02@@40.80572534416026,73.04 Â± 1.31 / 49.79 Â± 2.48@@73.04213304315121,68.97 Â± 0.15 / 22.78 Â± 0.28@@68.96774697786896,50.59 Â± 1.17 / 62.68 Â± 0.84@@50.58936641275024,58.04 Â± 1.68 / 68.27 Â± 1.28@@58.03979772627063,14.0.4@@140004,14.0.4@@140004,14.0.4@@140004,14.0.4@@140004,14.1.1@@140101,14.1.1@@140101,14.1.1@@140101
senseable/WestLake-7B-v2 (few-shot),1.93,7241732096.0,32000.0,4096,3612.97,ğŸ§ ,âœ—,âœ—,67.77 Â± 0.77 / 72.59 Â± 0.53@@67.76691485238572,70.23 Â± 1.21 / 61.10 Â± 1.38@@70.22536913148272,29.86 Â± 1.97 / 62.96 Â± 1.12@@29.86251384538228,76.69 Â± 1.68 / 50.99 Â± 3.38@@76.68612436897537,70.65 Â± 0.74 / 25.15 Â± 0.77@@70.64961735974066,47.40 Â± 1.32 / 60.42 Â± 0.99@@47.399655560423746,68.10 Â± 1.44 / 75.89 Â± 1.15@@68.1013342801602,15.0.0@@150000,15.0.0@@150000,15.0.0@@150000,15.0.0@@150000,15.0.0@@150000,15.0.0@@150000,15.0.0@@150000
NorwAI/NorwAI-Mixtral-8x7B-instruct (few-shot),1.94,46997647360.0,67993.0,32768,9015.47,ğŸ“,âœ“,âœ—,69.23 Â± 0.98 / 66.61 Â± 1.42@@69.22749290098204,63.77 Â± 2.22 / 57.86 Â± 1.49@@63.769276893603454,38.49 Â± 4.39 / 65.15 Â± 4.44@@38.49333409009269,76.18 Â± 2.59 / 57.03 Â± 4.40@@76.18047791613006,70.47 Â± 0.55 / 26.63 Â± 0.50@@70.47030777728651,54.58 Â± 0.94 / 65.69 Â± 0.71@@54.57634740506755,47.93 Â± 3.99 / 59.68 Â± 3.43@@47.934064893100086,14.0.4@@140004,14.0.4@@140004,14.0.4@@140004,14.0.4@@140004,14.0.4@@140004,14.0.4@@140004,14.0.4@@140004
"mlabonne/NeuralBeagle14-7B (few-shot, val)",1.94,7241732096.0,32000.0,8192,2409.53,ğŸ“,âœ—,âœ“,63.85 Â± 2.16 / 72.40 Â± 1.71@@63.85243762746968,69.16 Â± 2.80 / 57.28 Â± 2.82@@69.16176660838774,28.40 Â± 3.60 / 62.70 Â± 1.51@@28.39561892652317,76.37 Â± 1.27 / 52.69 Â± 2.21@@76.36731730870429,70.55 Â± 0.73 / 26.32 Â± 0.97@@70.54859500611201,51.74 Â± 1.82 / 63.44 Â± 1.40@@51.74250729747965,71.96 Â± 2.38 / 78.87 Â± 1.66@@71.96455278118968,9.3.2@@90302,9.3.2@@90302,9.3.2@@90302,12.5.2@@120502,9.3.2@@90302,9.3.2@@90302,9.3.2@@90302
"meta-llama/Llama-2-70b-chat-hf (few-shot, val)",1.95,68976653312.0,32000.0,4096,1979.03,ğŸ“,âœ“,âœ—,63.76 Â± 2.53 / 71.14 Â± 1.90@@63.760100149206224,72.80 Â± 1.65 / 64.88 Â± 3.12@@72.796068123248,28.37 Â± 4.76 / 62.85 Â± 3.04@@28.367215726798307,81.80 Â± 1.41 / 64.70 Â± 2.69@@81.8014707631519,71.04 Â± 0.42 / 25.68 Â± 0.52@@71.0354302288033,47.00 Â± 2.21 / 60.12 Â± 1.58@@47.003323280308976,61.56 Â± 2.97 / 70.27 Â± 2.27@@61.562335414321765,12.7.0@@120700,12.7.0@@120700,12.7.0@@120700,12.7.0@@120700,12.7.0@@120700,12.7.0@@120700,12.7.0@@120700
mistralai/Mixtral-8x7B-v0.1 (few-shot),1.95,46702792704.0,32000.0,32768,2362.92,ğŸ§ ,âœ“,âœ—,68.87 Â± 0.60 / 66.34 Â± 0.90@@68.86991939117732,65.31 Â± 3.21 / 60.19 Â± 2.58@@65.31404844172243,43.07 Â± 1.73 / 70.80 Â± 1.06@@43.06758575376701,85.74 Â± 1.41 / 74.20 Â± 2.03@@85.7407645856411,68.68 Â± 1.07 / 22.56 Â± 1.09@@68.68345245777164,56.64 Â± 0.82 / 67.35 Â± 0.65@@56.635966628683974,33.42 Â± 5.53 / 47.54 Â± 4.76@@33.42132882422326,14.0.4@@140004,14.0.4@@140004,14.0.4@@140004,14.3.0@@140300,14.0.4@@140004,14.0.4@@140004,14.0.4@@140004
01-ai/Yi-1.5-6B (few-shot),1.95,6061035520.0,64000.0,4097,2867.41,ğŸ§ ,âœ“,âœ—,68.74 Â± 0.81 / 58.25 Â± 0.31@@68.73508223242585,55.51 Â± 1.48 / 50.61 Â± 1.37@@55.50918319643324,40.81 Â± 3.66 / 69.94 Â± 1.98@@40.80904416115628,84.50 Â± 1.61 / 72.33 Â± 2.68@@84.49734619492064,67.71 Â± 0.08 / 23.57 Â± 0.14@@67.70571720087901,48.36 Â± 0.95 / 61.21 Â± 0.76@@48.356943423737484,68.50 Â± 0.63 / 76.04 Â± 0.47@@68.50487538373974,13.0.0@@130000,13.0.0@@130000,13.0.0@@130000,13.0.0@@130000,13.0.0@@130000,13.0.0@@130000,13.0.0@@130000
robinsmits/Qwen1.5-7B-Dutch-Chat-Sft-Bf16 (few-shot),1.97,7718948864.0,151646.0,32768,2413.24,ğŸ“,âœ—,âœ—,63.10 Â± 1.92 / 70.11 Â± 0.80@@63.09663408942636,67.52 Â± 1.19 / 59.09 Â± 2.64@@67.51533286465536,37.75 Â± 2.52 / 67.53 Â± 1.75@@37.75212056411509,82.23 Â± 0.72 / 64.88 Â± 1.60@@82.22711252469361,68.45 Â± 0.22 / 21.67 Â± 0.52@@68.44935510875075,47.66 Â± 0.96 / 60.75 Â± 0.72@@47.66494504695708,63.35 Â± 1.62 / 72.16 Â± 1.31@@63.35100776403972,12.6.1@@120601,12.6.1@@120601,12.6.1@@120601,12.6.1@@120601,12.6.1@@120601,12.6.1@@120601,12.6.1@@120601
microsoft/Phi-3-mini-128k-instruct (few-shot),2.02,3821079552.0,32064.0,131072,7311.73,ğŸ“,âœ“,âœ—,46.77 Â± 4.36 / 60.99 Â± 2.15@@46.77003512296369,64.09 Â± 0.96 / 49.92 Â± 2.47@@64.08915976009226,31.62 Â± 2.25 / 63.73 Â± 1.79@@31.618677142323655,85.72 Â± 0.57 / 71.25 Â± 0.83@@85.71923615061152,69.54 Â± 0.57 / 24.79 Â± 0.89@@69.54450786477537,57.66 Â± 1.17 / 68.22 Â± 0.88@@57.66433944202838,72.26 Â± 0.86 / 79.10 Â± 0.64@@72.26351142944056,12.9.1@@120901,12.9.1@@120901,12.9.1@@120901,12.9.1@@120901,12.10.0@@121000,12.10.0@@121000,12.10.0@@121000
"mlabonne/AlphaMonarch-7B (few-shot, val)",2.02,7241732096.0,32000.0,8192,2410.16,ğŸ“,âœ—,âœ“,63.77 Â± 2.55 / 71.13 Â± 1.83@@63.76523818260609,69.19 Â± 2.03 / 55.64 Â± 3.53@@69.1884689440938,28.43 Â± 3.97 / 62.28 Â± 1.86@@28.432824149504604,71.79 Â± 1.25 / 44.39 Â± 2.68@@71.78505534498382,69.77 Â± 0.76 / 24.60 Â± 1.13@@69.77005927124992,46.53 Â± 2.54 / 59.53 Â± 1.87@@46.52537435374682,71.36 Â± 3.95 / 78.36 Â± 2.91@@71.35613521174086,12.5.2@@120502,12.5.2@@120502,12.5.2@@120502,12.5.2@@120502,12.5.2@@120502,12.5.2@@120502,12.5.2@@120502
tiiuae/Falcon3-7B-Base (few-shot),2.03,7455550464.0,131072.0,32768,2982.07,ğŸ§ ,âœ“,âœ—,65.53 Â± 1.00 / 70.45 Â± 0.97@@65.52735144261071,67.48 Â± 1.34 / 62.26 Â± 0.93@@67.48227809902582,36.79 Â± 2.82 / 65.93 Â± 3.27@@36.7908835630508,83.85 Â± 1.41 / 72.52 Â± 2.12@@83.84907640476204,67.15 Â± 0.72 / 22.90 Â± 0.75@@67.15059686714085,54.50 Â± 1.21 / 65.62 Â± 0.89@@54.49626651824722,39.29 Â± 2.72 / 51.63 Â± 2.42@@39.28716894512826,14.3.0@@140300,14.3.0@@140300,14.3.0@@140300,14.4.0@@140400,14.4.0@@140400,14.4.0@@140400,14.4.0@@140400
mgoin/Nemotron-4-340B-Instruct-hf-FP8 (few-shot),2.05,341029195776.0,256000.0,4096,1904.18,ğŸ“,âœ“,âœ—,67.01 Â± 2.29 / 72.21 Â± 1.61@@67.01252125533561,51.92 Â± 11.90 / 40.30 Â± 8.36@@51.924983610296,45.98 Â± 7.10 / 68.89 Â± 6.52@@45.9802060759188,48.37 Â± 9.50 / 30.12 Â± 6.60@@48.36688389601433,65.82 Â± 1.56 / 18.90 Â± 1.25@@65.81534918499528,60.71 Â± 5.40 / 69.77 Â± 4.90@@60.71347939365563,77.14 Â± 11.59 / 81.19 Â± 10.68@@77.13973105090325,14.0.4@@140004,14.0.4@@140004,14.0.4@@140004,14.0.4@@140004,14.0.4@@140004,14.0.4@@140004,14.0.4@@140004
neuralmagic/Sparse-Llama-3.1-8B-2of4 (few-shot),2.05,8030261248.0,128256.0,131072,2996.46,ğŸ§ ,âœ“,âœ—,68.49 Â± 0.77 / 58.77 Â± 0.44@@68.49265575676759,59.28 Â± 0.97 / 55.81 Â± 1.40@@59.27953611612179,21.95 Â± 3.10 / 49.75 Â± 3.85@@21.946252077637162,87.44 Â± 1.32 / 78.16 Â± 2.12@@87.4449956519004,69.54 Â± 0.30 / 26.96 Â± 0.56@@69.54018900563824,46.35 Â± 0.95 / 59.11 Â± 0.72@@46.34750040997469,60.61 Â± 4.03 / 67.80 Â± 3.65@@60.61276315081179,13.2.0@@130200,13.2.0@@130200,13.2.0@@130200,13.2.0@@130200,13.2.0@@130200,13.2.0@@130200,13.2.0@@130200
meta-llama/Llama-3.2-3B-Instruct (few-shot),2.09,3212749824.0,128256.0,131073,2101.25,ğŸ“,âœ—,âœ—,66.00 Â± 1.41 / 70.47 Â± 1.02@@65.99768164223423,68.44 Â± 1.14 / 56.80 Â± 2.31@@68.44051345130832,32.04 Â± 3.44 / 65.62 Â± 1.88@@32.04015134912464,75.26 Â± 1.64 / 49.54 Â± 3.13@@75.26272085887084,69.23 Â± 0.19 / 24.84 Â± 0.39@@69.22961185569875,45.50 Â± 0.74 / 58.96 Â± 0.57@@45.49847834573421,46.50 Â± 1.78 / 59.43 Â± 1.44@@46.5028176850092,13.0.0@@130000,13.0.0@@130000,13.0.0@@130000,13.0.0@@130000,13.0.0@@130000,13.0.0@@130000,13.0.0@@130000
ibm-granite/granite-3.0-2b-instruct (few-shot),2.1,2634201088.0,49155.0,4097,10193.87,ğŸ“,âœ“,âœ—,67.54 Â± 1.33 / 66.16 Â± 1.54@@67.53794046720583,61.97 Â± 1.74 / 54.58 Â± 1.53@@61.96952446703621,31.70 Â± 2.00 / 65.43 Â± 1.09@@31.695865161692378,78.74 Â± 0.76 / 59.78 Â± 1.66@@78.7377290852903,68.61 Â± 0.41 / 24.36 Â± 0.58@@68.61268707434647,39.82 Â± 0.91 / 54.59 Â± 0.66@@39.81859828866342,57.51 Â± 0.92 / 67.67 Â± 0.71@@57.50531215881459,13.0.0@@130000,13.0.0@@130000,13.0.0@@130000,13.0.0@@130000,13.0.0@@130000,13.0.0@@130000,13.0.0@@130000
meta-llama/Llama-3.1-8B (few-shot),2.11,8030261248.0,128256.0,131072,1481.56,ğŸ§ ,âœ“,âœ—,65.11 Â± 1.38 / 66.94 Â± 1.11@@65.11344142844646,66.42 Â± 3.95 / 61.77 Â± 2.66@@66.42051104142685,32.77 Â± 2.52 / 63.81 Â± 2.31@@32.77169336346975,83.15 Â± 1.94 / 71.04 Â± 2.76@@83.15437551621999,67.90 Â± 0.54 / 21.48 Â± 0.75@@67.89822834471124,48.92 Â± 0.87 / 61.50 Â± 0.59@@48.92494583445518,35.68 Â± 4.32 / 50.71 Â± 3.16@@35.675880074313966,14.4.0.dev0@@140400,15.0.0@@150000,15.0.0@@150000,14.3.0@@140300,15.0.0@@150000,15.0.0@@150000,15.0.0@@150000
alpindale/Mistral-7B-v0.2-hf (few-shot),2.12,7241732096.0,32000.0,32768,1841.12,ğŸ§ ,âœ“,âœ—,67.10 Â± 0.81 / 70.66 Â± 0.76@@67.10053625696413,61.02 Â± 2.70 / 55.57 Â± 2.50@@61.02139059490319,29.82 Â± 5.18 / 62.86 Â± 4.72@@29.824634225924456,84.26 Â± 1.30 / 73.50 Â± 1.67@@84.26255013558469,69.02 Â± 0.55 / 23.87 Â± 0.72@@69.01542140665697,47.13 Â± 1.24 / 60.08 Â± 0.92@@47.13468151279616,35.88 Â± 4.42 / 49.95 Â± 3.87@@35.87645458261558,12.5.2@@120502,12.5.2@@120502,12.5.2@@120502,12.5.2@@120502,12.5.2@@120502,12.5.2@@120502,12.5.2@@120502
mistralai/Mistral-7B-v0.3 (few-shot),2.12,7248023552.0,32768.0,32768,1424.11,ğŸ§ ,âœ“,âœ—,67.29 Â± 0.80 / 70.81 Â± 0.84@@67.28513175826811,61.02 Â± 2.74 / 55.65 Â± 2.55@@61.0176459980732,30.10 Â± 5.12 / 62.99 Â± 4.71@@30.101538450209976,84.31 Â± 1.35 / 73.59 Â± 1.75@@84.3141212186403,69.04 Â± 0.56 / 23.86 Â± 0.77@@69.03802779095713,47.63 Â± 1.17 / 60.45 Â± 0.88@@47.62895356397923,35.63 Â± 4.21 / 49.72 Â± 3.73@@35.62597706195388,12.10.4@@121004,12.10.4@@121004,12.10.4@@121004,12.10.5@@121005,12.10.5@@121005,12.10.4@@121004,12.10.4@@121004
CohereForAI/aya-23-8B (few-shot),2.13,8028033024.0,256000.0,8192,2706.96,ğŸ§ ,âœ—,âœ—,68.27 Â± 0.53 / 60.37 Â± 0.57@@68.27113632113297,56.16 Â± 3.59 / 51.12 Â± 2.58@@56.15696562749275,23.82 Â± 2.16 / 60.83 Â± 1.63@@23.81722970703162,85.11 Â± 0.73 / 74.23 Â± 1.31@@85.11086044924993,72.14 Â± 0.13 / 29.83 Â± 0.23@@72.14177301342716,33.04 Â± 1.30 / 49.51 Â± 0.98@@33.04445024682623,55.10 Â± 1.39 / 64.78 Â± 1.34@@55.10282045991699,14.1.2@@140102,14.0.4@@140004,14.1.2@@140102,14.0.4@@140004,14.0.4@@140004,14.0.4@@140004,14.0.4@@140004
mistralai/Mistral-7B-v0.1 (few-shot),2.13,7241732096.0,32000.0,4096,1428.18,ğŸ§ ,âœ“,âœ—,66.61 Â± 1.47 / 68.65 Â± 1.17@@66.60590368387183,59.09 Â± 4.05 / 54.17 Â± 3.05@@59.0857164926621,33.33 Â± 1.89 / 65.98 Â± 1.05@@33.32950604167478,83.50 Â± 2.29 / 72.91 Â± 3.40@@83.50321020484044,69.11 Â± 0.31 / 23.70 Â± 0.53@@69.11400530974788,47.74 Â± 1.26 / 60.63 Â± 0.97@@47.737238458750916,34.96 Â± 4.19 / 49.62 Â± 3.28@@34.9553917703824,15.0.0@@150000,15.0.0@@150000,15.0.0@@150000,15.0.0@@150000,11.0.0@@110000,9.2.0@@90200,9.2.0@@90200
ibm-granite/granite-3.0-8b-base (few-shot),2.13,8170835968.0,49152.0,4096,2514.59,ğŸ§ ,âœ“,âœ—,66.89 Â± 1.11 / 69.52 Â± 0.94@@66.89404773914083,55.76 Â± 2.15 / 52.69 Â± 1.24@@55.75581806454566,36.60 Â± 2.37 / 67.85 Â± 1.19@@36.60484943946538,80.25 Â± 1.22 / 67.55 Â± 1.46@@80.25463268183087,66.51 Â± 0.93 / 21.81 Â± 1.31@@66.50643229695561,46.22 Â± 1.20 / 59.52 Â± 0.94@@46.220950771019204,52.23 Â± 2.04 / 61.87 Â± 1.91@@52.22754396078153,14.1.2@@140102,14.0.4@@140004,14.1.2@@140102,14.0.4@@140004,14.0.4@@140004,14.0.4@@140004,14.0.4@@140004
ibm-granite/granite-3.0-2b-base (few-shot),2.14,2533525504.0,49152.0,4097,10186.88,ğŸ§ ,âœ“,âœ—,67.81 Â± 1.00 / 61.89 Â± 1.51@@67.80539710335268,57.78 Â± 1.91 / 50.30 Â± 2.29@@57.78403194607525,22.81 Â± 2.71 / 60.07 Â± 2.49@@22.805939258869408,83.67 Â± 0.66 / 72.90 Â± 1.16@@83.67295820548856,67.33 Â± 0.41 / 22.76 Â± 0.60@@67.3284364475694,37.80 Â± 0.99 / 53.52 Â± 0.78@@37.79575345330958,67.23 Â± 0.96 / 75.34 Â± 0.74@@67.23335981383785,13.0.0@@130000,13.0.0@@130000,13.0.0@@130000,13.0.0@@130000,13.0.0@@130000,13.0.0@@130000,13.0.0@@130000
meta-llama/Meta-Llama-3-8B (few-shot),2.14,8030261248.0,128256.0,8192,1476.79,ğŸ§ ,âœ“,âœ—,64.30 Â± 0.65 / 69.26 Â± 0.50@@64.2991403384324,66.31 Â± 2.09 / 58.68 Â± 1.95@@66.31350421914368,28.18 Â± 3.96 / 58.97 Â± 4.03@@28.18466331308746,80.92 Â± 2.78 / 68.96 Â± 4.12@@80.9235572814031,67.90 Â± 0.49 / 21.54 Â± 0.57@@67.90118638440617,52.54 Â± 0.88 / 64.26 Â± 0.66@@52.54111606662721,41.19 Â± 4.40 / 54.78 Â± 3.62@@41.19308927043558,12.6.1@@120601,12.6.1@@120601,12.6.1@@120601,14.3.0@@140300,12.6.1@@120601,12.6.1@@120601,12.6.1@@120601
nvidia/mistral-nemo-minitron-8b-instruct (few-shot),2.16,8414105600.0,131072.0,8192,3160.57,ğŸ“,âœ“,âœ—,65.74 Â± 1.14 / 69.65 Â± 0.96@@65.73987368975855,72.63 Â± 1.76 / 63.75 Â± 1.29@@72.6334724896254,43.43 Â± 1.62 / 69.19 Â± 1.28@@43.42640714597999,20.81 Â± 0.82 / 0.00 Â± 0.00@@20.813755885591387,66.76 Â± 0.07 / 17.17 Â± 0.16@@66.75619106099475,60.00 Â± 0.90 / 69.95 Â± 0.66@@59.995015659181426,69.36 Â± 1.38 / 76.63 Â± 1.08@@69.35558861757198,14.1.1@@140101,14.1.1@@140101,14.1.1@@140101,14.1.1@@140101,14.1.1@@140101,14.1.1@@140101,14.1.1@@140101
occiglot/occiglot-7b-de-en-instruct (few-shot),2.17,7241748480.0,32002.0,32768,1584.3,ğŸ“,âœ—,âœ—,66.54 Â± 1.42 / 69.26 Â± 0.83@@66.54025900430241,60.90 Â± 3.17 / 53.69 Â± 2.67@@60.89682076275611,23.60 Â± 3.72 / 57.65 Â± 4.08@@23.600316518984844,87.25 Â± 0.61 / 75.14 Â± 1.51@@87.25073312544166,68.96 Â± 0.53 / 25.60 Â± 0.80@@68.96243289622362,42.53 Â± 0.85 / 56.25 Â± 0.72@@42.526681690907225,41.79 Â± 3.18 / 54.82 Â± 2.83@@41.788456525194526,12.3.1@@120301,12.5.2@@120502,12.3.1@@120301,12.4.0@@120400,12.4.0@@120400,12.3.1@@120301,12.3.1@@120301
mistralai/Mistral-7B-Instruct-v0.1 (few-shot),2.19,7241732096.0,32000.0,32768,633.64,ğŸ“,âœ“,âœ—,61.44 Â± 2.02 / 69.47 Â± 0.98@@61.44383293555234,57.58 Â± 2.30 / 47.94 Â± 2.89@@57.58292281726873,34.92 Â± 2.40 / 66.67 Â± 1.41@@34.91686208393477,81.90 Â± 0.57 / 65.38 Â± 1.76@@81.90376047779009,69.62 Â± 0.31 / 24.65 Â± 0.44@@69.61801800498506,38.40 Â± 0.98 / 53.43 Â± 0.76@@38.400318643055456,35.72 Â± 1.56 / 49.69 Â± 1.42@@35.72465380688397,9.3.1@@90301,9.3.1@@90301,9.3.1@@90301,12.4.0@@120400,12.4.0@@120400,9.3.1@@90301,9.3.1@@90301
NorwAI/NorwAI-Mixtral-8x7B (few-shot),2.19,46997647360.0,67993.0,32768,2368.15,ğŸ§ ,âœ“,âœ—,66.47 Â± 1.61 / 69.35 Â± 1.31@@66.46795760374461,63.12 Â± 2.34 / 56.38 Â± 1.23@@63.11840046434839,38.82 Â± 3.65 / 67.96 Â± 2.36@@38.82409441739253,84.07 Â± 1.48 / 71.49 Â± 2.25@@84.06592629876573,57.65 Â± 5.62 / 18.79 Â± 1.79@@57.64527172679663,54.57 Â± 1.21 / 65.11 Â± 0.83@@54.57183103767546,30.13 Â± 5.52 / 42.55 Â± 4.99@@30.12714833561525,14.0.4@@140004,14.0.4@@140004,14.0.4@@140004,14.3.0@@140300,14.0.4@@140004,14.0.4@@140004,14.0.4@@140004
tiiuae/Falcon3-3B-Instruct (few-shot),2.2,3227655168.0,131072.0,32768,6467.85,ğŸ“,âœ“,âœ—,60.28 Â± 1.04 / 63.55 Â± 0.78@@60.27666609041209,65.13 Â± 1.36 / 53.50 Â± 1.99@@65.13128597101169,32.38 Â± 1.01 / 65.62 Â± 0.55@@32.37854985049379,82.90 Â± 1.05 / 70.40 Â± 1.66@@82.89706518289714,67.74 Â± 0.30 / 22.98 Â± 0.47@@67.73649914801354,38.33 Â± 0.86 / 53.72 Â± 0.65@@38.33124080110571,41.75 Â± 1.17 / 56.03 Â± 0.89@@41.75267227859237,14.3.0@@140300,14.3.0@@140300,14.3.0@@140300,14.3.0@@140300,14.3.0@@140300,14.3.0@@140300,14.3.0@@140300
google/gemma-7b (few-shot),2.2,8537680896.0,256000.0,8192,1377.83,ğŸ§ ,âœ“,âœ—,63.88 Â± 2.24 / 66.49 Â± 0.81@@63.88177505820426,47.20 Â± 3.34 / 41.96 Â± 3.12@@47.20326699010446,35.75 Â± 2.65 / 66.41 Â± 2.26@@35.746129579679916,82.46 Â± 2.86 / 69.40 Â± 4.29@@82.46304182127982,69.25 Â± 0.80 / 24.32 Â± 0.95@@69.25486206098867,50.57 Â± 1.00 / 61.48 Â± 0.80@@50.56716632219997,35.79 Â± 4.89 / 46.37 Â± 3.67@@35.78829022517473,12.9.1@@120901,12.9.1@@120901,12.9.1@@120901,12.9.1@@120901,12.9.1@@120901,12.9.1@@120901,12.10.0@@121000
timpal0l/Mistral-7B-v0.1-flashback-v2 (few-shot),2.24,7241732096.0,32000.0,32768,5053.68,ğŸ“,âœ“,âœ—,68.41 Â± 1.17 / 70.85 Â± 0.74@@68.40786780115693,59.10 Â± 1.87 / 51.31 Â± 1.87@@59.100928768882774,25.43 Â± 4.22 / 60.79 Â± 3.45@@25.430195833531176,82.99 Â± 1.78 / 71.89 Â± 2.20@@82.98826019471399,67.99 Â± 0.41 / 22.12 Â± 0.52@@67.98935474304017,44.09 Â± 1.21 / 56.37 Â± 0.96@@44.08903787227786,32.29 Â± 4.57 / 45.16 Â± 4.28@@32.2936262401685,12.5.3@@120503,12.5.3@@120503,12.5.3@@120503,12.5.3@@120503,12.5.3@@120503,12.5.3@@120503,12.5.3@@120503
RuterNorway/Llama-2-13b-chat-norwegian (few-shot),2.24,,32000.0,4096,951.99,ğŸ“,âœ—,âœ—,64.14 Â± 1.61 / 68.00 Â± 1.67@@64.13576628560736,64.93 Â± 2.24 / 57.95 Â± 1.24@@64.92669799670227,28.08 Â± 3.86 / 62.71 Â± 2.98@@28.082191077363195,79.57 Â± 0.96 / 62.09 Â± 1.68@@79.57016562948624,68.84 Â± 0.52 / 24.99 Â± 0.80@@68.84363232675241,36.49 Â± 0.82 / 52.02 Â± 0.62@@36.489623989015904,38.09 Â± 2.61 / 52.60 Â± 2.19@@38.08573978038537,9.3.1@@90301,9.3.1@@90301,9.3.1@@90301,9.3.1@@90301,9.3.1@@90301,9.3.1@@90301,9.3.1@@90301
mistralai/Mistral-7B-Instruct-v0.2 (few-shot),2.24,7241732096.0,32000.0,32768,2356.01,ğŸ“,âœ—,âœ—,59.91 Â± 2.10 / 68.92 Â± 1.21@@59.912153894138754,62.11 Â± 1.61 / 52.36 Â± 2.00@@62.106910885927334,30.66 Â± 3.60 / 64.32 Â± 2.03@@30.657678278857723,77.85 Â± 0.70 / 58.27 Â± 2.09@@77.8546124266977,69.75 Â± 0.63 / 24.71 Â± 0.72@@69.74709401401924,34.93 Â± 1.35 / 50.71 Â± 1.00@@34.926906386213005,44.91 Â± 2.44 / 58.07 Â± 1.93@@44.91320028779951,9.2.0@@90200,9.3.1@@90301,9.3.1@@90301,12.4.0@@120400,12.4.0@@120400,9.3.2@@90302,9.3.2@@90302
Qwen/Qwen1.5-4B (few-shot),2.24,3950369280.0,151936.0,32768,3247.86,ğŸ“,âœ“,âœ—,60.55 Â± 1.54 / 68.53 Â± 0.71@@60.54999120523604,55.45 Â± 1.61 / 49.72 Â± 1.27@@55.450083248225404,28.60 Â± 3.36 / 60.31 Â± 4.06@@28.595211607975223,82.68 Â± 0.52 / 70.49 Â± 0.74@@82.67936585762361,68.67 Â± 0.11 / 21.65 Â± 0.21@@68.6734804075968,39.82 Â± 0.76 / 54.62 Â± 0.57@@39.82097978784199,51.82 Â± 1.03 / 63.79 Â± 0.79@@51.82290337591093,10.0.1@@100001,12.5.2@@120502,12.1.0@@120100,12.1.0@@120100,12.1.0@@120100,12.1.0@@120100,12.1.0@@120100
google/gemma-2-2b-it (few-shot),2.25,2614341888.0,256000.0,8193,5373.87,ğŸ“,âœ“,âœ—,66.37 Â± 1.35 / 67.64 Â± 1.35@@66.37384533534491,44.36 Â± 1.46 / 38.51 Â± 1.53@@44.362838718241385,34.69 Â± 2.50 / 67.16 Â± 1.29@@34.69103169585968,78.88 Â± 0.80 / 55.07 Â± 1.73@@78.88086781628004,68.09 Â± 0.20 / 23.58 Â± 0.33@@68.08643339492846,42.89 Â± 1.25 / 57.03 Â± 0.94@@42.89231890001205,45.52 Â± 0.68 / 58.39 Â± 0.55@@45.52081137895296,13.0.0@@130000,13.0.0@@130000,13.0.0@@130000,13.0.0@@130000,13.0.0@@130000,13.0.0@@130000,13.0.0@@130000
utter-project/EuroLLM-9B-Instruct (few-shot),2.26,9152319488.0,128000.0,4096,954.97,ğŸ“,âœ—,âœ—,65.29 Â± 1.11 / 68.22 Â± 1.09@@65.29148169694783,59.76 Â± 2.21 / 46.66 Â± 1.89@@59.76486456502064,31.59 Â± 1.58 / 65.36 Â± 0.69@@31.586013400323225,79.46 Â± 1.84 / 65.73 Â± 2.79@@79.45763004639359,69.01 Â± 0.06 / 22.00 Â± 0.24@@69.0051787198172,38.94 Â± 0.96 / 53.89 Â± 0.72@@38.94108892982951,34.78 Â± 1.84 / 49.17 Â± 1.47@@34.78115261336365,14.4.0@@140400,14.4.0@@140400,14.4.0@@140400,14.4.0@@140400,14.4.0@@140400,15.0.0@@150000,15.0.0@@150000
"claude-3-5-haiku-20241022 (zero-shot, val)",2.26,,,200000,199.99,ğŸ“,âœ“,âœ—,31.19 Â± 2.30 / 44.96 Â± 1.92@@31.193475865355698,74.35 Â± 1.24 / 63.12 Â± 1.09@@74.35155201178321,21.76 Â± 3.56 / 59.95 Â± 1.92@@21.755792764437984,74.84 Â± 0.76 / 45.70 Â± 1.03@@74.84236088218707,67.96 Â± 0.14 / 18.65 Â± 0.23@@67.9607210517861,58.66 Â± 2.75 / 68.91 Â± 2.08@@58.660400354122885,71.23 Â± 2.45 / 77.93 Â± 1.88@@71.23401604975872,14.0.2@@140002,14.0.3@@140003,14.0.3@@140003,14.0.3@@140003,14.0.3@@140003,14.4.0@@140400,14.4.0@@140400
occiglot/occiglot-7b-de-en (few-shot),2.28,7241732096.0,32000.0,32768,1992.22,ğŸ§ ,âœ“,âœ—,65.29 Â± 1.43 / 69.38 Â± 0.73@@65.28848860261388,56.07 Â± 4.01 / 51.66 Â± 3.99@@56.07137611992913,25.78 Â± 2.57 / 61.50 Â± 2.24@@25.776865087466604,83.85 Â± 2.69 / 73.13 Â± 4.05@@83.84525568184533,68.76 Â± 0.54 / 23.14 Â± 0.51@@68.76408288313542,41.47 Â± 0.94 / 55.81 Â± 0.77@@41.47225641872833,32.75 Â± 3.47 / 48.17 Â± 2.83@@32.74588529287347,12.3.1@@120301,12.3.2@@120302,12.3.1@@120301,12.3.1@@120301,12.3.1@@120301,12.3.1@@120301,12.3.1@@120301
robinsmits/Schaapje-2B-Chat-V1.0 (few-shot),2.29,2533531648.0,49155.0,4096,2245.16,ğŸ“,âœ—,âœ—,67.74 Â± 0.62 / 65.19 Â± 1.16@@67.73972990921457,54.68 Â± 3.22 / 47.51 Â± 2.35@@54.68249655589622,29.17 Â± 2.03 / 63.89 Â± 0.92@@29.168785073497006,84.51 Â± 0.77 / 72.03 Â± 0.87@@84.5111075257457,68.57 Â± 0.11 / 21.09 Â± 0.27@@68.56864997476805,35.21 Â± 1.05 / 51.34 Â± 0.80@@35.2105351947609,32.12 Â± 1.49 / 45.84 Â± 1.50@@32.12232917673958,14.3.0@@140300,14.3.0@@140300,14.3.0@@140300,14.3.0@@140300,14.3.0@@140300,14.3.0@@140300,14.3.0@@140300
Qwen/Qwen1.5-4B-Chat (few-shot),2.29,3950369280.0,151936.0,32768,4347.23,ğŸ“,âœ—,âœ—,59.62 Â± 1.29 / 68.55 Â± 0.56@@59.61807509223711,58.56 Â± 1.99 / 54.14 Â± 2.01@@58.56070953016199,28.55 Â± 3.97 / 60.49 Â± 4.25@@28.551962742403543,82.09 Â± 0.84 / 70.04 Â± 0.89@@82.08652219668905,67.27 Â± 0.39 / 19.77 Â± 0.31@@67.26734394440427,38.68 Â± 1.02 / 53.45 Â± 0.74@@38.678446008956904,47.47 Â± 1.28 / 60.44 Â± 1.02@@47.47071329190149,10.0.1@@100001,12.5.2@@120502,12.1.0@@120100,12.5.2@@120502,12.1.0@@120100,12.1.0@@120100,12.1.0@@120100
google/gemma-7b-it (few-shot),2.31,8537680896.0,256000.0,8192,1792.03,ğŸ“,âœ—,âœ—,55.62 Â± 2.54 / 64.98 Â± 2.03@@55.61801078197565,66.70 Â± 0.99 / 61.08 Â± 1.16@@66.7044469749443,31.36 Â± 2.63 / 65.21 Â± 1.16@@31.363932665535536,84.67 Â± 0.91 / 72.58 Â± 0.68@@84.66553107723672,67.24 Â± 0.71 / 21.99 Â± 0.99@@67.24110796421883,35.27 Â± 1.22 / 50.12 Â± 0.94@@35.271059997951596,32.54 Â± 1.77 / 46.58 Â± 1.66@@32.540219588047485,12.10.0@@121000,12.10.0@@121000,12.10.0@@121000,12.10.0@@121000,12.10.0@@121000,12.10.0@@121000,12.10.0@@121000
microsoft/Phi-3-mini-4k-instruct (few-shot),2.34,3821079552.0,32064.0,2047,8681.12,ğŸ“,âœ“,âœ—,66.77 Â± 0.54 / 70.41 Â± 0.88@@66.77227334054061,68.69 Â± 1.08 / 58.53 Â± 1.82@@68.68743024529978,42.14 Â± 2.29 / 70.53 Â± 0.99@@42.13681140217744,81.26 Â± 1.09 / 63.71 Â± 1.70@@81.26176677463555,45.05 Â± 10.76 / 15.91 Â± 3.64@@45.050626855372684,56.92 Â± 0.88 / 67.56 Â± 0.66@@56.9165096773152,55.78 Â± 0.98 / 65.88 Â± 0.81@@55.78092891362394,14.0.4@@140004,14.0.4@@140004,14.0.4@@140004,14.0.4@@140004,14.0.4@@140004,14.0.4@@140004,14.0.4@@140004
danish-foundation-models/munin-7b-v0.1dev0 (few-shot),2.36,7241732096.0,32000.0,8192,6112.86,ğŸ§ ,âœ“,âœ—,66.04 Â± 1.68 / 65.21 Â± 1.48@@66.04253015320045,56.38 Â± 2.95 / 50.80 Â± 2.82@@56.3827372096713,22.15 Â± 3.57 / 57.71 Â± 4.24@@22.15012488968077,83.70 Â± 0.93 / 71.32 Â± 1.41@@83.70326603419146,68.13 Â± 0.68 / 23.08 Â± 0.59@@68.12938139672042,35.47 Â± 1.23 / 50.47 Â± 0.94@@35.467149310280114,29.25 Â± 3.05 / 44.01 Â± 2.75@@29.253054033688308,12.5.0@@120500,12.5.2@@120502,12.5.0@@120500,12.5.0@@120500,12.5.0@@120500,12.5.0@@120500,12.5.0@@120500
meta-llama/Llama-2-7b-chat-hf (few-shot),2.37,6738417664.0,32000.0,4096,2643.05,ğŸ“,âœ“,âœ—,62.23 Â± 1.29 / 68.09 Â± 1.34@@62.23315274938784,62.53 Â± 1.35 / 53.42 Â± 2.04@@62.5304994463096,22.71 Â± 1.81 / 60.79 Â± 1.08@@22.70821219135594,80.79 Â± 0.79 / 64.45 Â± 1.39@@80.79078396322201,69.95 Â± 0.32 / 25.22 Â± 0.33@@69.94596993055893,30.47 Â± 0.70 / 46.82 Â± 0.55@@30.47289279549137,30.18 Â± 1.87 / 45.85 Â± 1.98@@30.183776236668535,9.3.1@@90301,9.3.1@@90301,9.3.1@@90301,12.4.0@@120400,12.4.0@@120400,9.3.1@@90301,9.3.1@@90301
tiiuae/Falcon3-3B-Base (few-shot),2.38,3227655168.0,131072.0,32768,6469.55,ğŸ§ ,âœ“,âœ—,62.52 Â± 0.91 / 62.22 Â± 1.19@@62.5248393999681,60.64 Â± 1.81 / 53.60 Â± 1.65@@60.64417965867479,24.41 Â± 1.77 / 59.92 Â± 1.84@@24.409126837866662,80.77 Â± 1.94 / 69.00 Â± 2.43@@80.77297627670643,67.68 Â± 0.34 / 23.22 Â± 0.46@@67.67746262965375,36.04 Â± 0.63 / 51.69 Â± 0.46@@36.04413423198519,27.03 Â± 1.92 / 43.74 Â± 1.72@@27.03281443326857,14.3.0@@140300,14.3.0@@140300,14.3.0@@140300,14.3.0@@140300,14.3.0@@140300,14.3.0@@140300,14.3.0@@140300
ibm-granite/granite-3.0-3b-a800m-instruct (few-shot),2.39,3374295552.0,49155.0,4096,10246.27,ğŸ“,âœ“,âœ—,65.92 Â± 1.02 / 70.47 Â± 0.75@@65.91530282219188,52.79 Â± 4.09 / 43.45 Â± 2.82@@52.78678273513777,16.74 Â± 2.67 / 55.45 Â± 3.35@@16.74433523363177,80.88 Â± 1.27 / 64.92 Â± 2.84@@80.8752960839357,65.50 Â± 0.97 / 21.90 Â± 0.40@@65.4971775469312,33.84 Â± 0.87 / 50.07 Â± 0.67@@33.83950001599104,49.84 Â± 1.22 / 61.87 Â± 1.03@@49.84377746353253,13.0.0@@130000,13.0.0@@130000,13.0.0@@130000,13.0.0@@130000,13.0.0@@130000,13.0.0@@130000,13.0.0@@130000
utter-project/EuroLLM-9B (few-shot),2.4,9152319488.0,128000.0,4096,2383.62,ğŸ§ ,âœ“,âœ—,62.99 Â± 2.77 / 65.72 Â± 2.04@@62.992289277889654,51.39 Â± 2.64 / 43.89 Â± 2.17@@51.39275034617744,28.47 Â± 2.03 / 63.39 Â± 1.05@@28.467630889185553,85.65 Â± 1.47 / 75.57 Â± 2.37@@85.64648570738498,66.72 Â± 1.08 / 23.24 Â± 0.76@@66.71618740729173,37.20 Â± 1.32 / 52.32 Â± 0.95@@37.203584810437434,23.42 Â± 1.96 / 37.98 Â± 1.12@@23.42470391182548,15.0.0@@150000,15.0.0@@150000,15.0.0@@150000,15.0.0@@150000,15.0.0@@150000,15.0.0@@150000,15.0.0@@150000
BSC-LT/salamandra-7b-instruct (few-shot),2.42,7768117248.0,256000.0,8192,3958.96,ğŸ“,âœ“,âœ—,64.28 Â± 1.43 / 69.42 Â± 0.78@@64.28147454848941,62.61 Â± 2.07 / 53.63 Â± 1.44@@62.6059155291732,23.40 Â± 2.48 / 59.03 Â± 2.06@@23.397897199128685,82.12 Â± 0.59 / 70.10 Â± 0.81@@82.12276558107985,69.00 Â± 0.18 / 24.93 Â± 0.23@@69.00401168197277,28.16 Â± 1.10 / 43.89 Â± 0.93@@28.157840919531395,15.73 Â± 1.86 / 35.17 Â± 1.83@@15.731577998854213,14.4.0@@140400,14.4.0@@140400,14.4.0@@140400,14.4.0@@140400,14.4.0@@140400,14.4.0@@140400,14.4.0@@140400
ibm-granite/granite-7b-instruct (few-shot),2.42,6738481152.0,32008.0,4096,3136.16,ğŸ“,âœ“,âœ—,65.98 Â± 1.15 / 64.68 Â± 2.08@@65.9763633748915,53.21 Â± 1.85 / 45.68 Â± 2.60@@53.20972859314108,7.26 Â± 2.04 / 52.39 Â± 1.92@@7.26318314787362,79.37 Â± 1.16 / 64.71 Â± 1.95@@79.36847477398331,68.81 Â± 0.21 / 24.11 Â± 0.23@@68.80547166030738,36.50 Â± 1.02 / 52.05 Â± 0.77@@36.49952770796096,46.95 Â± 1.41 / 59.90 Â± 1.18@@46.95301175843964,13.0.0@@130000,13.2.0@@130200,13.2.0@@130200,13.2.0@@130200,13.2.0@@130200,13.2.0@@130200,13.2.0@@130200
ibm-granite/granite-8b-code-base-4k (few-shot),2.43,8054910976.0,49152.0,4096,2312.61,ğŸ§ ,âœ“,âœ—,62.35 Â± 1.68 / 67.34 Â± 0.77@@62.354171742498956,72.76 Â± 0.57 / 67.49 Â± 0.90@@72.75998875213483,21.57 Â± 2.22 / 59.22 Â± 1.69@@21.571555165073917,81.37 Â± 2.26 / 69.80 Â± 3.60@@81.36795959245292,67.73 Â± 0.60 / 23.48 Â± 0.91@@67.72866480081575,25.63 Â± 0.81 / 44.26 Â± 0.63@@25.63159330981952,16.44 Â± 1.84 / 36.73 Â± 1.54@@16.443692050506755,13.0.0@@130000,13.0.0@@130000,13.0.0@@130000,13.0.0@@130000,13.0.0@@130000,13.0.0@@130000,13.0.0@@130000
ibm-granite/granite-8b-code-base (few-shot),2.43,8054910976.0,49152.0,4096,1002.12,ğŸ§ ,âœ“,âœ—,62.31 Â± 1.79 / 67.31 Â± 0.86@@62.31469771871365,72.64 Â± 0.61 / 67.38 Â± 0.91@@72.63939169032145,22.38 Â± 2.05 / 59.67 Â± 1.50@@22.381267423469126,81.40 Â± 2.25 / 69.84 Â± 3.57@@81.40288224532561,67.71 Â± 0.62 / 23.43 Â± 0.95@@67.71202771058597,25.41 Â± 0.75 / 44.10 Â± 0.58@@25.40777888673722,16.50 Â± 1.79 / 36.76 Â± 1.44@@16.50315023721246,12.10.5@@121005,12.10.5@@121005,12.10.5@@121005,12.10.5@@121005,12.10.5@@121005,12.10.5@@121005,12.10.5@@121005
meta-llama/Llama-2-13b-hf (few-shot),2.43,13015866880.0,32000.0,4096,939.56,ğŸ§ ,âœ“,âœ—,58.02 Â± 2.77 / 66.97 Â± 1.97@@58.02425662684219,58.83 Â± 3.58 / 54.67 Â± 2.73@@58.82517486248797,27.11 Â± 4.08 / 61.07 Â± 3.37@@27.10725957147358,84.65 Â± 1.89 / 73.76 Â± 2.40@@84.6454764052324,68.17 Â± 0.59 / 22.45 Â± 0.49@@68.168678428774,32.26 Â± 0.81 / 49.17 Â± 0.70@@32.263898839596784,14.18 Â± 2.25 / 34.75 Â± 1.60@@14.177250817040065,14.3.0@@140300,14.3.0@@140300,14.3.0@@140300,14.3.0@@140300,14.3.0@@140300,14.4.0@@140400,14.4.0@@140400
ibm-granite/granite-3.0-3b-a800m-base (few-shot),2.45,3374286336.0,49152.0,4096,10504.04,ğŸ§ ,âœ“,âœ—,66.65 Â± 1.04 / 65.72 Â± 1.32@@66.65186958628159,49.44 Â± 3.68 / 39.69 Â± 2.34@@49.438271858812385,12.56 Â± 2.15 / 54.20 Â± 3.42@@12.555411287424823,75.62 Â± 3.79 / 63.29 Â± 4.61@@75.62418623492908,66.38 Â± 0.28 / 21.17 Â± 0.41@@66.37513905225205,32.06 Â± 0.87 / 49.12 Â± 0.61@@32.05565904207827,58.21 Â± 0.98 / 68.63 Â± 0.74@@58.20722270079006,13.0.0@@130000,13.0.0@@130000,13.0.0@@130000,13.0.0@@130000,13.0.0@@130000,13.0.0@@130000,13.0.0@@130000
meta-llama/Llama-3.2-3B (few-shot),2.46,3212749824.0,128256.0,131073,3713.14,ğŸ§ ,âœ“,âœ—,63.29 Â± 1.29 / 67.82 Â± 0.74@@63.2915653102533,59.09 Â± 1.44 / 52.03 Â± 1.96@@59.09419685229056,13.50 Â± 4.14 / 50.33 Â± 5.61@@13.495867873796835,81.12 Â± 1.18 / 68.15 Â± 2.21@@81.12054306542535,67.73 Â± 0.51 / 22.02 Â± 0.74@@67.72689293895382,40.10 Â± 0.68 / 54.53 Â± 0.48@@40.1020671792351,20.88 Â± 2.25 / 39.75 Â± 1.62@@20.882293282158454,13.0.0@@130000,13.0.0@@130000,13.0.0@@130000,13.0.0@@130000,13.0.0@@130000,13.0.0@@130000,13.0.0@@130000
ibm-granite/granite-8b-code-instruct-4k (few-shot),2.46,8054910976.0,49152.0,4096,5616.81,ğŸ“,âœ“,âœ—,61.61 Â± 1.45 / 67.09 Â± 1.38@@61.605342639872994,72.59 Â± 0.91 / 65.83 Â± 1.30@@72.58990512847114,18.37 Â± 2.07 / 56.26 Â± 2.62@@18.36939551809155,78.95 Â± 2.38 / 66.68 Â± 3.56@@78.94843057649051,68.41 Â± 0.33 / 24.66 Â± 0.47@@68.4131305234041,24.14 Â± 0.58 / 42.17 Â± 0.33@@24.14183054607158,14.42 Â± 2.00 / 34.50 Â± 1.81@@14.415045569065846,13.0.0@@130000,13.0.0@@130000,13.0.0@@130000,13.0.0@@130000,13.0.0@@130000,13.0.0@@130000,13.0.0@@130000
meta-llama/Llama-2-7b-hf (few-shot),2.51,6738417664.0,32000.0,4096,930.05,ğŸ“,âœ“,âœ—,65.16 Â± 1.21 / 66.86 Â± 1.32@@65.16482215014223,55.27 Â± 2.79 / 50.25 Â± 2.12@@55.27164512578102,20.43 Â± 3.69 / 55.98 Â± 4.88@@20.425542062338938,81.43 Â± 1.73 / 69.82 Â± 2.49@@81.43487632995763,68.82 Â± 0.54 / 23.58 Â± 0.59@@68.82349239996984,25.98 Â± 0.90 / 42.52 Â± 0.62@@25.977680592988673,11.77 Â± 1.81 / 31.25 Â± 1.99@@11.774817538682145,9.2.0@@90200,9.2.0@@90200,9.2.0@@90200,12.5.1@@120501,12.0.0@@120000,9.2.0@@90200,9.2.0@@90200
stabilityai/stablelm-2-1_6b (few-shot),2.52,1644515328.0,100352.0,4096,7258.53,ğŸ§ ,âœ“,âœ—,64.69 Â± 1.33 / 57.60 Â± 0.63@@64.68630771900081,47.50 Â± 1.70 / 41.85 Â± 1.68@@47.4991591289172,8.01 Â± 1.97 / 51.78 Â± 1.65@@8.00996309230845,80.90 Â± 0.72 / 71.81 Â± 1.05@@80.90104561031691,69.71 Â± 0.11 / 27.72 Â± 0.26@@69.70799655042356,18.92 Â± 0.73 / 38.74 Â± 0.53@@18.91785197182996,54.53 Â± 0.89 / 65.79 Â± 0.65@@54.5291256857119,12.10.8@@121008,12.10.8@@121008,12.10.8@@121008,12.10.8@@121008,12.10.8@@121008,12.10.8@@121008,12.10.8@@121008
occiglot/occiglot-7b-eu5 (few-shot),2.55,7241732096.0,32000.0,4096,2943.39,ğŸ§ ,âœ“,âœ—,61.82 Â± 2.10 / 67.23 Â± 1.16@@61.82412268522545,53.83 Â± 5.60 / 50.02 Â± 5.07@@53.826700875018396,19.74 Â± 2.54 / 58.62 Â± 1.27@@19.735847621966947,83.13 Â± 2.33 / 73.09 Â± 2.85@@83.13119662956782,68.57 Â± 0.51 / 23.19 Â± 0.31@@68.56856147045619,27.59 Â± 0.54 / 43.82 Â± 0.65@@27.58974951086882,11.48 Â± 1.69 / 31.40 Â± 1.51@@11.483698698678921,15.0.0@@150000,15.0.0@@150000,15.0.0@@150000,15.0.0@@150000,15.0.0@@150000,15.0.0@@150000,15.0.0@@150000
Rijgersberg/GEITje-7B (few-shot),2.56,7241732096.0,32000.0,32768,5886.57,ğŸ§ ,âœ“,âœ—,65.21 Â± 1.35 / 65.73 Â± 1.61@@65.21335898654928,53.39 Â± 2.97 / 47.76 Â± 2.67@@53.39180038175726,12.63 Â± 2.60 / 50.10 Â± 3.87@@12.630501959387978,77.95 Â± 1.84 / 65.74 Â± 2.31@@77.95432159674272,68.05 Â± 0.54 / 24.11 Â± 0.59@@68.04743746470194,31.65 Â± 1.00 / 47.19 Â± 0.83@@31.650418566844806,17.69 Â± 2.71 / 35.94 Â± 2.08@@17.693685593908352,9.3.1@@90301,9.3.1@@90301,9.3.1@@90301,9.3.1@@90301,9.3.1@@90301,9.3.1@@90301,9.3.1@@90301
norallm/normistral-11b-warm (few-shot),2.57,11429893120.0,51200.0,1024000,2500.58,ğŸ§ ,âœ“,âœ—,65.88 Â± 1.38 / 66.32 Â± 1.39@@65.87504913620637,64.14 Â± 3.49 / 59.98 Â± 2.77@@64.14102822356888,7.99 Â± 1.59 / 41.63 Â± 2.67@@7.985476698178562,83.60 Â± 1.49 / 72.79 Â± 2.05@@83.60129550629293,68.18 Â± 0.32 / 20.32 Â± 0.17@@68.17608079014462,22.32 Â± 1.11 / 41.74 Â± 0.79@@22.317096099680526,10.51 Â± 1.23 / 31.70 Â± 0.85@@10.50785202730982,15.0.0@@150000,15.0.0@@150000,15.0.0@@150000,15.0.0@@150000,15.0.0@@150000,15.0.0@@150000,15.0.0@@150000
allenai/OLMo-1.7-7B-hf (few-shot),2.57,6888095744.0,50304.0,4096,3371.43,ğŸ§ ,âœ“,âœ—,66.43 Â± 0.78 / 57.25 Â± 0.33@@66.42988655164156,41.02 Â± 3.86 / 40.03 Â± 2.56@@41.020480830653774,5.17 Â± 1.55 / 37.03 Â± 2.40@@5.172215551765887,85.31 Â± 0.82 / 76.04 Â± 0.97@@85.30992316107896,70.28 Â± 0.06 / 28.85 Â± 0.17@@70.28039154654834,34.92 Â± 0.75 / 50.82 Â± 0.73@@34.92371152688343,18.73 Â± 1.32 / 34.76 Â± 0.91@@18.728820398502922,12.10.4@@121004,12.10.5@@121005,12.10.4@@121004,12.10.5@@121005,12.10.5@@121005,12.10.4@@121004,12.10.4@@121004
meta-llama/Llama-2-13b-chat-hf (few-shot),2.61,13015866880.0,32000.0,4096,1719.8,ğŸ“,âœ“,âœ—,61.93 Â± 1.07 / 68.19 Â± 0.60@@61.930170859941015,63.00 Â± 1.15 / 51.31 Â± 1.60@@63.000940528088265,31.05 Â± 2.02 / 63.82 Â± 0.85@@31.048901632796316,76.04 Â± 1.03 / 58.93 Â± 1.35@@76.03522279168705,64.64 Â± 1.38 / 17.67 Â± 1.47@@64.63758841025992,16.24 Â± 2.36 / 33.60 Â± 1.57@@16.2410878497596,6.80 Â± 1.46 / 27.89 Â± 1.23@@6.798680836767068,14.3.0@@140300,14.3.0@@140300,14.3.0@@140300,14.3.0@@140300,14.3.0@@140300,14.3.0@@140300,14.3.0@@140300
HuggingFaceTB/SmolLM2-1.7B-Instruct (few-shot),2.64,1711376384.0,49152.0,8192,2631.13,ğŸ“,âœ“,âœ—,66.78 Â± 0.76 / 61.52 Â± 0.99@@66.77897251379392,47.58 Â± 2.41 / 39.52 Â± 1.41@@47.58461353305432,20.53 Â± 3.83 / 58.47 Â± 2.90@@20.528553707691348,69.96 Â± 1.63 / 58.07 Â± 2.23@@69.96370686673455,62.45 Â± 5.62 / 19.60 Â± 1.85@@62.447997066774406,32.90 Â± 0.96 / 49.16 Â± 0.95@@32.9027951230773,25.32 Â± 2.12 / 42.50 Â± 2.39@@25.3231960989834,13.1.0@@130100,13.1.0@@130100,13.1.0@@130100,13.1.0@@130100,13.1.0@@130100,13.1.0@@130100,13.1.0@@130100
ibm-granite/granite-7b-base (few-shot),2.67,6738415616.0,32000.0,2048,4405.37,ğŸ§ ,âœ“,âœ—,66.41 Â± 0.85 / 65.96 Â± 2.20@@66.41077940032125,47.76 Â± 2.72 / 44.84 Â± 2.71@@47.7605290452345,5.76 Â± 1.50 / 50.36 Â± 2.34@@5.764535472744324,81.54 Â± 1.06 / 70.34 Â± 1.81@@81.5380989237767,65.88 Â± 1.55 / 19.75 Â± 1.04@@65.88074081213563,29.83 Â± 1.09 / 47.45 Â± 0.69@@29.83065323044795,18.44 Â± 2.21 / 36.96 Â± 2.10@@18.436474338528768,12.10.5@@121005,12.10.5@@121005,12.10.5@@121005,12.10.5@@121005,12.10.8@@121008,12.10.8@@121008,12.10.8@@121008
Qwen/Qwen1.5-1.8B (few-shot),2.69,1836828672.0,151936.0,32768,5665.51,ğŸ“,âœ“,âœ—,64.34 Â± 1.18 / 62.90 Â± 1.36@@64.33643964108185,37.22 Â± 3.24 / 34.07 Â± 3.11@@37.22371507373219,15.30 Â± 1.17 / 55.67 Â± 1.16@@15.298859903744649,75.79 Â± 0.97 / 64.41 Â± 1.29@@75.79274879895051,68.15 Â± 0.13 / 22.11 Â± 0.19@@68.14803956265678,27.24 Â± 1.14 / 44.95 Â± 0.84@@27.24044232383685,22.84 Â± 1.16 / 41.75 Â± 0.99@@22.8416984548214,10.0.1@@100001,12.5.2@@120502,12.1.0@@120100,12.1.0@@120100,12.1.0@@120100,12.1.0@@120100,12.1.0@@120100
infly/OpenCoder-8B-Instruct (few-shot),2.71,7771262976.0,96640.0,8192,3009.29,ğŸ“,âœ“,âœ—,52.34 Â± 2.19 / 63.47 Â± 1.56@@52.34393264535881,63.49 Â± 1.26 / 54.75 Â± 1.78@@63.49251548262779,19.08 Â± 2.52 / 54.94 Â± 3.78@@19.078729040385568,74.20 Â± 2.23 / 56.73 Â± 3.83@@74.2027040534953,68.15 Â± 0.27 / 21.16 Â± 0.67@@68.15206283601583,15.73 Â± 2.83 / 35.33 Â± 2.23@@15.725332971883105,9.46 Â± 1.29 / 31.36 Â± 1.30@@9.459565786627877,14.4.0@@140400,14.4.0@@140400,14.4.0@@140400,14.4.0@@140400,14.4.0@@140400,14.4.0@@140400,14.4.0@@140400
BSC-LT/salamandra-7b (few-shot),2.75,7768117248.0,256000.0,8192,3123.97,ğŸ§ ,âœ“,âœ—,56.04 Â± 3.25 / 64.68 Â± 1.59@@56.03847050106287,53.10 Â± 6.12 / 49.03 Â± 4.84@@53.09895274542381,17.35 Â± 3.17 / 54.66 Â± 3.62@@17.354843623307268,79.75 Â± 1.94 / 69.42 Â± 2.65@@79.75385304844514,65.56 Â± 2.37 / 19.78 Â± 2.41@@65.55612162745092,23.20 Â± 0.97 / 41.10 Â± 0.92@@23.204360823123782,4.28 Â± 1.39 / 26.69 Â± 0.76@@4.275763604728529,14.4.0@@140400,14.4.0@@140400,14.4.0@@140400,14.4.0@@140400,14.4.0@@140400,14.4.0@@140400,14.4.0@@140400
microsoft/phi-2 (few-shot),2.75,2779683840.0,51200.0,2048,6084.61,ğŸ§ ,âœ“,âœ—,59.17 Â± 2.16 / 66.01 Â± 1.44@@59.17252988500066,44.65 Â± 2.89 / 41.34 Â± 2.37@@44.65076252565418,13.02 Â± 4.02 / 49.59 Â± 4.89@@13.015454249817948,86.24 Â± 1.55 / 76.54 Â± 2.09@@86.23880680674476,58.47 Â± 6.09 / 19.62 Â± 1.90@@58.46782834378246,35.41 Â± 1.22 / 50.93 Â± 0.87@@35.412161457997435,16.10 Â± 1.13 / 34.04 Â± 1.00@@16.0968131871636,15.0.0@@150000,15.0.0@@150000,15.0.0@@150000,15.0.0@@150000,15.0.0@@150000,15.0.0@@150000,15.0.0@@150000
MaLA-LM/emma-500-llama2-7b (few-shot),2.76,6738415616.0,32000.0,4096,6275.17,ğŸ§ ,âœ“,âœ—,64.82 Â± 1.13 / 67.11 Â± 1.41@@64.82022541784201,47.20 Â± 3.39 / 44.00 Â± 3.43@@47.19669903460705,7.57 Â± 2.31 / 45.83 Â± 3.97@@7.573373095823752,83.56 Â± 0.75 / 73.88 Â± 1.02@@83.55832506908266,67.34 Â± 0.38 / 21.61 Â± 0.61@@67.34498838719446,16.59 Â± 1.01 / 35.35 Â± 0.70@@16.590416410100815,11.97 Â± 1.35 / 32.72 Â± 0.94@@11.971000338421504,13.0.0@@130000,13.0.0@@130000,13.0.0@@130000,13.0.0@@130000,13.0.0@@130000,13.0.0@@130000,13.0.0@@130000
occiglot/occiglot-7b-eu5-instruct (few-shot),2.77,7241748480.0,32002.0,4096,4838.43,ğŸ“,âœ—,âœ—,61.40 Â± 2.17 / 69.69 Â± 1.49@@61.402386160138,58.58 Â± 3.03 / 50.61 Â± 1.74@@58.57836323223633,23.07 Â± 2.08 / 60.88 Â± 1.03@@23.067667473695398,38.12 Â± 2.17 / 0.05 Â± 0.04@@38.117882467475866,69.13 Â± 0.08 / 24.28 Â± 0.47@@69.13475162466057,26.31 Â± 1.40 / 43.83 Â± 1.09@@26.31398773155633,10.98 Â± 1.08 / 31.23 Â± 1.22@@10.97772947294096,15.0.0@@150000,15.0.0@@150000,15.0.0@@150000,15.0.0@@150000,15.0.0@@150000,15.0.0@@150000,15.0.0@@150000
google/gemma-2-2b (few-shot),2.77,2614341888.0,256000.0,8193,5235.32,ğŸ§ ,âœ“,âœ—,66.28 Â± 0.84 / 65.60 Â± 1.23@@66.27931214026287,30.82 Â± 4.46 / 27.49 Â± 3.87@@30.82418819898292,10.09 Â± 2.52 / 48.92 Â± 3.34@@10.088771911478293,78.21 Â± 2.16 / 64.96 Â± 3.77@@78.206414181933,67.13 Â± 0.54 / 21.94 Â± 0.39@@67.13139151892392,35.14 Â± 1.07 / 51.22 Â± 0.84@@35.13938457144024,11.26 Â± 1.35 / 31.40 Â± 1.40@@11.263003384775224,13.0.0@@130000,13.0.0@@130000,13.0.0@@130000,13.0.0@@130000,13.0.0@@130000,13.0.0@@130000,13.0.0@@130000
ibm-granite/granite-3b-code-instruct-2k (few-shot),2.77,3482503680.0,49152.0,2048,9058.91,ğŸ“,âœ“,âœ—,59.01 Â± 2.14 / 62.37 Â± 1.73@@59.012084864492365,58.30 Â± 2.16 / 53.45 Â± 1.98@@58.30468745522788,10.33 Â± 3.06 / 53.28 Â± 2.21@@10.331559967627445,75.93 Â± 1.50 / 65.04 Â± 2.20@@75.92636051268657,67.46 Â± 0.31 / 23.04 Â± 0.42@@67.45873987689265,14.10 Â± 0.93 / 34.24 Â± 0.84@@14.100798215208787,10.67 Â± 0.81 / 32.66 Â± 0.64@@10.667841244212168,13.0.0@@130000,13.0.0@@130000,13.0.0@@130000,13.0.0@@130000,13.0.0@@130000,13.0.0@@130000,13.0.0@@130000
meta-llama/Llama-3.2-1B-Instruct (few-shot),2.78,1235814400.0,128256.0,131073,7435.78,ğŸ“,âœ“,âœ—,59.46 Â± 1.16 / 65.61 Â± 1.08@@59.4612202979224,56.41 Â± 1.79 / 52.05 Â± 1.57@@56.40954100345935,8.36 Â± 0.71 / 49.50 Â± 2.90@@8.356607825305428,67.95 Â± 2.10 / 47.26 Â± 3.09@@67.950968018329,66.61 Â± 0.54 / 21.06 Â± 1.04@@66.60822887468385,25.59 Â± 0.93 / 43.75 Â± 0.65@@25.588850907127377,18.56 Â± 1.15 / 38.13 Â± 0.88@@18.559387830889296,13.0.0@@130000,13.0.0@@130000,13.0.0@@130000,13.0.0@@130000,13.0.0@@130000,13.0.0@@130000,13.0.0@@130000
Qwen/Qwen1.5-1.8B-Chat (few-shot),2.79,1836828672.0,151936.0,32768,8303.55,ğŸ“,âœ—,âœ—,55.33 Â± 1.77 / 64.53 Â± 0.70@@55.33237524769212,40.89 Â± 2.63 / 37.44 Â± 2.39@@40.89333233545186,11.23 Â± 1.81 / 52.85 Â± 2.65@@11.233755772434659,74.24 Â± 0.82 / 60.69 Â± 1.44@@74.23662032859507,67.23 Â± 0.14 / 18.87 Â± 0.43@@67.23135487336549,26.84 Â± 0.41 / 44.86 Â± 0.31@@26.8391990938998,23.89 Â± 1.20 / 42.78 Â± 0.95@@23.885223706409793,11.0.0@@110000,12.5.2@@120502,12.1.0@@120100,12.5.0@@120500,12.5.0@@120500,12.1.0@@120100,12.1.0@@120100
OpenLLM-France/Lucie-7B-Instruct-human-data (few-shot),2.79,6706960384.0,65024.0,32000,3349.98,ğŸ“,âœ“,âœ—,61.35 Â± 0.90 / 68.30 Â± 0.64@@61.34960793254538,50.71 Â± 2.58 / 46.77 Â± 2.62@@50.71269645745717,11.99 Â± 1.58 / 54.06 Â± 2.01@@11.991121420913535,84.56 Â± 0.43 / 73.80 Â± 0.68@@84.56412220284426,66.34 Â± 0.16 / 21.45 Â± 0.19@@66.33611138051492,9.20 Â± 1.60 / 29.92 Â± 1.15@@9.203069026718202,11.90 Â± 1.25 / 32.96 Â± 1.14@@11.89779945044297,14.4.0@@140400,14.4.0@@140400,14.4.0@@140400,14.4.0@@140400,14.4.0@@140400,14.4.0@@140400,14.4.0@@140400
HuggingFaceTB/SmolLM2-1.7B (few-shot),2.8,1711376384.0,49152.0,8192,2616.53,ğŸ§ ,âœ“,âœ—,62.32 Â± 1.12 / 67.09 Â± 0.96@@62.3247944488655,41.57 Â± 4.29 / 37.51 Â± 3.05@@41.565841909289674,8.04 Â± 3.17 / 48.16 Â± 5.38@@8.037253883205093,67.43 Â± 2.41 / 56.01 Â± 3.10@@67.4327991262837,65.06 Â± 0.87 / 20.12 Â± 0.51@@65.06459940574132,34.02 Â± 0.87 / 50.12 Â± 0.76@@34.01892548681206,22.81 Â± 1.86 / 41.37 Â± 1.41@@22.807957810103133,13.1.0@@130100,13.1.0@@130100,13.1.0@@130100,13.1.0@@130100,13.1.0@@130100,13.1.0@@130100,13.1.0@@130100
tiiuae/Falcon3-1B-Instruct (few-shot),2.81,1669408768.0,131072.0,8192,9270.37,ğŸ“,âœ“,âœ—,54.47 Â± 1.37 / 64.39 Â± 0.56@@54.469992225819965,43.00 Â± 1.94 / 39.96 Â± 1.87@@43.00364561255301,17.44 Â± 1.67 / 50.79 Â± 2.44@@17.436468869722155,70.06 Â± 0.79 / 53.15 Â± 1.38@@70.05640697176162,67.33 Â± 0.15 / 22.37 Â± 0.27@@67.32603477677912,20.49 Â± 1.00 / 38.88 Â± 0.87@@20.48672603621958,17.50 Â± 0.84 / 36.85 Â± 0.65@@17.49630897936989,14.1.2@@140102,14.1.2@@140102,14.1.2@@140102,14.1.2@@140102,14.1.2@@140102,14.1.2@@140102,14.1.2@@140102
OpenLLM-France/Lucie-7B-Instruct (few-shot),2.81,6706960384.0,65024.0,32000,3346.44,ğŸ“,âœ—,âœ—,63.28 Â± 1.41 / 63.49 Â± 0.44@@63.278119799886426,50.15 Â± 1.93 / 45.31 Â± 2.31@@50.15489218014799,12.38 Â± 1.69 / 50.25 Â± 2.65@@12.381831022462594,76.33 Â± 0.76 / 60.09 Â± 1.32@@76.33421480310774,68.54 Â± 0.11 / 21.59 Â± 0.28@@68.54260480438825,9.16 Â± 1.13 / 30.83 Â± 1.01@@9.160447905276525,3.94 Â± 1.41 / 27.49 Â± 1.35@@3.9378863660083896,14.4.0@@140400,14.4.0@@140400,14.4.0@@140400,14.4.0@@140400,14.4.0@@140400,14.4.0@@140400,14.4.0@@140400
TrustLLMeu/baseline-7-8b_2-3t-tokens_llama (few-shot),2.82,7799574528.0,100096.0,4096,2854.26,ğŸ§ ,âœ“,âœ—,63.99 Â± 1.40 / 63.33 Â± 1.18@@63.99159192892894,52.89 Â± 5.36 / 49.62 Â± 4.35@@52.89476184335384,8.71 Â± 3.02 / 46.46 Â± 3.37@@8.71419073282781,79.08 Â± 1.61 / 68.40 Â± 1.86@@79.08342904056715,67.90 Â± 0.49 / 23.07 Â± 0.49@@67.90037906393991,8.58 Â± 1.17 / 30.35 Â± 1.12@@8.580237399885254,1.99 Â± 0.99 / 25.73 Â± 0.56@@1.9901196477227028,14.3.0@@140300,14.3.0@@140300,14.3.0@@140300,14.3.0@@140300,14.3.0@@140300,14.3.0@@140300,14.3.0@@140300
AI-Sweden-Models/gpt-sw3-20b-instruct (few-shot),2.86,20918423552.0,64000.0,2048,1830.86,ğŸ“,âœ“,âœ—,65.58 Â± 1.59 / 57.86 Â± 1.13@@65.58029301561092,39.21 Â± 1.52 / 34.08 Â± 1.88@@39.20816416723184,7.82 Â± 1.43 / 51.19 Â± 1.75@@7.8183522919124115,83.08 Â± 1.30 / 72.25 Â± 2.19@@83.07827040150495,64.07 Â± 0.60 / 19.27 Â± 0.54@@64.07087367202621,14.98 Â± 0.77 / 36.11 Â± 0.75@@14.979452332386664,13.55 Â± 1.51 / 34.03 Â± 1.55@@13.551073754852903,9.3.1@@90301,9.3.1@@90301,9.3.1@@90301,9.3.1@@90301,9.3.1@@90301,9.3.1@@90301,9.3.1@@90301
ibm-granite/granite-3.0-1b-a400m-instruct (few-shot),2.89,1334628352.0,49155.0,4096,7964.03,ğŸ“,âœ“,âœ—,63.47 Â± 0.73 / 60.77 Â± 1.39@@63.4657865146212,46.26 Â± 3.26 / 40.49 Â± 2.54@@46.259019265083104,13.17 Â± 1.60 / 54.31 Â± 1.93@@13.174664409167752,72.97 Â± 0.96 / 59.32 Â± 1.48@@72.96539974843787,66.43 Â± 0.60 / 20.68 Â± 0.92@@66.43074953884934,9.68 Â± 1.07 / 31.43 Â± 0.85@@9.68197567429225,4.99 Â± 0.71 / 26.87 Â± 0.63@@4.989885311785943,13.2.0@@130200,13.2.0@@130200,13.2.0@@130200,13.2.0@@130200,13.2.0@@130200,13.2.0@@130200,13.2.0@@130200
ibm-granite/granite-3b-code-base-2k (few-shot),2.94,3482503680.0,49152.0,2048,2731.51,ğŸ§ ,âœ“,âœ—,61.20 Â± 1.16 / 61.92 Â± 1.68@@61.20465437920378,60.64 Â± 2.11 / 55.14 Â± 2.01@@60.642576926891486,7.63 Â± 2.79 / 46.39 Â± 3.79@@7.631862704350632,80.15 Â± 1.27 / 69.83 Â± 2.12@@80.15134213540657,56.62 Â± 3.70 / 13.80 Â± 2.77@@56.62260343990055,16.29 Â± 0.76 / 36.25 Â± 0.61@@16.29397392326061,10.37 Â± 1.17 / 32.60 Â± 0.89@@10.365372922956542,13.0.0@@130000,13.0.0@@130000,13.0.0@@130000,13.0.0@@130000,13.0.0@@130000,13.0.0@@130000,13.0.0@@130000
google/gemma-2b-it (few-shot),2.96,2506172416.0,256000.0,8192,6470.59,ğŸ“,âœ—,âœ—,51.86 Â± 2.95 / 57.11 Â± 1.92@@51.864295971063676,40.05 Â± 2.56 / 33.77 Â± 1.94@@40.05091773671894,5.83 Â± 1.52 / 50.74 Â± 1.73@@5.825272464598743,76.59 Â± 0.77 / 63.77 Â± 1.40@@76.59369190824944,67.28 Â± 0.27 / 22.84 Â± 0.41@@67.28160507598659,18.21 Â± 0.70 / 37.61 Â± 0.55@@18.2080260158136,10.84 Â± 1.23 / 31.84 Â± 1.00@@10.842386126514008,15.0.0@@150000,12.5.2@@120502,12.1.0@@120100,12.4.0@@120400,12.4.0@@120400,12.1.0@@120100,12.1.0@@120100
TrustLLMeu/baseline-7-8b_1t-tokens_llama (few-shot),2.96,7799574528.0,100096.0,4096,6196.57,ğŸ§ ,âœ“,âœ—,59.29 Â± 1.35 / 65.59 Â± 1.02@@59.28813758013434,45.89 Â± 2.63 / 42.96 Â± 2.56@@45.89015519667063,9.11 Â± 2.36 / 52.02 Â± 2.16@@9.109574578051358,77.75 Â± 1.09 / 66.74 Â± 1.21@@77.74871323428043,68.17 Â± 0.69 / 22.50 Â± 0.73@@68.1739511055639,0.92 Â± 1.20 / 23.00 Â± 0.81@@0.9211911731593636,0.61 Â± 1.04 / 25.00 Â± 0.60@@0.6055752852727055,13.0.0@@130000,13.0.0@@130000,13.0.0@@130000,13.0.0@@130000,13.0.0@@130000,13.0.0@@130000,13.0.0@@130000
VAGOsolutions/SauerkrautLM-Gemma-2b (few-shot),2.99,2506172416.0,256000.0,8192,3607.49,ğŸ§ ,âœ—,âœ—,61.91 Â± 2.08 / 67.80 Â± 1.12@@61.90628247201576,23.28 Â± 6.45 / 21.81 Â± 5.61@@23.27856132854233,6.92 Â± 2.36 / 44.29 Â± 3.87@@6.92143627203733,76.60 Â± 0.51 / 64.68 Â± 1.06@@76.60475943178524,65.15 Â± 0.86 / 20.15 Â± 0.50@@65.14987161768659,22.65 Â± 0.87 / 41.40 Â± 0.67@@22.6488149443914,14.54 Â± 1.87 / 34.39 Â± 1.49@@14.537240444466597,12.6.1@@120601,12.6.1@@120601,12.6.1@@120601,12.6.1@@120601,12.6.1@@120601,12.6.1@@120601,12.6.1@@120601
google/gemma-2b (few-shot),3.03,2506172416.0,256000.0,8192,6087.12,ğŸ§ ,âœ“,âœ—,58.97 Â± 3.06 / 66.69 Â± 1.70@@58.97453593227886,19.65 Â± 5.96 / 18.64 Â± 5.49@@19.64939566955733,8.30 Â± 1.63 / 45.01 Â± 3.82@@8.298977661247012,77.75 Â± 0.63 / 66.30 Â± 1.42@@77.74921050240599,66.51 Â± 0.85 / 21.76 Â± 0.84@@66.50814869099122,20.38 Â± 0.82 / 38.44 Â± 0.70@@20.38203777068471,7.41 Â± 1.01 / 29.08 Â± 0.61@@7.407791658190957,15.0.0@@150000,12.5.2@@120502,12.1.0@@120100,12.1.0@@120100,12.1.0@@120100,12.1.0@@120100,12.1.0@@120100
utter-project/EuroLLM-1.7B-Instruct (few-shot),3.07,1656850432.0,128000.0,4096,6288.34,ğŸ“,âœ“,âœ—,58.61 Â± 2.46 / 62.78 Â± 1.22@@58.61489390788797,37.47 Â± 1.64 / 32.39 Â± 2.53@@37.46724118938421,5.30 Â± 1.43 / 46.95 Â± 3.51@@5.302113096450395,74.41 Â± 0.65 / 63.26 Â± 0.73@@74.41265287133734,67.24 Â± 0.36 / 21.22 Â± 0.36@@67.24485997081501,3.93 Â± 0.84 / 28.88 Â± 0.73@@3.9269061915221073,1.26 Â± 1.14 / 25.56 Â± 0.82@@1.2556497708825323,13.1.0@@130100,13.1.0@@130100,13.1.0@@130100,13.1.0@@130100,13.1.0@@130100,13.1.0@@130100,13.1.0@@130100
openGPT-X/Teuken-7B-instruct-research-v0.4 (few-shot),3.1,7452725248.0,250680.0,4096,1253.66,ğŸ“,âœ—,âœ—,27.52 Â± 3.38 / 31.81 Â± 3.98@@27.520026123785012,50.73 Â± 2.64 / 38.64 Â± 1.60@@50.72554833843028,2.96 Â± 2.64 / 35.23 Â± 1.82@@2.9640238762847955,76.38 Â± 1.18 / 63.42 Â± 1.34@@76.37892306704819,68.74 Â± 0.08 / 21.51 Â± 0.20@@68.73698563547805,16.65 Â± 0.64 / 35.86 Â± 0.47@@16.652813827309508,10.69 Â± 1.12 / 29.62 Â± 0.77@@10.692914462712261,14.0.4@@140004,14.0.4@@140004,14.0.4@@140004,14.0.4@@140004,14.0.4@@140004,14.0.4@@140004,14.0.4@@140004
LumiOpen/Viking-13B (few-shot),3.11,14030361600.0,131072.0,4097,839.52,ğŸ§ ,âœ“,âœ—,59.90 Â± 4.98 / 54.05 Â± 2.70@@59.90013615125419,42.78 Â± 4.24 / 40.64 Â± 2.84@@42.779438600865795,5.68 Â± 1.91 / 50.82 Â± 2.18@@5.678383594092685,68.97 Â± 1.86 / 58.52 Â± 1.88@@68.97323207299786,64.83 Â± 0.95 / 18.37 Â± 0.46@@64.83435590489535,1.63 Â± 0.89 / 23.51 Â± 0.83@@1.6314823810992796,0.54 Â± 1.01 / 24.93 Â± 0.46@@0.5401685334216444,12.10.5@@121005,12.10.5@@121005,12.10.5@@121005,12.10.5@@121005,12.10.5@@121005,12.10.5@@121005,12.10.5@@121005
BSC-LT/salamandra-2b-instruct (few-shot),3.12,2253490176.0,256000.0,8192,10891.84,ğŸ“,âœ“,âœ—,59.30 Â± 1.75 / 59.91 Â± 1.21@@59.302612886642414,39.39 Â± 2.37 / 37.30 Â± 2.19@@39.389670534957794,3.45 Â± 1.09 / 48.12 Â± 3.11@@3.4511388599856687,70.17 Â± 1.03 / 53.00 Â± 1.78@@70.16628389001946,67.86 Â± 0.21 / 23.54 Â± 0.28@@67.86252786099794,0.89 Â± 0.72 / 25.55 Â± 0.71@@0.8901973404176725,0.27 Â± 1.18 / 25.21 Â± 0.65@@0.2747672876856276,14.4.0@@140400,14.4.0@@140400,14.4.0@@140400,14.4.0@@140400,14.4.0@@140400,14.4.0@@140400,14.4.0@@140400
NorwAI/NorwAI-Llama2-7B (few-shot),3.12,7033270272.0,67993.0,4096,4437.75,ğŸ§ ,âœ“,âœ—,63.60 Â± 2.87 / 58.50 Â± 1.25@@63.60406167982754,38.51 Â± 3.33 / 38.08 Â± 2.64@@38.50906704447816,2.23 Â± 1.32 / 34.15 Â± 0.60@@2.2323511645010257,59.52 Â± 2.98 / 45.44 Â± 3.61@@59.51906444690908,67.11 Â± 0.90 / 21.77 Â± 0.72@@67.11247968385578,5.02 Â± 1.22 / 25.76 Â± 1.01@@5.01809717082237,2.08 Â± 0.75 / 25.95 Â± 0.35@@2.076192380341471,12.10.4@@121004,12.10.4@@121004,12.10.4@@121004,12.10.4@@121004,12.10.4@@121004,12.10.4@@121004,12.10.4@@121004
openGPT-X/Teuken-7B-instruct-commercial-v0.4 (few-shot),3.13,7452725248.0,250680.0,4096,1437.66,ğŸ“,âœ“,âœ—,23.69 Â± 3.36 / 25.98 Â± 3.59@@23.692975786403288,44.48 Â± 3.17 / 36.31 Â± 2.23@@44.47948194938777,8.52 Â± 2.60 / 51.57 Â± 2.62@@8.524578816477874,71.38 Â± 1.28 / 56.97 Â± 1.53@@71.3807147309995,68.81 Â± 0.06 / 22.48 Â± 0.20@@68.81097182675148,15.31 Â± 1.45 / 35.07 Â± 1.13@@15.305383963419219,9.35 Â± 1.36 / 29.47 Â± 1.09@@9.34918660692511,14.0.4@@140004,14.0.4@@140004,14.0.4@@140004,14.0.4@@140004,14.0.4@@140004,14.0.4@@140004,14.0.4@@140004
Qwen/Qwen1.5-0.5B (few-shot),3.15,619570176.0,151936.0,32768,11371.34,ğŸ“,âœ“,âœ—,57.15 Â± 2.35 / 52.82 Â± 1.40@@57.151936317539295,37.51 Â± 1.56 / 33.24 Â± 2.24@@37.50721409370712,2.94 Â± 2.00 / 44.53 Â± 3.65@@2.943176817761557,55.17 Â± 1.29 / 42.57 Â± 1.97@@55.170400667783916,65.22 Â± 0.29 / 19.22 Â± 0.18@@65.21741346339695,18.24 Â± 1.14 / 37.15 Â± 0.82@@18.239493218038913,10.89 Â± 1.01 / 32.65 Â± 0.85@@10.8877166497064,10.0.1@@100001,12.5.2@@120502,12.1.0@@120100,12.1.0@@120100,12.1.0@@120100,12.1.0@@120100,12.1.0@@120100
Qwen/Qwen1.5-0.5B-Chat (few-shot),3.18,619570176.0,151936.0,32768,11740.04,ğŸ“,âœ—,âœ—,55.41 Â± 2.17 / 54.48 Â± 1.65@@55.411499294037995,33.86 Â± 2.16 / 32.80 Â± 2.21@@33.85701765403287,1.15 Â± 1.81 / 34.47 Â± 1.12@@1.1460360379617835,64.09 Â± 1.26 / 53.34 Â± 1.21@@64.08551275187344,65.81 Â± 1.90 / 20.88 Â± 0.66@@65.80669141447288,11.66 Â± 1.13 / 32.84 Â± 0.97@@11.658644064135851,5.22 Â± 1.17 / 27.95 Â± 1.10@@5.219813882305635,11.0.0@@110000,12.5.2@@120502,12.1.0@@120100,12.5.0@@120500,12.5.0@@120500,12.1.0@@120100,12.1.0@@120100
NorwAI/NorwAI-Mistral-7B (few-shot),3.19,7536586752.0,67993.0,4096,3034.67,ğŸ§ ,âœ“,âœ—,56.87 Â± 8.16 / 59.62 Â± 5.61@@56.87349391700018,35.84 Â± 5.12 / 35.76 Â± 4.29@@35.84162530756692,3.08 Â± 2.98 / 40.66 Â± 4.63@@3.0788958716528163,66.64 Â± 1.58 / 52.77 Â± 1.53@@66.64454513513121,63.96 Â± 1.61 / 19.20 Â± 1.54@@63.95672193735663,7.42 Â± 1.60 / 28.95 Â± 1.40@@7.424261445261829,2.24 Â± 1.08 / 25.72 Â± 0.82@@2.241029577008354,12.10.4@@121004,12.10.4@@121004,12.10.4@@121004,12.10.4@@121004,12.10.4@@121004,12.10.4@@121004,12.10.4@@121004
ibm-granite/granite-3.0-1b-a400m-base (few-shot),3.2,1384956928.0,49152.0,4096,7808.38,ğŸ§ ,âœ“,âœ—,64.13 Â± 1.51 / 56.76 Â± 0.96@@64.12890493963961,29.84 Â± 4.45 / 28.13 Â± 3.61@@29.836286367375813,3.99 Â± 1.63 / 43.68 Â± 3.91@@3.990527860713433,65.95 Â± 1.64 / 55.74 Â± 1.72@@65.95421655237489,64.55 Â± 0.62 / 19.04 Â± 0.65@@64.54742450965568,1.42 Â± 1.20 / 26.10 Â± 0.80@@1.4152738078997793,1.42 Â± 0.61 / 25.58 Â± 0.70@@1.4202823188130331,13.2.0@@130200,13.2.0@@130200,13.2.0@@130200,13.2.0@@130200,13.2.0@@130200,13.2.0@@130200,13.2.0@@130200
infly/OpenCoder-8B-Base (few-shot),3.21,7771263040.0,96640.0,8192,2978.18,ğŸ§ ,âœ“,âœ—,50.61 Â± 2.24 / 61.28 Â± 1.17@@50.61496827848276,62.36 Â± 1.55 / 52.40 Â± 1.96@@62.35595447346702,9.67 Â± 2.12 / 52.37 Â± 3.34@@9.672173273035833,34.18 Â± 2.69 / 0.16 Â± 0.10@@34.17802804825008,63.18 Â± 1.36 / 16.02 Â± 0.87@@63.18207171178074,10.85 Â± 2.21 / 30.76 Â± 1.65@@10.849689722768755,6.10 Â± 1.00 / 27.91 Â± 0.79@@6.0993664103824745,14.4.0@@140400,14.4.0@@140400,14.4.0@@140400,15.0.0@@150000,15.0.0@@150000,15.0.0@@150000,15.0.0@@150000
meta-llama/Llama-3.2-1B (few-shot),3.21,1235814400.0,128256.0,131073,7577.45,ğŸ§ ,âœ“,âœ—,54.40 Â± 2.92 / 64.38 Â± 2.10@@54.39587391796944,35.08 Â± 5.88 / 32.44 Â± 4.89@@35.084012947818756,2.97 Â± 0.84 / 45.05 Â± 4.18@@2.9696638626429324,71.04 Â± 1.83 / 58.30 Â± 2.84@@71.0426050438733,62.19 Â± 1.70 / 16.53 Â± 1.13@@62.1926721719501,7.91 Â± 0.72 / 29.30 Â± 0.46@@7.911436054878132,1.60 Â± 1.21 / 26.25 Â± 0.85@@1.6025142961889858,13.0.0@@130000,13.0.0@@130000,13.0.0@@130000,13.0.0@@130000,13.0.0@@130000,13.0.0@@130000,13.0.0@@130000
OpenLLM-France/Lucie-7B (few-shot),3.27,6706960384.0,65024.0,32000,1471.32,ğŸ§ ,âœ“,âœ—,60.54 Â± 2.70 / 65.28 Â± 1.75@@60.53798140753381,47.32 Â± 2.40 / 43.81 Â± 2.19@@47.3225258811787,11.18 Â± 1.40 / 50.80 Â± 3.50@@11.178103099686245,32.42 Â± 1.35 / 0.00 Â± 0.00@@32.4177382982313,64.44 Â± 3.77 / 19.01 Â± 3.46@@64.4352202367736,3.98 Â± 1.28 / 28.66 Â± 0.88@@3.979580960234081,0.35 Â± 1.35 / 25.32 Â± 0.66@@0.35179539521288433,14.4.0@@140400,14.4.0@@140400,14.4.0@@140400,14.4.0@@140400,14.4.0@@140400,14.4.0@@140400,14.4.0@@140400
AI-Sweden-Models/gpt-sw3-20b (few-shot),3.35,20918423552.0,64000.0,2048,1875.24,ğŸ§ ,âœ“,âœ—,62.10 Â± 1.09 / 55.05 Â± 0.56@@62.101259551000766,44.13 Â± 4.41 / 40.48 Â± 3.51@@44.13274591681124,6.95 Â± 1.48 / 49.78 Â± 2.37@@6.946458305835322,77.21 Â± 1.02 / 65.01 Â± 1.46@@77.2088913398789,38.63 Â± 10.39 / 12.25 Â± 3.33@@38.62885184658808,9.10 Â± 1.33 / 30.31 Â± 0.94@@9.099580686469906,8.35 Â± 0.79 / 29.79 Â± 0.76@@8.350508321603703,14.3.0@@140300,14.3.0@@140300,14.3.0@@140300,14.3.0@@140300,14.3.0@@140300,9.3.1@@90301,9.3.1@@90301
state-spaces/mamba-2.8b-hf (few-shot),3.38,2768345600.0,50280.0,32769,2721.51,ğŸ§ ,âœ“,âœ—,66.55 Â± 0.72 / 58.18 Â± 0.62@@66.54994534489973,28.63 Â± 4.74 / 27.07 Â± 4.13@@28.625101419451997,1.47 Â± 1.57 / 45.89 Â± 2.92@@1.4738088936373253,47.83 Â± 2.25 / 35.00 Â± 2.01@@47.83358501955324,62.05 Â± 1.63 / 16.80 Â± 1.01@@62.05199609736155,-0.41 Â± 1.21 / 23.76 Â± 0.63@@-0.40637692359962946,-0.04 Â± 0.77 / 25.03 Â± 0.52@@-0.03606996629599609,13.0.0@@130000,13.0.0@@130000,13.0.0@@130000,13.0.0@@130000,13.0.0@@130000,13.0.0@@130000,13.0.0@@130000
HuggingFaceTB/SmolLM2-360M-Instruct (few-shot),3.39,361821120.0,49152.0,8192,21776.98,ğŸ“,âœ“,âœ—,59.51 Â± 3.73 / 54.82 Â± 2.43@@59.511254308920925,30.73 Â± 4.30 / 29.47 Â± 4.10@@30.72578277804187,1.55 Â± 1.90 / 43.18 Â± 5.08@@1.553474017359426,60.00 Â± 1.53 / 49.03 Â± 1.47@@59.99992188285555,57.73 Â± 4.93 / 15.68 Â± 1.21@@57.73298955406062,0.11 Â± 1.23 / 23.20 Â± 0.56@@0.10790939802937231,-0.06 Â± 0.39 / 24.60 Â± 0.44@@-0.0612106288482958,13.1.0@@130100,13.1.0@@130100,13.1.0@@130100,13.1.0@@130100,13.1.0@@130100,13.1.0@@130100,13.1.0@@130100
HuggingFaceTB/SmolLM2-360M (few-shot),3.41,361821120.0,49152.0,8192,22023.39,ğŸ§ ,âœ“,âœ—,43.97 Â± 5.28 / 55.08 Â± 4.26@@43.96869312582868,31.14 Â± 1.79 / 28.54 Â± 0.86@@31.140505484176845,3.49 Â± 2.49 / 46.52 Â± 4.13@@3.485052348712353,60.41 Â± 3.91 / 47.91 Â± 4.97@@60.40882051965055,62.20 Â± 1.04 / 17.61 Â± 0.50@@62.20110220521746,0.12 Â± 1.55 / 23.00 Â± 0.82@@0.12337607407874719,0.13 Â± 1.34 / 24.53 Â± 0.49@@0.1262008092689892,13.1.0@@130100,13.1.0@@130100,13.1.0@@130100,13.1.0@@130100,13.1.0@@130100,13.1.0@@130100,13.1.0@@130100
allenai/OLMo-7B (few-shot),3.41,6888095744.0,50280.0,2051,5402.86,ğŸ§ ,âœ“,âœ—,60.70 Â± 1.80 / 66.82 Â± 1.12@@60.69783177822939,38.23 Â± 3.10 / 36.38 Â± 2.60@@38.23287587216478,-0.19 Â± 2.28 / 38.77 Â± 3.32@@-0.19436242771996587,73.71 Â± 1.57 / 61.93 Â± 1.98@@73.7097186742914,51.32 Â± 0.91 / 11.96 Â± 0.57@@51.31614657700994,5.00 Â± 1.53 / 27.59 Â± 1.14@@4.9964454180774265,1.10 Â± 1.02 / 25.71 Â± 0.66@@1.0989246275104034,12.5.2@@120502,12.5.2@@120502,12.5.2@@120502,12.5.2@@120502,12.5.2@@120502,12.5.2@@120502,12.5.2@@120502
utter-project/EuroLLM-1.7B (few-shot),3.46,,128000.0,4096,2755.85,ğŸ§ ,âœ“,âœ—,53.89 Â± 3.66 / 59.35 Â± 1.02@@53.887481681685564,33.67 Â± 3.78 / 32.89 Â± 3.15@@33.66621353406608,1.53 Â± 2.19 / 43.11 Â± 4.50@@1.5307988575111275,67.38 Â± 1.20 / 55.55 Â± 1.41@@67.37922876428857,54.66 Â± 5.71 / 13.26 Â± 2.27@@54.6594307309715,0.19 Â± 1.18 / 23.21 Â± 0.65@@0.19417744247265661,0.12 Â± 0.85 / 25.16 Â± 0.61@@0.1190620577593144,14.1.2@@140102,14.2.0.dev0@@140200,14.2.0.dev0@@140200,14.3.0@@140300,14.2.0.dev0@@140200,14.2.0.dev0@@140200,14.2.0.dev0@@140200
BSC-LT/salamandra-2b (few-shot),3.47,2253490176.0,256000.0,8192,7146.49,ğŸ§ ,âœ“,âœ—,42.48 Â± 5.07 / 46.33 Â± 3.85@@42.48318723918353,40.16 Â± 2.97 / 39.39 Â± 3.07@@40.16366978753144,2.14 Â± 1.92 / 43.46 Â± 4.27@@2.142466000290567,66.18 Â± 1.81 / 55.04 Â± 1.75@@66.18268874256218,53.22 Â± 3.78 / 15.23 Â± 1.35@@53.2183212434029,0.30 Â± 1.12 / 23.40 Â± 0.80@@0.302739667076344,-0.38 Â± 1.43 / 24.89 Â± 0.92@@-0.38061117846989007,14.4.0@@140400,14.4.0@@140400,14.4.0@@140400,14.4.0@@140400,14.4.0@@140400,14.4.0@@140400,14.4.0@@140400
allenai/OLMo-7B-Twin-2T (few-shot),3.59,6888095744.0,50280.0,2051,5484.4,ğŸ§ ,âœ“,âœ—,56.91 Â± 2.41 / 66.15 Â± 1.54@@56.908353984412194,25.36 Â± 8.05 / 24.05 Â± 7.34@@25.364718570398825,7.10 Â± 2.89 / 49.36 Â± 4.03@@7.1023805478002755,70.37 Â± 4.71 / 58.60 Â± 5.37@@70.37494246642291,46.16 Â± 1.28 / 11.33 Â± 0.70@@46.15775391692296,0.71 Â± 0.85 / 24.97 Â± 0.62@@0.7078791983462588,0.82 Â± 1.01 / 25.62 Â± 0.74@@0.8186302661076922,12.5.2@@120502,12.5.2@@120502,12.5.2@@120502,12.5.2@@120502,12.5.2@@120502,12.5.2@@120502,12.5.2@@120502
PleIAs/Pleias-1.2b-Preview (few-shot),3.63,1195468800.0,65536.0,2048,10756.07,ğŸ§ ,âœ“,âœ—,47.89 Â± 3.76 / 56.99 Â± 2.11@@47.8939844228717,40.45 Â± 3.27 / 37.90 Â± 2.99@@40.45454748535167,0.28 Â± 1.01 / 44.40 Â± 3.07@@0.2775992598346737,53.01 Â± 2.47 / 42.22 Â± 2.16@@53.0144290268021,50.31 Â± 7.81 / 13.58 Â± 2.12@@50.31191933325317,1.03 Â± 0.82 / 26.95 Â± 0.56@@1.0252487602180924,-0.30 Â± 1.30 / 24.99 Â± 1.10@@-0.2993828840925152,14.1.2@@140102,14.0.4@@140004,14.1.2@@140102,14.3.0@@140300,14.0.4@@140004,14.0.4@@140004,14.0.4@@140004
infly/OpenCoder-1.5B-Instruct (few-shot),3.65,1905650880.0,96640.0,4096,7719.75,ğŸ“,âœ—,âœ—,19.57 Â± 4.60 / 34.55 Â± 5.37@@19.571051442040634,50.72 Â± 1.94 / 42.84 Â± 1.95@@50.72160650620212,2.52 Â± 1.89 / 40.62 Â± 4.91@@2.5172807471102443,45.84 Â± 1.33 / 29.61 Â± 1.61@@45.844256391093765,61.36 Â± 0.48 / 14.14 Â± 0.46@@61.35578625486232,2.37 Â± 0.72 / 24.66 Â± 0.69@@2.373743990350575,1.41 Â± 1.43 / 25.81 Â± 1.00@@1.4053090671171946,14.4.0@@140400,14.4.0@@140400,14.4.0@@140400,14.4.0@@140400,14.4.0@@140400,14.4.0@@140400,14.4.0@@140400
PleIAs/Pleias-3b-Preview (few-shot),3.69,3211926528.0,65536.0,4096,6513.19,ğŸ§ ,âœ“,âœ—,36.35 Â± 7.92 / 45.58 Â± 8.18@@36.34945602300244,27.37 Â± 4.57 / 26.50 Â± 4.52@@27.373181752994956,-0.37 Â± 1.89 / 44.67 Â± 2.86@@-0.37041641613721726,43.59 Â± 2.86 / 35.07 Â± 2.78@@43.59435573148612,60.89 Â± 0.87 / 17.36 Â± 0.62@@60.890797236788785,2.21 Â± 1.17 / 26.40 Â± 1.12@@2.208508336743516,-0.90 Â± 0.79 / 24.52 Â± 0.70@@-0.9014396468882685,14.1.2@@140102,14.0.4@@140004,14.1.2@@140102,14.3.0@@140300,14.0.4@@140004,14.0.4@@140004,14.0.4@@140004
allenai/OLMo-1B (few-shot),3.72,1176764416.0,50280.0,2051,8536.09,ğŸ§ ,âœ“,âœ—,60.05 Â± 3.94 / 56.18 Â± 1.90@@60.04671819689933,26.47 Â± 6.25 / 28.27 Â± 5.35@@26.4725153315839,0.72 Â± 1.90 / 42.84 Â± 3.50@@0.7217744360123941,55.59 Â± 2.44 / 43.87 Â± 2.49@@55.592801243414065,46.18 Â± 1.20 / 10.06 Â± 0.67@@46.17989755628514,-0.87 Â± 0.99 / 23.08 Â± 0.63@@-0.8745084985486623,0.20 Â± 1.12 / 24.94 Â± 0.86@@0.19623153424730733,12.1.0@@120100,12.5.2@@120502,12.1.0@@120100,12.1.0@@120100,12.1.0@@120100,12.1.0@@120100,12.1.0@@120100
RuterNorway/Llama-2-7b-chat-norwegian (few-shot),3.77,,32000.0,4096,10889.7,ğŸ“,âœ—,âœ—,21.95 Â± 6.30 / 33.38 Â± 4.79@@21.952912036649085,18.69 Â± 7.23 / 18.50 Â± 6.51@@18.686631281260212,0.01 Â± 1.91 / 39.40 Â± 3.94@@0.008971964057179725,50.66 Â± 1.90 / 36.51 Â± 2.07@@50.65806411561057,60.11 Â± 1.39 / 16.29 Â± 0.69@@60.114919241314055,3.71 Â± 0.75 / 28.35 Â± 0.99@@3.714546904195652,0.62 Â± 0.99 / 24.68 Â± 0.55@@0.6185274328705097,9.3.1@@90301,9.3.1@@90301,9.3.1@@90301,12.5.2@@120502,9.3.1@@90301,9.3.1@@90301,9.3.1@@90301
PleIAs/Pleias-Nano (few-shot),3.85,1195468800.0,65536.0,2048,2519.09,ğŸ§ ,âœ“,âœ—,45.04 Â± 5.19 / 50.60 Â± 4.14@@45.04197612061667,21.60 Â± 4.23 / 23.22 Â± 3.33@@21.59988086350722,-0.46 Â± 1.47 / 44.56 Â± 3.38@@-0.4631545071564046,51.64 Â± 2.30 / 39.37 Â± 2.21@@51.64120056815917,49.12 Â± 7.39 / 12.74 Â± 2.01@@49.12307020451408,2.37 Â± 0.75 / 27.67 Â± 0.77@@2.3665002039299154,-0.33 Â± 1.21 / 25.00 Â± 1.15@@-0.3324580045294152,14.1.2@@140102,14.0.4@@140004,14.1.2@@140102,14.3.0@@140300,14.0.4@@140004,14.0.4@@140004,14.0.4@@140004
HuggingFaceTB/SmolLM2-135M-Instruct (few-shot),4.03,134515008.0,49152.0,8192,25602.11,ğŸ“,âœ“,âœ—,18.64 Â± 8.52 / 28.83 Â± 5.86@@18.643885065144538,29.96 Â± 3.19 / 28.98 Â± 3.29@@29.959308229522758,1.85 Â± 1.20 / 44.03 Â± 3.98@@1.8457773888528837,36.91 Â± 1.53 / 26.90 Â± 1.56@@36.90561064276248,52.96 Â± 1.38 / 14.23 Â± 0.78@@52.9563253341621,1.34 Â± 0.74 / 25.67 Â± 1.03@@1.339625702314608,0.10 Â± 1.29 / 24.71 Â± 0.69@@0.10085812153164092,13.1.0@@130100,13.1.0@@130100,13.1.0@@130100,13.1.0@@130100,13.1.0@@130100,13.1.0@@130100,13.1.0@@130100
HuggingFaceTB/SmolLM2-135M (few-shot),4.04,134515008.0,49152.0,8192,26346.08,ğŸ§ ,âœ“,âœ—,26.69 Â± 10.82 / 34.46 Â± 8.00@@26.68715852043736,31.26 Â± 3.84 / 30.44 Â± 3.28@@31.26484114686981,1.78 Â± 1.67 / 43.50 Â± 3.99@@1.7808583250166605,22.49 Â± 2.14 / 13.88 Â± 1.36@@22.49092408283365,52.05 Â± 1.59 / 12.74 Â± 1.04@@52.047209561933414,1.51 Â± 0.81 / 25.05 Â± 0.75@@1.5114877246560872,-0.76 Â± 0.97 / 24.52 Â± 0.59@@-0.7601359445734988,13.1.0@@130100,13.1.0@@130100,13.1.0@@130100,13.1.0@@130100,13.1.0@@130100,13.1.0@@130100,13.1.0@@130100
infly/OpenCoder-1.5B-Base (few-shot),4.07,1905650960.0,96640.0,4096,7718.23,ğŸ§ ,âœ“,âœ—,5.48 Â± 4.17 / 19.18 Â± 5.58@@5.4765848647802855,45.38 Â± 5.71 / 38.89 Â± 4.70@@45.38098280664492,2.35 Â± 2.49 / 40.02 Â± 3.71@@2.3477648405117084,18.91 Â± 0.99 / 0.14 Â± 0.12@@18.91210458035981,54.33 Â± 1.19 / 9.86 Â± 0.71@@54.3280002866959,0.73 Â± 0.89 / 25.08 Â± 1.19@@0.729547175257079,0.13 Â± 1.02 / 25.08 Â± 0.61@@0.12824544247302966,14.4.0@@140400,14.4.0@@140400,14.4.0@@140400,15.0.0@@150000,15.0.0@@150000,15.0.0@@150000,15.0.0@@150000
PleIAs/Pleias-Pico (few-shot),4.19,353424384.0,65536.0,2048,2330.93,ğŸ§ ,âœ“,âœ—,27.39 Â± 8.29 / 39.38 Â± 6.65@@27.392836433664534,27.45 Â± 4.13 / 27.11 Â± 3.47@@27.453507830823774,0.31 Â± 1.47 / 39.37 Â± 3.75@@0.30981730892333814,29.50 Â± 1.92 / 17.27 Â± 2.84@@29.504144895900577,43.83 Â± 6.89 / 8.96 Â± 1.14@@43.82908372208476,0.65 Â± 0.70 / 24.30 Â± 0.79@@0.6516307264923806,-0.44 Â± 1.22 / 24.71 Â± 0.98@@-0.4428572069487098,14.1.2@@140102,14.0.4@@140004,14.1.2@@140102,14.3.0@@140300,14.0.4@@140004,14.0.4@@140004,14.0.4@@140004
PleIAs/Pleias-350m-Preview (few-shot),4.22,353424384.0,65536.0,2048,10241.69,ğŸ§ ,âœ“,âœ—,19.13 Â± 9.92 / 33.51 Â± 6.97@@19.12745083834273,31.79 Â± 3.88 / 31.32 Â± 2.81@@31.785272893556275,-0.03 Â± 1.07 / 36.37 Â± 2.34@@-0.03292171084457006,30.94 Â± 2.41 / 21.20 Â± 2.58@@30.942815109141314,46.13 Â± 6.88 / 11.20 Â± 1.59@@46.12879432941554,-1.20 Â± 0.68 / 23.43 Â± 0.94@@-1.2042816525016764,0.47 Â± 1.47 / 25.42 Â± 1.15@@0.47362026716412636,14.1.2@@140102,14.0.4@@140004,14.1.2@@140102,14.3.0@@140300,14.0.4@@140004,14.0.4@@140004,14.0.4@@140004
RJuro/kanelsnegl-v0.1 (few-shot),4.47,7241732096.0,32000.0,512,5847.39,ğŸ“,âœ“,âœ—,0.00 Â± 0.00 / 19.61 Â± 0.22@@0.0,0.00 Â± 0.00 / 0.00 Â± 0.00@@0.0,0.41 Â± 0.55 / 33.46 Â± 0.37@@0.40978561733793245,3.68 Â± 0.43 / 0.00 Â± 0.00@@3.6750260786002906,61.26 Â± 0.09 / 6.73 Â± 0.06@@61.258706530788906,0.00 Â± 0.00 / 22.69 Â± 0.63@@0.0,0.36 Â± 0.47 / 24.60 Â± 0.43@@0.35930660456486563,9.3.1@@90301,9.3.1@@90301,9.3.1@@90301,12.5.1@@120501,9.3.1@@90301,9.3.1@@90301,9.3.1@@90301
NorwAI/NorwAI-Mistral-7B-pretrain (few-shot),4.61,7536586752.0,67993.0,4096,3023.95,ğŸ§ ,âœ“,âœ—,-1.48 Â± 3.09 / 21.17 Â± 2.22@@-1.479423710706233,12.34 Â± 2.70 / 12.41 Â± 2.54@@12.335255785504293,-0.48 Â± 1.52 / 42.45 Â± 3.99@@-0.4805769917754785,6.31 Â± 0.51 / 0.72 Â± 0.25@@6.314475006140961,49.61 Â± 1.17 / 9.59 Â± 0.65@@49.609434161829995,-0.12 Â± 0.65 / 22.69 Â± 0.62@@-0.11876304175391973,-0.01 Â± 0.01 / 24.59 Â± 0.43@@-0.00595622086585782,12.10.4@@121004,12.10.4@@121004,12.10.4@@121004,12.10.4@@121004,12.10.4@@121004,12.10.4@@121004,12.10.4@@121004
ssmits/Falcon2-5.5B-multilingual (few-shot),4.77,5465415680.0,65024.0,8192,7691.9,ğŸ§ ,âœ“,âœ“,0.00 Â± 0.00 / 19.61 Â± 0.22@@0.0,0.00 Â± 0.00 / 0.00 Â± 0.00@@0.0,2.48 Â± 1.94 / 34.52 Â± 0.85@@2.483868271637334,0.03 Â± 0.02 / 0.01 Â± 0.02@@0.032278580382779726,44.80 Â± 0.36 / 0.32 Â± 0.04@@44.80420628373395,-0.69 Â± 0.77 / 22.76 Â± 0.40@@-0.6912676906864953,0.37 Â± 0.95 / 24.71 Â± 0.44@@0.36556308735145954,13.0.0@@130000,13.0.0@@130000,13.0.0@@130000,13.0.0@@130000,13.0.0@@130000,13.0.0@@130000,13.0.0@@130000
ai-forever/mGPT (few-shot),4.86,,100000.0,1024,11734.33,ğŸ§ ,âœ“,âœ—,3.71 Â± 3.16 / 22.09 Â± 2.08@@3.7093229939406878,1.55 Â± 1.98 / 1.45 Â± 1.82@@1.554218337689779,-0.42 Â± 1.56 / 40.58 Â± 3.74@@-0.42237844882994124,11.12 Â± 4.66 / 5.58 Â± 3.10@@11.124551636632756,34.62 Â± 0.17 / 2.18 Â± 0.04@@34.61765899861348,0.37 Â± 0.93 / 24.18 Â± 0.90@@0.3671486659549114,-0.17 Â± 0.50 / 24.82 Â± 0.41@@-0.16976797763390652,10.0.1@@100001,9.3.1@@90301,11.0.0@@110000,12.5.1@@120501,12.0.0@@120000,11.0.0@@110000,11.0.0@@110000
alea-institute/kl3m-003-3.7b (few-shot),4.92,3691382784.0,32768.0,4096,1561.54,ğŸ§ ,âœ“,âœ—,0.00 Â± 0.00 / 19.65 Â± 0.22@@0.0,0.00 Â± 0.00 / 0.00 Â± 0.00@@0.0,1.13 Â± 0.87 / 38.79 Â± 4.58@@1.1268377098443858,8.48 Â± 1.03 / 1.34 Â± 0.40@@8.484977786826994,36.25 Â± 6.40 / 8.10 Â± 1.50@@36.249693515273975,0.87 Â± 0.45 / 26.11 Â± 1.14@@0.8666712893430042,0.53 Â± 0.78 / 24.68 Â± 0.49@@0.5335361695429455,14.4.0@@140400,14.4.0@@140400,14.4.0@@140400,14.4.0@@140400,14.4.0@@140400,14.4.0@@140400,14.4.0@@140400
