generative_type,model,rank,parameters,vocabulary_size,context,commercial,merge,sst5,conll_en,scala_en,squad,sst5_version,conll_en_version,scala_en_version,squad_version
ğŸ”,<a href='https://huggingface.co/microsoft/deberta-v3-large'>microsoft/deberta-v3-large</a>,1.15@@1.15,435064835.0,128100.0,512.0,âœ“,âœ—,64.04 Â± 1.59 / 67.00 Â± 1.56@@64.036103292181,91.88 Â± 0.70 / 91.67 Â± 0.56@@91.88248524293834,75.10 Â± 1.18 / 87.34 Â± 0.67@@75.10262736820822,85.54 Â± 0.79 / 74.47 Â± 1.03@@85.54397852352392,<9.2.0@@0,<9.2.0@@0,<9.2.0@@0,<9.2.0@@0
ğŸ”,<a href='https://huggingface.co/microsoft/deberta-v3-base'>microsoft/deberta-v3-base</a>,1.32@@1.32,184424451.0,128100.0,512.0,âœ“,âœ—,61.66 Â± 0.85 / 60.80 Â± 2.63@@61.6550909470192,91.57 Â± 0.52 / 91.20 Â± 0.41@@91.56673471906845,68.74 Â± 1.72 / 83.85 Â± 1.05@@68.74146312939077,80.29 Â± 0.36 / 68.69 Â± 0.56@@80.29340323282597,<9.2.0@@0,<9.2.0@@0,<9.2.0@@0,<9.2.0@@0
ğŸ§ ,<a href='https://huggingface.co/meta-llama/Meta-Llama-3-70B'>meta-llama/Meta-Llama-3-70B (few-shot)</a>,1.41@@1.41,70553706496.0,128256.0,8192.0,âœ“,âœ—,69.13 Â± 0.76 / 68.29 Â± 0.97@@69.12996954809951,82.88 Â± 1.45 / 80.30 Â± 1.26@@82.87692434282577,54.25 Â± 2.67 / 76.03 Â± 1.77@@54.2512783086188,88.09 Â± 1.11 / 77.58 Â± 1.77@@88.08623931407149,14.3.0@@140300,14.3.0@@140300,14.3.0@@140300,14.3.0@@140300
ğŸ”,<a href='https://huggingface.co/google/electra-base-discriminator'>google/electra-base-discriminator</a>,1.43@@1.43,109484547.0,30522.0,512.0,âœ“,âœ—,63.55 Â± 1.20 / 60.22 Â± 2.49@@63.54603516880783,89.83 Â± 0.47 / 88.64 Â± 0.50@@89.83415612601094,67.87 Â± 1.58 / 83.57 Â± 0.86@@67.87077104740591,69.68 Â± 1.34 / 58.27 Â± 1.71@@69.68109439452033,<9.2.0@@0,<9.2.0@@0,<9.2.0@@0,<9.2.0@@0
ğŸ“,"<a href='https://platform.openai.com/docs/models/gpt-4'>gpt-4-0613 (few-shot, val)</a>",1.43@@1.43,,100256.0,8191.0,âœ“,âœ—,69.06 Â± 2.20 / 76.04 Â± 1.60@@69.06178894605952,78.06 Â± 2.73 / 70.76 Â± 3.80@@78.05655761785508,55.76 Â± 3.84 / 76.34 Â± 1.44@@55.757234355927764,85.76 Â± 0.77 / 67.35 Â± 1.98@@85.76281644265235,12.1.0@@120100,12.2.0@@120200,12.2.0@@120200,12.2.0@@120200
ğŸ“,<a href='https://huggingface.co/meta-llama/Llama-3.1-405B-Instruct-FP8'>meta-llama/Llama-3.1-405B-Instruct-FP8 (few-shot)</a>,1.45@@1.45,405868625920.0,128256.0,131072.0,âœ“,âœ—,70.60 Â± 1.14 / 73.47 Â± 1.06@@70.59800753301509,82.86 Â± 0.87 / 81.12 Â± 1.04@@82.8618773570778,53.80 Â± 1.81 / 76.34 Â± 1.02@@53.80352521068256,82.32 Â± 0.61 / 62.69 Â± 1.45@@82.31511730491586,14.0.4@@140004,14.0.4@@140004,14.0.4@@140004,14.0.4@@140004
ğŸ“,<a href='https://huggingface.co/Qwen/QwQ-32B-Preview'>Qwen/QwQ-32B-Preview (few-shot)</a>,1.47@@1.47,32763876352.0,152064.0,32768.0,âœ“,âœ—,68.94 Â± 0.65 / 68.76 Â± 1.24@@68.94332143212416,76.84 Â± 1.07 / 71.81 Â± 0.77@@76.83641078117944,57.74 Â± 2.22 / 78.11 Â± 1.52@@57.743094954491234,86.06 Â± 0.60 / 71.22 Â± 1.19@@86.0628218790193,14.0.4@@140004,14.0.4@@140004,14.0.4@@140004,14.0.4@@140004
ğŸ”,<a href='https://huggingface.co/intfloat/multilingual-e5-large-instruct'>intfloat/multilingual-e5-large-instruct</a>,1.48@@1.48,559890432.0,250002.0,514.0,âœ“,âœ—,66.42 Â± 1.01 / 64.56 Â± 1.33@@66.41530792285077,91.43 Â± 0.52 / 91.15 Â± 0.44@@91.42925182496784,53.05 Â± 12.06 / 75.49 Â± 6.21@@53.04587285677833,74.85 Â± 1.26 / 61.34 Â± 1.79@@74.85019451292311,13.0.0@@130000,13.0.0@@130000,13.0.0@@130000,13.0.0@@130000
ğŸ“,<a href='https://huggingface.co/meta-llama/Llama-3.1-70B-Instruct'>meta-llama/Llama-3.1-70B-Instruct (few-shot)</a>,1.49@@1.49,70553706496.0,128256.0,131072.0,âœ“,âœ—,69.96 Â± 0.89 / 72.99 Â± 0.72@@69.95513443275901,83.16 Â± 0.92 / 78.18 Â± 0.71@@83.1559479423403,50.83 Â± 1.22 / 74.22 Â± 0.70@@50.825387581009394,81.99 Â± 0.50 / 60.82 Â± 1.25@@81.98639738405443,14.0.3@@140003,14.0.3@@140003,14.0.3@@140003,14.0.3@@140003
ğŸ“,"<a href='https://platform.openai.com/docs/models/gpt-4-turbo'>gpt-4-1106-preview (few-shot, val)</a>",1.51@@1.51,,100256.0,128000.0,âœ“,âœ—,67.55 Â± 2.34 / 74.04 Â± 1.80@@67.55005450982536,81.79 Â± 1.39 / 65.51 Â± 4.16@@81.79183112469968,51.21 Â± 4.96 / 75.11 Â± 2.42@@51.208873742675465,84.48 Â± 0.76 / 66.60 Â± 1.45@@84.48316376481247,12.10.2@@121002,12.10.0@@121000,12.10.2@@121002,12.10.0@@121000
ğŸ”,<a href='https://huggingface.co/FacebookAI/roberta-large'>FacebookAI/roberta-large</a>,1.52@@1.52,355362819.0,50265.0,512.0,âœ“,âœ—,62.92 Â± 1.84 / 62.60 Â± 3.18@@62.92296282373785,91.53 Â± 0.85 / 91.21 Â± 0.76@@91.5261832430344,48.77 Â± 15.71 / 71.46 Â± 10.95@@48.76890867442329,81.98 Â± 0.65 / 71.23 Â± 0.84@@81.97800533361598,<9.2.0@@0,<9.2.0@@0,<9.2.0@@0,<9.2.0@@0
ğŸ“,<a href='https://huggingface.co/Qwen/Qwen2.5-72B-Instruct'>Qwen/Qwen2.5-72B-Instruct (few-shot)</a>,1.53@@1.53,72706203648.0,152064.0,32768.0,âœ“,âœ—,68.66 Â± 1.08 / 74.39 Â± 0.68@@68.65841915415533,75.84 Â± 1.19 / 69.70 Â± 0.91@@75.83726244548234,56.46 Â± 2.43 / 76.75 Â± 1.60@@56.46363588854779,81.86 Â± 0.68 / 58.39 Â± 1.84@@81.85542571423227,14.0.4@@140004,14.0.4@@140004,14.0.4@@140004,14.0.4@@140004
ğŸ”,<a href='https://huggingface.co/intfloat/multilingual-e5-large'>intfloat/multilingual-e5-large</a>,1.54@@1.54,559890946.0,250002.0,512.0,âœ“,âœ—,64.37 Â± 1.28 / 65.16 Â± 2.10@@64.36565158800236,91.69 Â± 0.67 / 91.29 Â± 0.54@@91.69459655386747,53.58 Â± 10.20 / 74.70 Â± 7.53@@53.58357589175811,73.00 Â± 1.37 / 60.47 Â± 1.61@@73.00328941867453,12.6.1@@120601,12.6.1@@120601,12.6.1@@120601,12.6.1@@120601
ğŸ“,<a href='https://huggingface.co/meta-llama/Meta-Llama-3-70B-instruct'>meta-llama/Meta-Llama-3-70B-instruct (few-shot)</a>,1.54@@1.54,70553706496.0,128256.0,8192.0,âœ“,âœ—,69.73 Â± 1.07 / 72.22 Â± 0.67@@69.72575394057311,80.76 Â± 0.92 / 75.73 Â± 0.43@@80.7640473462989,51.54 Â± 1.94 / 74.39 Â± 1.17@@51.53588310748708,80.76 Â± 0.62 / 58.29 Â± 1.37@@80.76194699654113,14.3.0@@140300,14.3.0@@140300,14.3.0@@140300,14.3.0@@140300
ğŸ“,<a href='https://huggingface.co/meta-llama/Llama-3.3-70B-Instruct'>meta-llama/Llama-3.3-70B-Instruct (few-shot)</a>,1.56@@1.56,70553706496.0,128256.0,131072.0,âœ“,âœ—,71.07 Â± 0.91 / 72.62 Â± 0.74@@71.07058985143804,82.35 Â± 0.76 / 76.42 Â± 0.70@@82.3475270520106,51.27 Â± 1.18 / 74.25 Â± 0.77@@51.274737999523346,76.00 Â± 0.67 / 50.23 Â± 1.33@@76.00035129133116,14.0.3@@140003,14.0.3@@140003,14.0.3@@140003,14.0.3@@140003
ğŸ”,<a href='https://huggingface.co/FacebookAI/roberta-base'>FacebookAI/roberta-base</a>,1.56@@1.56,124647939.0,50265.0,512.0,âœ“,âœ—,59.54 Â± 1.98 / 59.76 Â± 3.06@@59.54413828529817,91.00 Â± 0.40 / 90.70 Â± 0.31@@90.99748816166905,57.29 Â± 2.88 / 77.93 Â± 1.57@@57.2907642146914,73.75 Â± 0.74 / 62.75 Â± 0.77@@73.74949341209302,<9.2.0@@0,<9.2.0@@0,<9.2.0@@0,<9.2.0@@0
ğŸ“,<a href='https://huggingface.co/ThatsGroes/gemma-2-27b-it-FP8-Dynamic'>ThatsGroes/gemma-2-27b-it-FP8-Dynamic (few-shot)</a>,1.59@@1.59,28410968576.0,256000.0,4096.0,âœ“,âœ—,68.92 Â± 1.04 / 72.90 Â± 0.74@@68.91598980483147,81.06 Â± 0.87 / 75.22 Â± 1.31@@81.05862649315598,49.06 Â± 1.46 / 72.52 Â± 0.82@@49.06202271693083,81.48 Â± 0.86 / 61.27 Â± 1.63@@81.48105671530013,14.0.4@@140004,14.0.4@@140004,14.0.4@@140004,14.0.4@@140004
ğŸ“,"<a href='https://docs.anthropic.com/en/docs/about-claude/models/all-models'>claude-3-5-sonnet-20241022 (zero-shot, val)</a>",1.60@@1.60,,,200000.0,âœ“,âœ—,67.01 Â± 2.34 / 71.49 Â± 1.89@@67.00665282829705,82.11 Â± 1.42 / 79.77 Â± 1.03@@82.111741302176,51.09 Â± 5.20 / 74.48 Â± 2.70@@51.08732211737552,77.79 Â± 1.01 / 52.41 Â± 1.56@@77.78642640190854,14.0.3@@140003,14.0.3@@140003,14.0.3@@140003,14.0.3@@140003
ğŸ¤”,"<a href='https://platform.openai.com/docs/models/o3-mini'>o3-mini-2025-01-31 (few-shot, val)</a>",1.60@@1.60,,,200000.0,âœ“,âœ—,68.54 Â± 2.37 / 72.74 Â± 1.83@@68.53680692044085,84.79 Â± 1.46 / 78.06 Â± 1.69@@84.78799698550985,46.56 Â± 5.58 / 71.55 Â± 2.95@@46.56150098903418,78.61 Â± 0.93 / 57.65 Â± 1.05@@78.61312509084816,15.0.0.dev0@@150000,15.0.0.dev0@@150000,15.0.0.dev0@@150000,15.0.0.dev0@@150000
ğŸ“,"<a href='https://platform.openai.com/docs/models/gpt-4o-mini'>gpt-4o-mini-2024-07-18 (few-shot, val)</a>",1.61@@1.61,,200019.0,8191.0,âœ“,âœ—,66.75 Â± 2.50 / 73.93 Â± 1.51@@66.75380011817357,77.38 Â± 1.61 / 66.97 Â± 2.42@@77.37874870084714,52.43 Â± 3.69 / 74.46 Â± 2.17@@52.42545924547228,84.07 Â± 0.95 / 63.27 Â± 1.61@@84.067196985125,14.0.0@@140000,14.0.0@@140000,14.0.0@@140000,15.1.0.dev0@@150100
ğŸ”,<a href='https://huggingface.co/google-bert/bert-large-cased'>google-bert/bert-large-cased</a>,1.61@@1.61,333582339.0,28996.0,512.0,âœ“,âœ—,58.19 Â± 1.32 / 58.14 Â± 1.69@@58.19023738464505,89.84 Â± 0.48 / 89.25 Â± 0.46@@89.84093579230127,63.62 Â± 1.90 / 80.92 Â± 1.03@@63.62153836604046,67.33 Â± 0.89 / 55.17 Â± 0.92@@67.32670095143968,<9.2.0@@0,<9.2.0@@0,<9.2.0@@0,<9.2.0@@0
ğŸ“,"<a href='https://platform.openai.com/docs/models/gpt-4o'>gpt-4o-2024-05-13 (few-shot, val)</a>",1.62@@1.62,,200019.0,128000.0,âœ“,âœ—,62.74 Â± 2.04 / 71.28 Â± 1.46@@62.74260000318543,83.48 Â± 1.52 / 75.51 Â± 2.26@@83.4824692069373,46.56 Â± 3.35 / 71.13 Â± 1.97@@46.55809858778694,84.78 Â± 0.68 / 65.41 Â± 1.96@@84.77552030987339,12.10.2@@121002,12.10.0@@121000,12.10.2@@121002,12.10.0@@121000
ğŸ”,<a href='https://huggingface.co/google/rembert'>google/rembert</a>,1.63@@1.63,575923843.0,250300.0,512.0,âœ“,âœ—,51.74 Â± 10.59 / 58.97 Â± 6.34@@51.736521701089465,90.17 Â± 0.50 / 89.85 Â± 0.49@@90.17248890066583,55.55 Â± 1.66 / 77.55 Â± 0.89@@55.55328685576596,81.57 Â± 1.05 / 69.02 Â± 1.23@@81.56982958235967,12.6.1@@120601,12.6.1@@120601,12.6.1@@120601,12.6.1@@120601
ğŸ”,<a href='https://huggingface.co/AI-Sweden-Models/roberta-large-1160k'>AI-Sweden-Models/roberta-large-1160k</a>,1.64@@1.64,355362819.0,50265.0,512.0,âœ“,âœ—,53.90 Â± 1.96 / 54.63 Â± 2.32@@53.902077789698,89.53 Â± 0.40 / 89.37 Â± 0.30@@89.52763986477382,55.31 Â± 2.36 / 76.38 Â± 1.93@@55.30989203244877,80.82 Â± 0.97 / 69.89 Â± 0.99@@80.82214655346222,10.0.1@@100001,10.0.1@@100001,10.0.1@@100001,10.0.1@@100001
ğŸ“,"<a href='https://ollama.com/library/gemma3:27b'>ollama_chat/gemma3:27b (few-shot, val)</a>",1.65@@1.65,,,,âœ“,âœ—,67.60 Â± 2.28 / 73.28 Â± 1.91@@67.60372562683077,80.92 Â± 1.32 / 78.80 Â± 1.81@@80.9168953812127,45.72 Â± 5.64 / 72.21 Â± 2.88@@45.72476962210993,80.29 Â± 1.49 / 60.44 Â± 1.87@@80.29153212788773,15.3.0.dev0@@150300,15.3.0.dev0@@150300,15.3.0.dev0@@150300,15.3.0.dev0@@150300
ğŸ“,<a href='https://huggingface.co/nvidia/Llama-3.1-Nemotron-70B-Instruct-HF'>nvidia/Llama-3.1-Nemotron-70B-Instruct-HF (few-shot)</a>,1.67@@1.67,70553706496.0,128256.0,131072.0,âœ“,âœ—,68.56 Â± 1.01 / 74.22 Â± 0.73@@68.56164870775,73.66 Â± 1.39 / 60.87 Â± 1.81@@73.65882931596032,51.33 Â± 1.21 / 74.14 Â± 0.75@@51.32708269913495,79.71 Â± 0.44 / 56.87 Â± 1.12@@79.70699354713149,14.0.4@@140004,14.0.4@@140004,14.0.4@@140004,14.0.4@@140004
ğŸ“,<a href='https://huggingface.co/CohereForAI/c4ai-command-r-08-2024'>CohereForAI/c4ai-command-r-08-2024 (few-shot)</a>,1.67@@1.67,32296476672.0,256000.0,131072.0,âœ—,âœ—,67.62 Â± 0.95 / 70.27 Â± 1.06@@67.6168668569845,78.35 Â± 1.42 / 68.56 Â± 1.40@@78.35492998868895,46.50 Â± 1.03 / 71.67 Â± 0.79@@46.503724033860664,80.12 Â± 0.66 / 63.20 Â± 1.15@@80.12072468352571,14.0.4@@140004,14.0.4@@140004,14.0.4@@140004,14.0.4@@140004
ğŸ“,<a href='https://huggingface.co/mistralai/Mistral-Small-24B-Instruct-2501'>mistralai/Mistral-Small-24B-Instruct-2501 (few-shot)</a>,1.67@@1.67,23572403200.0,131072.0,32768.0,âœ“,âœ—,67.88 Â± 0.86 / 72.29 Â± 0.70@@67.87885554869975,77.61 Â± 1.06 / 73.11 Â± 1.11@@77.61000116401361,44.61 Â± 1.43 / 66.48 Â± 1.35@@44.60994780883443,85.89 Â± 0.59 / 70.36 Â± 1.45@@85.89462899934973,15.0.0@@150000,15.0.0@@150000,15.0.0@@150000,15.0.0@@150000
ğŸ“,<a href='https://huggingface.co/VAGOsolutions/SauerkrautLM-7b-LaserChat'>VAGOsolutions/SauerkrautLM-7b-LaserChat (few-shot)</a>,1.67@@1.67,7241748480.0,32002.0,4096.0,âœ—,âœ—,69.64 Â± 0.81 / 74.44 Â± 0.54@@69.63600485890119,72.31 Â± 0.95 / 58.34 Â± 1.84@@72.3101141293861,46.08 Â± 1.45 / 71.39 Â± 0.74@@46.07821400644586,86.80 Â± 0.57 / 72.23 Â± 1.24@@86.80039823936268,14.0.4@@140004,14.0.4@@140004,14.0.4@@140004,14.0.4@@140004
ğŸ¤”,"<a href='https://platform.openai.com/docs/models/o3-mini'>o3-mini-2025-01-31 (zero-shot, val)</a>",1.68@@1.68,,,200000.0,âœ“,âœ—,68.32 Â± 1.60 / 73.44 Â± 1.11@@68.32219799249813,81.30 Â± 1.45 / 67.39 Â± 2.17@@81.30157856068813,46.90 Â± 4.63 / 72.91 Â± 2.39@@46.902799579303185,76.74 Â± 0.89 / 57.64 Â± 1.58@@76.74019986634363,15.0.0.dev0@@150000,15.0.0.dev0@@150000,15.0.0.dev0@@150000,15.0.0.dev0@@150000
ğŸ“,"<a href='https://ollama.com/library/phi4'>ollama_chat/phi4 (few-shot, val)</a>",1.68@@1.68,,,,âœ“,âœ—,68.02 Â± 2.62 / 75.16 Â± 1.57@@68.02344076320276,73.94 Â± 1.51 / 69.36 Â± 1.87@@73.9428637887155,47.85 Â± 5.56 / 72.92 Â± 3.15@@47.85378144816945,81.94 Â± 1.12 / 60.80 Â± 2.18@@81.93520863494825,15.3.0.dev0@@150300,15.3.0.dev0@@150300,15.3.0.dev0@@150300,15.3.0.dev0@@150300
ğŸ“,<a href='https://huggingface.co/google/gemma-2-9b-it'>google/gemma-2-9b-it (few-shot)</a>,1.69@@1.69,9241705984.0,256000.0,4096.0,âœ“,âœ—,67.55 Â± 0.69 / 69.91 Â± 0.95@@67.55429763205926,77.37 Â± 0.75 / 67.77 Â± 0.96@@77.36787024106799,47.44 Â± 1.47 / 70.79 Â± 1.21@@47.44006866144295,80.95 Â± 0.63 / 60.35 Â± 1.06@@80.94919818484257,14.4.0@@140400,14.4.0@@140400,14.4.0@@140400,14.4.0@@140400
ğŸ“,"<a href='https://platform.openai.com/docs/models/gpt-4o'>gpt-4o-2024-05-13 (zero-shot, val)</a>",1.69@@1.69,,200019.0,8191.0,âœ“,âœ—,63.46 Â± 1.00 / 69.35 Â± 1.28@@63.45718851243698,81.23 Â± 1.31 / 72.72 Â± 1.69@@81.22618244708747,46.45 Â± 4.58 / 72.89 Â± 2.30@@46.45475359459428,81.53 Â± 0.66 / 57.64 Â± 1.26@@81.52521414461937,14.0.3@@140003,14.0.3@@140003,14.0.3@@140003,14.0.3@@140003
ğŸ“,<a href='https://huggingface.co/tiiuae/Falcon3-10B-Instruct'>tiiuae/Falcon3-10B-Instruct (few-shot)</a>,1.71@@1.71,10305653760.0,131072.0,32768.0,âœ“,âœ—,69.45 Â± 1.23 / 72.39 Â± 1.09@@69.45136536988039,70.63 Â± 0.98 / 67.04 Â± 1.05@@70.6309601766646,44.16 Â± 2.08 / 71.77 Â± 0.95@@44.15788166499001,87.09 Â± 0.74 / 73.23 Â± 1.53@@87.09251062662625,15.1.0@@150100,15.1.0@@150100,15.1.0@@150100,15.1.0@@150100
ğŸ“,<a href='https://huggingface.co/google/gemma-2-27b-it'>google/gemma-2-27b-it (few-shot)</a>,1.72@@1.72,27227128320.0,256000.0,8193.0,âœ“,âœ—,68.68 Â± 0.87 / 73.25 Â± 0.48@@68.68101095262755,62.40 Â± 1.15 / 59.91 Â± 1.66@@62.40156048313843,54.17 Â± 2.59 / 76.02 Â± 1.67@@54.17288282085197,84.76 Â± 0.92 / 66.96 Â± 1.51@@84.76443447326383,13.0.0@@130000,13.0.0@@130000,13.0.0@@130000,13.0.0@@130000
ğŸ”,<a href='https://huggingface.co/google-bert/bert-large-uncased'>google-bert/bert-large-uncased</a>,1.73@@1.73,335144963.0,30522.0,512.0,âœ“,âœ—,57.94 Â± 1.17 / 58.50 Â± 2.31@@57.93666924014743,88.80 Â± 0.53 / 87.48 Â± 0.71@@88.80462652769893,59.27 Â± 2.55 / 79.17 Â± 1.35@@59.2721036363961,63.79 Â± 1.19 / 52.38 Â± 0.93@@63.790550970029315,<9.2.0@@0,<9.2.0@@0,<9.2.0@@0,<9.2.0@@0
ğŸ“,<a href='https://huggingface.co/allenai/Llama-3.1-Tulu-3-8B-DPO'>allenai/Llama-3.1-Tulu-3-8B-DPO (few-shot)</a>,1.73@@1.73,8030326784.0,128264.0,131072.0,âœ“,âœ—,69.42 Â± 0.77 / 71.81 Â± 0.55@@69.41651252764188,69.74 Â± 1.50 / 65.24 Â± 1.30@@69.74344766844337,46.07 Â± 1.76 / 72.20 Â± 1.01@@46.06536906270044,83.44 Â± 0.95 / 69.28 Â± 1.42@@83.444886198564,15.1.0@@150100,15.1.0@@150100,15.1.0@@150100,15.1.0@@150100
ğŸ“,"<a href='https://ollama.com/library/gemma3:12b'>ollama_chat/gemma3:12b (few-shot, val)</a>",1.74@@1.74,,,,âœ“,âœ—,67.75 Â± 1.58 / 74.87 Â± 1.38@@67.75154004530893,79.67 Â± 1.46 / 71.53 Â± 2.01@@79.66778001305693,41.78 Â± 4.06 / 69.79 Â± 2.17@@41.77618582395451,79.86 Â± 0.96 / 59.34 Â± 1.49@@79.86179119802355,15.2.0.dev0@@150200,15.2.0.dev0@@150200,15.3.0.dev0@@150300,15.3.0.dev0@@150300
ğŸ§ ,<a href='https://huggingface.co/upstage/SOLAR-10.7B-v1.0'>upstage/SOLAR-10.7B-v1.0 (few-shot)</a>,1.74@@1.74,10731524096.0,32000.0,4096.0,âœ“,âœ—,69.91 Â± 0.49 / 60.08 Â± 0.34@@69.90768955237925,69.51 Â± 1.54 / 63.18 Â± 1.23@@69.51374773105651,41.87 Â± 1.86 / 70.39 Â± 0.89@@41.8679679983829,89.20 Â± 0.38 / 76.76 Â± 0.81@@89.19610909789125,15.0.0@@150000,15.0.0@@150000,15.0.0@@150000,15.0.0@@150000
ğŸ“,<a href='https://huggingface.co/allenai/Llama-3.1-Tulu-3-8B'>allenai/Llama-3.1-Tulu-3-8B (few-shot)</a>,1.74@@1.74,8030326784.0,128264.0,131072.0,âœ“,âœ—,69.25 Â± 0.70 / 71.43 Â± 0.77@@69.24682400314637,69.02 Â± 1.33 / 63.87 Â± 1.14@@69.02236644264232,45.77 Â± 2.05 / 72.01 Â± 1.13@@45.77464907193349,82.00 Â± 1.64 / 68.62 Â± 2.36@@82.00235512706169,15.1.0@@150100,15.1.0@@150100,15.1.0@@150100,15.1.0@@150100
ğŸ“,<a href='https://huggingface.co/mistralai/Mistral-Nemo-Instruct-2407'>mistralai/Mistral-Nemo-Instruct-2407 (few-shot)</a>,1.74@@1.74,12247782400.0,131072.0,1024001.0,âœ“,âœ—,63.05 Â± 1.41 / 70.34 Â± 0.52@@63.05045642892807,75.24 Â± 0.84 / 67.78 Â± 2.01@@75.24186541576582,44.75 Â± 2.73 / 71.43 Â± 1.71@@44.75241526858641,83.88 Â± 1.27 / 67.70 Â± 1.57@@83.87567916015523,13.0.0@@130000,13.0.0@@130000,13.0.0@@130000,13.0.0@@130000
ğŸ“,<a href='https://huggingface.co/Nexusflow/Starling-LM-7B-beta'>Nexusflow/Starling-LM-7B-beta (few-shot)</a>,1.74@@1.74,7241748480.0,32002.0,4096.0,âœ—,âœ—,70.12 Â± 0.78 / 74.54 Â± 0.50@@70.11579206586978,72.77 Â± 1.02 / 57.29 Â± 1.58@@72.7694477616771,44.68 Â± 0.97 / 71.05 Â± 0.52@@44.676910717013016,80.40 Â± 1.39 / 57.25 Â± 2.57@@80.4022606244064,14.0.4@@140004,14.0.4@@140004,14.0.4@@140004,14.3.0@@140300
ğŸ”,<a href='https://huggingface.co/intfloat/multilingual-e5-base'>intfloat/multilingual-e5-base</a>,1.74@@1.74,278044162.0,250002.0,512.0,âœ“,âœ—,61.46 Â± 0.89 / 60.48 Â± 2.52@@61.464875300517576,89.65 Â± 0.52 / 89.71 Â± 0.48@@89.64600489962623,51.32 Â± 1.98 / 74.21 Â± 1.18@@51.3161930156682,63.05 Â± 0.89 / 50.78 Â± 1.14@@63.04873751030232,12.6.1@@120601,12.6.1@@120601,12.6.1@@120601,12.6.1@@120601
ğŸ“,<a href='https://huggingface.co/allenai/Llama-3.1-Tulu-3-8B-SFT'>allenai/Llama-3.1-Tulu-3-8B-SFT (few-shot)</a>,1.77@@1.77,8030326784.0,128264.0,131072.0,âœ“,âœ—,68.53 Â± 1.08 / 73.19 Â± 0.61@@68.53030574875362,71.20 Â± 1.90 / 66.52 Â± 1.42@@71.20350115126067,40.61 Â± 1.95 / 67.32 Â± 2.25@@40.60869229546025,85.15 Â± 0.99 / 72.09 Â± 1.56@@85.1534699317511,15.1.0@@150100,15.1.0@@150100,15.1.0@@150100,15.1.0@@150100
ğŸ“,<a href='https://huggingface.co/VAGOsolutions/FC-SauerkrautLM-7b-beta'>VAGOsolutions/FC-SauerkrautLM-7b-beta (few-shot)</a>,1.77@@1.77,,32002.0,8192.0,âœ—,âœ—,69.36 Â± 0.87 / 67.37 Â± 0.89@@69.36055329882397,70.15 Â± 0.85 / 60.29 Â± 2.28@@70.1496740040818,37.09 Â± 2.04 / 68.05 Â± 1.30@@37.08644353603698,89.74 Â± 0.41 / 77.39 Â± 1.14@@89.74490865790165,12.6.1@@120601,12.6.1@@120601,12.6.1@@120601,12.6.1@@120601
ğŸ§ ,<a href='https://huggingface.co/allenai/Llama-3.1-Tulu-3.1-8B'>allenai/Llama-3.1-Tulu-3.1-8B (few-shot)</a>,1.77@@1.77,8030326784.0,128264.0,131072.0,âœ“,âœ—,68.87 Â± 0.73 / 72.24 Â± 0.72@@68.87434992840879,69.88 Â± 1.36 / 63.67 Â± 1.05@@69.8765257765357,46.34 Â± 1.52 / 72.53 Â± 0.81@@46.341985906916356,81.40 Â± 1.28 / 63.48 Â± 2.22@@81.40135993066296,15.1.0@@150100,15.1.0@@150100,15.1.0@@150100,15.1.0@@150100
ğŸ“,<a href='https://huggingface.co/tiiuae/Falcon3-7B-Instruct'>tiiuae/Falcon3-7B-Instruct (few-shot)</a>,1.77@@1.77,7455550464.0,131072.0,32768.0,âœ“,âœ—,68.59 Â± 1.06 / 71.26 Â± 0.95@@68.58822952003833,70.33 Â± 1.30 / 66.22 Â± 1.32@@70.32978056987061,42.39 Â± 1.97 / 70.66 Â± 0.97@@42.38550130629175,85.71 Â± 0.56 / 71.18 Â± 1.11@@85.71159670751862,14.3.0@@140300,14.3.0@@140300,14.3.0@@140300,14.3.0@@140300
ğŸ“,<a href='https://huggingface.co/speakleash/Bielik-11B-v2.3-Instruct'>speakleash/Bielik-11B-v2.3-Instruct (few-shot)</a>,1.77@@1.77,11168796672.0,32128.0,32768.0,âœ“,âœ“,67.93 Â± 1.30 / 73.21 Â± 0.98@@67.92558704058172,72.41 Â± 0.82 / 66.22 Â± 1.26@@72.40926680521127,41.87 Â± 1.84 / 70.56 Â± 0.87@@41.866108098780316,86.04 Â± 0.48 / 69.72 Â± 1.18@@86.03679314705869,15.1.0@@150100,15.1.0@@150100,15.1.0@@150100,15.1.0@@150100
ğŸ“,"<a href='https://platform.openai.com/docs/models/gpt-4o-mini'>gpt-4o-mini-2024-07-18 (zero-shot, val)</a>",1.77@@1.77,,200019.0,8191.0,âœ“,âœ—,61.65 Â± 2.17 / 71.46 Â± 1.72@@61.649008802597024,75.80 Â± 0.83 / 52.95 Â± 1.04@@75.80220903663049,47.74 Â± 4.29 / 73.28 Â± 2.23@@47.73600728993793,79.90 Â± 0.76 / 56.98 Â± 1.46@@79.9035222237648,14.0.1@@140001,14.0.1@@140001,14.0.1@@140001,14.0.1@@140001
ğŸ“,"<a href='https://platform.openai.com/docs/models/gpt-3.5-turbo'>gpt-3.5-turbo-0613 (few-shot, val)</a>",1.78@@1.78,,100256.0,4095.0,âœ“,âœ—,66.41 Â± 2.66 / 68.72 Â± 1.87@@66.41485894691992,71.48 Â± 2.47 / 69.71 Â± 1.59@@71.47515894826128,41.43 Â± 2.57 / 70.34 Â± 1.35@@41.42727991154052,85.57 Â± 0.84 / 67.90 Â± 1.61@@85.5731628539237,<9.2.0@@0,<9.2.0@@0,<9.2.0@@0,<9.2.0@@0
ğŸ§ ,<a href='https://huggingface.co/google/gemma-2-9b'>google/gemma-2-9b (few-shot)</a>,1.79@@1.79,9241705984.0,256000.0,4096.0,âœ“,âœ—,67.10 Â± 1.78 / 70.03 Â± 1.60@@67.10024541614662,70.18 Â± 3.57 / 65.46 Â± 2.42@@70.17510079117628,44.43 Â± 1.58 / 71.53 Â± 0.85@@44.42689634717854,83.79 Â± 1.60 / 68.92 Â± 2.40@@83.78659073786397,14.4.0@@140400,14.4.0@@140400,14.4.0@@140400,14.4.0@@140400
ğŸ§ ,"<a href='https://huggingface.co/meta-llama/Llama-2-70b-hf'>meta-llama/Llama-2-70b-hf (few-shot, val)</a>",1.81@@1.81,68976653312.0,32000.0,4096.0,âœ“,âœ—,60.98 Â± 2.19 / 68.64 Â± 2.17@@60.983346179094646,72.38 Â± 1.28 / 66.44 Â± 1.74@@72.3829238851505,43.12 Â± 5.21 / 70.12 Â± 2.87@@43.11613616610608,86.22 Â± 1.70 / 74.50 Â± 3.41@@86.21705671551783,12.7.0@@120700,12.7.0@@120700,12.7.0@@120700,12.7.0@@120700
ğŸ§ ,<a href='https://huggingface.co/mistralai/Mixtral-8x7B-v0.1'>mistralai/Mixtral-8x7B-v0.1 (few-shot)</a>,1.81@@1.81,46702792704.0,32000.0,32768.0,âœ“,âœ—,68.87 Â± 0.60 / 66.34 Â± 0.90@@68.86991939117732,65.31 Â± 3.21 / 60.19 Â± 2.58@@65.31404844172243,43.07 Â± 1.73 / 70.80 Â± 1.06@@43.06758575376701,85.74 Â± 1.41 / 74.20 Â± 2.03@@85.7407645856411,14.0.4@@140004,14.0.4@@140004,14.0.4@@140004,14.3.0@@140300
ğŸ§ ,<a href='https://huggingface.co/allenai/OLMo-2-1124-13B'>allenai/OLMo-2-1124-13B (few-shot)</a>,1.81@@1.81,13716198400.0,100352.0,4096.0,âœ“,âœ—,67.88 Â± 0.61 / 59.31 Â± 0.33@@67.88044557107975,55.96 Â± 2.73 / 49.26 Â± 2.22@@55.963083030597716,50.06 Â± 1.55 / 74.21 Â± 0.88@@50.06063243140855,90.85 Â± 0.42 / 82.04 Â± 0.74@@90.85433860385827,15.0.0@@150000,15.0.0@@150000,15.0.0@@150000,15.0.0@@150000
ğŸ“,<a href='https://huggingface.co/mistralai/Mixtral-8x7B-Instruct-v0.1'>mistralai/Mixtral-8x7B-Instruct-v0.1 (few-shot)</a>,1.82@@1.82,46702792704.0,32000.0,32768.0,âœ“,âœ—,69.48 Â± 0.68 / 71.36 Â± 1.02@@69.47865293830434,70.02 Â± 1.35 / 60.95 Â± 1.57@@70.01527777156718,44.59 Â± 0.99 / 70.37 Â± 0.77@@44.59186194892949,77.76 Â± 1.18 / 55.70 Â± 2.73@@77.75850005351222,14.0.4@@140004,14.0.4@@140004,14.0.4@@140004,14.0.4@@140004
ğŸ§ ,<a href='https://huggingface.co/nvidia/mistral-nemo-minitron-8b-base'>nvidia/mistral-nemo-minitron-8b-base (few-shot)</a>,1.83@@1.83,8414105600.0,131072.0,8192.0,âœ“,âœ—,69.03 Â± 0.69 / 65.72 Â± 2.41@@69.03090322355105,67.52 Â± 3.88 / 61.41 Â± 2.66@@67.51886859278969,40.51 Â± 1.93 / 69.82 Â± 0.89@@40.511466644742114,84.07 Â± 0.78 / 69.89 Â± 1.42@@84.06904172184613,14.1.1@@140101,14.1.1@@140101,14.1.1@@140101,14.3.0@@140300
ğŸ”,<a href='https://huggingface.co/distilbert/distilroberta-base'>distilbert/distilroberta-base</a>,1.84@@1.84,82120707.0,50265.0,512.0,âœ“,âœ—,56.08 Â± 1.30 / 57.56 Â± 1.96@@56.083628646763664,90.04 Â± 0.53 / 89.35 Â± 0.53@@90.0414397090706,54.90 Â± 2.47 / 76.59 Â± 1.47@@54.9039836415273,59.73 Â± 1.02 / 49.36 Â± 1.22@@59.72615312270991,<9.2.0@@0,<9.2.0@@0,<9.2.0@@0,<9.2.0@@0
ğŸ”,<a href='https://huggingface.co/setu4993/LaBSE'>setu4993/LaBSE</a>,1.85@@1.85,470927360.0,501153.0,512.0,âœ“,âœ—,52.93 Â± 1.41 / 58.98 Â± 1.52@@52.93344988275206,90.33 Â± 0.62 / 90.31 Â± 0.46@@90.33477092319578,50.70 Â± 2.70 / 74.17 Â± 1.51@@50.69757557651913,65.07 Â± 0.61 / 53.77 Â± 0.57@@65.07448727411916,12.6.1@@120601,12.6.1@@120601,12.6.1@@120601,12.6.1@@120601
ğŸ§ ,skole-gpt-mixtral (few-shot)</a>,1.86@@1.86,,32000.0,32768.0,âœ“,âœ—,68.55 Â± 1.35 / 69.63 Â± 0.98@@68.54642519803427,67.43 Â± 0.90 / 60.40 Â± 1.08@@67.42801409615188,39.75 Â± 2.28 / 69.19 Â± 1.17@@39.750906427937934,82.86 Â± 1.53 / 65.93 Â± 2.77@@82.8631472056808,13.0.0@@130000,13.0.0@@130000,13.0.0@@130000,13.0.0@@130000
ğŸ§ ,"<a href='https://huggingface.co/152334H/miqu-1-70b-sf'>152334H/miqu-1-70b-sf (few-shot, val)</a>",1.87@@1.87,68976648192.0,32000.0,32764.0,âœ“,âœ—,62.99 Â± 3.04 / 69.81 Â± 1.86@@62.99326596288635,71.83 Â± 1.48 / 65.37 Â± 1.62@@71.83022813933786,39.97 Â± 3.89 / 69.38 Â± 1.87@@39.972813681148224,80.97 Â± 1.54 / 64.42 Â± 3.17@@80.96978860728753,12.7.0@@120700,12.7.0@@120700,12.7.0@@120700,12.7.0@@120700
ğŸ“,<a href='https://huggingface.co/microsoft/Phi-3-mini-4k-instruct'>microsoft/Phi-3-mini-4k-instruct (few-shot)</a>,1.88@@1.88,3821079552.0,32064.0,2047.0,âœ“,âœ—,66.77 Â± 0.54 / 70.41 Â± 0.88@@66.77227334054061,68.69 Â± 1.08 / 58.53 Â± 1.82@@68.68743024529978,42.14 Â± 2.29 / 70.53 Â± 0.99@@42.13681140217744,81.26 Â± 1.09 / 63.71 Â± 1.70@@81.26176677463555,14.0.4@@140004,14.0.4@@140004,14.0.4@@140004,14.0.4@@140004
ğŸ“,<a href='https://huggingface.co/meta-llama/Llama-3.1-8B-Instruct'>meta-llama/Llama-3.1-8B-Instruct (few-shot)</a>,1.88@@1.88,8030261248.0,128256.0,131072.0,âœ“,âœ—,68.88 Â± 0.89 / 71.42 Â± 0.64@@68.87823358477266,74.09 Â± 1.10 / 68.79 Â± 1.03@@74.08984754901086,39.37 Â± 2.34 / 69.03 Â± 0.95@@39.369331628783435,76.56 Â± 0.63 / 48.65 Â± 1.53@@76.56299705389365,15.1.0@@150100,15.1.0@@150100,15.1.0@@150100,15.1.0@@150100
ğŸ“,<a href='https://huggingface.co/CohereForAI/c4ai-command-r-v01'>CohereForAI/c4ai-command-r-v01 (few-shot)</a>,1.90@@1.90,34980831232.0,256000.0,8192.0,âœ—,âœ—,67.26 Â± 0.99 / 68.90 Â± 1.29@@67.26462802439312,71.96 Â± 0.83 / 63.08 Â± 1.18@@71.96193916075761,40.81 Â± 1.97 / 70.25 Â± 1.02@@40.80572534416026,73.04 Â± 1.31 / 49.79 Â± 2.48@@73.04213304315121,14.0.4@@140004,14.0.4@@140004,14.0.4@@140004,14.0.4@@140004
ğŸ“,<a href='https://huggingface.co/ibm-granite/granite-3.0-8b-instruct'>ibm-granite/granite-3.0-8b-instruct (few-shot)</a>,1.90@@1.90,8170848256.0,49155.0,4096.0,âœ“,âœ—,67.78 Â± 0.70 / 68.78 Â± 1.34@@67.77672882124185,64.46 Â± 1.85 / 56.46 Â± 1.14@@64.45568107156987,39.42 Â± 2.46 / 69.39 Â± 1.17@@39.415736492035705,84.11 Â± 0.93 / 71.23 Â± 1.59@@84.10718198877734,15.1.0@@150100,15.1.0@@150100,15.1.0@@150100,15.1.0@@150100
ğŸ§ ,<a href='https://huggingface.co/tiiuae/Falcon3-10B-Base'>tiiuae/Falcon3-10B-Base (few-shot)</a>,1.90@@1.90,10305653760.0,131072.0,32768.0,âœ“,âœ—,63.47 Â± 2.46 / 69.84 Â± 1.38@@63.47004696336159,69.86 Â± 1.37 / 64.91 Â± 1.20@@69.86146302608284,39.39 Â± 2.31 / 69.46 Â± 1.15@@39.39323852524244,85.99 Â± 1.14 / 75.34 Â± 1.62@@85.98675030140015,15.1.0@@150100,15.1.0@@150100,15.1.0@@150100,15.1.0@@150100
ğŸ”,<a href='https://huggingface.co/google-bert/bert-base-uncased'>google-bert/bert-base-uncased</a>,1.90@@1.90,109484547.0,30522.0,512.0,âœ“,âœ—,54.01 Â± 1.49 / 54.63 Â± 2.14@@54.008590299407686,87.62 Â± 0.60 / 86.68 Â± 0.57@@87.61619872119226,56.97 Â± 2.20 / 77.43 Â± 1.23@@56.97326229361561,53.78 Â± 2.04 / 42.37 Â± 2.12@@53.77990977731713,<9.2.0@@0,<9.2.0@@0,<9.2.0@@0,<9.2.0@@0
ğŸ§ ,<a href='https://huggingface.co/tiiuae/Falcon3-7B-Base'>tiiuae/Falcon3-7B-Base (few-shot)</a>,1.91@@1.91,7455550464.0,131072.0,32768.0,âœ“,âœ—,65.53 Â± 1.00 / 70.45 Â± 0.97@@65.52735144261071,67.48 Â± 1.34 / 62.26 Â± 0.93@@67.48227809902582,36.79 Â± 2.82 / 65.93 Â± 3.27@@36.7908835630508,83.85 Â± 1.41 / 72.52 Â± 2.12@@83.84907640476204,14.3.0@@140300,14.3.0@@140300,14.3.0@@140300,14.4.0@@140400
ğŸ“,<a href='https://huggingface.co/mistralai/Ministral-8B-Instruct-2410'>mistralai/Ministral-8B-Instruct-2410 (few-shot)</a>,1.91@@1.91,8019808256.0,131072.0,32768.0,âœ“,âœ—,61.67 Â± 0.85 / 69.03 Â± 0.69@@61.6673399686789,72.40 Â± 0.80 / 65.83 Â± 1.64@@72.39889334175967,35.86 Â± 7.94 / 65.20 Â± 6.98@@35.85612857783499,83.97 Â± 0.74 / 68.42 Â± 1.21@@83.97163509149598,15.0.0@@150000,13.0.0@@130000,13.0.0@@130000,13.0.0@@130000
ğŸ“,<a href='https://huggingface.co/CohereForAI/c4ai-command-r7b-12-2024'>CohereForAI/c4ai-command-r7b-12-2024 (few-shot)</a>,1.91@@1.91,8028033024.0,256000.0,4096.0,âœ—,âœ—,67.11 Â± 0.78 / 68.73 Â± 1.18@@67.10568971350537,70.40 Â± 0.75 / 62.74 Â± 1.22@@70.40447478806384,34.74 Â± 2.40 / 67.15 Â± 1.18@@34.73673879223077,85.14 Â± 0.70 / 71.39 Â± 1.08@@85.13514112971055,14.4.0@@140400,14.4.0@@140400,14.4.0@@140400,14.4.0@@140400
ğŸ“,<a href='https://huggingface.co/NousResearch/DeepHermes-3-Llama-3-8B-Preview'>NousResearch/DeepHermes-3-Llama-3-8B-Preview (few-shot)</a>,1.93@@1.93,8030261248.0,128256.0,131072.0,âœ“,âœ—,66.78 Â± 1.36 / 72.99 Â± 0.88@@66.78363582163396,70.61 Â± 2.03 / 63.98 Â± 1.62@@70.61188401263148,35.16 Â± 2.59 / 66.19 Â± 1.79@@35.16310083984089,82.44 Â± 0.83 / 66.13 Â± 1.71@@82.43810800592041,15.1.0@@150100,15.1.0@@150100,15.1.0@@150100,15.1.0@@150100
ğŸ“,<a href='https://huggingface.co/meta-llama/Meta-Llama-3-8B-Instruct'>meta-llama/Meta-Llama-3-8B-Instruct (few-shot)</a>,1.93@@1.93,8030261248.0,128256.0,8192.0,âœ“,âœ—,67.64 Â± 1.12 / 71.04 Â± 1.17@@67.63884051085853,75.02 Â± 1.31 / 69.47 Â± 1.18@@75.01652075799873,32.29 Â± 3.05 / 64.85 Â± 2.07@@32.29175891042334,79.10 Â± 1.10 / 54.84 Â± 2.22@@79.0968392552429,12.6.1@@120601,12.6.1@@120601,12.6.1@@120601,12.6.1@@120601
ğŸ“,<a href='https://huggingface.co/Qwen/Qwen1.5-7B'>Qwen/Qwen1.5-7B (few-shot)</a>,1.93@@1.93,7721324544.0,151936.0,32768.0,âœ“,âœ—,67.65 Â± 1.30 / 69.48 Â± 0.70@@67.65418996150167,64.44 Â± 1.64 / 56.48 Â± 2.73@@64.4392604617272,38.70 Â± 1.95 / 67.62 Â± 1.30@@38.69848728182982,82.30 Â± 0.85 / 65.67 Â± 1.82@@82.30345821796607,12.10.0@@121000,12.11.0@@121100,12.11.0@@121100,12.11.0@@121100
ğŸ”,<a href='https://huggingface.co/google/electra-large-discriminator'>google/electra-large-discriminator</a>,1.93@@1.93,335144963.0,30522.0,512.0,âœ“,âœ—,48.08 Â± 14.91 / 53.81 Â± 10.11@@48.07598149633399,67.87 Â± 20.05 / 67.30 Â± 19.58@@67.87408386607368,55.46 Â± 13.66 / 75.80 Â± 8.43@@55.45650507326202,81.84 Â± 0.57 / 70.66 Â± 0.80@@81.83841676089507,<9.2.0@@0,<9.2.0@@0,<9.2.0@@0,<9.2.0@@0
ğŸ§ ,<a href='https://huggingface.co/NorwAI/NorwAI-Mixtral-8x7B'>NorwAI/NorwAI-Mixtral-8x7B (few-shot)</a>,1.95@@1.95,46997647360.0,67993.0,32768.0,âœ“,âœ—,66.47 Â± 1.61 / 69.35 Â± 1.31@@66.46795760374461,63.12 Â± 2.34 / 56.38 Â± 1.23@@63.11840046434839,38.82 Â± 3.65 / 67.96 Â± 2.36@@38.82409441739253,84.07 Â± 1.48 / 71.49 Â± 2.25@@84.06592629876573,14.0.4@@140004,14.0.4@@140004,14.0.4@@140004,14.3.0@@140300
ğŸ“,<a href='https://huggingface.co/robinsmits/Qwen1.5-7B-Dutch-Chat-Sft-Bf16'>robinsmits/Qwen1.5-7B-Dutch-Chat-Sft-Bf16 (few-shot)</a>,1.95@@1.95,7718948864.0,151646.0,32768.0,âœ—,âœ—,63.10 Â± 1.92 / 70.11 Â± 0.80@@63.09663408942636,67.52 Â± 1.19 / 59.09 Â± 2.64@@67.51533286465536,37.75 Â± 2.52 / 67.53 Â± 1.75@@37.75212056411509,82.23 Â± 0.72 / 64.88 Â± 1.60@@82.22711252469361,12.6.1@@120601,12.6.1@@120601,12.6.1@@120601,12.6.1@@120601
ğŸ§ ,<a href='https://huggingface.co/CohereForAI/aya-expanse-8b'>CohereForAI/aya-expanse-8b (few-shot)</a>,1.96@@1.96,8028033024.0,256000.0,8192.0,âœ—,âœ—,68.72 Â± 0.61 / 66.83 Â± 0.49@@68.72022868735465,67.33 Â± 1.57 / 53.00 Â± 0.88@@67.33123315091686,31.18 Â± 1.63 / 65.23 Â± 0.69@@31.175844147041197,84.26 Â± 1.04 / 68.33 Â± 2.04@@84.2562408752948,15.1.0@@150100,14.0.4@@140004,14.0.4@@140004,14.0.4@@140004
ğŸ”,<a href='https://huggingface.co/FacebookAI/xlm-roberta-large'>FacebookAI/xlm-roberta-large</a>,1.97@@1.97,559893507.0,250002.0,512.0,âœ“,âœ—,41.97 Â± 17.48 / 50.33 Â± 9.16@@41.97365383289178,89.81 Â± 0.60 / 89.25 Â± 0.72@@89.81026161180932,35.55 Â± 18.61 / 63.79 Â± 12.17@@35.55068406447225,79.18 Â± 1.17 / 68.88 Â± 1.40@@79.17509694586208,<9.2.0@@0,<9.2.0@@0,<9.2.0@@0,<9.2.0@@0
ğŸ§ ,<a href='https://huggingface.co/01-ai/Yi-1.5-6B'>01-ai/Yi-1.5-6B (few-shot)</a>,1.98@@1.98,6061035520.0,64000.0,4097.0,âœ“,âœ—,68.74 Â± 0.81 / 58.25 Â± 0.31@@68.73508223242585,55.51 Â± 1.48 / 50.61 Â± 1.37@@55.50918319643324,40.81 Â± 3.66 / 69.94 Â± 1.98@@40.80904416115628,84.50 Â± 1.61 / 72.33 Â± 2.68@@84.49734619492064,13.0.0@@130000,13.0.0@@130000,13.0.0@@130000,13.0.0@@130000
ğŸ“,<a href='https://huggingface.co/NorwAI/NorwAI-Mixtral-8x7B-instruct'>NorwAI/NorwAI-Mixtral-8x7B-instruct (few-shot)</a>,1.99@@1.99,46997647360.0,67993.0,32768.0,âœ“,âœ—,69.23 Â± 0.98 / 66.61 Â± 1.42@@69.22749290098204,63.77 Â± 2.22 / 57.86 Â± 1.49@@63.769276893603454,38.49 Â± 4.39 / 65.15 Â± 4.44@@38.49333409009269,76.18 Â± 2.59 / 57.03 Â± 4.40@@76.18047791613006,14.0.4@@140004,14.0.4@@140004,14.0.4@@140004,14.0.4@@140004
ğŸ§ ,<a href='https://huggingface.co/meta-llama/Llama-3.1-8B'>meta-llama/Llama-3.1-8B (few-shot)</a>,1.99@@1.99,8030261248.0,128256.0,131072.0,âœ“,âœ—,65.11 Â± 1.38 / 66.94 Â± 1.11@@65.11344142844646,66.42 Â± 3.95 / 61.77 Â± 2.66@@66.42051104142685,32.77 Â± 2.52 / 63.81 Â± 2.31@@32.77169336346975,83.15 Â± 1.94 / 71.04 Â± 2.76@@83.15437551621999,14.4.0.dev0@@140400,15.0.0@@150000,15.0.0@@150000,14.3.0@@140300
ğŸ“,"<a href='https://huggingface.co/meta-llama/Llama-2-70b-chat-hf'>meta-llama/Llama-2-70b-chat-hf (few-shot, val)</a>",2.00@@2.00,68976653312.0,32000.0,4096.0,âœ“,âœ—,63.76 Â± 2.53 / 71.14 Â± 1.90@@63.760100149206224,72.80 Â± 1.65 / 64.88 Â± 3.12@@72.796068123248,28.37 Â± 4.76 / 62.85 Â± 3.04@@28.367215726798307,81.80 Â± 1.41 / 64.70 Â± 2.69@@81.8014707631519,12.7.0@@120700,12.7.0@@120700,12.7.0@@120700,12.7.0@@120700
ğŸ”,<a href='https://huggingface.co/model-garden-lms/bert-base-finewebs-951k'>model-garden-lms/bert-base-finewebs-951k</a>,2.00@@2.00,135849472.0,64000.0,512.0,âœ“,âœ—,57.50 Â± 1.50 / 58.79 Â± 1.57@@57.499453024770375,88.31 Â± 0.91 / 87.73 Â± 0.87@@88.31098878325328,40.02 Â± 6.98 / 67.76 Â± 3.79@@40.020280497567946,58.37 Â± 1.75 / 47.03 Â± 1.32@@58.37451891691438,14.0.4@@140004,14.0.4@@140004,14.0.4@@140004,14.0.4@@140004
ğŸ“,"<a href='https://huggingface.co/VAGOsolutions/SauerkrautLM-7b-HerO'>VAGOsolutions/SauerkrautLM-7b-HerO (few-shot, val)</a>",2.01@@2.01,7241748480.0,32002.0,32768.0,âœ—,âœ“,68.63 Â± 2.65 / 73.31 Â± 1.74@@68.62881636763144,69.26 Â± 2.17 / 57.48 Â± 2.92@@69.25790140338057,29.87 Â± 3.02 / 63.64 Â± 1.60@@29.86534092221529,80.40 Â± 1.26 / 60.92 Â± 2.44@@80.39527919120438,12.6.1@@120601,12.6.1@@120601,12.6.1@@120601,12.6.1@@120601
ğŸ“,<a href='https://ollama.com/library/gemma3:4b'>ollama_chat/gemma3:4b (few-shot)</a>,2.05@@2.05,,,,âœ“,âœ—,66.22 Â± 0.72 / 68.51 Â± 0.85@@66.22442333684077,65.11 Â± 1.39 / 58.35 Â± 0.87@@65.11218306863528,37.20 Â± 0.96 / 65.38 Â± 1.23@@37.20338547650247,72.28 Â± 1.06 / 47.96 Â± 1.55@@72.28068091986741,15.3.1@@150301,15.3.1@@150301,15.3.1@@150301,15.3.1@@150301
ğŸ§ ,<a href='https://huggingface.co/senseable/WestLake-7B-v2'>senseable/WestLake-7B-v2 (few-shot)</a>,2.05@@2.05,7241732096.0,32000.0,4096.0,âœ—,âœ—,67.77 Â± 0.77 / 72.59 Â± 0.53@@67.76691485238572,70.23 Â± 1.21 / 61.10 Â± 1.38@@70.22536913148272,29.86 Â± 1.97 / 62.96 Â± 1.12@@29.86251384538228,76.69 Â± 1.68 / 50.99 Â± 3.38@@76.68612436897537,15.0.0@@150000,15.0.0@@150000,15.0.0@@150000,15.0.0@@150000
ğŸ§ ,<a href='https://huggingface.co/mistralai/Mistral-7B-v0.1'>mistralai/Mistral-7B-v0.1 (few-shot)</a>,2.06@@2.06,7241732096.0,32000.0,4096.0,âœ“,âœ—,66.61 Â± 1.47 / 68.65 Â± 1.17@@66.60590368387183,59.09 Â± 4.05 / 54.17 Â± 3.05@@59.0857164926621,33.33 Â± 1.89 / 65.98 Â± 1.05@@33.32950604167478,83.50 Â± 2.29 / 72.91 Â± 3.40@@83.50321020484044,15.0.0@@150000,15.0.0@@150000,15.0.0@@150000,15.0.0@@150000
ğŸ§ ,<a href='https://huggingface.co/alpindale/Mistral-7B-v0.2-hf'>alpindale/Mistral-7B-v0.2-hf (few-shot)</a>,2.09@@2.09,7241732096.0,32000.0,32768.0,âœ“,âœ—,67.10 Â± 0.81 / 70.66 Â± 0.76@@67.10053625696413,61.02 Â± 2.70 / 55.57 Â± 2.50@@61.02139059490319,29.82 Â± 5.18 / 62.86 Â± 4.72@@29.824634225924456,84.26 Â± 1.30 / 73.50 Â± 1.67@@84.26255013558469,12.5.2@@120502,12.5.2@@120502,12.5.2@@120502,12.5.2@@120502
ğŸ§ ,<a href='https://huggingface.co/ibm-granite/granite-3.0-8b-base'>ibm-granite/granite-3.0-8b-base (few-shot)</a>,2.09@@2.09,8170835968.0,49152.0,4096.0,âœ“,âœ—,66.89 Â± 1.11 / 69.52 Â± 0.94@@66.89404773914083,52.34 Â± 1.91 / 50.21 Â± 1.17@@52.342863038122154,36.60 Â± 2.37 / 67.85 Â± 1.19@@36.60484943946538,83.98 Â± 0.88 / 70.68 Â± 1.48@@83.98406140974859,15.1.0@@150100,15.1.0@@150100,15.1.0@@150100,15.1.0@@150100
ğŸ“,<a href='https://huggingface.co/meta-llama/Llama-3.2-3B-Instruct'>meta-llama/Llama-3.2-3B-Instruct (few-shot)</a>,2.10@@2.10,3212749824.0,128256.0,131072.0,âœ—,âœ—,65.87 Â± 0.80 / 66.20 Â± 1.05@@65.86928803561618,67.62 Â± 1.26 / 54.45 Â± 1.68@@67.6190738052729,31.53 Â± 1.62 / 64.57 Â± 0.92@@31.526204945934605,75.44 Â± 0.96 / 51.79 Â± 1.87@@75.44156905849043,15.1.0@@150100,15.1.0@@150100,15.1.0@@150100,15.1.0@@150100
ğŸ§ ,<a href='https://huggingface.co/meta-llama/Meta-Llama-3-8B'>meta-llama/Meta-Llama-3-8B (few-shot)</a>,2.10@@2.10,8030261248.0,128256.0,8192.0,âœ“,âœ—,64.30 Â± 0.65 / 69.26 Â± 0.50@@64.2991403384324,66.31 Â± 2.09 / 58.68 Â± 1.95@@66.31350421914368,28.18 Â± 3.96 / 58.97 Â± 4.03@@28.18466331308746,80.92 Â± 2.78 / 68.96 Â± 4.12@@80.9235572814031,12.6.1@@120601,12.6.1@@120601,12.6.1@@120601,14.3.0@@140300
ğŸ“,"<a href='https://huggingface.co/cstr/Spaetzle-v8-7b'>cstr/Spaetzle-v8-7b (few-shot, val)</a>",2.11@@2.11,7241732096.0,32000.0,32768.0,âœ—,âœ“,65.39 Â± 2.32 / 73.11 Â± 1.62@@65.38955987023132,69.40 Â± 1.47 / 54.63 Â± 3.27@@69.3970877633642,26.69 Â± 3.88 / 62.82 Â± 2.19@@26.687291827840966,75.27 Â± 0.99 / 49.74 Â± 2.61@@75.2663241626061,12.5.2@@120502,12.5.2@@120502,12.5.2@@120502,12.5.2@@120502
ğŸ“,<a href='https://huggingface.co/ibm-granite/granite-3.0-2b-instruct'>ibm-granite/granite-3.0-2b-instruct (few-shot)</a>,2.11@@2.11,2634201088.0,49155.0,4097.0,âœ“,âœ—,67.54 Â± 1.33 / 66.16 Â± 1.54@@67.53794046720583,61.97 Â± 1.74 / 54.58 Â± 1.53@@61.96952446703621,31.70 Â± 2.00 / 65.43 Â± 1.09@@31.695865161692378,78.74 Â± 0.76 / 59.78 Â± 1.66@@78.7377290852903,13.0.0@@130000,13.0.0@@130000,13.0.0@@130000,13.0.0@@130000
ğŸ“,<a href='https://huggingface.co/occiglot/occiglot-7b-de-en-instruct'>occiglot/occiglot-7b-de-en-instruct (few-shot)</a>,2.11@@2.11,7241748480.0,32002.0,32768.0,âœ—,âœ—,66.54 Â± 1.42 / 69.26 Â± 0.83@@66.54025900430241,60.90 Â± 3.17 / 53.69 Â± 2.67@@60.89682076275611,23.60 Â± 3.72 / 57.65 Â± 4.08@@23.600316518984844,87.25 Â± 0.61 / 75.14 Â± 1.51@@87.25073312544166,12.3.1@@120301,12.5.2@@120502,12.3.1@@120301,12.4.0@@120400
ğŸ§ ,<a href='https://huggingface.co/mistralai/Mistral-7B-v0.3'>mistralai/Mistral-7B-v0.3 (few-shot)</a>,2.12@@2.12,7248023552.0,32768.0,32768.0,âœ“,âœ—,65.76 Â± 1.61 / 70.30 Â± 1.01@@65.75868348801043,57.59 Â± 4.40 / 53.57 Â± 3.54@@57.59456610674716,30.94 Â± 1.96 / 64.41 Â± 1.02@@30.941825344435692,83.15 Â± 1.85 / 72.86 Â± 2.85@@83.14521942690608,15.1.0@@150100,15.1.0@@150100,15.1.0@@150100,15.1.0@@150100
ğŸ“,"<a href='https://huggingface.co/mlabonne/NeuralBeagle14-7B'>mlabonne/NeuralBeagle14-7B (few-shot, val)</a>",2.12@@2.12,7241732096.0,32000.0,8192.0,âœ—,âœ“,63.85 Â± 2.16 / 72.40 Â± 1.71@@63.85243762746968,69.16 Â± 2.80 / 57.28 Â± 2.82@@69.16176660838774,28.40 Â± 3.60 / 62.70 Â± 1.51@@28.39561892652317,76.37 Â± 1.27 / 52.69 Â± 2.21@@76.36731730870429,9.3.2@@90302,9.3.2@@90302,9.3.2@@90302,12.5.2@@120502
ğŸ“,<a href='https://huggingface.co/tiiuae/Falcon3-3B-Instruct'>tiiuae/Falcon3-3B-Instruct (few-shot)</a>,2.13@@2.13,3227655168.0,131072.0,32768.0,âœ“,âœ—,60.28 Â± 1.04 / 63.55 Â± 0.78@@60.27666609041209,65.13 Â± 1.36 / 53.50 Â± 1.99@@65.13128597101169,32.38 Â± 1.01 / 65.62 Â± 0.55@@32.37854985049379,82.90 Â± 1.05 / 70.40 Â± 1.66@@82.89706518289714,14.3.0@@140300,14.3.0@@140300,14.3.0@@140300,14.3.0@@140300
ğŸ“,<a href='https://huggingface.co/mistralai/Mistral-7B-Instruct-v0.1'>mistralai/Mistral-7B-Instruct-v0.1 (few-shot)</a>,2.14@@2.14,7241732096.0,32000.0,4096.0,âœ“,âœ—,59.49 Â± 2.14 / 68.62 Â± 1.49@@59.493666584245354,59.12 Â± 1.83 / 49.44 Â± 2.16@@59.11621268580115,37.63 Â± 1.23 / 66.54 Â± 1.21@@37.63216871148626,80.59 Â± 0.74 / 65.32 Â± 1.16@@80.59322232628931,15.1.0@@150100,15.1.0@@150100,15.1.0@@150100,15.1.0@@150100
ğŸ“,<a href='https://huggingface.co/RuterNorway/Llama-2-13b-chat-norwegian'>RuterNorway/Llama-2-13b-chat-norwegian (few-shot)</a>,2.14@@2.14,,32000.0,4096.0,âœ—,âœ—,64.14 Â± 1.61 / 68.00 Â± 1.67@@64.13576628560736,64.93 Â± 2.24 / 57.95 Â± 1.24@@64.92669799670227,28.08 Â± 3.86 / 62.71 Â± 2.98@@28.082191077363195,79.57 Â± 0.96 / 62.09 Â± 1.68@@79.57016562948624,9.3.1@@90301,9.3.1@@90301,9.3.1@@90301,9.3.1@@90301
ğŸ“,<a href='https://huggingface.co/ibm-granite/granite-8b-code-instruct-4k'>ibm-granite/granite-8b-code-instruct-4k (few-shot)</a>,2.15@@2.15,8054910976.0,49152.0,4096.0,âœ“,âœ—,64.42 Â± 0.86 / 59.88 Â± 0.60@@64.4153980321382,71.86 Â± 1.32 / 67.24 Â± 0.83@@71.8630918462712,21.74 Â± 2.63 / 59.80 Â± 1.68@@21.744999109582626,79.41 Â± 1.54 / 68.44 Â± 2.06@@79.40586356592013,15.1.0@@150100,15.1.0@@150100,15.1.0@@150100,15.1.0@@150100
ğŸ§ ,<a href='https://huggingface.co/neuralmagic/Sparse-Llama-3.1-8B-2of4'>neuralmagic/Sparse-Llama-3.1-8B-2of4 (few-shot)</a>,2.15@@2.15,8030261248.0,128256.0,131072.0,âœ“,âœ—,68.49 Â± 0.77 / 58.77 Â± 0.44@@68.49265575676759,59.28 Â± 0.97 / 55.81 Â± 1.40@@59.27953611612179,21.95 Â± 3.10 / 49.75 Â± 3.85@@21.946252077637162,87.44 Â± 1.32 / 78.16 Â± 2.12@@87.4449956519004,13.2.0@@130200,13.2.0@@130200,13.2.0@@130200,13.2.0@@130200
ğŸ“,"<a href='https://huggingface.co/mlabonne/AlphaMonarch-7B'>mlabonne/AlphaMonarch-7B (few-shot, val)</a>",2.16@@2.16,7241732096.0,32000.0,8192.0,âœ—,âœ“,63.77 Â± 2.55 / 71.13 Â± 1.83@@63.76523818260609,69.19 Â± 2.03 / 55.64 Â± 3.53@@69.1884689440938,28.43 Â± 3.97 / 62.28 Â± 1.86@@28.432824149504604,71.79 Â± 1.25 / 44.39 Â± 2.68@@71.78505534498382,12.5.2@@120502,12.5.2@@120502,12.5.2@@120502,12.5.2@@120502
ğŸ“,"<a href='https://platform.openai.com/docs/models/gpt-4-turbo'>gpt-4-1106-preview (zero-shot, val)</a>",2.16@@2.16,,100256.0,8191.0,âœ“,âœ—,65.24 Â± 2.14 / 72.51 Â± 1.77@@65.2437364410416,42.40 Â± 2.22 / 34.09 Â± 2.02@@42.403310509810794,44.59 Â± 4.02 / 71.93 Â± 2.06@@44.59226569571616,82.84 Â± 0.53 / 62.94 Â± 1.37@@82.83669006020702,14.0.3@@140003,14.0.3@@140003,14.0.3@@140003,14.0.3@@140003
ğŸ“,<a href='https://huggingface.co/robinsmits/Schaapje-2B-Chat-V1.0'>robinsmits/Schaapje-2B-Chat-V1.0 (few-shot)</a>,2.16@@2.16,2533531648.0,49155.0,4096.0,âœ—,âœ—,67.74 Â± 0.62 / 65.19 Â± 1.16@@67.73972990921457,54.68 Â± 3.22 / 47.51 Â± 2.35@@54.68249655589622,29.17 Â± 2.03 / 63.89 Â± 0.92@@29.168785073497006,84.51 Â± 0.77 / 72.03 Â± 0.87@@84.5111075257457,14.3.0@@140300,14.3.0@@140300,14.3.0@@140300,14.3.0@@140300
ğŸ§ ,<a href='https://huggingface.co/ibm-granite/granite-8b-code-base'>ibm-granite/granite-8b-code-base (few-shot)</a>,2.16@@2.16,8054910976.0,49152.0,4096.0,âœ“,âœ—,62.31 Â± 1.79 / 67.31 Â± 0.86@@62.31469771871365,72.64 Â± 0.61 / 67.38 Â± 0.91@@72.63939169032145,22.38 Â± 2.05 / 59.67 Â± 1.50@@22.381267423469126,81.40 Â± 2.25 / 69.84 Â± 3.57@@81.40288224532561,12.10.5@@121005,12.10.5@@121005,12.10.5@@121005,12.10.5@@121005
ğŸ§ ,<a href='https://huggingface.co/ibm-granite/granite-3.0-2b-base'>ibm-granite/granite-3.0-2b-base (few-shot)</a>,2.17@@2.17,2533525504.0,49152.0,4097.0,âœ“,âœ—,67.81 Â± 1.00 / 61.89 Â± 1.51@@67.80539710335268,57.78 Â± 1.91 / 50.30 Â± 2.29@@57.78403194607525,22.81 Â± 2.71 / 60.07 Â± 2.49@@22.805939258869408,83.67 Â± 0.66 / 72.90 Â± 1.16@@83.67295820548856,13.0.0@@130000,13.0.0@@130000,13.0.0@@130000,13.0.0@@130000
ğŸ“,<a href='https://huggingface.co/utter-project/EuroLLM-9B-Instruct'>utter-project/EuroLLM-9B-Instruct (few-shot)</a>,2.17@@2.17,9152319488.0,128000.0,4096.0,âœ—,âœ—,65.29 Â± 1.11 / 68.22 Â± 1.09@@65.29148169694783,59.76 Â± 2.21 / 46.66 Â± 1.89@@59.76486456502064,31.59 Â± 1.58 / 65.36 Â± 0.69@@31.586013400323225,79.46 Â± 1.84 / 65.73 Â± 2.79@@79.45763004639359,14.4.0@@140400,14.4.0@@140400,14.4.0@@140400,14.4.0@@140400
ğŸ§ ,<a href='https://huggingface.co/ibm-granite/granite-8b-code-base-4k'>ibm-granite/granite-8b-code-base-4k (few-shot)</a>,2.18@@2.18,8054910976.0,49152.0,4096.0,âœ“,âœ—,59.57 Â± 1.22 / 66.02 Â± 1.11@@59.573550106017,73.13 Â± 1.65 / 69.14 Â± 1.09@@73.13451085907879,20.66 Â± 2.00 / 58.51 Â± 2.41@@20.659476704258665,80.13 Â± 3.07 / 68.87 Â± 4.69@@80.13480057912508,15.1.0@@150100,15.1.0@@150100,15.1.0@@150100,15.1.0@@150100
ğŸ“,<a href='https://huggingface.co/BSC-LT/salamandra-7b-instruct'>BSC-LT/salamandra-7b-instruct (few-shot)</a>,2.19@@2.19,7768117248.0,256000.0,8192.0,âœ“,âœ—,64.28 Â± 1.43 / 69.42 Â± 0.78@@64.28147454848941,62.61 Â± 2.07 / 53.63 Â± 1.44@@62.6059155291732,23.40 Â± 2.48 / 59.03 Â± 2.06@@23.397897199128685,82.12 Â± 0.59 / 70.10 Â± 0.81@@82.12276558107985,14.4.0@@140400,14.4.0@@140400,14.4.0@@140400,14.4.0@@140400
ğŸ§ ,<a href='https://huggingface.co/CohereForAI/aya-23-8B'>CohereForAI/aya-23-8B (few-shot)</a>,2.19@@2.19,8028033024.0,256000.0,8192.0,âœ—,âœ—,68.27 Â± 0.53 / 60.37 Â± 0.57@@68.27113632113297,56.16 Â± 3.59 / 51.12 Â± 2.58@@56.15696562749275,23.82 Â± 2.16 / 60.83 Â± 1.63@@23.81722970703162,85.11 Â± 0.73 / 74.23 Â± 1.31@@85.11086044924993,14.1.2@@140102,14.0.4@@140004,14.1.2@@140102,14.0.4@@140004
ğŸ”,<a href='https://huggingface.co/google-bert/bert-base-multilingual-cased'>google-bert/bert-base-multilingual-cased</a>,2.19@@2.19,177855747.0,119547.0,512.0,âœ“,âœ—,41.89 Â± 1.50 / 47.23 Â± 0.75@@41.887002787087766,89.32 Â± 0.47 / 88.95 Â± 0.35@@89.32107590013298,38.34 Â± 12.84 / 67.51 Â± 6.66@@38.34447425398369,66.42 Â± 1.46 / 55.19 Â± 1.66@@66.42429121630163,<9.2.0@@0,<9.2.0@@0,<9.2.0@@0,<9.2.0@@0
ğŸ“,<a href='https://huggingface.co/meta-llama/Llama-2-13b-chat-hf'>meta-llama/Llama-2-13b-chat-hf (few-shot)</a>,2.19@@2.19,13015866880.0,32000.0,4096.0,âœ“,âœ—,61.93 Â± 1.07 / 68.19 Â± 0.60@@61.930170859941015,63.00 Â± 1.15 / 51.31 Â± 1.60@@63.000940528088265,31.05 Â± 2.02 / 63.82 Â± 0.85@@31.048901632796316,76.04 Â± 1.03 / 58.93 Â± 1.35@@76.03522279168705,14.3.0@@140300,14.3.0@@140300,14.3.0@@140300,14.3.0@@140300
ğŸ§ ,<a href='https://huggingface.co/tiiuae/falcon-11B'>tiiuae/falcon-11B (few-shot)</a>,2.21@@2.21,11102822400.0,65024.0,8192.0,âœ“,âœ—,66.50 Â± 1.56 / 69.43 Â± 0.74@@66.49549047809792,52.28 Â± 2.95 / 46.06 Â± 2.31@@52.278423905709424,37.99 Â± 1.93 / 66.26 Â± 1.42@@37.991153283062005,72.00 Â± 5.11 / 59.57 Â± 5.62@@71.99863949820933,15.1.0@@150100,15.1.0@@150100,15.1.0@@150100,15.1.0@@150100
ğŸ”,<a href='https://huggingface.co/distilbert/distilbert-base-cased'>distilbert/distilbert-base-cased</a>,2.21@@2.21,65783811.0,28996.0,512.0,âœ“,âœ—,50.94 Â± 1.56 / 53.60 Â± 2.13@@50.93987924650487,84.75 Â± 0.61 / 84.65 Â± 0.45@@84.74804626655359,53.47 Â± 1.86 / 75.70 Â± 1.27@@53.467585280940085,35.60 Â± 2.05 / 24.93 Â± 1.75@@35.59974546894669,<9.2.0@@0,<9.2.0@@0,<9.2.0@@0,<9.2.0@@0
ğŸ”,<a href='https://huggingface.co/ZurichNLP/unsup-simcse-xlm-roberta-base'>ZurichNLP/unsup-simcse-xlm-roberta-base</a>,2.22@@2.22,278045955.0,250002.0,512.0,âœ“,âœ—,51.46 Â± 1.15 / 51.20 Â± 0.50@@51.463385581304955,85.88 Â± 0.99 / 86.21 Â± 0.87@@85.88002174195015,35.83 Â± 11.08 / 65.86 Â± 4.95@@35.826823866514005,55.52 Â± 1.60 / 43.26 Â± 1.61@@55.521208028522324,12.6.1@@120601,12.6.1@@120601,12.6.1@@120601,12.6.1@@120601
ğŸ§ ,<a href='https://huggingface.co/utter-project/EuroLLM-9B'>utter-project/EuroLLM-9B (few-shot)</a>,2.23@@2.23,9152319488.0,128000.0,4096.0,âœ“,âœ—,62.99 Â± 2.77 / 65.72 Â± 2.04@@62.992289277889654,51.39 Â± 2.64 / 43.89 Â± 2.17@@51.39275034617744,28.47 Â± 2.03 / 63.39 Â± 1.05@@28.467630889185553,85.65 Â± 1.47 / 75.57 Â± 2.37@@85.64648570738498,15.0.0@@150000,15.0.0@@150000,15.0.0@@150000,15.0.0@@150000
ğŸ§ ,<a href='https://huggingface.co/occiglot/occiglot-7b-de-en'>occiglot/occiglot-7b-de-en (few-shot)</a>,2.24@@2.24,7241732096.0,32000.0,32768.0,âœ“,âœ—,65.29 Â± 1.43 / 69.38 Â± 0.73@@65.28848860261388,56.07 Â± 4.01 / 51.66 Â± 3.99@@56.07137611992913,25.78 Â± 2.57 / 61.50 Â± 2.24@@25.776865087466604,83.85 Â± 2.69 / 73.13 Â± 4.05@@83.84525568184533,12.3.1@@120301,12.3.2@@120302,12.3.1@@120301,12.3.1@@120301
ğŸ“,<a href='https://huggingface.co/Qwen/Qwen1.5-4B-Chat'>Qwen/Qwen1.5-4B-Chat (few-shot)</a>,2.24@@2.24,3950369280.0,151936.0,32768.0,âœ—,âœ—,59.62 Â± 1.29 / 68.55 Â± 0.56@@59.61807509223711,58.56 Â± 1.99 / 54.14 Â± 2.01@@58.56070953016199,28.55 Â± 3.97 / 60.49 Â± 4.25@@28.551962742403543,82.09 Â± 0.84 / 70.04 Â± 0.89@@82.08652219668905,10.0.1@@100001,12.5.2@@120502,12.1.0@@120100,12.5.2@@120502
ğŸ§ ,<a href='https://huggingface.co/google/gemma-7b'>google/gemma-7b (few-shot)</a>,2.25@@2.25,8537680896.0,256000.0,8192.0,âœ“,âœ—,67.71 Â± 0.46 / 62.79 Â± 1.47@@67.71081108920247,42.83 Â± 5.31 / 38.80 Â± 4.46@@42.831680392610835,32.89 Â± 2.51 / 64.41 Â± 2.03@@32.88568835704623,82.64 Â± 2.42 / 70.46 Â± 3.68@@82.64493547453307,15.1.0@@150100,15.1.0@@150100,15.1.0@@150100,15.1.0@@150100
ğŸ§ ,<a href='https://huggingface.co/meta-llama/Llama-2-13b-hf'>meta-llama/Llama-2-13b-hf (few-shot)</a>,2.25@@2.25,13015866880.0,32000.0,4096.0,âœ“,âœ—,58.02 Â± 2.77 / 66.97 Â± 1.97@@58.02425662684219,58.83 Â± 3.58 / 54.67 Â± 2.73@@58.82517486248797,27.11 Â± 4.08 / 61.07 Â± 3.37@@27.10725957147358,84.65 Â± 1.89 / 73.76 Â± 2.40@@84.6454764052324,14.3.0@@140300,14.3.0@@140300,14.3.0@@140300,14.3.0@@140300
ğŸ§ ,<a href='https://huggingface.co/tiiuae/Falcon3-3B-Base'>tiiuae/Falcon3-3B-Base (few-shot)</a>,2.25@@2.25,3227655168.0,131072.0,32768.0,âœ“,âœ—,62.52 Â± 0.91 / 62.22 Â± 1.19@@62.5248393999681,60.64 Â± 1.81 / 53.60 Â± 1.65@@60.64417965867479,24.41 Â± 1.77 / 59.92 Â± 1.84@@24.409126837866662,80.77 Â± 1.94 / 69.00 Â± 2.43@@80.77297627670643,14.3.0@@140300,14.3.0@@140300,14.3.0@@140300,14.3.0@@140300
ğŸ§ ,danish-foundation-models/munin-7b-v0.1dev0 (few-shot)</a>,2.26@@2.26,7241732096.0,32000.0,8192.0,âœ“,âœ—,66.04 Â± 1.68 / 65.21 Â± 1.48@@66.04253015320045,56.38 Â± 2.95 / 50.80 Â± 2.82@@56.3827372096713,22.15 Â± 3.57 / 57.71 Â± 4.24@@22.15012488968077,83.70 Â± 0.93 / 71.32 Â± 1.41@@83.70326603419146,12.5.0@@120500,12.5.2@@120502,12.5.0@@120500,12.5.0@@120500
ğŸ§ ,<a href='https://huggingface.co/alexandrainst/munin-7b-8192-exp1'>alexandrainst/munin-7b-8192-exp1 (few-shot)</a>,2.28@@2.28,7241732096.0,32000.0,8192.0,âœ“,âœ—,66.04 Â± 1.68 / 65.21 Â± 1.48@@66.04253015320045,54.76 Â± 3.16 / 51.55 Â± 3.18@@54.76050015741517,22.15 Â± 3.57 / 57.71 Â± 4.24@@22.15012488968077,83.70 Â± 0.93 / 71.32 Â± 1.41@@83.70326603419146,12.5.0@@120500,12.5.0@@120500,12.5.0@@120500,12.5.0@@120500
ğŸ“,<a href='https://huggingface.co/Qwen/Qwen1.5-4B'>Qwen/Qwen1.5-4B (few-shot)</a>,2.29@@2.29,3950369280.0,151936.0,32768.0,âœ“,âœ—,60.55 Â± 1.54 / 68.53 Â± 0.71@@60.54999120523604,55.45 Â± 1.61 / 49.72 Â± 1.27@@55.450083248225404,28.60 Â± 3.36 / 60.31 Â± 4.06@@28.595211607975223,82.68 Â± 0.52 / 70.49 Â± 0.74@@82.67936585762361,10.0.1@@100001,12.5.2@@120502,12.1.0@@120100,12.1.0@@120100
ğŸ”,<a href='https://huggingface.co/Twitter/twhin-bert-large'>Twitter/twhin-bert-large</a>,2.29@@2.29,561713298.0,250002.0,512.0,âœ“,âœ—,45.98 Â± 2.97 / 49.81 Â± 2.03@@45.976884801726214,89.50 Â± 0.47 / 89.39 Â± 0.41@@89.50374616583466,30.58 Â± 13.07 / 61.93 Â± 7.87@@30.581854654914327,59.47 Â± 1.12 / 48.44 Â± 1.37@@59.47191693011183,12.6.1@@120601,12.6.1@@120601,12.6.1@@120601,12.6.1@@120601
ğŸ“,<a href='https://huggingface.co/google/gemma-2-2b-it'>google/gemma-2-2b-it (few-shot)</a>,2.31@@2.31,2614341888.0,256000.0,8193.0,âœ“,âœ—,66.37 Â± 1.35 / 67.64 Â± 1.35@@66.37384533534491,44.36 Â± 1.46 / 38.51 Â± 1.53@@44.362838718241385,34.69 Â± 2.50 / 67.16 Â± 1.29@@34.69103169585968,78.88 Â± 0.80 / 55.07 Â± 1.73@@78.88086781628004,13.0.0@@130000,13.0.0@@130000,13.0.0@@130000,13.0.0@@130000
ğŸ”,<a href='https://huggingface.co/microsoft/mdeberta-v3-base'>microsoft/mdeberta-v3-base</a>,2.31@@2.31,278811651.0,251000.0,512.0,âœ“,âœ—,37.83 Â± 12.73 / 44.13 Â± 6.80@@37.831393791637105,85.56 Â± 0.97 / 85.77 Â± 0.90@@85.5601393168221,52.50 Â± 2.07 / 75.61 Â± 0.97@@52.5032052348679,44.47 Â± 9.65 / 33.34 Â± 7.77@@44.47123878933735,15.0.0@@150000,15.0.0@@150000,15.0.0.dev0@@150000,15.0.0.dev0@@150000
ğŸ“,<a href='https://huggingface.co/meta-llama/Llama-2-7b-hf'>meta-llama/Llama-2-7b-hf (few-shot)</a>,2.33@@2.33,6738417664.0,32000.0,4096.0,âœ“,âœ—,65.16 Â± 1.21 / 66.86 Â± 1.32@@65.16482215014223,55.27 Â± 2.79 / 50.25 Â± 2.12@@55.27164512578102,20.43 Â± 3.69 / 55.98 Â± 4.88@@20.425542062338938,81.43 Â± 1.73 / 69.82 Â± 2.49@@81.43487632995763,9.2.0@@90200,9.2.0@@90200,9.2.0@@90200,12.5.1@@120501
ğŸ“,<a href='https://huggingface.co/microsoft/Phi-3-mini-128k-instruct'>microsoft/Phi-3-mini-128k-instruct (few-shot)</a>,2.33@@2.33,3821079552.0,32064.0,131072.0,âœ“,âœ—,46.77 Â± 4.36 / 60.99 Â± 2.15@@46.77003512296369,64.09 Â± 0.96 / 49.92 Â± 2.47@@64.08915976009226,31.62 Â± 2.25 / 63.73 Â± 1.79@@31.618677142323655,85.72 Â± 0.57 / 71.25 Â± 0.83@@85.71923615061152,12.9.1@@120901,12.9.1@@120901,12.9.1@@120901,12.9.1@@120901
ğŸ“,<a href='https://huggingface.co/mgoin/Nemotron-4-340B-Instruct-hf-FP8'>mgoin/Nemotron-4-340B-Instruct-hf-FP8 (few-shot)</a>,2.33@@2.33,341029195776.0,256000.0,4096.0,âœ“,âœ—,67.01 Â± 2.29 / 72.21 Â± 1.61@@67.01252125533561,51.92 Â± 11.90 / 40.30 Â± 8.36@@51.924983610296,45.98 Â± 7.10 / 68.89 Â± 6.52@@45.9802060759188,48.37 Â± 9.50 / 30.12 Â± 6.60@@48.36688389601433,14.0.4@@140004,14.0.4@@140004,14.0.4@@140004,14.0.4@@140004
ğŸ§ ,<a href='https://huggingface.co/norallm/normistral-11b-warm'>norallm/normistral-11b-warm (few-shot)</a>,2.34@@2.34,11429893120.0,51200.0,1024000.0,âœ“,âœ—,65.88 Â± 1.38 / 66.32 Â± 1.39@@65.87504913620637,64.14 Â± 3.49 / 59.98 Â± 2.77@@64.14102822356888,7.99 Â± 1.59 / 41.63 Â± 2.67@@7.985476698178562,83.60 Â± 1.49 / 72.79 Â± 2.05@@83.60129550629293,15.0.0@@150000,15.0.0@@150000,15.0.0@@150000,15.0.0@@150000
ğŸ“,<a href='https://huggingface.co/meta-llama/Llama-2-7b-chat-hf'>meta-llama/Llama-2-7b-chat-hf (few-shot)</a>,2.36@@2.36,6738417664.0,32000.0,4096.0,âœ“,âœ—,61.46 Â± 1.11 / 66.71 Â± 0.33@@61.46245792491124,57.07 Â± 0.93 / 45.67 Â± 0.94@@57.0736847515548,22.71 Â± 1.81 / 60.79 Â± 1.08@@22.70821219135594,80.79 Â± 0.79 / 64.45 Â± 1.39@@80.79078396322201,15.1.0@@150100,15.1.0@@150100,9.3.1@@90301,12.4.0@@120400
ğŸ“,<a href='https://huggingface.co/mistralai/Mistral-7B-Instruct-v0.2'>mistralai/Mistral-7B-Instruct-v0.2 (few-shot)</a>,2.37@@2.37,7241732096.0,32000.0,32768.0,âœ—,âœ—,57.16 Â± 1.62 / 66.43 Â± 1.55@@57.16473577529371,59.09 Â± 1.46 / 49.93 Â± 2.20@@59.08882137680671,33.59 Â± 1.83 / 66.29 Â± 1.34@@33.59034027679876,65.38 Â± 3.37 / 38.59 Â± 4.56@@65.37860754666664,15.1.0@@150100,15.1.0@@150100,15.1.0@@150100,15.1.0@@150100
ğŸ§ ,<a href='https://huggingface.co/meta-llama/Llama-3.2-3B'>meta-llama/Llama-3.2-3B (few-shot)</a>,2.39@@2.39,3212749824.0,128256.0,131073.0,âœ“,âœ—,63.29 Â± 1.29 / 67.82 Â± 0.74@@63.2915653102533,59.09 Â± 1.44 / 52.03 Â± 1.96@@59.09419685229056,13.50 Â± 4.14 / 50.33 Â± 5.61@@13.495867873796835,81.12 Â± 1.18 / 68.15 Â± 2.21@@81.12054306542535,13.0.0@@130000,13.0.0@@130000,13.0.0@@130000,13.0.0@@130000
ğŸ§ ,<a href='https://huggingface.co/occiglot/occiglot-7b-eu5'>occiglot/occiglot-7b-eu5 (few-shot)</a>,2.39@@2.39,7241732096.0,32000.0,4096.0,âœ“,âœ—,61.82 Â± 2.10 / 67.23 Â± 1.16@@61.82412268522545,53.83 Â± 5.60 / 50.02 Â± 5.07@@53.826700875018396,19.74 Â± 2.54 / 58.62 Â± 1.27@@19.735847621966947,83.13 Â± 2.33 / 73.09 Â± 2.85@@83.13119662956782,15.0.0@@150000,15.0.0@@150000,15.0.0@@150000,15.0.0@@150000
ğŸ“,<a href='https://huggingface.co/nvidia/mistral-nemo-minitron-8b-instruct'>nvidia/mistral-nemo-minitron-8b-instruct (few-shot)</a>,2.46@@2.46,8414105600.0,131072.0,8192.0,âœ“,âœ—,65.74 Â± 1.14 / 69.65 Â± 0.96@@65.73987368975855,72.63 Â± 1.76 / 63.75 Â± 1.29@@72.6334724896254,43.43 Â± 1.62 / 69.19 Â± 1.28@@43.42640714597999,20.81 Â± 0.82 / 0.00 Â± 0.00@@20.813755885591387,14.1.1@@140101,14.1.1@@140101,14.1.1@@140101,14.1.1@@140101
ğŸ“,<a href='https://huggingface.co/ibm-granite/granite-3b-code-instruct-2k'>ibm-granite/granite-3b-code-instruct-2k (few-shot)</a>,2.46@@2.46,3482503680.0,49152.0,2048.0,âœ“,âœ—,59.87 Â± 1.18 / 59.40 Â± 0.64@@59.87481640103829,61.06 Â± 2.47 / 56.52 Â± 1.91@@61.056387528544406,12.15 Â± 1.13 / 54.37 Â± 1.83@@12.153357605016387,78.94 Â± 0.89 / 67.39 Â± 1.02@@78.93560921182663,15.1.0@@150100,15.1.0@@150100,15.2.0.dev0@@150200,15.2.0.dev0@@150200
ğŸ“,<a href='https://huggingface.co/ibm-granite/granite-3.0-3b-a800m-instruct'>ibm-granite/granite-3.0-3b-a800m-instruct (few-shot)</a>,2.47@@2.47,3374295552.0,49155.0,4096.0,âœ“,âœ—,66.79 Â± 1.37 / 69.10 Â± 1.05@@66.78762801135856,50.54 Â± 2.60 / 45.25 Â± 1.81@@50.53605153871021,15.00 Â± 1.45 / 56.60 Â± 1.20@@15.002207397307155,81.60 Â± 0.74 / 68.44 Â± 1.03@@81.59791579662823,15.1.0@@150100,15.1.0@@150100,15.1.0@@150100,15.1.0@@150100
ğŸ§ ,<a href='https://huggingface.co/Rijgersberg/GEITje-7B'>Rijgersberg/GEITje-7B (few-shot)</a>,2.48@@2.48,7241732096.0,32000.0,32768.0,âœ“,âœ—,65.21 Â± 1.35 / 65.73 Â± 1.61@@65.21335898654928,53.39 Â± 2.97 / 47.76 Â± 2.67@@53.39180038175726,12.63 Â± 2.60 / 50.10 Â± 3.87@@12.630501959387978,77.95 Â± 1.84 / 65.74 Â± 2.31@@77.95432159674272,9.3.1@@90301,9.3.1@@90301,9.3.1@@90301,9.3.1@@90301
ğŸ“,<a href='https://huggingface.co/infly/OpenCoder-8B-Instruct'>infly/OpenCoder-8B-Instruct (few-shot)</a>,2.51@@2.51,7771262976.0,96640.0,8192.0,âœ“,âœ—,52.34 Â± 2.19 / 63.47 Â± 1.56@@52.34393264535881,63.49 Â± 1.26 / 54.75 Â± 1.78@@63.49251548262779,19.08 Â± 2.52 / 54.94 Â± 3.78@@19.078729040385568,74.20 Â± 2.23 / 56.73 Â± 3.83@@74.2027040534953,14.4.0@@140400,14.4.0@@140400,14.4.0@@140400,14.4.0@@140400
ğŸ”,<a href='https://huggingface.co/cardiffnlp/twitter-xlm-roberta-base'>cardiffnlp/twitter-xlm-roberta-base</a>,2.53@@2.53,278045955.0,250002.0,512.0,âœ“,âœ—,55.40 Â± 0.56 / 52.86 Â± 0.29@@55.39606782984655,87.09 Â± 0.61 / 87.25 Â± 0.49@@87.09249281265497,39.78 Â± 3.59 / 67.21 Â± 2.02@@39.78003573772943,13.47 Â± 5.29 / 6.20 Â± 4.26@@13.47132784609526,12.6.1@@120601,12.6.1@@120601,12.6.1@@120601,12.6.1@@120601
ğŸ”,<a href='https://huggingface.co/sentence-transformers/stsb-xlm-r-multilingual'>sentence-transformers/stsb-xlm-r-multilingual</a>,2.54@@2.54,278044162.0,250002.0,512.0,âœ“,âœ—,57.35 Â± 1.00 / 54.82 Â± 0.65@@57.3531338175207,82.39 Â± 0.62 / 83.07 Â± 0.48@@82.38907822423904,47.29 Â± 2.10 / 71.85 Â± 1.30@@47.29240226479431,10.53 Â± 0.29 / 4.29 Â± 0.33@@10.532503233340085,12.6.1@@120601,12.6.1@@120601,12.6.1@@120601,12.6.1@@120601
ğŸ”,<a href='https://huggingface.co/distilbert/distilbert-base-multilingual-cased'>distilbert/distilbert-base-multilingual-cased</a>,2.54@@2.54,135326979.0,119547.0,512.0,âœ“,âœ—,36.48 Â± 3.00 / 45.07 Â± 1.32@@36.48151904742606,87.70 Â± 0.68 / 87.67 Â± 0.59@@87.70247062152767,40.79 Â± 2.42 / 68.71 Â± 2.04@@40.78637073392481,40.37 Â± 0.77 / 29.00 Â± 0.89@@40.374242633783616,<9.2.0@@0,<9.2.0@@0,<9.2.0@@0,<9.2.0@@0
ğŸ“,<a href='https://huggingface.co/ibm-granite/granite-7b-instruct'>ibm-granite/granite-7b-instruct (few-shot)</a>,2.54@@2.54,6738481152.0,32008.0,4096.0,âœ“,âœ—,65.98 Â± 1.15 / 64.68 Â± 2.08@@65.9763633748915,53.21 Â± 1.85 / 45.68 Â± 2.60@@53.20972859314108,7.26 Â± 2.04 / 52.39 Â± 1.92@@7.26318314787362,79.37 Â± 1.16 / 64.71 Â± 1.95@@79.36847477398331,13.0.0@@130000,13.2.0@@130200,13.2.0@@130200,13.2.0@@130200
ğŸ§ ,<a href='https://huggingface.co/BSC-LT/salamandra-7b'>BSC-LT/salamandra-7b (few-shot)</a>,2.55@@2.55,7768117248.0,256000.0,8192.0,âœ“,âœ—,56.04 Â± 3.25 / 64.68 Â± 1.59@@56.03847050106287,53.10 Â± 6.12 / 49.03 Â± 4.84@@53.09895274542381,17.35 Â± 3.17 / 54.66 Â± 3.62@@17.354843623307268,79.75 Â± 1.94 / 69.42 Â± 2.65@@79.75385304844514,14.4.0@@140400,14.4.0@@140400,14.4.0@@140400,14.4.0@@140400
ğŸ”,<a href='https://huggingface.co/sentence-transformers/paraphrase-xlm-r-multilingual-v1'>sentence-transformers/paraphrase-xlm-r-multilingual-v1</a>,2.55@@2.55,278044162.0,250002.0,512.0,âœ“,âœ—,54.92 Â± 1.28 / 52.65 Â± 0.58@@54.919680079085765,84.05 Â± 0.61 / 84.48 Â± 0.51@@84.04532168934506,45.85 Â± 1.41 / 71.78 Â± 0.82@@45.85328604399736,10.53 Â± 0.24 / 4.13 Â± 0.19@@10.52743720988437,12.6.1@@120601,12.6.1@@120601,12.6.1@@120601,12.6.1@@120601
ğŸ”,<a href='https://huggingface.co/Twitter/twhin-bert-base'>Twitter/twhin-bert-base</a>,2.55@@2.55,279080594.0,250002.0,512.0,âœ“,âœ—,41.09 Â± 4.38 / 48.17 Â± 3.16@@41.08862468750763,87.77 Â± 0.51 / 87.83 Â± 0.47@@87.77064286143806,32.26 Â± 10.79 / 61.20 Â± 5.53@@32.260797496597874,44.98 Â± 1.93 / 35.15 Â± 1.89@@44.97670645446324,12.6.1@@120601,12.6.1@@120601,12.6.1@@120601,12.6.1@@120601
ğŸ§ ,<a href='https://huggingface.co/ibm-granite/granite-3b-code-base-2k'>ibm-granite/granite-3b-code-base-2k (few-shot)</a>,2.55@@2.55,3482503680.0,49152.0,2048.0,âœ“,âœ—,60.55 Â± 1.09 / 61.93 Â± 1.50@@60.546941444657755,58.96 Â± 3.00 / 54.75 Â± 2.19@@58.95858690804982,6.55 Â± 1.34 / 46.33 Â± 3.08@@6.55040952862302,80.39 Â± 1.26 / 70.81 Â± 1.74@@80.39184246143681,15.2.0.dev0@@150200,15.2.0.dev0@@150200,15.2.0.dev0@@150200,15.2.0.dev0@@150200
ğŸ§ ,<a href='https://huggingface.co/microsoft/phi-2'>microsoft/phi-2 (few-shot)</a>,2.57@@2.57,2779683840.0,51200.0,2048.0,âœ“,âœ—,59.17 Â± 2.16 / 66.01 Â± 1.44@@59.17252988500066,44.65 Â± 2.89 / 41.34 Â± 2.37@@44.65076252565418,13.02 Â± 4.02 / 49.59 Â± 4.89@@13.015454249817948,86.24 Â± 1.55 / 76.54 Â± 2.09@@86.23880680674476,15.0.0@@150000,15.0.0@@150000,15.0.0@@150000,15.0.0@@150000
ğŸ§ ,<a href='https://huggingface.co/ibm-granite/granite-7b-base'>ibm-granite/granite-7b-base (few-shot)</a>,2.59@@2.59,6738415616.0,32000.0,2048.0,âœ“,âœ—,66.41 Â± 0.85 / 65.96 Â± 2.20@@66.41077940032125,47.76 Â± 2.72 / 44.84 Â± 2.71@@47.7605290452345,5.76 Â± 1.50 / 50.36 Â± 2.34@@5.764535472744324,81.54 Â± 1.06 / 70.34 Â± 1.81@@81.5380989237767,12.10.5@@121005,12.10.5@@121005,12.10.5@@121005,12.10.5@@121005
ğŸ§ ,<a href='https://huggingface.co/ibm-granite/granite-3.0-3b-a800m-base'>ibm-granite/granite-3.0-3b-a800m-base (few-shot)</a>,2.60@@2.60,3374286336.0,49152.0,4096.0,âœ“,âœ—,65.82 Â± 1.36 / 66.60 Â± 0.79@@65.81740733217683,45.55 Â± 4.09 / 38.34 Â± 2.43@@45.5494334623347,13.07 Â± 2.14 / 53.41 Â± 2.66@@13.067416914091034,76.11 Â± 2.95 / 64.37 Â± 3.87@@76.11024617442794,15.1.0@@150100,15.1.0@@150100,15.1.0@@150100,15.1.0@@150100
ğŸ§ ,<a href='https://huggingface.co/stabilityai/stablelm-2-1_6b'>stabilityai/stablelm-2-1_6b (few-shot)</a>,2.61@@2.61,1644515328.0,100352.0,4096.0,âœ“,âœ—,64.69 Â± 1.33 / 57.60 Â± 0.63@@64.68630771900081,47.50 Â± 1.70 / 41.85 Â± 1.68@@47.4991591289172,8.01 Â± 1.97 / 51.78 Â± 1.65@@8.00996309230845,80.90 Â± 0.72 / 71.81 Â± 1.05@@80.90104561031691,12.10.8@@121008,12.10.8@@121008,12.10.8@@121008,12.10.8@@121008
ğŸ”,<a href='https://huggingface.co/Geotrend/distilbert-base-25lang-cased'>Geotrend/distilbert-base-25lang-cased</a>,2.61@@2.61,108867577.0,84985.0,512.0,âœ“,âœ—,36.77 Â± 1.52 / 45.15 Â± 0.60@@36.76830271850987,87.08 Â± 0.62 / 87.08 Â± 0.57@@87.08107703304842,37.10 Â± 1.79 / 67.20 Â± 1.15@@37.09944275106337,37.98 Â± 0.63 / 26.99 Â± 0.77@@37.982885438325056,12.6.1@@120601,12.6.1@@120601,12.6.1@@120601,12.6.1@@120601
ğŸ§ ,<a href='https://huggingface.co/TrustLLMeu/baseline-7-8b_2-3t-tokens_llama'>TrustLLMeu/baseline-7-8b_2-3t-tokens_llama (few-shot)</a>,2.62@@2.62,7799574528.0,100096.0,4096.0,âœ“,âœ—,64.18 Â± 1.29 / 63.37 Â± 0.99@@64.18152138387676,49.13 Â± 4.99 / 46.42 Â± 4.35@@49.126974362082734,8.25 Â± 2.90 / 46.19 Â± 3.48@@8.248579141438984,79.20 Â± 1.69 / 68.55 Â± 1.87@@79.19839152190181,15.0.0@@150000,15.0.0@@150000,15.0.0@@150000,15.0.0@@150000
ğŸ¤”,<a href='https://huggingface.co/deepseek-ai/DeepSeek-R1-Distill-Llama-8B'>deepseek-ai/DeepSeek-R1-Distill-Llama-8B (few-shot)</a>,2.64@@2.64,8030261248.0,128256.0,131072.0,âœ“,âœ—,57.30 Â± 1.24 / 65.52 Â± 0.91@@57.29669611737339,62.04 Â± 1.83 / 55.80 Â± 1.72@@62.039036801560265,24.60 Â± 1.45 / 60.24 Â± 1.18@@24.60023518442,51.58 Â± 2.18 / 25.40 Â± 2.91@@51.58142914655222,15.0.0@@150000,15.0.0@@150000,15.0.0@@150000,15.0.0@@150000
ğŸ§ ,<a href='https://huggingface.co/MaLA-LM/emma-500-llama2-7b'>MaLA-LM/emma-500-llama2-7b (few-shot)</a>,2.65@@2.65,6738415616.0,32000.0,4096.0,âœ“,âœ—,62.76 Â± 1.78 / 66.66 Â± 1.73@@62.75703739996816,41.74 Â± 4.37 / 38.93 Â± 3.85@@41.744639569647276,8.23 Â± 2.10 / 46.83 Â± 3.62@@8.22672383445953,83.69 Â± 0.84 / 74.57 Â± 1.12@@83.69063836169641,15.2.0.dev0@@150200,15.2.0.dev0@@150200,15.2.0.dev0@@150200,15.2.0.dev0@@150200
ğŸ“,"<a href='https://docs.anthropic.com/en/docs/about-claude/models/all-models'>claude-3-5-haiku-20241022 (zero-shot, val)</a>",2.66@@2.66,,,200000.0,âœ“,âœ—,31.19 Â± 2.30 / 44.96 Â± 1.92@@31.193475865355698,74.35 Â± 1.24 / 63.12 Â± 1.09@@74.35155201178321,21.76 Â± 3.56 / 59.95 Â± 1.92@@21.755792764437984,74.84 Â± 0.76 / 45.70 Â± 1.03@@74.84236088218707,14.0.2@@140002,14.0.3@@140003,14.0.3@@140003,14.0.3@@140003
ğŸ§ ,<a href='https://huggingface.co/allenai/OLMo-1.7-7B-hf'>allenai/OLMo-1.7-7B-hf (few-shot)</a>,2.66@@2.66,6888095744.0,50304.0,4096.0,âœ“,âœ—,66.43 Â± 0.78 / 57.25 Â± 0.33@@66.42988655164156,41.02 Â± 3.86 / 40.03 Â± 2.56@@41.020480830653774,5.17 Â± 1.55 / 37.03 Â± 2.40@@5.172215551765887,85.31 Â± 0.82 / 76.04 Â± 0.97@@85.30992316107896,12.10.4@@121004,12.10.5@@121005,12.10.4@@121004,12.10.5@@121005
ğŸ“,<a href='https://huggingface.co/ibm-granite/granite-3.0-1b-a400m-instruct'>ibm-granite/granite-3.0-1b-a400m-instruct (few-shot)</a>,2.67@@2.67,1334628352.0,49155.0,4096.0,âœ“,âœ—,63.47 Â± 0.73 / 60.77 Â± 1.39@@63.4657865146212,46.26 Â± 3.26 / 40.49 Â± 2.54@@46.259019265083104,13.17 Â± 1.60 / 54.31 Â± 1.93@@13.174664409167752,72.97 Â± 0.96 / 59.32 Â± 1.48@@72.96539974843787,13.2.0@@130200,13.2.0@@130200,13.2.0@@130200,13.2.0@@130200
ğŸ“,<a href='https://huggingface.co/HuggingFaceTB/SmolLM2-1.7B-Instruct'>HuggingFaceTB/SmolLM2-1.7B-Instruct (few-shot)</a>,2.68@@2.68,1711376384.0,49152.0,8192.0,âœ“,âœ—,60.57 Â± 1.49 / 67.84 Â± 0.91@@60.56695192920879,42.67 Â± 2.29 / 35.45 Â± 1.21@@42.665581581381836,17.75 Â± 2.27 / 55.65 Â± 3.44@@17.750006162877245,72.26 Â± 0.98 / 58.69 Â± 1.11@@72.25971457585965,15.1.0@@150100,15.1.0@@150100,15.1.0@@150100,15.1.0@@150100
ğŸ“,<a href='https://huggingface.co/AI-Sweden-Models/gpt-sw3-20b-instruct'>AI-Sweden-Models/gpt-sw3-20b-instruct (few-shot)</a>,2.69@@2.69,20918423552.0,64000.0,2048.0,âœ“,âœ—,65.58 Â± 1.59 / 57.86 Â± 1.13@@65.58029301561092,39.21 Â± 1.52 / 34.08 Â± 1.88@@39.20816416723184,7.82 Â± 1.43 / 51.19 Â± 1.75@@7.8183522919124115,83.08 Â± 1.30 / 72.25 Â± 2.19@@83.07827040150495,9.3.1@@90301,9.3.1@@90301,9.3.1@@90301,9.3.1@@90301
ğŸ“,<a href='https://huggingface.co/Qwen/Qwen1.5-1.8B'>Qwen/Qwen1.5-1.8B (few-shot)</a>,2.70@@2.70,1836828672.0,151936.0,32768.0,âœ“,âœ—,64.34 Â± 1.18 / 62.90 Â± 1.36@@64.33643964108185,37.22 Â± 3.24 / 34.07 Â± 3.11@@37.22371507373219,15.30 Â± 1.17 / 55.67 Â± 1.16@@15.298859903744649,75.79 Â± 0.97 / 64.41 Â± 1.29@@75.79274879895051,10.0.1@@100001,12.5.2@@120502,12.1.0@@120100,12.1.0@@120100
ğŸ“,<a href='https://huggingface.co/meta-llama/Llama-3.2-1B-Instruct'>meta-llama/Llama-3.2-1B-Instruct (few-shot)</a>,2.72@@2.72,1235814400.0,128256.0,131073.0,âœ“,âœ—,59.46 Â± 1.16 / 65.61 Â± 1.08@@59.4612202979224,56.41 Â± 1.79 / 52.05 Â± 1.57@@56.40954100345935,8.36 Â± 0.71 / 49.50 Â± 2.90@@8.356607825305428,67.95 Â± 2.10 / 47.26 Â± 3.09@@67.950968018329,13.0.0@@130000,13.0.0@@130000,13.0.0@@130000,13.0.0@@130000
ğŸ§ ,<a href='https://huggingface.co/TrustLLMeu/baseline-7-8b_1t-tokens_llama'>TrustLLMeu/baseline-7-8b_1t-tokens_llama (few-shot)</a>,2.74@@2.74,7799574528.0,100096.0,4096.0,âœ“,âœ—,57.89 Â± 2.69 / 64.47 Â± 1.33@@57.891019161781756,45.74 Â± 3.17 / 43.28 Â± 3.05@@45.741396730786406,9.65 Â± 1.68 / 51.33 Â± 1.92@@9.647916912253281,76.80 Â± 1.35 / 66.04 Â± 1.37@@76.80452028973794,15.0.0.dev0@@150000,15.1.0@@150100,15.1.0@@150100,15.1.0@@150100
ğŸ“,<a href='https://huggingface.co/occiglot/occiglot-7b-eu5-instruct'>occiglot/occiglot-7b-eu5-instruct (few-shot)</a>,2.75@@2.75,7241748480.0,32002.0,4096.0,âœ—,âœ—,61.40 Â± 2.17 / 69.69 Â± 1.49@@61.402386160138,58.58 Â± 3.03 / 50.61 Â± 1.74@@58.57836323223633,23.07 Â± 2.08 / 60.88 Â± 1.03@@23.067667473695398,38.12 Â± 2.17 / 0.05 Â± 0.04@@38.117882467475866,15.0.0@@150000,15.0.0@@150000,15.0.0@@150000,15.0.0@@150000
ğŸ§ ,<a href='https://huggingface.co/AI-Sweden-Models/gpt-sw3-20b'>AI-Sweden-Models/gpt-sw3-20b (few-shot)</a>,2.75@@2.75,20918423552.0,64000.0,2048.0,âœ“,âœ—,62.10 Â± 1.09 / 55.05 Â± 0.56@@62.101259551000766,44.13 Â± 4.41 / 40.48 Â± 3.51@@44.13274591681124,6.95 Â± 1.48 / 49.78 Â± 2.37@@6.946458305835322,77.21 Â± 1.02 / 65.01 Â± 1.46@@77.2088913398789,14.3.0@@140300,14.3.0@@140300,14.3.0@@140300,14.3.0@@140300
ğŸ§ ,<a href='https://huggingface.co/Qwen/Qwen2.5-Math-7B'>Qwen/Qwen2.5-Math-7B (few-shot)</a>,2.76@@2.76,7615616512.0,152064.0,4096.0,âœ“,âœ—,57.13 Â± 1.88 / 64.48 Â± 1.17@@57.130734467155385,57.13 Â± 3.16 / 46.11 Â± 2.18@@57.12806384971698,29.99 Â± 2.01 / 64.25 Â± 1.13@@29.99394288056386,35.84 Â± 6.89 / 12.08 Â± 7.69@@35.84450430930544,15.1.0@@150100,15.1.0@@150100,15.1.0@@150100,15.1.0@@150100
ğŸ“,<a href='https://huggingface.co/tiiuae/Falcon3-1B-Instruct'>tiiuae/Falcon3-1B-Instruct (few-shot)</a>,2.78@@2.78,1669408768.0,131072.0,8192.0,âœ“,âœ—,54.47 Â± 1.37 / 64.39 Â± 0.56@@54.469992225819965,43.00 Â± 1.94 / 39.96 Â± 1.87@@43.00364561255301,17.44 Â± 1.67 / 50.79 Â± 2.44@@17.436468869722155,70.06 Â± 0.79 / 53.15 Â± 1.38@@70.05640697176162,14.1.2@@140102,14.1.2@@140102,14.1.2@@140102,14.1.2@@140102
ğŸ§ ,<a href='https://huggingface.co/google/gemma-2-2b'>google/gemma-2-2b (few-shot)</a>,2.79@@2.79,2614341888.0,256000.0,8193.0,âœ“,âœ—,66.28 Â± 0.84 / 65.60 Â± 1.23@@66.27931214026287,30.82 Â± 4.46 / 27.49 Â± 3.87@@30.82418819898292,10.09 Â± 2.52 / 48.92 Â± 3.34@@10.088771911478293,78.21 Â± 2.16 / 64.96 Â± 3.77@@78.206414181933,13.0.0@@130000,13.0.0@@130000,13.0.0@@130000,13.0.0@@130000
ğŸ“,<a href='https://huggingface.co/Qwen/Qwen1.5-1.8B-Chat'>Qwen/Qwen1.5-1.8B-Chat (few-shot)</a>,2.85@@2.85,1836828672.0,151936.0,32768.0,âœ—,âœ—,55.33 Â± 1.77 / 64.53 Â± 0.70@@55.33237524769212,40.89 Â± 2.63 / 37.44 Â± 2.39@@40.89333233545186,11.23 Â± 1.81 / 52.85 Â± 2.65@@11.233755772434659,74.24 Â± 0.82 / 60.69 Â± 1.44@@74.23662032859507,11.0.0@@110000,12.5.2@@120502,12.1.0@@120100,12.5.0@@120500
ğŸ“,<a href='https://ollama.com/library/gemma3:1b'>ollama_chat/gemma3:1b (few-shot)</a>,2.87@@2.87,,,,âœ“,âœ—,55.34 Â± 1.06 / 59.73 Â± 0.90@@55.34490075147927,41.61 Â± 2.15 / 36.21 Â± 1.27@@41.613057125145566,16.97 Â± 1.44 / 57.16 Â± 1.03@@16.965614340624345,66.70 Â± 0.94 / 50.32 Â± 1.27@@66.70405246904822,15.2.0.dev0@@150200,15.2.0.dev0@@150200,15.2.0.dev0@@150200,15.3.1@@150301
ğŸ§ ,<a href='https://huggingface.co/HuggingFaceTB/SmolLM2-1.7B'>HuggingFaceTB/SmolLM2-1.7B (few-shot)</a>,2.88@@2.88,1711376384.0,49152.0,8192.0,âœ“,âœ—,59.85 Â± 1.69 / 66.43 Â± 1.06@@59.848953701844735,38.53 Â± 3.35 / 36.24 Â± 3.25@@38.528353281974304,10.67 Â± 2.29 / 50.96 Â± 4.60@@10.665943946215414,68.22 Â± 2.94 / 57.22 Â± 3.19@@68.22127467601186,15.1.0@@150100,15.1.0@@150100,15.1.0@@150100,15.1.0@@150100
ğŸ§ ,<a href='https://huggingface.co/LumiOpen/Viking-13B'>LumiOpen/Viking-13B (few-shot)</a>,2.89@@2.89,14030361600.0,131072.0,4097.0,âœ“,âœ—,59.90 Â± 4.98 / 54.05 Â± 2.70@@59.90013615125419,42.78 Â± 4.24 / 40.64 Â± 2.84@@42.779438600865795,5.68 Â± 1.91 / 50.82 Â± 2.18@@5.678383594092685,68.97 Â± 1.86 / 58.52 Â± 1.88@@68.97323207299786,12.10.5@@121005,12.10.5@@121005,12.10.5@@121005,12.10.5@@121005
ğŸ“,<a href='https://huggingface.co/google/gemma-7b-it'>google/gemma-7b-it (few-shot)</a>,2.92@@2.92,8537680896.0,256000.0,8192.0,âœ—,âœ—,60.84 Â± 2.35 / 63.61 Â± 1.52@@60.836847223840905,59.05 Â± 2.12 / 53.41 Â± 1.93@@59.04932938737908,25.26 Â± 1.26 / 60.69 Â± 1.21@@25.261112757856026,21.93 Â± 1.21 / 3.44 Â± 1.33@@21.92851736246901,15.0.0@@150000,15.0.0@@150000,15.0.0.dev0@@150000,15.0.0.dev0@@150000
ğŸ“,<a href='https://huggingface.co/BSC-LT/salamandra-2b-instruct'>BSC-LT/salamandra-2b-instruct (few-shot)</a>,2.94@@2.94,2253490176.0,256000.0,8192.0,âœ“,âœ—,59.30 Â± 1.75 / 59.91 Â± 1.21@@59.302612886642414,39.39 Â± 2.37 / 37.30 Â± 2.19@@39.389670534957794,3.45 Â± 1.09 / 48.12 Â± 3.11@@3.4511388599856687,70.17 Â± 1.03 / 53.00 Â± 1.78@@70.16628389001946,14.4.0@@140400,14.4.0@@140400,14.4.0@@140400,14.4.0@@140400
ğŸ“,<a href='https://huggingface.co/google/gemma-2b-it'>google/gemma-2b-it (few-shot)</a>,2.95@@2.95,2506172416.0,256000.0,8192.0,âœ—,âœ—,51.86 Â± 2.95 / 57.11 Â± 1.92@@51.864295971063676,40.05 Â± 2.56 / 33.77 Â± 1.94@@40.05091773671894,5.83 Â± 1.52 / 50.74 Â± 1.73@@5.825272464598743,76.59 Â± 0.77 / 63.77 Â± 1.40@@76.59369190824944,15.0.0@@150000,12.5.2@@120502,12.1.0@@120100,12.4.0@@120400
ğŸ§ ,<a href='https://huggingface.co/allenai/OLMo-7B'>allenai/OLMo-7B (few-shot)</a>,2.98@@2.98,6888095744.0,50280.0,2051.0,âœ“,âœ—,60.70 Â± 1.80 / 66.82 Â± 1.12@@60.69783177822939,38.23 Â± 3.10 / 36.38 Â± 2.60@@38.23287587216478,-0.19 Â± 2.28 / 38.77 Â± 3.32@@-0.19436242771996587,73.71 Â± 1.57 / 61.93 Â± 1.98@@73.7097186742914,12.5.2@@120502,12.5.2@@120502,12.5.2@@120502,12.5.2@@120502
ğŸ§ ,<a href='https://huggingface.co/VAGOsolutions/SauerkrautLM-Gemma-2b'>VAGOsolutions/SauerkrautLM-Gemma-2b (few-shot)</a>,3.02@@3.02,2506172416.0,256000.0,8192.0,âœ—,âœ—,61.91 Â± 2.08 / 67.80 Â± 1.12@@61.90628247201576,23.28 Â± 6.45 / 21.81 Â± 5.61@@23.27856132854233,6.92 Â± 2.36 / 44.29 Â± 3.87@@6.92143627203733,76.60 Â± 0.51 / 64.68 Â± 1.06@@76.60475943178524,12.6.1@@120601,12.6.1@@120601,12.6.1@@120601,12.6.1@@120601
ğŸ§ ,<a href='https://huggingface.co/ibm-granite/granite-3.0-1b-a400m-base'>ibm-granite/granite-3.0-1b-a400m-base (few-shot)</a>,3.02@@3.02,1384956928.0,49152.0,4096.0,âœ“,âœ—,64.13 Â± 1.51 / 56.76 Â± 0.96@@64.12890493963961,29.84 Â± 4.45 / 28.13 Â± 3.61@@29.836286367375813,3.99 Â± 1.63 / 43.68 Â± 3.91@@3.990527860713433,65.95 Â± 1.64 / 55.74 Â± 1.72@@65.95421655237489,13.2.0@@130200,13.2.0@@130200,13.2.0@@130200,13.2.0@@130200
ğŸ§ ,<a href='https://huggingface.co/allenai/OLMo-7B-Twin-2T'>allenai/OLMo-7B-Twin-2T (few-shot)</a>,3.04@@3.04,6888095744.0,50280.0,2051.0,âœ“,âœ—,56.91 Â± 2.41 / 66.15 Â± 1.54@@56.908353984412194,25.36 Â± 8.05 / 24.05 Â± 7.34@@25.364718570398825,7.10 Â± 2.89 / 49.36 Â± 4.03@@7.1023805478002755,70.37 Â± 4.71 / 58.60 Â± 5.37@@70.37494246642291,12.5.2@@120502,12.5.2@@120502,12.5.2@@120502,12.5.2@@120502
ğŸ§ ,<a href='https://huggingface.co/NorwAI/NorwAI-Llama2-7B'>NorwAI/NorwAI-Llama2-7B (few-shot)</a>,3.04@@3.04,7033270272.0,67993.0,4096.0,âœ“,âœ—,63.60 Â± 2.87 / 58.50 Â± 1.25@@63.60406167982754,38.51 Â± 3.33 / 38.08 Â± 2.64@@38.50906704447816,2.23 Â± 1.32 / 34.15 Â± 0.60@@2.2323511645010257,59.52 Â± 2.98 / 45.44 Â± 3.61@@59.51906444690908,12.10.4@@121004,12.10.4@@121004,12.10.4@@121004,12.10.4@@121004
ğŸ§ ,<a href='https://huggingface.co/google/gemma-2b'>google/gemma-2b (few-shot)</a>,3.04@@3.04,2506172416.0,256000.0,8192.0,âœ“,âœ—,58.97 Â± 3.06 / 66.69 Â± 1.70@@58.97453593227886,19.65 Â± 5.96 / 18.64 Â± 5.49@@19.64939566955733,8.30 Â± 1.63 / 45.01 Â± 3.82@@8.298977661247012,77.75 Â± 0.63 / 66.30 Â± 1.42@@77.74921050240599,15.0.0@@150000,12.5.2@@120502,12.1.0@@120100,12.1.0@@120100
ğŸ§ ,<a href='https://huggingface.co/NorwAI/NorwAI-Mistral-7B'>NorwAI/NorwAI-Mistral-7B (few-shot)</a>,3.05@@3.05,7536586752.0,67993.0,4096.0,âœ“,âœ—,56.87 Â± 8.16 / 59.62 Â± 5.61@@56.87349391700018,35.84 Â± 5.12 / 35.76 Â± 4.29@@35.84162530756692,3.08 Â± 2.98 / 40.66 Â± 4.63@@3.0788958716528163,66.64 Â± 1.58 / 52.77 Â± 1.53@@66.64454513513121,12.10.4@@121004,12.10.4@@121004,12.10.4@@121004,12.10.4@@121004
ğŸ“,"<a href='https://platform.openai.com/docs/models/gpt-4-turbo'>gpt-4-turbo-2024-04-09 (few-shot, val)</a>",3.05@@3.05,,100256.0,128000.0,âœ“,âœ—,11.32 Â± 3.91 / 24.19 Â± 2.15@@11.31973093571635,82.27 Â± 1.19 / 72.85 Â± 2.42@@82.26504863457775,-3.89 Â± 4.76 / 40.09 Â± 1.96@@-3.8875399464221165,84.30 Â± 0.72 / 66.59 Â± 1.28@@84.29822872654626,12.10.0@@121000,12.10.0@@121000,12.10.0@@121000,12.10.0@@121000
ğŸ§ ,<a href='https://huggingface.co/meta-llama/Llama-3.2-1B'>meta-llama/Llama-3.2-1B (few-shot)</a>,3.09@@3.09,1235814400.0,128256.0,131073.0,âœ“,âœ—,54.40 Â± 2.92 / 64.38 Â± 2.10@@54.39587391796944,35.08 Â± 5.88 / 32.44 Â± 4.89@@35.084012947818756,2.97 Â± 0.84 / 45.05 Â± 4.18@@2.9696638626429324,71.04 Â± 1.83 / 58.30 Â± 2.84@@71.0426050438733,13.0.0@@130000,13.0.0@@130000,13.0.0@@130000,13.0.0@@130000
ğŸ”,<a href='https://huggingface.co/microsoft/xlm-align-base'>microsoft/xlm-align-base</a>,3.10@@3.10,278045955.0,250002.0,512.0,âœ“,âœ—,11.09 Â± 10.39 / 33.19 Â± 4.75@@11.092235055086338,88.62 Â± 0.53 / 88.44 Â± 0.46@@88.6192152159726,8.46 Â± 2.34 / 51.98 Â± 2.86@@8.463898881474188,62.02 Â± 1.77 / 49.64 Â± 1.94@@62.0187731479319,12.6.1@@120601,12.6.1@@120601,12.6.1@@120601,12.6.1@@120601
ğŸ§ ,<a href='https://huggingface.co/infly/OpenCoder-8B-Base'>infly/OpenCoder-8B-Base (few-shot)</a>,3.12@@3.12,7771263040.0,96640.0,8192.0,âœ“,âœ—,50.61 Â± 2.24 / 61.28 Â± 1.17@@50.61496827848276,62.36 Â± 1.55 / 52.40 Â± 1.96@@62.35595447346702,9.67 Â± 2.12 / 52.37 Â± 3.34@@9.672173273035833,34.18 Â± 2.69 / 0.16 Â± 0.10@@34.17802804825008,14.4.0@@140400,14.4.0@@140400,14.4.0@@140400,15.0.0@@150000
ğŸ§ ,<a href='https://huggingface.co/utter-project/EuroLLM-1.7B'>utter-project/EuroLLM-1.7B (few-shot)</a>,3.16@@3.16,,128000.0,4096.0,âœ“,âœ—,53.99 Â± 3.43 / 59.53 Â± 1.03@@53.985526728770985,35.44 Â± 2.83 / 33.87 Â± 2.58@@35.442814604610305,2.23 Â± 2.14 / 43.30 Â± 4.68@@2.2252346356412738,67.38 Â± 1.20 / 55.55 Â± 1.41@@67.37922876428857,15.1.0@@150100,15.1.0@@150100,15.1.0@@150100,15.1.0@@150100
ğŸ§ ,<a href='https://huggingface.co/OpenLLM-France/Lucie-7B'>OpenLLM-France/Lucie-7B (few-shot)</a>,3.17@@3.17,6706960384.0,65024.0,32000.0,âœ“,âœ—,60.54 Â± 2.70 / 65.28 Â± 1.75@@60.53798140753381,47.32 Â± 2.40 / 43.81 Â± 2.19@@47.3225258811787,11.18 Â± 1.40 / 50.80 Â± 3.50@@11.178103099686245,32.42 Â± 1.35 / 0.00 Â± 0.00@@32.4177382982313,14.4.0@@140400,14.4.0@@140400,14.4.0@@140400,14.4.0@@140400
ğŸ“,<a href='https://huggingface.co/timpal0l/Mistral-7B-v0.1-flashback-v2'>timpal0l/Mistral-7B-v0.1-flashback-v2 (few-shot)</a>,3.18@@3.18,7241732096.0,32000.0,4096.0,âœ“,âœ—,61.38 Â± 1.56 / 67.42 Â± 0.91@@61.37869621655629,51.45 Â± 2.54 / 43.83 Â± 1.81@@51.4454350042979,8.13 Â± 2.03 / 49.78 Â± 3.45@@8.13415207151174,27.21 Â± 2.89 / 0.26 Â± 0.31@@27.212554179661815,15.1.0@@150100,15.1.0@@150100,15.1.0@@150100,15.1.0@@150100
ğŸ“,<a href='https://huggingface.co/Qwen/Qwen1.5-0.5B'>Qwen/Qwen1.5-0.5B (few-shot)</a>,3.18@@3.18,619570176.0,151936.0,32768.0,âœ“,âœ—,57.15 Â± 2.35 / 52.82 Â± 1.40@@57.151936317539295,37.51 Â± 1.56 / 33.24 Â± 2.24@@37.50721409370712,2.94 Â± 2.00 / 44.53 Â± 3.65@@2.943176817761557,55.17 Â± 1.29 / 42.57 Â± 1.97@@55.170400667783916,10.0.1@@100001,12.5.2@@120502,12.1.0@@120100,12.1.0@@120100
ğŸ“,<a href='https://huggingface.co/Qwen/Qwen1.5-0.5B-Chat'>Qwen/Qwen1.5-0.5B-Chat (few-shot)</a>,3.18@@3.18,619570176.0,151936.0,32768.0,âœ—,âœ—,55.41 Â± 2.17 / 54.48 Â± 1.65@@55.411499294037995,33.86 Â± 2.16 / 32.80 Â± 2.21@@33.85701765403287,1.15 Â± 1.81 / 34.47 Â± 1.12@@1.1460360379617835,64.09 Â± 1.26 / 53.34 Â± 1.21@@64.08551275187344,11.0.0@@110000,12.5.2@@120502,12.1.0@@120100,12.5.0@@120500
ğŸ§ ,<a href='https://huggingface.co/BSC-LT/salamandra-2b'>BSC-LT/salamandra-2b (few-shot)</a>,3.19@@3.19,2253490176.0,256000.0,8192.0,âœ“,âœ—,42.48 Â± 5.07 / 46.33 Â± 3.85@@42.48318723918353,40.16 Â± 2.97 / 39.39 Â± 3.07@@40.16366978753144,2.14 Â± 1.92 / 43.46 Â± 4.27@@2.142466000290567,66.18 Â± 1.81 / 55.04 Â± 1.75@@66.18268874256218,14.4.0@@140400,14.4.0@@140400,14.4.0@@140400,14.4.0@@140400
ğŸ”,<a href='https://huggingface.co/dbmdz/bert-base-historic-multilingual-cased'>dbmdz/bert-base-historic-multilingual-cased</a>,3.20@@3.20,111243522.0,32000.0,512.0,âœ“,âœ—,12.42 Â± 9.17 / 33.80 Â± 4.31@@12.422191896387039,77.64 Â± 0.74 / 79.56 Â± 0.53@@77.64142573413359,13.65 Â± 6.22 / 53.84 Â± 2.20@@13.649695322924124,45.71 Â± 0.70 / 33.29 Â± 0.96@@45.70904641838742,12.6.1@@120601,12.6.1@@120601,12.6.1@@120601,12.6.1@@120601
ğŸ”,<a href='https://huggingface.co/EuropeanParliament/EUBERT'>EuropeanParliament/EUBERT</a>,3.20@@3.20,93990500.0,65636.0,512.0,âœ“,âœ—,17.53 Â± 2.21 / 38.67 Â± 1.90@@17.531900310002506,71.43 Â± 0.88 / 71.51 Â± 0.79@@71.42590365595353,23.93 Â± 5.87 / 59.48 Â± 3.40@@23.926248279403698,42.98 Â± 0.49 / 31.01 Â± 0.89@@42.97559466160375,12.6.1@@120601,12.6.1@@120601,12.6.1@@120601,12.6.1@@120601
ğŸ”,<a href='https://huggingface.co/sentence-transformers/quora-distilbert-multilingual'>sentence-transformers/quora-distilbert-multilingual</a>,3.22@@3.22,134734080.0,119547.0,512.0,âœ“,âœ—,50.69 Â± 1.19 / 50.90 Â± 0.50@@50.690705284589896,81.71 Â± 0.66 / 82.33 Â± 0.53@@81.71104191850412,2.16 Â± 1.58 / 49.99 Â± 1.47@@2.1632802532698117,11.99 Â± 0.62 / 4.19 Â± 0.69@@11.994004177782319,12.6.1@@120601,12.6.1@@120601,12.6.1@@120601,12.6.1@@120601
ğŸ”,<a href='https://huggingface.co/sentence-transformers/distilbert-multilingual-nli-stsb-quora-ranking'>sentence-transformers/distilbert-multilingual-nli-stsb-quora-ranking</a>,3.22@@3.22,134734080.0,119547.0,512.0,âœ“,âœ—,50.69 Â± 1.19 / 50.90 Â± 0.50@@50.690705284589896,81.71 Â± 0.66 / 82.33 Â± 0.53@@81.71104191850412,2.16 Â± 1.58 / 49.99 Â± 1.47@@2.1632802532698117,11.93 Â± 0.61 / 4.16 Â± 0.71@@11.927950119618353,12.6.1@@120601,12.6.1@@120601,12.6.1@@120601,12.6.1@@120601
ğŸ“,<a href='https://huggingface.co/HuggingFaceTB/SmolLM2-360M-Instruct'>HuggingFaceTB/SmolLM2-360M-Instruct (few-shot)</a>,3.22@@3.22,361821120.0,49152.0,8192.0,âœ“,âœ—,59.51 Â± 3.73 / 54.82 Â± 2.43@@59.511254308920925,30.73 Â± 4.30 / 29.47 Â± 4.10@@30.72578277804187,1.55 Â± 1.90 / 43.18 Â± 5.08@@1.553474017359426,60.00 Â± 1.53 / 49.03 Â± 1.47@@59.99992188285555,13.1.0@@130100,13.1.0@@130100,13.1.0@@130100,13.1.0@@130100
ğŸ“,<a href='https://huggingface.co/openGPT-X/Teuken-7B-instruct-research-v0.4'>openGPT-X/Teuken-7B-instruct-research-v0.4 (few-shot)</a>,3.24@@3.24,7452725248.0,250680.0,4096.0,âœ—,âœ—,27.52 Â± 3.38 / 31.81 Â± 3.98@@27.520026123785012,50.73 Â± 2.64 / 38.64 Â± 1.60@@50.72554833843028,2.96 Â± 2.64 / 35.23 Â± 1.82@@2.9640238762847955,76.38 Â± 1.18 / 63.42 Â± 1.34@@76.37892306704819,14.0.4@@140004,14.0.4@@140004,14.0.4@@140004,14.0.4@@140004
ğŸ§ ,<a href='https://huggingface.co/state-spaces/mamba-2.8b-hf'>state-spaces/mamba-2.8b-hf (few-shot)</a>,3.25@@3.25,2768345600.0,50280.0,32769.0,âœ“,âœ—,66.55 Â± 0.72 / 58.18 Â± 0.62@@66.54994534489973,28.63 Â± 4.74 / 27.07 Â± 4.13@@28.625101419451997,1.47 Â± 1.57 / 45.89 Â± 2.92@@1.4738088936373253,47.83 Â± 2.25 / 35.00 Â± 2.01@@47.83358501955324,13.0.0@@130000,13.0.0@@130000,13.0.0@@130000,13.0.0@@130000
ğŸ§ ,<a href='https://huggingface.co/allenai/OLMo-1B'>allenai/OLMo-1B (few-shot)</a>,3.27@@3.27,1176764416.0,50280.0,2051.0,âœ“,âœ—,60.05 Â± 3.94 / 56.18 Â± 1.90@@60.04671819689933,26.47 Â± 6.25 / 28.27 Â± 5.35@@26.4725153315839,0.72 Â± 1.90 / 42.84 Â± 3.50@@0.7217744360123941,55.59 Â± 2.44 / 43.87 Â± 2.49@@55.592801243414065,12.1.0@@120100,12.5.2@@120502,12.1.0@@120100,12.1.0@@120100
ğŸ§ ,<a href='https://huggingface.co/PleIAs/Pleias-1.2b-Preview'>PleIAs/Pleias-1.2b-Preview (few-shot)</a>,3.29@@3.29,1195468800.0,65536.0,2048.0,âœ“,âœ—,47.89 Â± 3.76 / 56.99 Â± 2.11@@47.8939844228717,40.45 Â± 3.27 / 37.90 Â± 2.99@@40.45454748535167,0.28 Â± 1.01 / 44.40 Â± 3.07@@0.2775992598346737,53.01 Â± 2.47 / 42.22 Â± 2.16@@53.0144290268021,14.1.2@@140102,14.0.4@@140004,14.1.2@@140102,14.3.0@@140300
ğŸ”,<a href='https://huggingface.co/sentence-transformers/paraphrase-multilingual-MiniLM-L12-v2'>sentence-transformers/paraphrase-multilingual-MiniLM-L12-v2</a>,3.30@@3.30,117654272.0,250037.0,512.0,âœ“,âœ—,53.10 Â± 1.18 / 51.88 Â± 0.50@@53.096672156731195,77.50 Â± 0.54 / 78.82 Â± 0.48@@77.49768103992038,-0.35 Â± 1.84 / 48.74 Â± 1.43@@-0.34653047116470553,9.98 Â± 0.25 / 3.13 Â± 0.27@@9.979287871031588,12.6.1@@120601,12.6.1@@120601,12.6.1@@120601,12.6.1@@120601
ğŸ§ ,<a href='https://huggingface.co/HuggingFaceTB/SmolLM2-360M'>HuggingFaceTB/SmolLM2-360M (few-shot)</a>,3.33@@3.33,361821120.0,49152.0,8192.0,âœ“,âœ—,43.97 Â± 5.28 / 55.08 Â± 4.26@@43.96869312582868,31.14 Â± 1.79 / 28.54 Â± 0.86@@31.140505484176845,3.49 Â± 2.49 / 46.52 Â± 4.13@@3.485052348712353,60.41 Â± 3.91 / 47.91 Â± 4.97@@60.40882051965055,13.1.0@@130100,13.1.0@@130100,13.1.0@@130100,13.1.0@@130100
ğŸ“,<a href='https://huggingface.co/openGPT-X/Teuken-7B-instruct-commercial-v0.4'>openGPT-X/Teuken-7B-instruct-commercial-v0.4 (few-shot)</a>,3.34@@3.34,7452725248.0,250680.0,4096.0,âœ“,âœ—,24.29 Â± 3.50 / 26.74 Â± 3.81@@24.29214908681366,43.55 Â± 3.34 / 36.02 Â± 2.39@@43.54543449975745,7.23 Â± 2.96 / 48.70 Â± 2.93@@7.227904446468749,71.41 Â± 1.28 / 56.97 Â± 1.53@@71.40755039917516,15.2.0.dev0@@150200,15.2.0.dev0@@150200,15.2.0.dev0@@150200,15.2.0.dev0@@150200
ğŸ“,<a href='https://huggingface.co/utter-project/EuroLLM-1.7B-Instruct'>utter-project/EuroLLM-1.7B-Instruct (few-shot)</a>,3.38@@3.38,1656850432.0,128000.0,4096.0,âœ“,âœ—,35.15 Â± 4.39 / 47.88 Â± 4.49@@35.148674677427394,35.35 Â± 3.75 / 34.36 Â± 3.35@@35.348873701987614,4.31 Â± 1.01 / 43.61 Â± 4.60@@4.308418757222814,67.51 Â± 1.99 / 52.92 Â± 2.04@@67.51201927706511,15.1.0@@150100,15.1.0@@150100,15.1.0@@150100,15.1.0@@150100
ğŸ”,<a href='https://huggingface.co/sentence-transformers/distiluse-base-multilingual-cased'>sentence-transformers/distiluse-base-multilingual-cased</a>,3.61@@3.61,134734080.0,119547.0,512.0,âœ“,âœ—,36.22 Â± 1.39 / 45.80 Â± 1.20@@36.222560760465605,71.90 Â± 1.49 / 74.21 Â± 1.10@@71.901413547309,0.47 Â± 1.65 / 48.67 Â± 1.71@@0.47032049325086056,8.50 Â± 0.20 / 2.44 Â± 0.17@@8.4993534925656,12.6.1@@120601,12.6.1@@120601,12.6.1@@120601,12.6.1@@120601
ğŸ”,<a href='https://huggingface.co/sentence-transformers/distiluse-base-multilingual-cased-v2'>sentence-transformers/distiluse-base-multilingual-cased-v2</a>,3.61@@3.61,134734080.0,119547.0,512.0,âœ“,âœ—,36.22 Â± 1.39 / 45.80 Â± 1.20@@36.222560760465605,71.90 Â± 1.49 / 74.21 Â± 1.10@@71.901413547309,0.47 Â± 1.65 / 48.67 Â± 1.71@@0.47032049325086056,8.51 Â± 0.21 / 2.40 Â± 0.23@@8.510248945630597,12.6.1@@120601,12.6.1@@120601,12.6.1@@120601,12.6.1@@120601
ğŸ§ ,<a href='https://huggingface.co/PleIAs/Pleias-Nano'>PleIAs/Pleias-Nano (few-shot)</a>,3.63@@3.63,1195468800.0,65536.0,2048.0,âœ“,âœ—,45.04 Â± 5.19 / 50.60 Â± 4.14@@45.04197612061667,21.60 Â± 4.23 / 23.22 Â± 3.33@@21.59988086350722,-0.46 Â± 1.47 / 44.56 Â± 3.38@@-0.4631545071564046,51.64 Â± 2.30 / 39.37 Â± 2.21@@51.64120056815917,14.1.2@@140102,14.0.4@@140004,14.1.2@@140102,14.3.0@@140300
ğŸ”,<a href='https://huggingface.co/sentence-transformers/distiluse-base-multilingual-cased-v1'>sentence-transformers/distiluse-base-multilingual-cased-v1</a>,3.64@@3.64,134734080.0,119547.0,512.0,âœ“,âœ—,36.75 Â± 1.28 / 47.80 Â± 1.46@@36.74609352293702,71.33 Â± 0.75 / 73.43 Â± 0.61@@71.33224311171442,0.24 Â± 1.44 / 47.55 Â± 1.59@@0.23791428224014935,9.37 Â± 0.28 / 1.30 Â± 0.31@@9.372632076078567,12.6.1@@120601,12.6.1@@120601,12.6.1@@120601,12.6.1@@120601
ğŸ“,<a href='https://huggingface.co/infly/OpenCoder-1.5B-Instruct'>infly/OpenCoder-1.5B-Instruct (few-shot)</a>,3.70@@3.70,1905650880.0,96640.0,4096.0,âœ—,âœ—,19.57 Â± 4.60 / 34.55 Â± 5.37@@19.571051442040634,50.72 Â± 1.94 / 42.84 Â± 1.95@@50.72160650620212,2.52 Â± 1.89 / 40.62 Â± 4.91@@2.5172807471102443,45.84 Â± 1.33 / 29.61 Â± 1.61@@45.844256391093765,14.4.0@@140400,14.4.0@@140400,14.4.0@@140400,14.4.0@@140400
ğŸ§ ,<a href='https://huggingface.co/PleIAs/Pleias-3b-Preview'>PleIAs/Pleias-3b-Preview (few-shot)</a>,3.76@@3.76,3211926528.0,65536.0,4096.0,âœ“,âœ—,36.35 Â± 7.92 / 45.58 Â± 8.18@@36.34945602300244,27.37 Â± 4.57 / 26.50 Â± 4.52@@27.373181752994956,-0.37 Â± 1.89 / 44.67 Â± 2.86@@-0.37041641613721726,43.59 Â± 2.86 / 35.07 Â± 2.78@@43.59435573148612,14.1.2@@140102,14.0.4@@140004,14.1.2@@140102,14.3.0@@140300
ğŸ”,<a href='https://huggingface.co/dbmdz/bert-tiny-historic-multilingual-cased'>dbmdz/bert-tiny-historic-multilingual-cased</a>,3.81@@3.81,4624642.0,32000.0,512.0,âœ“,âœ—,25.85 Â± 2.01 / 40.72 Â± 0.85@@25.852870278423996,65.85 Â± 0.80 / 68.72 Â± 0.81@@65.84587448005725,1.21 Â± 1.72 / 50.03 Â± 0.84@@1.2096154657532106,11.02 Â± 0.40 / 4.00 Â± 0.55@@11.019634190586626,12.6.1@@120601,12.6.1@@120601,12.6.1@@120601,12.6.1@@120601
ğŸ“,<a href='https://huggingface.co/Qwen/Qwen2.5-Math-1.5B'>Qwen/Qwen2.5-Math-1.5B (few-shot)</a>,3.81@@3.81,1543714304.0,151936.0,4096.0,âœ“,âœ—,38.73 Â± 5.82 / 46.52 Â± 4.29@@38.73098253203376,40.45 Â± 3.95 / 33.36 Â± 2.63@@40.445257387377744,5.42 Â± 2.27 / 46.64 Â± 4.26@@5.4235303847538665,14.67 Â± 0.84 / 0.01 Â± 0.01@@14.668922917725562,15.1.0@@150100,15.1.0@@150100,15.1.0@@150100,15.1.0@@150100
ğŸ“,<a href='https://huggingface.co/RuterNorway/Llama-2-7b-chat-norwegian'>RuterNorway/Llama-2-7b-chat-norwegian (few-shot)</a>,3.92@@3.92,,32000.0,4096.0,âœ—,âœ—,21.95 Â± 6.30 / 33.38 Â± 4.79@@21.952912036649085,18.69 Â± 7.23 / 18.50 Â± 6.51@@18.686631281260212,0.01 Â± 1.91 / 39.40 Â± 3.94@@0.008971964057179725,50.66 Â± 1.90 / 36.51 Â± 2.07@@50.65806411561057,9.3.1@@90301,9.3.1@@90301,9.3.1@@90301,12.5.2@@120502
ğŸ§ ,<a href='https://huggingface.co/PleIAs/Pleias-Pico'>PleIAs/Pleias-Pico (few-shot)</a>,4.05@@4.05,353424384.0,65536.0,2048.0,âœ“,âœ—,27.39 Â± 8.29 / 39.38 Â± 6.65@@27.392836433664534,27.45 Â± 4.13 / 27.11 Â± 3.47@@27.453507830823774,0.31 Â± 1.47 / 39.37 Â± 3.75@@0.30981730892333814,29.50 Â± 1.92 / 17.27 Â± 2.84@@29.504144895900577,14.1.2@@140102,14.0.4@@140004,14.1.2@@140102,14.3.0@@140300
ğŸ§ ,<a href='https://huggingface.co/HuggingFaceTB/SmolLM2-135M'>HuggingFaceTB/SmolLM2-135M (few-shot)</a>,4.07@@4.07,134515008.0,49152.0,8192.0,âœ“,âœ—,26.69 Â± 10.82 / 34.46 Â± 8.00@@26.68715852043736,31.26 Â± 3.84 / 30.44 Â± 3.28@@31.26484114686981,1.78 Â± 1.67 / 43.50 Â± 3.99@@1.7808583250166605,22.49 Â± 2.14 / 13.88 Â± 1.36@@22.49092408283365,13.1.0@@130100,13.1.0@@130100,13.1.0@@130100,13.1.0@@130100
ğŸ“,<a href='https://huggingface.co/HuggingFaceTB/SmolLM2-135M-Instruct'>HuggingFaceTB/SmolLM2-135M-Instruct (few-shot)</a>,4.07@@4.07,134515008.0,49152.0,8192.0,âœ“,âœ—,18.64 Â± 8.52 / 28.83 Â± 5.86@@18.643885065144538,29.96 Â± 3.19 / 28.98 Â± 3.29@@29.959308229522758,1.85 Â± 1.20 / 44.03 Â± 3.98@@1.8457773888528837,36.91 Â± 1.53 / 26.90 Â± 1.56@@36.90561064276248,13.1.0@@130100,13.1.0@@130100,13.1.0@@130100,13.1.0@@130100
ğŸ§ ,<a href='https://huggingface.co/PleIAs/Pleias-350m-Preview'>PleIAs/Pleias-350m-Preview (few-shot)</a>,4.11@@4.11,353424384.0,65536.0,2048.0,âœ“,âœ—,19.13 Â± 9.92 / 33.51 Â± 6.97@@19.12745083834273,31.79 Â± 3.88 / 31.32 Â± 2.81@@31.785272893556275,-0.03 Â± 1.07 / 36.37 Â± 2.34@@-0.03292171084457006,30.94 Â± 2.41 / 21.20 Â± 2.58@@30.942815109141314,14.1.2@@140102,14.0.4@@140004,14.1.2@@140102,14.3.0@@140300
ğŸ”,<a href='https://huggingface.co/3ebdola/Dialectal-Arabic-XLM-R-Base'>3ebdola/Dialectal-Arabic-XLM-R-Base</a>,4.11@@4.11,278045955.0,250002.0,512.0,âœ“,âœ—,1.92 Â± 1.68 / 28.84 Â± 2.38@@1.918983975153625,68.25 Â± 2.50 / 70.44 Â± 2.50@@68.25360358648416,1.08 Â± 1.34 / 47.42 Â± 1.71@@1.0770599754980037,10.00 Â± 0.84 / 2.79 Â± 0.93@@10.000479365357261,12.6.1@@120601,12.6.1@@120601,12.6.1@@120601,12.6.1@@120601
ğŸ§ ,<a href='https://huggingface.co/infly/OpenCoder-1.5B-Base'>infly/OpenCoder-1.5B-Base (few-shot)</a>,4.26@@4.26,1905650960.0,96640.0,4096.0,âœ“,âœ—,5.48 Â± 4.17 / 19.18 Â± 5.58@@5.4765848647802855,45.38 Â± 5.71 / 38.89 Â± 4.70@@45.38098280664492,2.35 Â± 2.49 / 40.02 Â± 3.71@@2.3477648405117084,18.91 Â± 0.99 / 0.14 Â± 0.12@@18.91210458035981,14.4.0@@140400,14.4.0@@140400,14.4.0@@140400,15.0.0@@150000
ğŸ”,fresh-xlm-roberta-base,4.57@@4.57,278045955.0,250002.0,512.0,âœ“,âœ—,4.00 Â± 3.78 / 24.24 Â± 3.94@@3.9966872729731158,34.64 Â± 1.25 / 34.41 Â± 1.49@@34.64105193343289,1.33 Â± 1.00 / 42.07 Â± 4.82@@1.3259997698891566,6.18 Â± 1.24 / 0.43 Â± 0.11@@6.184401783815669,12.6.1@@120601,12.6.1@@120601,12.6.1@@120601,12.6.1@@120601
ğŸ”,fresh-electra-small,4.72@@4.72,13549571.0,30522.0,512.0,âœ“,âœ—,0.58 Â± 1.45 / 20.82 Â± 1.74@@0.584481300206735,30.77 Â± 0.92 / 30.14 Â± 1.03@@30.768432956905222,-0.17 Â± 0.47 / 37.18 Â± 3.93@@-0.1685112455379959,6.16 Â± 0.24 / 0.46 Â± 0.14@@6.162738909935419,12.6.1@@120601,12.6.1@@120601,12.6.1@@120601,12.6.1@@120601
ğŸ§ ,<a href='https://huggingface.co/NorwAI/NorwAI-Mistral-7B-pretrain'>NorwAI/NorwAI-Mistral-7B-pretrain (few-shot)</a>,4.95@@4.95,7536586752.0,67993.0,4096.0,âœ“,âœ—,-1.48 Â± 3.09 / 21.17 Â± 2.22@@-1.479423710706233,12.34 Â± 2.70 / 12.41 Â± 2.54@@12.335255785504293,-0.48 Â± 1.52 / 42.45 Â± 3.99@@-0.4805769917754785,6.31 Â± 0.51 / 0.72 Â± 0.25@@6.314475006140961,12.10.4@@121004,12.10.4@@121004,12.10.4@@121004,12.10.4@@121004
ğŸ§ ,<a href='https://huggingface.co/ai-forever/mGPT'>ai-forever/mGPT (few-shot)</a>,4.95@@4.95,,100000.0,1024.0,âœ“,âœ—,3.71 Â± 3.16 / 22.09 Â± 2.08@@3.7093229939406878,1.55 Â± 1.98 / 1.45 Â± 1.82@@1.554218337689779,-0.42 Â± 1.56 / 40.58 Â± 3.74@@-0.42237844882994124,11.12 Â± 4.66 / 5.58 Â± 3.10@@11.124551636632756,10.0.1@@100001,9.3.1@@90301,11.0.0@@110000,12.5.1@@120501
ğŸ§ ,<a href='https://huggingface.co/alea-institute/kl3m-003-3.7b'>alea-institute/kl3m-003-3.7b (few-shot)</a>,5.05@@5.05,3691382784.0,32768.0,4096.0,âœ“,âœ—,0.00 Â± 0.00 / 19.65 Â± 0.22@@0.0,0.00 Â± 0.00 / 0.00 Â± 0.00@@0.0,1.13 Â± 0.87 / 38.79 Â± 4.58@@1.1268377098443858,8.48 Â± 1.03 / 1.34 Â± 0.40@@8.484977786826994,14.4.0@@140400,14.4.0@@140400,14.4.0@@140400,14.4.0@@140400
ğŸ§ ,<a href='https://huggingface.co/ssmits/Falcon2-5.5B-multilingual'>ssmits/Falcon2-5.5B-multilingual (few-shot)</a>,5.08@@5.08,5465415680.0,65024.0,8192.0,âœ“,âœ“,0.00 Â± 0.00 / 19.61 Â± 0.22@@0.0,0.00 Â± 0.00 / 0.00 Â± 0.00@@0.0,2.48 Â± 1.94 / 34.52 Â± 0.85@@2.483868271637334,0.03 Â± 0.02 / 0.01 Â± 0.02@@0.032278580382779726,13.0.0@@130000,13.0.0@@130000,13.0.0@@130000,13.0.0@@130000
ğŸ“,<a href='https://huggingface.co/RJuro/kanelsnegl-v0.1'>RJuro/kanelsnegl-v0.1 (few-shot)</a>,5.12@@5.12,7241732096.0,32000.0,512.0,âœ“,âœ—,0.00 Â± 0.00 / 19.61 Â± 0.22@@0.0,0.00 Â± 0.00 / 0.00 Â± 0.00@@0.0,0.41 Â± 0.55 / 33.46 Â± 0.37@@0.40978561733793245,3.68 Â± 0.43 / 0.00 Â± 0.00@@3.6750260786002906,9.3.1@@90301,9.3.1@@90301,9.3.1@@90301,12.5.1@@120501
ğŸ§ ,<a href='https://huggingface.co/01-ai/Yi-34B'>01-ai/Yi-34B (few-shot)</a>,-@@100,34388917248.0,64000.0,4096.0,âœ“,âœ—,70.73 Â± 0.87 / 61.09 Â± 0.73@@70.73378401040331,-@@-1,-@@-1,-@@-1,12.10.0@@121000,-@@0,-@@0,-@@0
ğŸ“,<a href='https://huggingface.co/01-ai/Yi-34B-Chat'>01-ai/Yi-34B-Chat (few-shot)</a>,-@@100,34388917248.0,64000.0,4096.0,âœ“,âœ—,68.76 Â± 0.84 / 71.80 Â± 1.06@@68.76392363079158,-@@-1,-@@-1,-@@-1,12.10.0@@121000,-@@0,-@@0,-@@0
ğŸ§ ,<a href='https://huggingface.co/01-ai/Yi-1.5-9B'>01-ai/Yi-1.5-9B (few-shot)</a>,-@@100,8829407232.0,64000.0,4096.0,âœ“,âœ—,-@@-1,60.73 Â± 2.16 / 54.20 Â± 1.80@@60.72939025042021,-@@-1,86.92 Â± 1.33 / 76.35 Â± 2.05@@86.92284716399168,-@@0,15.1.0@@150100,-@@0,15.1.0@@150100
ğŸ§ ,<a href='https://huggingface.co/HPLT/gpt-13b-nordic-prerelease'>HPLT/gpt-13b-nordic-prerelease (few-shot)</a>,-@@100,14030361600.0,131072.0,4096.0,âœ“,âœ—,52.40 Â± 8.29 / 49.39 Â± 5.06@@52.40413133313797,48.70 Â± 5.18 / 46.29 Â± 4.05@@48.703769699230754,-@@-1,-@@-1,14.4.0@@140400,14.4.0@@140400,-@@0,-@@0
ğŸ“,<a href='https://huggingface.co/Qwen/Qwen1.5-14B'>Qwen/Qwen1.5-14B (few-shot)</a>,-@@100,14167290880.0,152064.0,32768.0,âœ“,âœ—,69.05 Â± 0.66 / 70.65 Â± 0.98@@69.04996245130882,-@@-1,-@@-1,-@@-1,12.10.0@@121000,-@@0,-@@0,-@@0
ğŸ“,<a href='https://huggingface.co/01-ai/Yi-6B-Chat'>01-ai/Yi-6B-Chat (few-shot)</a>,-@@100,6061035520.0,64000.0,4096.0,âœ—,âœ—,65.31 Â± 1.29 / 71.30 Â± 0.74@@65.31472278510617,-@@-1,34.49 Â± 2.62 / 66.13 Â± 1.76@@34.492916713495504,84.60 Â± 1.85 / 70.90 Â± 3.77@@84.60189104941033,11.0.0@@110000,-@@0,11.0.0@@110000,11.0.0@@110000
ğŸ§ ,<a href='https://huggingface.co/syvai/llama3-da-base'>syvai/llama3-da-base (few-shot)</a>,-@@100,8030261248.0,128256.0,8192.0,âœ“,âœ—,-@@-1,-@@-1,-@@-1,81.87 Â± 2.45 / 69.53 Â± 3.44@@81.86528677539278,-@@0,-@@0,-@@0,14.3.0@@140300
ğŸ“,<a href='https://huggingface.co/stabilityai/stablelm-zephyr-3b'>stabilityai/stablelm-zephyr-3b (few-shot)</a>,-@@100,2795443200.0,50304.0,2048.0,âœ—,âœ—,26.34 Â± 1.02 / 48.83 Â± 0.64@@26.34366258539868,-@@-1,-@@-1,-@@-1,9.3.2@@90302,-@@0,-@@0,-@@0
ğŸ§ ,<a href='https://huggingface.co/CohereForAI/aya-23-35B'>CohereForAI/aya-23-35B (few-shot)</a>,-@@100,,256000.0,8192.0,âœ—,âœ—,69.74 Â± 0.65 / 67.83 Â± 0.98@@69.74093722704112,-@@-1,-@@-1,-@@-1,12.10.0@@121000,-@@0,-@@0,-@@0
ğŸ“,<a href='https://huggingface.co/Qwen/Qwen1.5-7B-Chat'>Qwen/Qwen1.5-7B-Chat (few-shot)</a>,-@@100,7721324544.0,151936.0,32768.0,âœ—,âœ—,61.62 Â± 2.02 / 69.23 Â± 0.94@@61.61968698924186,-@@-1,-@@-1,-@@-1,12.10.0@@121000,-@@0,-@@0,-@@0
ğŸ“,<a href='https://huggingface.co/Qwen/Qwen1.5-14B-Chat'>Qwen/Qwen1.5-14B-Chat (few-shot)</a>,-@@100,14167290880.0,152064.0,32768.0,âœ—,âœ—,66.77 Â± 1.45 / 71.71 Â± 0.57@@66.77409516364482,-@@-1,-@@-1,-@@-1,12.10.0@@121000,-@@0,-@@0,-@@0
ğŸ”,<a href='https://huggingface.co/EuroBERT/EuroBERT-210m'>EuroBERT/EuroBERT-210m</a>,-@@100,212358915.0,128256.0,8192.0,âœ“,âœ—,35.75 Â± 2.29 / 48.15 Â± 1.78@@35.748732285778864,-@@-1,27.48 Â± 7.23 / 63.24 Â± 3.82@@27.481247924106672,-@@-1,15.2.0.dev0@@150200,-@@0,15.2.0.dev0@@150200,-@@0
ğŸ§ ,<a href='https://huggingface.co/01-ai/Yi-6B'>01-ai/Yi-6B (few-shot)</a>,-@@100,6061035520.0,64000.0,4096.0,âœ“,âœ—,-@@-1,52.70 Â± 2.29 / 48.83 Â± 2.24@@52.69585467163817,-@@-1,85.86 Â± 1.03 / 75.89 Â± 1.84@@85.86146890651115,-@@0,9.3.2@@90302,-@@0,12.5.1@@120501
