model,nlu_rank,nlg_rank,parameters,vocabulary_size,context,speed,commercial,merge,angry_tweets,dansk,scala_da,scandiqa_da,nordjylland_news,danske_talemaader,danish_citizen_tests,hellaswag_da,swerec,suc3,scala_sv,scandiqa_sv,swedn,mmlu_sv,hellaswag_sv,norec,norne_nb,norne_nn,scala_nb,scala_nn,norquad,no_sammendrag,mmlu_no,hellaswag_no,hotter_and_colder_sentiment,mim_gold_ner,scala_is,nqii,rrn,arc_is,winogrande_is,fosent,fone,scala_fo,foqa,dutch_social,conll_nl,scala_nl,squad_nl,wiki_lingua_nl,mmlu_nl,hellaswag_nl,sb10k,germeval,scala_de,germanquad,mlsum,mmlu_de,hellaswag_de,sst5,conll_en,scala_en,squad,cnn_dailymail,mmlu,hellaswag,angry_tweets_version,dansk_version,scala_da_version,scandiqa_da_version,nordjylland_news_version,danske_talemaader_version,danish_citizen_tests_version,hellaswag_da_version,swerec_version,suc3_version,scala_sv_version,scandiqa_sv_version,swedn_version,mmlu_sv_version,hellaswag_sv_version,norec_version,norne_nb_version,norne_nn_version,scala_nb_version,scala_nn_version,norquad_version,no_sammendrag_version,mmlu_no_version,hellaswag_no_version,hotter_and_colder_sentiment_version,mim_gold_ner_version,scala_is_version,nqii_version,rrn_version,arc_is_version,winogrande_is_version,fosent_version,fone_version,scala_fo_version,foqa_version,dutch_social_version,conll_nl_version,scala_nl_version,squad_nl_version,wiki_lingua_nl_version,mmlu_nl_version,hellaswag_nl_version,sb10k_version,germeval_version,scala_de_version,germanquad_version,mlsum_version,mmlu_de_version,hellaswag_de_version,sst5_version,conll_en_version,scala_en_version,squad_version,cnn_dailymail_version,mmlu_version,hellaswag_version,speed_version
"gpt-4-1106-preview (few-shot, val)",1.43,1.21,N/A,100,128000,575.52,True,False,61.62,66.8,66.84,68.83,66.21,95.21,97.19,78.74,77.59,74.45,71.35,66.76,66.08,71.32,84.09,62.55,77.48,78.7,74.45,56.31,73.39,63.6,70.84,86.3,49.59,86.37,43.03,66.04,69.61,89.09,72.03,38.22,86.51,35.09,81.93,14.22,66.44,72.3,74.51,67.13,70.04,88.29,60.47,68.94,51.26,58.77,63.62,73.8,83.93,67.55,81.79,51.21,84.48,68.8,81.71,89.91,12.10.2,12.10.0,12.10.2,12.10.0,12.10.0,12.10.2,12.10.2,12.10.2,12.10.2,12.10.0,12.10.2,12.10.0,12.10.0,12.10.2,12.10.2,12.10.2,12.10.0,12.10.0,12.10.2,12.10.2,12.10.0,12.10.0,12.10.2,12.10.2,13.2.0,12.5.1,12.10.2,12.5.1,12.5.1,12.10.8,12.10.2,13.3.0,12.5.1,12.5.1,13.0.0,12.10.2,12.3.2,12.10.2,12.3.2,12.3.2,12.10.2,12.10.2,12.10.2,12.6.1,12.10.2,12.6.1,12.6.1,12.10.2,12.10.2,12.10.2,12.10.0,12.10.2,12.10.0,12.10.0,12.10.2,12.10.2,12.5.3
"gpt-4o-2024-05-13 (few-shot, val)",1.66,1.19,N/A,200,128000,916.47,True,False,49.42,71.15,64.59,67.87,66.03,96.41,97.68,85.96,77.16,76.66,68.99,67.71,66.0,70.7,86.3,66.66,79.07,81.56,64.53,54.7,74.52,63.25,73.81,89.91,49.86,81.19,51.1,55.46,68.25,91.27,70.85,27.3,81.86,-0.97,78.76,10.8,76.75,56.26,76.28,66.86,73.11,92.69,54.82,69.99,43.66,60.77,63.8,74.13,88.18,62.74,83.48,46.56,84.78,67.64,78.55,91.34,12.10.2,12.10.0,12.10.2,12.10.0,12.10.0,12.10.2,12.10.2,12.10.2,12.10.2,12.10.0,12.10.2,12.10.0,12.10.0,12.10.2,12.10.2,12.10.2,12.10.0,12.10.0,12.10.2,12.10.2,12.10.0,12.10.0,12.10.2,12.10.2,13.2.0,12.10.0,12.10.2,12.10.0,12.10.0,12.10.8,12.10.2,13.3.0,12.10.0,12.10.0,13.0.0,12.10.2,12.10.0,12.10.2,12.10.0,12.10.0,12.10.2,12.10.2,12.10.2,12.10.0,12.10.2,12.10.0,12.10.0,12.10.2,12.10.2,12.10.2,12.10.0,12.10.2,12.10.0,12.10.0,12.10.2,12.10.2,12.10.0
microsoft/mdeberta-v3-base,1.69,999.0,279,251,512,20637.23,True,False,43.38,72.9,67.05,47.97,,,,,75.24,78.84,72.3,50.62,,,,53.69,91.9,86.81,70.55,61.21,63.72,,,,45.3,81.12,54.11,56.17,,,,6.7,88.6,46.81,30.59,5.16,84.47,71.23,57.8,,,,50.9,77.42,59.38,42.79,,,,53.75,91.83,62.11,73.26,,,,0.0.0,0.0.0,0.0.0,0.0.0,0.0.0,0.0.0,0.0.0,0.0.0,0.0.0,0.0.0,0.0.0,0.0.0,0.0.0,0.0.0,0.0.0,0.0.0,0.0.0,0.0.0,0.0.0,0.0.0,0.0.0,0.0.0,0.0.0,0.0.0,13.3.0,0.0.0,0.0.0,0.0.0,0.0.0,0.0.0,0.0.0,13.3.0,0.0.0,0.0.0,13.0.0,0.0.0,0.0.0,0.0.0,0.0.0,0.0.0,0.0.0,0.0.0,12.7.0,12.7.0,12.7.0,12.7.0,0.0.0,0.0.0,0.0.0,0.0.0,0.0.0,0.0.0,0.0.0,0.0.0,0.0.0,0.0.0,12.7.0
setu4993/LaBSE,1.76,999.0,471,501,512,25417.61,True,False,46.5,71.24,52.92,45.4,,,,,73.58,77.78,60.36,47.07,,,,54.26,90.58,85.21,59.44,49.3,61.82,,,,46.4,80.45,36.92,46.17,,,,21.57,89.16,22.76,41.85,33.99,82.02,60.77,51.73,,,,58.65,79.44,52.19,45.11,,,,52.93,90.33,50.7,65.07,,,,0.0.0,0.0.0,0.0.0,0.0.0,0.0.0,0.0.0,0.0.0,0.0.0,0.0.0,0.0.0,0.0.0,0.0.0,0.0.0,0.0.0,0.0.0,0.0.0,0.0.0,0.0.0,0.0.0,0.0.0,0.0.0,0.0.0,0.0.0,0.0.0,13.3.0,0.0.0,0.0.0,0.0.0,0.0.0,0.0.0,0.0.0,13.3.0,0.0.0,0.0.0,13.0.0,0.0.0,0.0.0,0.0.0,0.0.0,0.0.0,0.0.0,0.0.0,12.7.0,12.7.0,12.7.0,12.7.0,0.0.0,0.0.0,0.0.0,12.6.1,12.6.1,12.6.1,12.6.1,0.0.0,0.0.0,0.0.0,12.7.0
intfloat/multilingual-e5-large,1.77,999.0,560,250,512,6731.95,True,False,55.07,69.5,57.67,52.84,,,,,79.65,80.36,63.15,53.49,,,,61.52,89.86,84.32,62.34,34.88,70.46,,,,48.52,78.43,10.78,54.2,,,,18.28,88.39,2.85,43.72,32.64,82.31,58.51,57.53,,,,64.78,79.73,47.24,54.87,,,,64.37,91.69,53.58,73.0,,,,0.0.0,0.0.0,0.0.0,0.0.0,0.0.0,0.0.0,0.0.0,0.0.0,0.0.0,0.0.0,0.0.0,0.0.0,0.0.0,0.0.0,0.0.0,0.0.0,0.0.0,0.0.0,0.0.0,0.0.0,0.0.0,0.0.0,0.0.0,0.0.0,13.3.0,0.0.0,0.0.0,0.0.0,0.0.0,0.0.0,0.0.0,13.3.0,0.0.0,0.0.0,13.0.0,0.0.0,0.0.0,0.0.0,0.0.0,0.0.0,0.0.0,0.0.0,12.6.1,12.6.1,12.6.1,12.6.1,0.0.0,0.0.0,0.0.0,12.6.1,12.6.1,12.6.1,12.6.1,0.0.0,0.0.0,0.0.0,0.0.0
google/rembert,1.79,999.0,576,250,256,11735.9,True,False,50.19,70.19,69.72,44.44,,,,,75.99,78.23,72.17,51.05,,,,54.19,88.7,86.11,69.83,54.84,71.29,,,,36.87,78.05,48.29,52.42,,,,0.04,87.35,14.65,48.41,4.79,75.49,66.47,68.38,,,,60.65,77.62,62.6,60.41,,,,51.74,90.17,55.55,81.57,,,,0.0.0,0.0.0,0.0.0,0.0.0,0.0.0,0.0.0,0.0.0,0.0.0,0.0.0,0.0.0,0.0.0,0.0.0,0.0.0,0.0.0,0.0.0,0.0.0,0.0.0,0.0.0,0.0.0,0.0.0,0.0.0,0.0.0,0.0.0,0.0.0,13.3.0,0.0.0,0.0.0,0.0.0,0.0.0,0.0.0,0.0.0,13.3.0,0.0.0,0.0.0,13.0.0,12.6.1,12.6.1,12.6.1,12.6.1,0.0.0,0.0.0,0.0.0,12.7.0,12.7.0,12.7.0,12.7.0,0.0.0,0.0.0,0.0.0,12.6.1,12.6.1,12.6.1,12.6.1,0.0.0,0.0.0,0.0.0,12.7.0
"gpt-4o-mini-2024-07-18 (few-shot, val)",1.8,1.72,N/A,200,8191,784.26,True,False,56.91,59.96,67.13,33.63,65.32,91.7,88.38,71.08,77.69,62.45,68.93,31.14,66.04,55.8,63.61,67.45,72.74,69.17,74.27,54.83,43.45,63.0,59.93,76.01,56.18,64.69,45.52,55.19,67.06,82.1,42.82,39.45,73.8,34.78,19.37,20.33,68.71,49.52,61.15,66.13,62.12,65.74,55.16,65.51,44.6,59.67,63.5,60.83,67.98,66.75,77.38,52.43,67.96,68.73,66.63,79.95,14.0.0,14.0.0,14.0.0,14.0.0,14.0.0,14.0.1,14.0.1,14.0.1,14.0.0,14.0.0,14.0.0,14.0.0,14.0.1,14.0.1,14.0.1,14.0.0,14.0.0,14.0.0,14.0.0,14.0.0,14.0.0,14.0.1,14.0.1,14.0.1,14.0.0,14.0.0,14.0.0,14.0.0,14.0.1,14.0.1,14.0.1,14.0.0,14.0.0,14.0.0,14.0.0,14.0.0,14.0.0,14.0.0,14.0.0,14.0.1,14.0.1,14.0.1,14.0.0,14.0.0,14.0.0,14.0.0,14.0.1,14.0.1,14.0.1,14.0.0,14.0.0,14.0.0,14.0.0,14.0.1,14.0.1,14.0.1,14.0.1
intfloat/multilingual-e5-large-instruct,1.86,999.0,560,250,514,5947.27,True,False,55.45,69.86,31.14,52.75,,,,,79.48,79.5,53.01,53.19,,,,63.35,89.27,83.78,55.71,12.32,58.52,,,,50.1,78.32,8.11,53.59,,,,23.63,88.64,2.05,37.6,27.19,83.68,51.8,58.7,,,,65.72,79.77,49.82,55.35,,,,66.42,91.43,53.05,74.85,,,,13.0.0,13.0.0,13.0.0,13.0.0,0.0.0,0.0.0,0.0.0,0.0.0,13.0.0,13.0.0,13.0.0,13.0.0,0.0.0,0.0.0,0.0.0,13.0.0,13.0.0,13.0.0,13.0.0,13.0.0,13.0.0,0.0.0,0.0.0,0.0.0,13.3.0,13.0.0,13.0.0,13.0.0,0.0.0,0.0.0,0.0.0,13.3.0,13.0.0,13.0.0,13.0.0,13.0.0,13.0.0,13.0.0,13.0.0,0.0.0,0.0.0,0.0.0,13.0.0,13.0.0,13.0.0,13.0.0,0.0.0,0.0.0,0.0.0,13.0.0,13.0.0,13.0.0,13.0.0,0.0.0,0.0.0,0.0.0,13.0.0
FacebookAI/xlm-roberta-large,1.95,999.0,560,250,512,17896.69,True,False,48.33,72.74,57.3,49.29,,,,,76.63,80.33,49.72,52.21,,,,50.25,91.66,86.19,55.51,43.89,72.69,,,,48.41,82.83,22.78,55.29,,,,5.14,87.85,1.17,39.88,8.82,83.49,64.8,61.66,,,,63.02,80.64,54.83,55.68,,,,41.97,89.81,35.55,79.18,,,,0.0.0,0.0.0,0.0.0,0.0.0,0.0.0,0.0.0,0.0.0,0.0.0,0.0.0,0.0.0,0.0.0,0.0.0,0.0.0,0.0.0,0.0.0,0.0.0,0.0.0,0.0.0,0.0.0,0.0.0,0.0.0,0.0.0,0.0.0,0.0.0,13.3.0,0.0.0,0.0.0,0.0.0,0.0.0,0.0.0,0.0.0,13.3.0,0.0.0,0.0.0,13.0.0,0.0.0,0.0.0,0.0.0,0.0.0,0.0.0,0.0.0,0.0.0,12.7.0,12.7.0,12.7.0,12.7.0,0.0.0,0.0.0,0.0.0,0.0.0,0.0.0,0.0.0,0.0.0,0.0.0,0.0.0,0.0.0,12.7.0
"gpt-4o-mini-2024-07-18 (zero-shot, val)",2.02,1.9,N/A,200,8191,908.12,True,False,49.73,57.52,57.56,64.34,64.66,79.84,83.21,63.33,73.55,52.47,52.27,61.75,65.59,54.3,54.13,39.82,60.43,55.59,54.84,33.8,70.12,62.77,56.96,68.7,50.02,31.11,35.85,49.25,66.48,72.8,28.63,35.05,53.92,23.12,76.6,12.67,64.15,62.44,70.43,64.26,56.45,62.09,52.66,59.19,46.66,51.63,63.3,58.21,65.19,61.65,75.8,47.74,79.9,68.6,63.18,77.31,14.0.1,14.0.1,14.0.1,14.0.1,14.0.1,14.0.3,14.0.3,14.0.3,14.0.1,14.0.1,14.0.1,14.0.1,14.0.3,14.0.3,14.0.3,14.0.1,14.0.1,14.0.1,14.0.1,14.0.1,14.0.1,14.0.1,14.0.3,14.0.3,14.0.1,14.0.1,14.0.1,14.0.1,14.0.1,14.0.3,14.0.3,14.0.1,14.0.1,14.0.1,14.0.1,14.0.1,14.0.1,14.0.1,14.0.1,14.0.1,14.0.3,14.0.3,14.0.1,14.0.1,14.0.1,14.0.1,14.0.1,14.0.3,14.0.3,14.0.1,14.0.1,14.0.1,14.0.1,14.0.3,14.0.3,14.0.3,14.0.3
intfloat/multilingual-e5-base,2.12,999.0,278,250,512,14965.0,True,False,49.88,68.7,44.2,45.91,,,,,76.06,79.02,50.19,46.62,,,,54.61,88.26,81.37,50.35,22.15,45.47,,,,42.08,75.46,15.21,43.65,,,,10.97,87.44,7.38,22.12,27.67,79.12,39.28,46.63,,,,63.29,74.79,45.32,34.46,,,,61.46,89.65,51.32,63.05,,,,0.0.0,12.6.1,0.0.0,0.0.0,0.0.0,0.0.0,0.0.0,0.0.0,0.0.0,0.0.0,0.0.0,0.0.0,0.0.0,0.0.0,0.0.0,0.0.0,0.0.0,0.0.0,0.0.0,0.0.0,12.6.1,0.0.0,0.0.0,0.0.0,13.3.0,12.6.1,12.6.1,12.6.1,0.0.0,0.0.0,0.0.0,13.3.0,12.6.1,12.6.1,13.0.0,0.0.0,0.0.0,0.0.0,0.0.0,0.0.0,0.0.0,0.0.0,12.6.1,12.6.1,12.6.1,12.6.1,0.0.0,0.0.0,0.0.0,12.6.1,12.6.1,12.6.1,12.6.1,0.0.0,0.0.0,0.0.0,0.0.0
Nexusflow/Starling-LM-7B-beta (few-shot),2.18,2.43,7242,32,8192,5875.95,False,False,51.75,53.2,32.72,65.36,67.46,59.78,58.63,50.74,77.49,60.38,29.32,65.84,65.75,36.05,51.15,55.48,66.22,64.14,26.13,17.32,77.08,65.32,29.72,46.78,28.82,49.2,4.45,54.99,63.74,8.45,1.14,37.7,66.98,5.8,63.94,13.83,64.47,45.69,73.17,69.34,37.6,54.33,51.8,65.01,36.18,67.3,66.92,37.9,60.66,69.98,71.81,45.34,87.51,70.37,50.93,83.82,12.5.2,12.5.2,12.5.2,12.5.2,12.5.2,12.5.2,12.5.2,12.5.2,12.5.2,12.5.2,12.5.2,12.5.2,12.5.2,12.5.2,12.5.2,12.5.2,12.5.2,12.5.2,12.5.2,12.5.2,12.5.2,12.5.2,12.5.2,12.5.2,13.3.0,12.5.2,12.5.2,12.5.2,12.5.2,12.10.8,12.5.2,13.3.0,12.5.2,12.5.2,13.0.0,12.5.2,12.5.2,12.5.2,12.5.2,12.5.2,12.5.2,12.5.2,12.5.2,12.5.2,12.5.2,12.5.2,12.5.2,12.5.2,12.5.2,12.5.2,12.5.2,12.5.2,12.5.2,12.5.2,12.5.2,12.5.2,12.5.2
AI-Sweden-Models/roberta-large-1160k,2.19,999.0,355,50,512,14014.08,True,False,51.2,74.16,73.87,55.06,,,,,77.25,82.65,77.9,55.64,,,,60.11,92.01,87.17,72.85,65.56,75.42,,,,38.53,74.3,2.06,48.11,,,,6.42,88.24,1.73,47.03,3.5,70.92,2.06,51.93,,,,46.81,68.93,3.39,34.87,,,,53.9,89.53,55.31,80.82,,,,10.0.1,10.0.1,10.0.1,10.0.1,0.0.0,0.0.0,0.0.0,0.0.0,10.0.1,10.0.1,10.0.1,10.0.1,0.0.0,0.0.0,0.0.0,10.0.1,10.0.1,10.0.1,10.0.1,10.0.1,10.0.1,0.0.0,0.0.0,0.0.0,13.3.0,10.0.1,10.0.1,10.0.1,0.0.0,0.0.0,0.0.0,13.3.0,10.0.1,10.0.1,13.0.0,10.0.1,10.0.1,10.0.1,10.0.1,0.0.0,0.0.0,0.0.0,12.10.0,12.10.0,12.10.0,12.10.0,0.0.0,0.0.0,0.0.0,10.0.1,10.0.1,10.0.1,10.0.1,0.0.0,0.0.0,0.0.0,12.10.0
meta-llama/Meta-Llama-3-8B-Instruct (few-shot),2.23,2.68,8030,128,8192,1040.29,True,False,48.43,57.74,27.12,59.77,66.36,57.87,50.42,29.17,59.93,69.67,27.63,60.85,66.6,33.54,30.32,50.62,74.47,72.93,27.77,20.35,69.9,63.98,33.44,30.91,38.09,60.2,9.14,58.93,67.5,17.93,5.59,40.84,73.76,3.47,73.08,14.67,68.72,32.91,67.5,67.62,36.18,33.91,58.33,68.18,29.12,56.42,65.23,38.44,37.69,67.64,75.02,32.29,79.1,69.28,53.77,57.64,12.6.1,12.6.1,12.6.1,12.6.1,12.6.1,12.6.1,12.6.1,12.6.1,12.6.1,12.6.1,12.6.1,12.6.1,12.6.1,12.6.1,12.6.1,12.6.1,12.6.1,12.6.1,12.6.1,12.6.1,12.6.1,12.6.1,12.6.1,12.6.1,14.0.1,14.0.1,14.0.1,14.0.1,14.0.2,14.0.2,14.0.2,13.3.0,12.6.1,12.6.1,13.0.0,12.6.1,12.6.1,12.6.1,12.6.1,12.6.1,12.6.1,12.6.1,12.6.1,12.6.1,12.6.1,12.6.1,12.6.1,12.6.1,12.6.1,12.6.1,12.6.1,12.6.1,12.6.1,12.6.1,12.6.1,12.6.1,14.0.2
meta-llama/Llama-3.1-8B-Instruct (few-shot),2.25,2.43,8030,128,131072,1042.12,True,False,51.3,57.19,10.31,60.46,67.38,61.78,66.61,39.62,80.46,71.52,12.29,62.08,66.27,39.4,38.88,57.3,74.77,72.8,5.23,11.51,70.96,66.08,38.1,39.3,39.91,46.48,11.72,53.39,67.67,25.83,6.4,36.73,71.04,1.59,70.86,15.51,69.76,37.58,65.63,68.84,40.98,39.98,59.96,67.61,28.25,55.82,66.87,40.0,45.93,68.12,76.95,34.34,76.21,69.57,56.62,69.03,13.0.0,13.0.0,13.0.0,13.0.0,13.0.0,13.0.0,13.0.0,13.0.0,13.0.0,13.0.0,13.0.0,13.0.0,13.0.0,13.0.0,13.0.0,13.0.0,13.0.0,13.0.0,13.0.0,13.0.0,13.0.0,13.0.0,13.0.0,13.0.0,14.0.1,14.0.1,14.0.1,14.0.1,14.0.1,14.0.2,14.0.2,13.3.0,13.0.0,13.0.0,13.0.0,13.0.0,13.0.0,13.0.0,13.0.0,13.0.0,13.0.0,13.0.0,13.0.0,13.0.0,13.0.0,13.0.0,13.0.0,13.0.0,13.0.0,13.0.0,13.0.0,13.0.0,13.0.0,13.0.0,13.0.0,13.0.0,14.0.2
meta-llama/Llama-3.1-8B (few-shot),2.26,2.68,8030,128,131072,2363.74,True,False,49.71,47.68,25.48,65.79,64.74,57.6,65.98,28.65,79.96,63.85,31.7,65.24,65.07,37.48,31.27,52.87,64.62,65.1,28.34,22.4,75.98,63.88,35.8,30.31,43.06,52.97,8.13,60.26,65.19,21.56,4.44,24.35,65.43,1.12,73.55,11.95,64.79,32.97,74.73,66.29,38.44,30.88,58.57,60.46,26.25,64.05,69.58,38.77,34.29,66.76,69.86,30.96,84.24,67.93,52.47,43.95,12.11.0,12.11.0,12.11.0,12.11.0,13.0.0,13.0.0,13.0.0,13.0.0,12.11.0,12.11.0,12.11.0,13.0.0,13.0.0,13.0.0,13.0.0,12.11.0,12.11.0,12.11.0,12.11.0,12.11.0,13.0.0,13.0.0,13.0.0,13.0.0,14.0.0,14.0.0,14.0.0,14.0.0,14.0.0,14.0.0,14.0.0,13.3.0,12.11.0,12.11.0,13.0.0,12.11.0,12.11.0,12.11.0,13.0.0,13.0.0,13.0.0,13.0.0,12.11.0,12.11.0,12.11.0,13.0.0,13.0.0,13.0.0,13.0.0,12.11.0,12.11.0,12.11.0,13.0.0,13.0.0,13.0.0,13.0.0,14.0.1
mistralai/Ministral-8B-Instruct-2410 (few-shot),2.29,2.31,8020,131,32768,929.75,True,False,49.67,52.49,22.8,64.46,66.75,59.57,65.34,53.97,76.74,67.49,22.37,64.47,65.37,37.5,55.01,54.49,69.85,68.83,28.55,17.47,71.05,64.05,34.93,49.83,24.43,47.1,7.19,54.38,66.62,21.98,0.1,29.34,67.52,3.35,69.57,13.55,66.51,34.46,72.56,68.87,40.81,60.68,54.76,66.0,33.55,64.23,69.65,43.46,68.11,63.46,72.4,35.86,83.97,69.38,53.42,78.36,13.0.0,13.0.0,13.0.0,13.0.0,13.0.0,13.0.0,13.0.0,13.0.0,13.0.0,13.0.0,13.0.0,13.0.0,13.0.0,13.0.0,13.0.0,13.0.0,13.0.0,13.0.0,13.0.0,13.0.0,13.0.0,13.0.0,13.0.0,13.0.0,14.0.0,14.0.0,14.0.0,14.0.0,14.0.1,14.0.1,14.0.1,13.3.0,13.0.0,13.0.0,13.0.0,13.0.0,13.0.0,13.0.0,13.0.0,13.0.0,13.0.0,13.0.0,13.0.0,13.0.0,13.0.0,13.0.0,13.0.0,13.0.0,13.0.0,13.0.0,13.0.0,13.0.0,13.0.0,13.0.0,13.0.0,13.0.0,14.0.1
meta-llama/Meta-Llama-3-8B (few-shot),2.36,2.78,8030,128,8192,1046.19,True,False,51.29,46.31,25.7,65.44,65.16,56.2,61.16,24.99,79.74,60.36,28.24,65.72,64.81,35.86,26.49,49.87,61.48,61.58,21.2,19.65,74.98,63.38,33.02,24.93,43.85,50.45,10.82,59.26,65.22,19.93,4.52,19.96,61.11,2.02,71.74,10.45,62.26,30.3,73.73,65.17,36.38,28.33,56.4,56.0,22.01,64.61,68.92,38.12,31.37,64.3,66.31,28.18,82.95,67.9,52.54,41.19,12.6.1,12.6.1,12.6.1,12.6.1,12.6.1,12.6.1,12.6.1,12.6.1,12.6.1,12.6.1,12.6.1,12.6.1,12.6.1,12.6.1,12.6.1,12.6.1,12.6.1,12.6.1,12.6.1,12.6.1,12.6.1,12.6.1,12.6.1,12.6.1,14.0.1,14.0.1,14.0.1,14.0.1,14.0.1,14.0.2,14.0.2,13.3.0,12.6.1,12.6.1,13.0.0,12.6.1,12.6.1,12.6.1,12.6.1,12.6.1,12.6.1,12.6.1,12.6.1,12.6.1,12.6.1,12.6.1,12.6.1,12.6.1,12.6.1,12.6.1,12.6.1,12.6.1,12.6.1,12.6.1,12.6.1,12.6.1,14.0.2
ZurichNLP/unsup-simcse-xlm-roberta-base,2.38,999.0,278,250,512,34520.24,True,False,45.07,65.1,26.83,35.05,,,,,71.12,75.49,36.69,38.9,,,,49.62,86.56,80.57,38.45,11.38,47.61,,,,46.33,75.27,3.47,32.31,,,,21.2,84.14,1.33,22.95,22.67,78.45,54.92,40.85,,,,58.23,74.5,34.74,26.81,,,,51.46,85.88,35.83,55.52,,,,12.6.1,12.6.1,12.6.1,0.0.0,0.0.0,0.0.0,0.0.0,0.0.0,12.6.1,12.6.1,12.6.1,0.0.0,0.0.0,0.0.0,0.0.0,12.6.1,12.6.1,12.6.1,12.6.1,12.6.1,12.6.1,0.0.0,0.0.0,0.0.0,13.3.0,12.6.1,12.6.1,12.6.1,0.0.0,0.0.0,0.0.0,13.3.0,12.6.1,12.6.1,13.0.0,0.0.0,0.0.0,0.0.0,0.0.0,0.0.0,0.0.0,0.0.0,12.7.0,12.7.0,12.7.0,12.7.0,0.0.0,0.0.0,0.0.0,12.6.1,12.6.1,12.6.1,12.6.1,0.0.0,0.0.0,0.0.0,12.7.0
cardiffnlp/twitter-xlm-roberta-base,2.46,999.0,278,250,512,34475.2,True,False,45.3,70.1,51.74,27.76,,,,,70.69,72.49,56.6,37.63,,,,48.34,87.7,81.41,55.3,37.46,35.93,,,,35.62,72.69,28.72,31.01,,,,5.16,83.96,1.05,0.0,18.78,77.15,56.72,20.91,,,,63.01,74.89,36.6,5.05,,,,55.4,87.09,39.78,13.47,,,,0.0.0,0.0.0,0.0.0,0.0.0,0.0.0,0.0.0,0.0.0,0.0.0,0.0.0,0.0.0,0.0.0,0.0.0,0.0.0,0.0.0,0.0.0,0.0.0,0.0.0,0.0.0,0.0.0,0.0.0,0.0.0,0.0.0,0.0.0,0.0.0,13.3.0,0.0.0,0.0.0,0.0.0,0.0.0,0.0.0,0.0.0,13.3.0,0.0.0,0.0.0,13.0.0,0.0.0,0.0.0,0.0.0,0.0.0,0.0.0,0.0.0,0.0.0,12.7.0,12.7.0,12.7.0,12.7.0,0.0.0,0.0.0,0.0.0,12.6.1,12.6.1,12.6.1,12.6.1,0.0.0,0.0.0,0.0.0,12.7.0
CohereForAI/aya-expanse-8b (few-shot),2.47,2.38,8028,256,8192,5581.05,False,False,52.0,51.32,18.48,62.08,66.18,41.32,52.24,37.67,78.43,57.38,14.52,63.0,65.69,37.32,38.28,38.61,66.55,63.63,15.8,12.3,71.49,64.48,36.48,35.85,19.83,28.98,4.93,54.41,63.45,10.97,4.23,29.07,68.63,1.95,63.06,11.09,62.07,35.14,68.82,74.4,46.76,60.36,59.19,61.29,33.31,57.68,69.05,44.87,63.66,68.71,66.61,34.72,80.48,71.92,56.93,74.42,13.0.0,13.0.0,13.0.0,13.0.0,13.0.0,13.0.0,13.0.0,13.0.0,13.0.0,13.0.0,13.0.0,13.0.0,13.0.0,13.0.0,13.0.0,13.0.0,13.0.0,13.0.0,13.0.0,13.0.0,13.0.0,13.0.0,13.0.0,13.0.0,13.3.0,13.0.0,13.0.0,13.0.0,13.0.0,13.0.0,13.0.0,13.3.0,13.0.0,13.0.0,13.0.0,13.0.0,13.0.0,13.0.0,13.0.0,13.0.0,13.0.0,13.0.0,13.0.0,13.0.0,13.0.0,13.0.0,13.0.0,13.0.0,13.0.0,13.0.0,13.0.0,13.0.0,13.0.0,13.0.0,13.0.0,13.0.0,13.0.0
senseable/WestLake-7B-v2 (few-shot),2.55,2.56,7242,32,32768,5992.97,False,False,49.81,52.61,19.64,57.94,66.67,57.65,51.99,44.44,67.74,58.9,16.52,59.91,66.09,31.76,45.84,50.6,64.37,62.77,18.09,12.25,69.54,65.09,27.33,41.59,7.92,56.71,3.44,54.79,65.39,9.11,3.3,20.01,67.42,7.02,7.03,13.66,64.25,28.59,68.04,68.66,35.37,47.5,54.44,64.38,26.03,62.48,68.16,33.84,50.99,67.78,70.62,30.99,76.72,70.76,44.11,69.2,12.6.1,12.6.1,12.6.1,12.6.1,12.6.1,12.6.1,12.6.1,12.6.1,12.6.1,12.6.1,12.6.1,12.6.1,12.6.1,12.6.1,12.6.1,12.6.1,12.6.1,12.6.1,12.6.1,12.6.1,12.6.1,12.6.1,12.6.1,12.6.1,13.3.0,12.6.1,12.6.1,12.6.1,12.6.1,12.10.8,12.6.1,13.3.0,12.6.1,12.6.1,13.0.0,12.6.1,12.6.1,12.6.1,12.6.1,12.6.1,12.6.1,12.6.1,12.6.1,12.6.1,12.6.1,12.6.1,12.6.1,12.6.1,12.6.1,12.6.1,12.6.1,12.6.1,12.6.1,12.6.1,12.6.1,12.6.1,12.6.1
ibm-granite/granite-3.0-8b-base (few-shot),2.57,2.71,8171,49,4096,5116.13,True,False,47.16,44.58,19.2,63.32,65.64,32.05,47.42,28.73,75.92,44.8,24.84,62.01,63.65,26.71,30.43,53.27,49.94,52.17,17.22,12.01,69.52,63.01,24.31,30.34,2.6,37.82,-0.12,47.09,62.35,6.54,1.83,31.99,61.47,1.44,58.9,13.72,53.21,40.85,74.19,66.7,39.74,54.37,61.7,52.61,23.89,62.41,70.32,39.82,53.82,68.88,53.37,37.17,83.72,68.38,51.0,78.18,13.0.0,13.0.0,13.0.0,13.0.0,13.0.0,13.0.0,13.0.0,13.0.0,13.0.0,13.0.0,13.0.0,13.0.0,13.0.0,13.0.0,13.0.0,13.0.0,13.0.0,13.0.0,13.0.0,13.0.0,13.0.0,13.0.0,13.0.0,13.0.0,13.3.0,13.0.0,13.0.0,13.0.0,13.0.0,13.0.0,13.0.0,13.3.0,13.0.0,13.0.0,13.0.0,13.0.0,13.0.0,13.0.0,13.0.0,13.0.0,13.0.0,13.0.0,13.0.0,13.0.0,13.0.0,13.0.0,13.0.0,13.0.0,13.0.0,13.0.0,13.0.0,13.0.0,13.0.0,13.0.0,13.0.0,13.0.0,13.0.0
ibm-granite/granite-3.0-8b-instruct (few-shot),2.57,2.9,8171,49,4096,5090.05,True,False,49.31,44.92,10.14,63.24,66.02,33.71,43.55,21.34,76.78,44.94,16.96,63.13,65.09,26.57,24.62,51.36,53.79,56.13,6.83,8.09,73.03,62.4,24.55,26.71,9.95,42.67,1.11,49.58,63.81,5.12,0.89,28.33,59.96,2.24,57.16,13.37,53.62,23.47,72.98,62.34,34.69,31.36,55.48,54.68,26.89,62.3,66.33,33.98,34.59,68.55,62.84,41.05,83.31,69.36,53.62,71.0,13.0.0,13.0.0,13.0.0,13.0.0,13.0.0,13.0.0,13.0.0,13.0.0,13.0.0,13.0.0,13.0.0,13.0.0,13.0.0,13.0.0,13.0.0,13.0.0,13.0.0,13.0.0,13.0.0,13.0.0,13.0.0,13.0.0,13.0.0,13.0.0,13.3.0,13.0.0,13.0.0,13.0.0,13.0.0,13.0.0,13.0.0,13.3.0,13.0.0,13.0.0,13.0.0,13.0.0,13.0.0,13.0.0,13.0.0,13.0.0,13.0.0,13.0.0,13.0.0,13.0.0,13.0.0,13.0.0,13.0.0,13.0.0,13.0.0,13.0.0,13.0.0,13.0.0,13.0.0,13.0.0,13.0.0,13.0.0,13.0.0
CohereForAI/aya-23-8B (few-shot),2.58,2.84,8028,256,8192,5607.73,False,False,47.16,47.08,8.41,63.96,65.03,36.64,39.24,27.29,76.21,60.04,7.54,63.65,63.0,20.97,28.96,35.73,60.94,59.61,6.18,4.0,71.95,62.45,20.14,27.5,19.77,47.16,3.84,48.25,59.16,3.7,-3.24,25.58,62.22,0.01,54.7,7.9,60.81,31.12,74.6,72.9,32.37,53.32,56.49,58.69,30.04,66.01,69.07,32.49,55.4,69.68,61.14,32.57,87.24,68.14,40.73,79.38,13.0.0,13.0.0,13.0.0,13.0.0,13.0.0,13.0.0,13.0.0,13.0.0,13.0.0,13.0.0,13.0.0,13.0.0,13.0.0,13.0.0,13.0.0,13.0.0,13.0.0,13.0.0,13.0.0,13.0.0,13.0.0,13.0.0,13.0.0,13.0.0,13.3.0,13.0.0,13.0.0,13.0.0,13.0.0,13.0.0,13.0.0,13.3.0,13.0.0,13.0.0,13.0.0,13.0.0,13.0.0,13.0.0,13.0.0,13.0.0,13.0.0,13.0.0,13.0.0,13.0.0,13.0.0,13.0.0,13.0.0,13.0.0,13.0.0,13.0.0,13.0.0,13.0.0,13.0.0,13.0.0,13.0.0,13.0.0,13.0.0
mistralai/Mistral-7B-v0.3 (few-shot),2.6,2.96,7248,33,32768,4120.34,True,False,45.92,43.6,15.43,64.43,66.33,53.81,61.06,20.64,79.08,49.18,11.06,64.79,64.79,34.51,20.84,44.61,50.56,52.65,12.1,9.3,68.61,63.13,28.31,13.59,34.59,46.73,1.9,50.14,55.71,10.25,5.24,23.3,61.32,1.3,62.38,7.02,56.52,23.41,72.49,64.37,34.93,23.73,52.58,55.41,24.1,60.03,68.96,35.06,28.85,67.29,61.02,30.1,84.31,69.04,47.63,35.63,12.10.4,12.10.4,12.10.4,12.10.4,12.10.5,12.10.4,12.10.4,12.10.4,12.10.4,12.10.4,12.10.4,12.10.4,12.10.5,12.10.4,12.10.4,12.10.4,12.10.4,12.10.4,12.10.4,12.10.4,12.10.4,12.10.5,12.10.4,12.10.4,14.0.2,14.0.3,14.0.3,14.0.3,14.0.3,12.10.8,12.10.4,13.3.0,12.10.4,12.10.4,13.0.0,12.10.4,12.10.4,12.10.4,12.10.5,12.10.5,12.10.4,12.10.4,12.10.4,12.10.4,12.10.4,12.10.5,12.10.5,12.10.4,12.10.4,12.10.4,12.10.4,12.10.4,12.10.5,12.10.5,12.10.4,12.10.4,12.10.4
mistralai/Mistral-7B-v0.1 (few-shot),2.61,2.95,7242,32,32768,2657.24,True,False,43.16,45.42,8.79,64.55,66.47,53.26,58.26,18.53,80.0,53.34,4.61,64.65,64.87,35.52,19.67,47.25,52.0,55.12,8.66,6.8,70.86,63.49,27.78,10.88,26.07,47.24,1.35,49.31,61.96,10.25,1.99,25.47,62.63,2.84,60.4,7.94,58.15,25.41,73.16,64.24,35.49,19.88,54.27,55.37,23.12,59.77,68.24,35.63,26.4,68.17,63.4,30.92,84.54,69.11,47.74,34.96,0.0.0,0.0.0,0.0.0,12.5.1,12.6.1,10.0.1,10.0.1,9.1.2,0.0.0,0.0.0,0.0.0,12.5.1,11.0.0,9.1.2,9.1.2,0.0.0,0.0.0,0.0.0,0.0.0,0.0.0,12.5.1,11.0.0,9.1.2,9.1.2,13.3.0,9.1.2,9.1.2,12.5.1,11.0.0,12.10.8,12.1.0,13.3.0,9.1.2,9.1.2,13.0.0,9.1.2,9.1.2,9.1.2,12.5.1,11.0.0,9.2.0,9.2.0,9.1.2,9.1.2,9.1.2,12.5.1,11.0.0,9.1.2,9.2.0,9.1.2,9.1.2,9.1.2,12.5.1,11.0.0,9.2.0,9.2.0,9.1.2
utter-project/EuroLLM-9B-Instruct (few-shot),2.62,2.55,9152,128,4096,5762.51,False,False,53.97,34.0,32.21,63.73,67.55,80.75,74.77,36.86,76.02,40.59,33.98,63.97,66.33,40.09,36.27,52.62,40.91,42.91,9.7,11.98,72.71,65.77,36.97,37.64,9.76,24.92,0.15,54.08,64.67,11.1,0.89,34.21,49.32,0.16,65.02,11.95,43.06,40.85,74.62,69.33,41.9,36.69,56.53,40.85,24.74,67.94,69.44,39.43,37.67,62.54,44.81,28.1,84.31,69.27,45.95,43.97,13.1.0,13.1.0,13.1.0,13.1.0,13.1.0,13.1.0,13.1.0,13.1.0,13.1.0,13.1.0,13.1.0,13.1.0,13.1.0,13.1.0,13.1.0,13.1.0,13.1.0,13.1.0,13.1.0,13.1.0,13.1.0,13.1.0,13.1.0,13.1.0,13.3.0,13.1.0,13.1.0,13.1.0,13.1.0,13.1.0,13.1.0,13.3.0,13.1.0,13.1.0,13.1.0,13.1.0,13.1.0,13.1.0,13.1.0,13.1.0,13.1.0,13.1.0,13.1.0,13.1.0,13.1.0,13.1.0,13.1.0,13.1.0,13.1.0,13.1.0,13.1.0,13.1.0,13.1.0,13.1.0,13.1.0,13.1.0,13.1.0
mistralai/Mistral-7B-Instruct-v0.2 (few-shot),2.66,3.01,7242,32,32768,633.64,False,False,48.09,44.89,19.06,60.81,66.84,51.6,35.85,22.21,62.9,47.92,19.95,61.42,66.11,25.6,21.75,38.79,53.42,54.34,17.06,11.0,64.27,64.43,20.37,21.16,22.55,43.11,3.4,49.62,65.01,5.49,0.24,32.07,61.28,1.68,59.78,12.37,55.56,21.5,66.54,67.99,22.86,24.8,47.69,55.1,24.14,57.64,67.51,26.06,31.09,59.91,62.11,30.66,77.85,69.75,34.93,44.91,9.2.0,9.2.0,9.3.1,12.4.0,12.6.1,10.0.1,10.0.1,9.3.2,9.2.0,9.2.0,9.3.1,12.4.0,12.4.0,9.3.2,9.3.2,9.2.0,9.2.0,9.2.0,9.3.1,9.3.1,12.4.0,12.4.0,9.3.2,9.3.2,13.3.0,9.2.0,9.3.1,12.4.0,12.4.0,12.10.8,12.1.0,13.3.0,9.2.0,9.3.1,13.0.0,9.2.0,9.3.1,9.3.1,12.4.0,12.4.0,9.3.2,9.3.2,12.9.0,12.9.0,12.9.0,12.9.0,12.9.0,12.9.0,12.9.0,9.2.0,9.3.1,9.3.1,12.4.0,12.4.0,9.3.2,9.3.2,12.9.0
microsoft/xlm-align-base,2.71,999.0,278,250,512,14744.17,True,False,47.83,70.36,11.87,35.11,,,,,73.67,78.6,15.41,37.13,,,,54.46,90.07,85.65,12.16,8.99,64.35,,,,38.76,78.01,5.92,43.32,,,,2.54,85.97,0.02,1.0,11.8,78.85,14.56,51.94,,,,58.58,79.38,15.34,32.33,,,,11.09,88.62,8.46,62.02,,,,0.0.0,0.0.0,0.0.0,0.0.0,0.0.0,0.0.0,0.0.0,0.0.0,0.0.0,0.0.0,0.0.0,0.0.0,0.0.0,0.0.0,0.0.0,0.0.0,0.0.0,0.0.0,0.0.0,0.0.0,0.0.0,0.0.0,0.0.0,0.0.0,13.3.0,0.0.0,0.0.0,0.0.0,0.0.0,0.0.0,0.0.0,13.3.0,0.0.0,0.0.0,13.0.0,0.0.0,0.0.0,0.0.0,0.0.0,0.0.0,0.0.0,0.0.0,0.0.0,0.0.0,0.0.0,0.0.0,0.0.0,0.0.0,0.0.0,12.6.1,12.6.1,12.6.1,12.6.1,0.0.0,0.0.0,0.0.0,0.0.0
timpal0l/Mistral-7B-v0.1-flashback-v2 (few-shot),2.74,3.12,7242,32,32768,5053.68,True,False,47.82,42.43,16.51,62.2,65.43,50.76,50.82,14.47,80.14,44.14,34.23,62.52,65.15,33.24,25.5,49.05,48.97,51.52,14.37,9.96,68.49,63.32,25.07,15.56,16.08,36.47,2.54,38.73,63.68,5.12,8.3,15.18,58.96,0.0,54.89,8.43,54.56,10.99,66.78,57.88,25.12,10.65,54.79,50.66,20.17,54.38,65.53,27.04,17.47,68.41,59.1,25.43,82.99,67.99,44.09,32.29,12.5.3,12.5.3,12.5.3,12.5.3,12.6.1,12.5.3,12.5.3,12.5.3,12.5.3,12.5.3,12.5.3,12.5.3,12.5.3,12.5.3,12.5.3,12.5.3,12.5.3,12.5.3,12.5.3,12.5.3,12.5.3,12.5.3,12.5.3,12.5.3,13.3.0,12.5.3,12.5.3,12.5.3,12.5.3,12.10.8,12.5.3,13.3.0,12.5.3,12.5.3,13.0.0,12.5.3,12.5.3,12.5.3,12.5.3,12.5.3,12.5.3,12.5.3,12.5.3,12.5.3,12.5.3,12.5.3,12.5.3,12.5.3,12.5.3,12.5.3,12.5.3,12.5.3,12.5.3,12.5.3,12.5.3,12.5.3,12.5.3
Twitter/twhin-bert-base,2.75,999.0,279,250,512,11513.72,True,False,42.17,60.01,29.43,34.82,,,,,66.62,70.17,46.72,35.79,,,,37.02,84.11,77.22,35.42,6.87,36.16,,,,40.22,70.38,11.09,30.52,,,,3.05,84.0,1.94,0.02,9.53,74.03,39.12,12.9,,,,55.03,70.35,43.87,10.15,,,,41.09,87.77,32.26,44.98,,,,0.0.0,12.6.1,0.0.0,0.0.0,0.0.0,0.0.0,0.0.0,0.0.0,0.0.0,0.0.0,0.0.0,0.0.0,0.0.0,0.0.0,0.0.0,0.0.0,0.0.0,0.0.0,0.0.0,0.0.0,12.6.1,0.0.0,0.0.0,0.0.0,13.3.0,12.6.1,12.6.1,12.6.1,0.0.0,0.0.0,0.0.0,13.3.0,12.6.1,12.6.1,13.0.0,0.0.0,0.0.0,0.0.0,0.0.0,0.0.0,0.0.0,0.0.0,12.6.1,12.6.1,12.6.1,12.6.1,0.0.0,0.0.0,0.0.0,12.6.1,12.6.1,12.6.1,12.6.1,0.0.0,0.0.0,0.0.0,0.0.0
ibm-granite/granite-8b-code-base-4k (few-shot),2.76,3.49,8055,49,4096,2312.61,True,False,39.07,48.44,9.72,56.54,63.93,33.11,18.96,9.03,74.45,59.77,3.97,56.07,62.61,14.34,7.4,42.0,68.4,65.15,5.2,3.32,60.94,61.27,12.42,8.32,9.18,50.89,0.5,41.32,59.94,5.52,1.73,26.68,66.82,-0.36,51.89,13.81,63.29,8.16,66.29,63.08,16.86,6.24,49.75,59.07,14.71,56.14,67.78,16.39,10.68,62.35,72.76,21.57,81.37,67.73,25.63,16.44,13.0.0,13.0.0,13.0.0,13.0.0,13.0.0,13.0.0,13.0.0,13.0.0,13.0.0,13.0.0,13.0.0,13.0.0,13.0.0,13.0.0,13.0.0,13.0.0,13.0.0,13.0.0,13.0.0,13.0.0,13.0.0,13.0.0,13.0.0,13.0.0,13.3.0,13.0.0,13.0.0,13.0.0,13.0.0,13.0.0,13.0.0,13.3.0,13.0.0,13.0.0,13.0.0,13.0.0,13.0.0,13.0.0,13.0.0,13.0.0,13.0.0,13.0.0,13.0.0,13.0.0,13.0.0,13.0.0,13.0.0,13.0.0,13.0.0,13.0.0,13.0.0,13.0.0,13.0.0,13.0.0,13.0.0,13.0.0,13.0.0
sentence-transformers/paraphrase-xlm-r-multilingual-v1,2.77,999.0,278,250,512,20154.46,True,False,46.39,61.17,38.61,25.77,,,,,71.33,70.22,39.6,24.75,,,,49.93,81.26,74.05,38.26,25.17,0.0,,,,33.26,65.15,1.15,27.88,,,,12.97,80.92,1.19,0.0,21.37,70.59,45.86,10.4,,,,57.94,69.45,21.81,3.03,,,,54.92,84.05,45.85,10.53,,,,0.0.0,0.0.0,0.0.0,0.0.0,0.0.0,0.0.0,0.0.0,0.0.0,0.0.0,0.0.0,0.0.0,0.0.0,0.0.0,0.0.0,0.0.0,0.0.0,0.0.0,0.0.0,0.0.0,0.0.0,0.0.0,0.0.0,0.0.0,0.0.0,13.3.0,12.6.1,12.6.1,12.6.1,0.0.0,0.0.0,0.0.0,13.3.0,12.6.1,0.0.0,13.0.0,0.0.0,0.0.0,0.0.0,0.0.0,0.0.0,0.0.0,0.0.0,12.8.0,12.8.0,12.8.0,12.8.0,0.0.0,0.0.0,0.0.0,12.6.1,12.6.1,12.6.1,12.6.1,0.0.0,0.0.0,0.0.0,12.8.0
sentence-transformers/stsb-xlm-r-multilingual,2.8,999.0,278,250,512,15039.9,True,False,42.26,58.52,34.8,25.68,,,,,72.77,68.94,40.21,25.99,,,,52.16,80.08,74.59,36.3,14.21,0.0,,,,37.79,66.23,0.04,28.66,,,,18.07,82.97,2.93,0.0,20.56,66.85,35.56,10.13,,,,52.85,67.47,29.59,4.35,,,,57.35,82.39,47.29,10.53,,,,0.0.0,0.0.0,0.0.0,0.0.0,0.0.0,0.0.0,0.0.0,0.0.0,0.0.0,0.0.0,0.0.0,0.0.0,0.0.0,0.0.0,0.0.0,0.0.0,0.0.0,0.0.0,0.0.0,0.0.0,0.0.0,0.0.0,0.0.0,0.0.0,13.3.0,0.0.0,0.0.0,0.0.0,0.0.0,0.0.0,0.0.0,13.3.0,0.0.0,0.0.0,13.0.0,12.6.1,12.6.1,12.6.1,12.6.1,0.0.0,0.0.0,0.0.0,12.8.0,12.8.0,12.8.0,0.0.0,0.0.0,0.0.0,0.0.0,12.6.1,12.6.1,12.6.1,12.6.1,0.0.0,0.0.0,0.0.0,0.0.0
mistralai/Mistral-7B-Instruct-v0.1 (few-shot),2.83,3.14,7242,32,32768,633.64,False,False,44.49,37.93,14.09,58.78,65.8,45.07,35.36,14.85,73.33,45.01,11.59,59.29,63.1,24.03,15.37,43.65,50.08,51.27,14.09,8.28,63.67,62.39,20.44,15.87,12.93,36.04,-0.36,42.57,62.8,5.44,6.35,15.85,55.42,1.11,50.8,7.91,52.72,18.14,67.15,64.77,26.06,14.26,47.26,47.19,22.32,54.61,67.75,26.79,20.33,61.44,57.58,34.92,81.9,69.62,38.4,35.72,9.3.1,9.3.1,9.3.1,12.4.0,12.6.1,10.0.1,10.0.1,9.3.1,9.3.1,9.3.1,9.3.1,12.4.0,12.4.0,9.3.1,9.3.1,9.3.1,9.3.1,9.3.1,9.3.1,9.3.1,12.4.0,12.4.0,9.3.1,9.3.1,13.3.0,9.3.1,9.3.1,12.4.0,12.4.0,12.10.8,12.1.0,13.3.0,9.3.1,9.3.1,13.0.0,9.3.1,9.3.1,9.3.1,12.4.0,12.4.0,9.3.1,9.3.1,12.9.0,12.9.0,12.9.0,12.9.0,12.9.0,12.9.0,12.9.0,9.3.1,9.3.1,9.3.1,12.4.0,12.4.0,9.3.1,9.3.1,12.9.0
meta-llama/Llama-3.2-3B-Instruct (few-shot),2.83,2.98,3213,128,131073,10423.76,False,False,42.77,41.12,11.52,60.18,65.19,49.78,45.88,21.89,76.98,43.74,16.01,57.83,64.98,29.44,22.42,44.13,49.66,51.98,0.67,1.11,56.91,60.5,26.82,20.98,10.07,27.57,-1.39,50.74,62.0,13.33,0.74,13.76,58.24,1.77,64.71,12.87,43.66,17.94,64.44,66.74,33.8,21.02,50.52,55.52,9.87,47.02,66.4,33.58,28.97,66.0,68.44,32.04,75.26,69.23,45.5,46.5,13.0.0,13.0.0,13.0.0,13.0.0,13.0.0,13.0.0,13.0.0,13.0.0,13.0.0,13.0.0,13.0.0,13.0.0,13.0.0,13.0.0,13.0.0,13.0.0,13.0.0,13.0.0,13.0.0,13.0.0,13.0.0,13.0.0,13.0.0,13.0.0,13.3.0,13.0.0,13.0.0,13.0.0,13.0.0,13.0.0,13.0.0,13.3.0,13.0.0,13.0.0,13.0.0,13.0.0,13.0.0,13.0.0,13.0.0,13.0.0,13.0.0,13.0.0,13.0.0,13.0.0,13.0.0,13.0.0,13.0.0,13.0.0,13.0.0,13.0.0,13.0.0,13.0.0,13.0.0,13.0.0,13.0.0,13.0.0,13.0.0
occiglot/occiglot-7b-eu5-instruct (few-shot),2.85,3.06,7242,32,32768,2087.8,False,False,42.31,40.19,1.14,63.95,66.68,44.3,48.76,15.44,71.73,47.67,7.9,64.48,65.07,25.52,14.06,44.46,45.5,45.96,0.0,0.0,74.97,63.95,20.61,16.18,14.7,40.71,0.71,45.91,65.25,5.35,0.35,8.21,60.37,0.0,60.55,7.78,53.78,16.23,73.88,66.46,28.37,15.25,43.16,52.63,27.09,63.29,69.43,32.56,23.61,62.1,56.9,20.17,86.48,69.63,38.48,27.67,12.2.0,12.5.2,12.3.1,12.4.0,12.6.1,12.3.1,12.3.1,12.3.1,12.2.0,12.5.2,12.3.1,12.4.0,12.4.0,12.3.1,12.3.1,12.2.0,12.5.2,12.5.2,12.3.1,12.3.1,12.4.0,12.4.0,12.3.1,12.3.1,13.3.0,12.5.2,12.3.1,12.4.0,12.4.0,12.10.8,12.3.1,13.3.0,12.5.2,12.3.1,13.0.0,12.2.0,12.5.2,12.3.1,12.4.0,12.4.0,12.3.1,12.3.1,12.2.0,12.5.2,12.3.1,12.4.0,12.4.0,12.3.1,12.3.1,12.2.0,12.5.2,12.3.1,12.4.0,12.4.0,12.3.1,12.3.1,12.3.1
Twitter/twhin-bert-large,2.85,999.0,561,250,512,9706.97,True,False,39.36,66.39,7.06,38.42,,,,,63.35,74.26,16.07,41.72,,,,34.17,86.26,80.1,12.11,4.28,16.38,,,,32.07,71.48,2.2,33.02,,,,-0.64,84.73,1.37,5.74,6.55,77.35,18.25,36.84,,,,53.52,74.36,22.26,22.54,,,,45.98,89.5,30.58,59.47,,,,0.0.0,0.0.0,0.0.0,0.0.0,0.0.0,0.0.0,0.0.0,0.0.0,0.0.0,0.0.0,0.0.0,0.0.0,0.0.0,0.0.0,0.0.0,0.0.0,0.0.0,0.0.0,0.0.0,0.0.0,0.0.0,0.0.0,0.0.0,0.0.0,13.3.0,0.0.0,0.0.0,0.0.0,0.0.0,0.0.0,0.0.0,13.3.0,0.0.0,0.0.0,13.0.0,0.0.0,0.0.0,0.0.0,0.0.0,0.0.0,0.0.0,0.0.0,12.7.0,12.7.0,12.7.0,12.7.0,0.0.0,0.0.0,0.0.0,12.6.1,12.6.1,12.6.1,12.6.1,0.0.0,0.0.0,0.0.0,12.7.0
ibm-granite/granite-8b-code-instruct-4k (few-shot),2.86,3.6,8055,49,4096,5616.81,True,False,37.11,45.9,11.7,55.71,63.86,32.44,7.46,5.62,73.93,52.85,8.27,54.5,60.98,13.69,5.68,40.71,66.91,62.82,9.5,6.74,55.3,60.59,11.35,6.21,2.54,43.2,0.0,38.21,49.66,3.07,2.79,21.59,60.46,0.51,49.02,12.38,60.72,10.96,61.75,63.23,15.26,4.03,43.62,54.45,15.24,51.82,66.68,15.81,9.6,61.61,72.59,18.37,78.95,68.41,24.14,14.42,13.0.0,13.0.0,13.0.0,13.0.0,13.0.0,13.0.0,13.0.0,13.0.0,13.0.0,13.0.0,13.0.0,13.0.0,13.0.0,13.0.0,13.0.0,13.0.0,13.0.0,13.0.0,13.0.0,13.0.0,13.0.0,13.0.0,13.0.0,13.0.0,13.3.0,13.0.0,13.0.0,13.0.0,13.0.0,13.0.0,13.0.0,13.3.0,13.0.0,13.0.0,13.0.0,13.0.0,13.0.0,13.0.0,13.0.0,13.0.0,13.0.0,13.0.0,13.0.0,13.0.0,13.0.0,13.0.0,13.0.0,13.0.0,13.0.0,13.0.0,13.0.0,13.0.0,13.0.0,13.0.0,13.0.0,13.0.0,13.0.0
Geotrend/distilbert-base-25lang-cased,2.87,999.0,109,85,512,26098.8,True,False,31.81,58.44,34.13,32.18,,,,,60.69,70.56,30.83,36.45,,,,33.19,83.59,80.29,32.6,24.97,30.69,,,,29.56,65.76,2.08,30.96,,,,3.9,83.21,2.37,2.54,7.45,75.02,45.28,27.86,,,,41.51,72.97,45.39,6.88,,,,36.77,87.08,37.1,37.98,,,,0.0.0,0.0.0,0.0.0,0.0.0,0.0.0,0.0.0,0.0.0,0.0.0,0.0.0,0.0.0,0.0.0,0.0.0,0.0.0,0.0.0,0.0.0,0.0.0,0.0.0,0.0.0,0.0.0,0.0.0,0.0.0,0.0.0,0.0.0,0.0.0,13.3.0,12.6.1,12.6.1,12.6.1,0.0.0,0.0.0,0.0.0,13.3.0,12.6.1,12.6.1,13.0.0,0.0.0,0.0.0,0.0.0,0.0.0,0.0.0,0.0.0,0.0.0,12.6.1,12.6.1,12.6.1,12.6.1,0.0.0,0.0.0,0.0.0,12.6.1,12.6.1,12.6.1,12.6.1,0.0.0,0.0.0,0.0.0,0.0.0
occiglot/occiglot-7b-eu5 (few-shot),2.9,3.15,7242,32,32768,2219.46,True,False,44.62,37.93,0.28,62.89,66.05,38.54,45.89,12.38,76.56,49.02,2.18,63.65,64.42,23.68,14.05,44.95,45.28,46.0,0.0,0.0,66.65,63.26,20.87,13.1,15.49,40.08,1.59,39.67,62.55,5.98,-0.51,13.6,58.67,0.0,55.82,7.41,51.31,13.04,69.67,64.66,27.12,13.99,47.3,51.39,21.83,60.39,69.31,32.49,22.25,63.32,55.37,18.92,83.46,68.61,37.04,23.54,12.1.0,12.5.2,12.1.0,12.1.0,12.6.1,12.1.0,12.1.0,12.2.0,12.1.0,12.5.2,12.1.0,12.1.0,12.1.0,12.1.0,12.2.0,12.1.0,12.5.2,12.5.2,12.1.0,12.1.0,12.1.0,12.1.0,12.1.0,12.2.0,13.3.0,12.5.2,12.1.0,12.1.0,12.1.0,12.10.8,12.2.0,13.3.0,12.5.2,12.1.0,13.0.0,12.1.0,12.5.2,12.1.0,12.1.0,12.1.0,12.2.0,12.2.0,12.1.0,12.5.2,12.1.0,12.1.0,12.1.0,12.1.0,12.2.0,12.1.0,12.5.2,12.1.0,12.1.0,12.1.0,12.2.0,12.2.0,12.2.0
meta-llama/Llama-2-7b-chat-hf (few-shot),2.93,3.27,6738,32,4096,2643.05,False,False,44.88,35.44,9.74,61.34,66.15,32.17,35.74,11.32,66.18,39.72,6.74,60.9,65.92,17.73,12.85,41.56,44.99,49.09,3.04,4.03,61.99,63.59,14.81,12.69,13.59,41.1,-1.07,39.51,62.3,3.16,1.84,13.24,59.77,-0.54,46.21,10.07,50.23,14.73,66.24,67.59,20.19,11.42,46.52,50.09,15.23,56.07,67.62,20.12,13.98,62.23,62.53,22.71,80.79,69.95,30.47,30.18,9.3.1,9.3.1,9.3.1,12.4.0,12.6.1,10.0.1,10.0.1,9.3.1,9.3.1,9.3.1,9.3.1,12.4.0,12.4.0,9.3.1,9.3.1,9.3.1,9.3.1,9.3.1,9.3.1,9.3.1,12.4.0,12.4.0,9.3.1,9.3.1,13.3.0,9.3.1,9.3.1,12.4.0,12.4.0,12.10.8,12.1.0,13.3.0,9.3.1,9.3.1,13.0.0,9.3.1,9.3.1,9.3.1,12.4.0,12.4.0,9.3.1,9.3.1,12.9.0,12.9.0,12.10.0,12.10.0,12.10.0,12.10.0,12.10.0,9.3.1,9.3.1,9.3.1,12.4.0,12.4.0,9.3.1,9.3.1,9.3.1
ibm-granite/granite-3.0-3b-a800m-instruct (few-shot),3.13,3.45,3374,49,4096,10246.27,True,False,31.44,37.37,5.27,55.05,63.82,18.25,19.54,2.64,68.96,40.68,4.77,56.63,60.93,13.55,5.27,32.29,44.89,48.08,7.49,4.65,47.59,59.77,11.54,3.42,5.07,23.14,0.18,36.1,60.8,2.86,-1.31,7.44,45.56,0.92,31.49,9.45,49.25,11.87,67.04,64.77,21.52,22.32,48.28,47.31,14.08,55.92,61.97,22.99,20.06,65.92,52.79,16.74,80.88,65.5,33.84,49.84,13.0.0,13.0.0,13.0.0,13.0.0,13.0.0,13.0.0,13.0.0,13.0.0,13.0.0,13.0.0,13.0.0,13.0.0,13.0.0,13.0.0,13.0.0,13.0.0,13.0.0,13.0.0,13.0.0,13.0.0,13.0.0,13.0.0,13.0.0,13.0.0,13.3.0,13.0.0,13.0.0,13.0.0,13.0.0,13.0.0,13.0.0,13.3.0,13.0.0,13.0.0,13.0.0,13.0.0,13.0.0,13.0.0,13.0.0,13.0.0,13.0.0,13.0.0,13.0.0,13.0.0,13.0.0,13.0.0,13.0.0,13.0.0,13.0.0,13.0.0,13.0.0,13.0.0,13.0.0,13.0.0,13.0.0,13.0.0,13.0.0
MaLA-LM/emma-500-llama2-7b (few-shot),3.13,3.85,6738,32,4096,6275.17,True,False,29.32,28.18,2.9,62.92,53.81,27.86,34.62,4.73,75.64,41.49,0.66,63.85,55.94,10.56,5.03,32.67,36.96,39.38,2.18,5.33,67.75,51.44,9.35,4.85,19.61,31.81,3.63,46.83,58.72,12.62,3.43,14.19,40.18,0.31,60.78,8.77,36.61,3.52,70.33,54.5,14.9,7.26,26.39,32.33,1.44,54.13,58.62,14.94,8.7,64.82,47.2,7.57,83.56,67.34,16.59,11.97,13.0.0,13.0.0,13.0.0,13.0.0,13.0.0,13.0.0,13.0.0,13.0.0,13.0.0,13.0.0,13.0.0,13.0.0,13.0.0,13.0.0,13.0.0,13.0.0,13.0.0,13.0.0,13.0.0,13.0.0,13.0.0,13.0.0,13.0.0,13.0.0,13.3.0,13.0.0,13.0.0,13.0.0,13.0.0,13.0.0,13.0.0,13.3.0,13.0.0,13.0.0,13.0.0,13.0.0,13.0.0,13.0.0,13.0.0,13.0.0,13.0.0,13.0.0,13.0.0,13.0.0,13.0.0,13.0.0,13.0.0,13.0.0,13.0.0,13.0.0,13.0.0,13.0.0,13.0.0,13.0.0,13.0.0,13.0.0,13.0.0
sentence-transformers/quora-distilbert-multilingual,3.18,999.0,135,120,512,26458.45,True,False,36.6,54.48,8.84,19.76,,,,,68.36,65.5,14.81,22.88,,,,44.59,77.81,72.22,8.98,5.72,0.0,,,,33.1,63.36,1.02,27.44,,,,9.77,82.91,1.67,0.0,23.25,67.89,21.36,9.94,,,,49.66,64.12,0.58,0.36,,,,50.69,81.71,2.16,11.99,,,,0.0.0,0.0.0,0.0.0,0.0.0,0.0.0,0.0.0,0.0.0,0.0.0,0.0.0,0.0.0,0.0.0,0.0.0,0.0.0,0.0.0,0.0.0,0.0.0,0.0.0,0.0.0,0.0.0,0.0.0,0.0.0,0.0.0,0.0.0,0.0.0,13.3.0,0.0.0,0.0.0,0.0.0,0.0.0,0.0.0,0.0.0,13.3.0,0.0.0,0.0.0,13.0.0,0.0.0,0.0.0,0.0.0,0.0.0,0.0.0,0.0.0,0.0.0,12.6.1,12.6.1,12.6.1,12.6.1,0.0.0,0.0.0,0.0.0,12.6.1,12.6.1,12.6.1,12.6.1,0.0.0,0.0.0,0.0.0,0.0.0
ibm-granite/granite-3b-code-base-2k (few-shot),3.2,4.15,3483,49,2048,2731.51,True,False,35.47,38.62,5.07,50.96,62.5,13.46,15.31,6.0,70.61,51.76,6.24,50.56,41.31,7.41,5.42,23.83,53.93,54.04,3.91,1.55,12.14,50.59,8.68,6.19,5.15,38.52,0.0,36.06,58.58,2.11,-4.75,6.24,60.88,-0.35,29.79,12.39,50.88,3.31,58.85,52.5,9.22,4.45,41.72,49.38,7.67,30.21,45.88,8.73,6.18,61.2,60.64,7.63,80.15,56.62,16.29,10.37,13.0.0,13.0.0,13.0.0,13.0.0,13.0.0,13.0.0,13.0.0,13.0.0,13.0.0,13.0.0,13.0.0,13.0.0,13.0.0,13.0.0,13.0.0,13.0.0,13.0.0,13.0.0,13.0.0,13.0.0,13.0.0,13.0.0,13.0.0,13.0.0,13.3.0,13.0.0,13.0.0,13.0.0,13.0.0,13.0.0,13.0.0,13.3.0,13.0.0,13.0.0,13.0.0,13.0.0,13.0.0,13.0.0,13.0.0,13.0.0,13.0.0,13.0.0,13.0.0,13.0.0,13.0.0,13.0.0,13.0.0,13.0.0,13.0.0,13.0.0,13.0.0,13.0.0,13.0.0,13.0.0,13.0.0,13.0.0,13.0.0
ibm-granite/granite-3b-code-instruct-2k (few-shot),3.24,3.99,3483,49,2048,9058.91,True,False,31.54,37.21,6.3,51.51,61.56,17.92,10.79,1.7,65.67,50.1,4.55,49.35,45.16,7.58,3.79,26.21,53.78,55.14,3.9,2.42,45.77,57.11,10.36,5.85,0.6,33.57,0.0,33.54,49.32,1.37,-4.04,3.8,56.88,-0.21,24.11,10.15,48.53,4.88,56.09,59.56,7.38,2.69,35.17,49.16,9.79,45.9,60.81,6.89,4.79,59.01,58.3,10.33,75.93,67.46,14.1,10.67,13.0.0,13.0.0,13.0.0,13.0.0,13.0.0,13.0.0,13.0.0,13.0.0,13.0.0,13.0.0,13.0.0,13.0.0,13.0.0,13.0.0,13.0.0,13.0.0,13.0.0,13.0.0,13.0.0,13.0.0,13.0.0,13.0.0,13.0.0,13.0.0,13.3.0,13.0.0,13.0.0,13.0.0,13.0.0,13.0.0,13.0.0,13.3.0,13.0.0,13.0.0,13.0.0,13.0.0,13.0.0,13.0.0,13.0.0,13.0.0,13.0.0,13.0.0,13.0.0,13.0.0,13.0.0,13.0.0,13.0.0,13.0.0,13.0.0,13.0.0,13.0.0,13.0.0,13.0.0,13.0.0,13.0.0,13.0.0,13.0.0
sentence-transformers/paraphrase-multilingual-MiniLM-L12-v2,3.24,999.0,118,250,512,29200.68,True,False,44.48,56.75,26.74,25.53,,,,,72.19,66.5,28.75,23.08,,,,47.53,78.31,72.13,26.92,14.63,0.0,,,,31.32,62.44,1.91,27.48,,,,6.35,82.24,2.84,0.0,0.0,59.61,-0.04,9.04,,,,54.99,60.54,0.52,7.76,,,,53.1,77.5,-0.35,9.98,,,,0.0.0,0.0.0,0.0.0,0.0.0,0.0.0,0.0.0,0.0.0,0.0.0,0.0.0,0.0.0,0.0.0,0.0.0,0.0.0,0.0.0,0.0.0,0.0.0,0.0.0,0.0.0,0.0.0,0.0.0,0.0.0,0.0.0,0.0.0,0.0.0,13.3.0,0.0.0,0.0.0,0.0.0,0.0.0,0.0.0,0.0.0,13.3.0,0.0.0,0.0.0,13.0.0,12.6.1,12.6.1,12.6.1,12.6.1,0.0.0,0.0.0,0.0.0,12.8.0,12.8.0,12.8.0,12.8.0,0.0.0,0.0.0,0.0.0,12.6.1,12.6.1,12.6.1,12.6.1,0.0.0,0.0.0,0.0.0,12.8.0
sentence-transformers/distilbert-multilingual-nli-stsb-quora-ranking,3.26,999.0,135,120,512,33753.4,True,False,36.6,54.48,8.84,21.36,,,,,68.33,65.5,14.81,22.88,,,,44.59,77.81,72.22,8.98,5.72,0.0,,,,33.1,59.15,0.8,28.02,,,,9.77,82.91,1.67,0.0,17.4,65.04,-0.95,9.5,,,,49.69,63.78,0.74,0.2,,,,50.69,81.71,2.16,11.93,,,,0.0.0,0.0.0,0.0.0,0.0.0,0.0.0,0.0.0,0.0.0,0.0.0,0.0.0,0.0.0,0.0.0,0.0.0,0.0.0,0.0.0,0.0.0,0.0.0,0.0.0,0.0.0,0.0.0,0.0.0,0.0.0,0.0.0,0.0.0,0.0.0,13.3.0,12.6.1,12.6.1,12.6.1,0.0.0,0.0.0,0.0.0,13.3.0,0.0.0,0.0.0,13.0.0,12.6.1,12.6.1,12.6.1,12.6.1,0.0.0,0.0.0,0.0.0,12.8.0,12.8.0,12.8.0,12.8.0,0.0.0,0.0.0,0.0.0,12.6.1,12.6.1,12.6.1,12.6.1,0.0.0,0.0.0,0.0.0,12.8.0
dbmdz/bert-base-historic-multilingual-cased,3.29,999.0,111,32,512,20046.97,True,False,24.17,47.61,8.14,30.51,,,,,64.25,68.83,28.62,34.26,,,,25.68,68.63,67.7,6.73,3.35,34.64,,,,24.79,56.62,-1.21,29.08,,,,0.9,80.45,2.52,1.12,9.29,56.69,3.02,31.59,,,,37.77,65.35,16.07,16.63,,,,12.42,77.64,13.65,45.71,,,,0.0.0,0.0.0,0.0.0,0.0.0,0.0.0,0.0.0,0.0.0,0.0.0,0.0.0,0.0.0,0.0.0,0.0.0,0.0.0,0.0.0,0.0.0,0.0.0,0.0.0,0.0.0,0.0.0,0.0.0,0.0.0,0.0.0,0.0.0,0.0.0,13.3.0,12.6.1,12.6.1,12.6.1,0.0.0,0.0.0,0.0.0,13.3.0,0.0.0,0.0.0,13.0.0,12.6.1,12.6.1,12.6.1,12.6.1,0.0.0,0.0.0,0.0.0,12.8.0,12.8.0,12.8.0,12.8.0,0.0.0,0.0.0,0.0.0,12.6.1,12.6.1,12.6.1,12.6.1,0.0.0,0.0.0,0.0.0,12.8.0
EuropeanParliament/EUBERT,3.39,999.0,94,66,512,20070.41,True,False,27.33,41.09,21.58,26.68,,,,,59.0,38.36,19.4,26.64,,,,19.81,49.92,44.37,8.64,3.11,26.33,,,,36.28,29.71,2.71,27.51,,,,0.94,59.5,3.25,10.14,14.86,49.54,27.9,29.4,,,,40.29,49.95,25.88,8.94,,,,17.53,71.43,23.93,42.98,,,,12.6.1,12.6.1,12.6.1,12.6.1,0.0.0,0.0.0,0.0.0,0.0.0,12.6.1,12.6.1,12.6.1,12.6.1,0.0.0,0.0.0,0.0.0,12.6.1,12.6.1,12.6.1,12.6.1,12.6.1,12.6.1,0.0.0,0.0.0,0.0.0,13.3.0,12.6.1,12.6.1,12.6.1,0.0.0,0.0.0,0.0.0,13.3.0,12.6.1,12.6.1,13.0.0,0.0.0,0.0.0,0.0.0,0.0.0,0.0.0,0.0.0,0.0.0,12.6.1,12.6.1,12.6.1,12.6.1,0.0.0,0.0.0,0.0.0,12.6.1,12.6.1,12.6.1,12.6.1,0.0.0,0.0.0,0.0.0,0.0.0
ibm-granite/granite-3.0-3b-a800m-base (few-shot),3.42,3.45,3374,49,4096,10504.04,True,False,6.85,31.8,0.97,55.19,63.43,15.97,17.19,3.07,57.18,36.01,1.52,56.97,58.57,13.42,7.33,31.9,40.08,43.96,-0.07,1.27,43.13,59.98,11.78,5.48,1.67,18.07,-0.72,30.66,56.49,0.32,1.0,4.35,41.27,-0.2,29.77,9.91,42.52,0.69,66.87,63.71,20.93,24.42,31.86,40.61,5.36,47.72,66.77,22.17,22.61,66.65,49.44,12.56,75.62,66.38,32.06,58.21,13.0.0,13.0.0,13.0.0,13.0.0,13.0.0,13.0.0,13.0.0,13.0.0,13.0.0,13.0.0,13.0.0,13.0.0,13.0.0,13.0.0,13.0.0,13.0.0,13.0.0,13.0.0,13.0.0,13.0.0,13.0.0,13.0.0,13.0.0,13.0.0,13.3.0,13.0.0,13.0.0,13.0.0,13.0.0,13.0.0,13.0.0,13.3.0,13.0.0,13.0.0,13.0.0,13.0.0,13.0.0,13.0.0,13.0.0,13.0.0,13.0.0,13.0.0,13.0.0,13.0.0,13.0.0,13.0.0,13.0.0,13.0.0,13.0.0,13.0.0,13.0.0,13.0.0,13.0.0,13.0.0,13.0.0,13.0.0,13.0.0
utter-project/EuroLLM-1.7B-Instruct (few-shot),3.48,3.88,1657,128,4096,15008.58,True,False,37.92,19.61,2.81,56.82,63.91,2.54,17.85,0.52,72.24,27.41,0.13,56.59,63.23,3.39,0.54,30.63,31.43,36.92,0.98,1.67,55.11,59.45,1.85,-1.18,6.83,13.29,0.92,24.16,56.76,0.59,1.87,4.25,33.53,-2.32,25.07,7.03,32.45,5.58,61.82,61.96,2.53,1.04,43.18,28.49,2.92,48.47,64.64,2.6,1.46,58.61,37.47,5.3,74.41,67.24,3.93,1.26,13.1.0,13.1.0,13.1.0,13.1.0,13.1.0,13.1.0,13.1.0,13.1.0,13.1.0,13.1.0,13.1.0,13.1.0,13.1.0,13.1.0,13.1.0,13.1.0,13.1.0,13.1.0,13.1.0,13.1.0,13.1.0,13.1.0,13.1.0,13.1.0,13.3.0,13.1.0,13.1.0,13.1.0,13.1.0,13.1.0,13.1.0,13.3.0,13.1.0,13.1.0,13.1.0,13.1.0,13.1.0,13.1.0,13.1.0,13.1.0,13.1.0,13.1.0,13.1.0,13.1.0,13.1.0,13.1.0,13.1.0,13.1.0,13.1.0,13.1.0,13.1.0,13.1.0,13.1.0,13.1.0,13.1.0,13.1.0,13.1.0
HuggingFaceTB/SmolLM2-1.7B-Instruct (few-shot),3.53,3.79,1711,49,8192,15970.88,True,False,18.49,29.44,1.73,50.4,61.76,22.03,12.61,2.06,64.46,37.37,4.49,49.57,54.5,8.61,4.51,24.05,37.6,38.38,3.56,2.61,25.34,48.55,9.52,3.62,6.86,26.23,2.69,28.57,60.43,1.93,3.27,3.94,40.28,-0.26,17.52,1.56,31.84,5.05,48.56,60.35,13.39,4.57,27.03,32.54,8.95,39.18,59.91,12.3,6.28,66.78,47.58,20.53,69.96,62.45,32.9,25.32,13.1.0,13.1.0,13.1.0,13.1.0,13.1.0,13.1.0,13.1.0,13.1.0,13.1.0,13.1.0,13.1.0,13.1.0,13.1.0,13.1.0,13.1.0,13.1.0,13.1.0,13.1.0,13.1.0,13.1.0,13.1.0,13.1.0,13.1.0,13.1.0,13.3.0,13.1.0,13.1.0,13.1.0,13.1.0,13.1.0,13.1.0,13.3.0,13.1.0,13.1.0,13.1.0,13.1.0,13.1.0,13.1.0,13.1.0,13.1.0,13.1.0,13.1.0,13.1.0,13.1.0,13.1.0,13.1.0,13.1.0,13.1.0,13.1.0,13.1.0,13.1.0,13.1.0,13.1.0,13.1.0,13.1.0,13.1.0,13.1.0
sentence-transformers/distiluse-base-multilingual-cased-v1,3.53,999.0,135,120,512,34041.87,True,False,27.78,46.78,3.04,23.22,,,,,60.06,49.86,3.18,23.46,,,,25.98,60.76,59.62,2.65,3.47,0.82,,,,35.18,45.47,1.14,21.45,,,,9.82,75.63,3.65,0.0,17.82,58.67,9.27,8.02,,,,51.7,28.29,2.12,0.69,,,,36.75,71.33,0.24,9.37,,,,0.0.0,0.0.0,0.0.0,0.0.0,0.0.0,0.0.0,0.0.0,0.0.0,0.0.0,0.0.0,0.0.0,0.0.0,0.0.0,0.0.0,0.0.0,0.0.0,0.0.0,0.0.0,0.0.0,0.0.0,0.0.0,0.0.0,0.0.0,0.0.0,13.3.0,12.6.1,12.6.1,12.6.1,0.0.0,0.0.0,0.0.0,13.3.0,12.6.1,0.0.0,13.0.0,0.0.0,0.0.0,0.0.0,0.0.0,0.0.0,0.0.0,0.0.0,12.8.0,12.8.0,12.8.0,12.8.0,0.0.0,0.0.0,0.0.0,12.6.1,12.6.1,12.6.1,12.6.1,0.0.0,0.0.0,0.0.0,12.8.0
sentence-transformers/distiluse-base-multilingual-cased,3.6,999.0,135,120,512,19205.51,True,False,30.13,26.96,2.01,16.49,,,,,63.04,51.67,2.32,17.75,,,,32.83,63.79,60.96,1.09,0.18,0.0,,,,33.35,47.62,2.64,12.2,,,,10.41,77.16,4.09,0.0,9.66,56.98,19.37,7.91,,,,48.71,40.2,5.53,1.12,,,,36.22,71.9,0.47,8.5,,,,12.6.1,12.6.1,12.6.1,12.6.1,0.0.0,0.0.0,0.0.0,0.0.0,12.6.1,12.6.1,12.6.1,12.6.1,0.0.0,0.0.0,0.0.0,12.6.1,12.6.1,12.6.1,12.6.1,12.6.1,12.6.1,0.0.0,0.0.0,0.0.0,13.3.0,12.6.1,12.6.1,12.6.1,0.0.0,0.0.0,0.0.0,13.3.0,12.6.1,0.0.0,13.0.0,0.0.0,0.0.0,0.0.0,0.0.0,0.0.0,0.0.0,0.0.0,12.6.1,12.6.1,12.6.1,12.6.1,0.0.0,0.0.0,0.0.0,12.6.1,12.6.1,12.6.1,12.6.1,0.0.0,0.0.0,0.0.0,0.0.0
sentence-transformers/distiluse-base-multilingual-cased-v2,3.66,999.0,135,120,512,33246.61,True,False,30.13,26.96,2.01,16.4,,,,,62.71,51.67,2.32,17.62,,,,32.83,63.79,60.96,1.09,0.18,0.0,,,,34.19,48.62,2.64,12.16,,,,9.59,77.0,4.09,0.0,2.7,49.82,6.6,6.8,,,,49.38,41.82,4.77,0.92,,,,36.22,71.9,0.47,8.51,,,,12.6.1,12.6.1,12.6.1,12.6.1,0.0.0,0.0.0,0.0.0,0.0.0,12.6.1,12.6.1,12.6.1,12.6.1,0.0.0,0.0.0,0.0.0,12.6.1,12.6.1,12.6.1,12.6.1,12.6.1,12.6.1,0.0.0,0.0.0,0.0.0,13.3.0,12.6.1,12.6.1,12.6.1,0.0.0,0.0.0,0.0.0,13.3.0,12.6.1,0.0.0,13.0.0,12.6.1,12.6.1,12.6.1,12.6.1,0.0.0,0.0.0,0.0.0,12.8.0,12.8.0,12.8.0,12.8.0,0.0.0,0.0.0,0.0.0,12.6.1,12.6.1,12.6.1,12.6.1,0.0.0,0.0.0,0.0.0,12.8.0
HuggingFaceTB/SmolLM2-1.7B (few-shot),3.68,3.72,1711,49,8192,16248.88,True,False,9.93,24.47,1.22,47.54,61.62,19.65,19.01,1.34,68.31,35.96,3.61,49.32,57.04,10.86,2.53,23.25,26.7,28.23,-0.47,0.26,26.51,56.31,11.12,2.53,8.08,20.5,0.83,28.36,57.52,3.16,-1.83,3.16,27.91,-0.48,26.11,4.6,22.84,2.55,48.35,58.31,14.32,3.87,19.69,28.67,5.07,38.33,64.25,15.15,6.23,62.32,41.57,8.04,67.43,65.06,34.02,22.81,13.1.0,13.1.0,13.1.0,13.1.0,13.1.0,13.1.0,13.1.0,13.1.0,13.1.0,13.1.0,13.1.0,13.1.0,13.1.0,13.1.0,13.1.0,13.1.0,13.1.0,13.1.0,13.1.0,13.1.0,13.1.0,13.1.0,13.1.0,13.1.0,13.3.0,13.1.0,13.1.0,13.1.0,13.1.0,13.1.0,13.1.0,13.3.0,13.1.0,13.1.0,13.1.0,13.1.0,13.1.0,13.1.0,13.1.0,13.1.0,13.1.0,13.1.0,13.1.0,13.1.0,13.1.0,13.1.0,13.1.0,13.1.0,13.1.0,13.1.0,13.1.0,13.1.0,13.1.0,13.1.0,13.1.0,13.1.0,13.1.0
3ebdola/Dialectal-Arabic-XLM-R-Base,3.9,999.0,278,250,512,12782.54,True,False,22.07,36.51,1.63,9.48,,,,,44.95,42.78,1.43,16.77,,,,12.69,55.55,53.53,2.79,1.66,0.6,,,,20.94,46.95,1.4,28.8,,,,1.49,73.34,0.97,0.01,8.39,44.46,2.07,9.24,,,,32.66,30.18,2.1,4.04,,,,1.92,68.25,1.08,10.0,,,,0.0.0,0.0.0,0.0.0,0.0.0,0.0.0,0.0.0,0.0.0,0.0.0,0.0.0,0.0.0,0.0.0,0.0.0,0.0.0,0.0.0,0.0.0,0.0.0,0.0.0,0.0.0,0.0.0,0.0.0,0.0.0,0.0.0,0.0.0,0.0.0,13.3.0,12.6.1,12.6.1,12.6.1,0.0.0,0.0.0,0.0.0,13.3.0,12.6.1,12.6.1,13.0.0,0.0.0,0.0.0,0.0.0,0.0.0,0.0.0,0.0.0,0.0.0,12.8.0,12.8.0,12.8.0,12.8.0,0.0.0,0.0.0,0.0.0,12.6.1,12.6.1,12.6.1,12.6.1,0.0.0,0.0.0,0.0.0,12.8.0
dbmdz/bert-tiny-historic-multilingual-cased,3.96,999.0,5,32,512,78027.26,True,False,20.71,33.62,1.19,7.68,,,,,57.41,26.87,-1.06,10.83,,,,19.19,46.11,35.18,2.76,0.42,0.0,,,,9.46,43.93,0.04,21.73,,,,-1.81,72.08,2.65,0.0,8.45,41.38,1.55,6.62,,,,33.61,33.18,1.83,0.0,,,,25.85,65.85,1.21,11.02,,,,0.0.0,12.6.1,0.0.0,0.0.0,0.0.0,0.0.0,0.0.0,0.0.0,0.0.0,0.0.0,0.0.0,0.0.0,0.0.0,0.0.0,0.0.0,0.0.0,0.0.0,0.0.0,0.0.0,0.0.0,0.0.0,0.0.0,0.0.0,0.0.0,13.3.0,12.6.1,12.6.1,12.6.1,0.0.0,0.0.0,0.0.0,13.3.0,0.0.0,0.0.0,13.0.0,0.0.0,0.0.0,0.0.0,0.0.0,0.0.0,0.0.0,0.0.0,12.6.1,12.6.1,12.6.1,12.6.1,0.0.0,0.0.0,0.0.0,12.6.1,12.6.1,12.6.1,12.6.1,0.0.0,0.0.0,0.0.0,0.0.0
HuggingFaceTB/SmolLM2-360M (few-shot),4.15,4.31,362,49,8192,22023.39,True,False,3.61,12.68,1.79,32.48,56.85,-0.03,6.03,0.2,11.52,18.22,1.72,31.25,45.57,0.69,0.68,6.21,26.6,23.7,-0.39,0.21,10.23,48.59,-1.13,-0.51,1.77,13.43,1.14,16.21,51.93,0.95,2.9,3.06,28.14,-0.06,6.05,6.84,20.95,-1.5,30.14,53.89,-0.45,-0.31,19.64,19.94,0.0,20.5,57.06,0.32,-0.65,43.97,31.14,3.49,60.41,62.2,0.12,0.13,13.1.0,13.1.0,13.1.0,13.1.0,13.1.0,13.1.0,13.1.0,13.1.0,13.1.0,13.1.0,13.1.0,13.1.0,13.1.0,13.1.0,13.1.0,13.1.0,13.1.0,13.1.0,13.1.0,13.1.0,13.1.0,13.1.0,13.1.0,13.1.0,13.3.0,13.1.0,13.1.0,13.1.0,13.1.0,13.1.0,13.1.0,13.3.0,13.1.0,13.1.0,13.1.0,13.1.0,13.1.0,13.1.0,13.1.0,13.1.0,13.1.0,13.1.0,13.1.0,13.1.0,13.1.0,13.1.0,13.1.0,13.1.0,13.1.0,13.1.0,13.1.0,13.1.0,13.1.0,13.1.0,13.1.0,13.1.0,13.1.0
HuggingFaceTB/SmolLM2-360M-Instruct (few-shot),4.19,4.54,362,49,8192,21776.98,True,False,2.66,8.97,1.65,28.73,55.39,0.28,3.55,-0.41,9.34,13.64,2.2,30.05,37.49,-0.0,0.78,7.6,20.37,21.27,1.31,0.51,10.53,49.27,-0.9,-1.0,3.12,13.6,0.28,16.34,50.0,-0.11,2.51,3.07,26.85,-0.12,4.02,6.73,15.68,0.63,27.47,50.53,1.3,-0.36,12.59,18.77,1.64,21.58,46.31,0.84,0.01,59.51,30.73,1.55,60.0,57.73,0.11,-0.06,13.1.0,13.1.0,13.1.0,13.1.0,13.1.0,13.1.0,13.1.0,13.1.0,13.1.0,13.1.0,13.1.0,13.1.0,13.1.0,13.1.0,13.1.0,13.1.0,13.1.0,13.1.0,13.1.0,13.1.0,13.1.0,13.1.0,13.1.0,13.1.0,13.3.0,13.1.0,13.1.0,13.1.0,13.1.0,13.1.0,13.1.0,13.3.0,13.1.0,13.1.0,13.1.0,13.1.0,13.1.0,13.1.0,13.1.0,13.1.0,13.1.0,13.1.0,13.1.0,13.1.0,13.1.0,13.1.0,13.1.0,13.1.0,13.1.0,13.1.0,13.1.0,13.1.0,13.1.0,13.1.0,13.1.0,13.1.0,13.1.0
fresh-xlm-roberta-base,4.35,999.0,278,250,512,2214.08,True,False,17.37,16.04,1.34,6.64,,,,,51.11,11.91,0.86,7.2,,,,12.6,25.49,25.94,0.5,1.83,0.0,,,,25.25,17.34,-0.06,21.61,,,,1.07,48.7,2.37,0.0,0.92,13.09,1.93,2.7,,,,23.44,8.03,-0.17,0.0,,,,4.0,34.64,1.33,6.18,,,,0.0.0,0.0.0,0.0.0,0.0.0,0.0.0,0.0.0,0.0.0,0.0.0,0.0.0,0.0.0,0.0.0,0.0.0,0.0.0,0.0.0,0.0.0,0.0.0,0.0.0,0.0.0,0.0.0,0.0.0,0.0.0,0.0.0,0.0.0,0.0.0,13.3.0,0.0.0,0.0.0,0.0.0,0.0.0,0.0.0,0.0.0,13.3.0,0.0.0,0.0.0,13.0.0,0.0.0,0.0.0,0.0.0,0.0.0,0.0.0,0.0.0,0.0.0,12.6.1,12.6.1,12.6.1,12.6.1,0.0.0,0.0.0,0.0.0,12.6.1,12.6.1,12.6.1,12.6.1,0.0.0,0.0.0,0.0.0,12.6.1
HuggingFaceTB/SmolLM2-135M (few-shot),4.48,4.45,135,49,8192,26346.08,True,False,3.79,13.72,-0.45,17.28,47.44,-0.58,10.99,-0.51,-3.03,19.15,0.06,16.55,51.51,0.02,0.04,8.84,24.37,24.69,-1.2,-0.5,2.31,53.61,-0.81,-0.71,2.1,14.74,-0.25,10.92,52.66,1.21,1.69,-0.56,25.51,0.46,3.01,2.01,17.49,-0.02,3.23,52.46,0.33,-0.1,2.74,16.89,-0.34,2.91,54.79,-0.32,0.18,26.69,31.26,1.78,22.49,52.05,1.51,-0.76,13.1.0,13.1.0,13.1.0,13.1.0,13.1.0,13.1.0,13.1.0,13.1.0,13.1.0,13.1.0,13.1.0,13.1.0,13.1.0,13.1.0,13.1.0,13.1.0,13.1.0,13.1.0,13.1.0,13.1.0,13.1.0,13.1.0,13.1.0,13.1.0,13.3.0,13.1.0,13.1.0,13.1.0,13.1.0,13.1.0,13.1.0,13.3.0,13.1.0,13.1.0,13.1.0,13.1.0,13.1.0,13.1.0,13.1.0,13.1.0,13.1.0,13.1.0,13.1.0,13.1.0,13.1.0,13.1.0,13.1.0,13.1.0,13.1.0,13.1.0,13.1.0,13.1.0,13.1.0,13.1.0,13.1.0,13.1.0,13.1.0
HuggingFaceTB/SmolLM2-135M-Instruct (few-shot),4.5,4.49,135,49,8192,25602.11,True,False,2.61,12.11,0.25,16.74,56.53,1.05,10.81,-0.5,7.41,17.09,0.47,13.94,38.3,0.3,0.06,2.78,20.89,19.62,-0.98,0.93,2.19,53.93,-0.48,-0.53,3.01,13.7,-0.83,10.22,50.3,1.1,-0.07,3.78,23.22,0.41,3.34,-0.62,15.82,1.16,5.89,54.82,1.36,0.34,2.51,15.54,0.36,5.69,49.41,-1.46,-0.18,18.64,29.96,1.85,36.91,52.96,1.34,0.1,13.1.0,13.1.0,13.1.0,13.1.0,13.1.0,13.1.0,13.1.0,13.1.0,13.1.0,13.1.0,13.1.0,13.1.0,13.1.0,13.1.0,13.1.0,13.1.0,13.1.0,13.1.0,13.1.0,13.1.0,13.1.0,13.1.0,13.1.0,13.1.0,13.3.0,13.1.0,13.1.0,13.1.0,13.1.0,13.1.0,13.1.0,13.3.0,13.1.0,13.1.0,13.1.0,13.1.0,13.1.0,13.1.0,13.1.0,13.1.0,13.1.0,13.1.0,13.1.0,13.1.0,13.1.0,13.1.0,13.1.0,13.1.0,13.1.0,13.1.0,13.1.0,13.1.0,13.1.0,13.1.0,13.1.0,13.1.0,13.1.0
ssmits/Falcon2-5.5B-multilingual (few-shot),4.99,5.01,5465,65,8192,7691.9,True,False,0.0,0.0,0.0,0.03,42.82,4.55,-1.17,-1.26,0.0,0.0,0.0,0.0,40.82,1.19,1.55,0.0,0.0,0.0,0.0,0.0,0.09,41.98,1.14,0.64,0.0,0.0,0.0,0.02,36.58,-0.0,0.0,0.0,0.0,0.0,0.0,0.0,0.0,0.0,0.01,43.74,0.32,1.73,0.0,0.0,0.0,0.02,37.66,0.87,1.95,0.0,0.0,2.48,0.03,44.8,-0.69,0.37,13.0.0,13.0.0,13.0.0,13.0.0,13.0.0,13.0.0,13.0.0,13.0.0,13.0.0,13.0.0,13.0.0,13.0.0,13.0.0,13.0.0,13.0.0,13.0.0,13.0.0,13.0.0,13.0.0,13.0.0,13.0.0,13.0.0,13.0.0,13.0.0,13.3.0,13.0.0,13.0.0,13.0.0,13.0.0,13.0.0,13.0.0,13.3.0,13.0.0,13.0.0,13.0.0,13.0.0,13.0.0,13.0.0,13.0.0,13.0.0,13.0.0,13.0.0,13.0.0,13.0.0,13.0.0,13.0.0,13.0.0,13.0.0,13.0.0,13.0.0,13.0.0,13.0.0,13.0.0,13.0.0,13.0.0,13.0.0,13.0.0
state-spaces/mamba-2.8b-hf (few-shot),999.0,4.23,2768,50,32769,2721.51,True,False,10.47,17.58,1.23,49.37,62.56,2.18,4.94,1.84,71.7,23.25,-0.82,46.93,54.39,-0.43,1.98,31.06,26.9,34.59,0.21,-0.17,22.83,53.77,-0.16,1.32,-1.7,18.38,0.49,23.24,51.62,2.25,-6.17,4.8,27.72,0.3,,2.4,22.95,3.12,32.09,50.36,-0.48,1.28,18.66,21.96,0.16,18.42,56.47,1.65,0.02,66.55,28.63,1.47,47.83,62.05,-0.41,-0.04,13.0.0,13.0.0,13.0.0,13.0.0,13.0.0,13.0.0,13.0.0,13.0.0,13.0.0,13.0.0,13.0.0,13.0.0,13.0.0,13.0.0,13.0.0,13.0.0,13.0.0,13.0.0,13.0.0,13.0.0,13.0.0,13.0.0,13.0.0,13.0.0,13.3.0,13.0.0,13.0.0,13.0.0,13.0.0,13.0.0,13.0.0,13.3.0,13.0.0,13.0.0,0.0.0,13.0.0,13.0.0,13.0.0,13.0.0,13.0.0,13.0.0,13.0.0,13.0.0,13.0.0,13.0.0,13.0.0,13.0.0,13.0.0,13.0.0,13.0.0,13.0.0,13.0.0,13.0.0,13.0.0,13.0.0,13.0.0,13.0.0
"mlabonne/NeuralBeagle14-7B (few-shot, val)",999.0,2.47,7242,32,8192,2549.38,False,True,51.29,53.02,19.73,61.26,67.33,65.38,62.78,39.07,76.03,61.25,16.28,60.05,68.35,32.3,38.78,54.04,62.47,66.69,16.75,13.0,65.43,65.74,28.39,35.19,,49.86,1.26,55.51,65.6,5.19,12.9,,62.78,3.69,,11.25,63.53,27.76,70.12,71.2,40.23,47.87,59.6,64.81,27.06,60.93,67.31,35.84,49.13,63.85,69.16,28.4,76.37,70.55,51.74,71.96,9.3.2,9.3.2,9.3.2,12.5.2,12.6.1,10.0.1,10.0.1,9.3.2,9.3.2,9.3.2,9.3.2,12.5.2,9.3.2,9.3.2,9.3.2,9.3.2,9.3.2,9.3.2,9.3.2,9.3.2,12.5.2,9.3.2,9.3.2,9.3.2,0.0.0,9.3.2,9.3.2,12.5.2,9.3.2,9.3.2,12.1.0,0.0.0,9.3.2,9.3.2,0.0.0,9.3.2,9.3.2,9.3.2,12.5.2,9.3.2,9.3.2,9.3.2,9.3.2,9.3.2,9.3.2,12.5.2,9.3.2,9.3.2,9.3.2,9.3.2,9.3.2,9.3.2,12.5.2,9.3.2,9.3.2,9.3.2,9.3.2
mistralai/Mistral-Nemo-Instruct-2407 (few-shot),999.0,2.29,12248,131,1024001,7094.98,True,False,48.97,53.95,31.78,65.53,66.24,67.09,72.87,42.77,70.54,62.86,37.5,65.98,65.93,40.58,42.99,60.64,70.14,68.74,35.59,29.22,76.01,64.61,39.07,37.95,,59.7,4.64,58.88,68.13,41.76,13.24,,72.85,2.31,,10.1,66.57,40.31,74.24,68.66,42.5,48.51,57.7,66.27,35.54,66.9,68.65,47.05,52.68,63.05,75.24,44.75,83.88,70.56,57.55,67.97,13.0.0,13.0.0,13.0.0,13.0.0,13.0.0,13.0.0,13.0.0,13.0.0,13.0.0,13.0.0,13.0.0,13.0.0,13.0.0,13.0.0,13.0.0,13.0.0,13.0.0,13.0.0,13.0.0,13.0.0,13.0.0,13.0.0,13.0.0,13.0.0,0.0.0,13.0.0,13.0.0,13.0.0,13.0.0,13.0.0,13.0.0,0.0.0,13.0.0,13.0.0,0.0.0,13.0.0,13.0.0,13.0.0,13.0.0,13.0.0,13.0.0,13.0.0,13.0.0,13.0.0,13.0.0,13.0.0,13.0.0,13.0.0,13.0.0,13.0.0,13.0.0,13.0.0,13.0.0,13.0.0,13.0.0,13.0.0,13.0.0
microsoft/Phi-3-mini-4k-instruct (few-shot),999.0,3.03,3821,32,4096,5224.17,True,False,42.6,41.37,6.52,57.75,64.55,38.64,42.12,13.66,67.17,46.15,5.3,57.49,59.2,21.33,16.12,37.18,56.33,54.68,6.76,6.79,52.56,61.44,15.54,17.55,14.42,33.05,0.71,39.88,60.08,2.67,2.74,17.25,56.61,-0.19,,12.58,50.31,14.72,66.72,64.4,28.31,21.25,54.75,59.68,30.22,59.19,66.64,39.5,51.29,63.66,66.13,34.07,83.46,69.32,59.24,74.58,12.10.5,12.10.5,12.10.5,12.10.5,12.10.5,12.10.5,12.10.5,12.10.5,12.10.5,12.10.5,12.10.5,12.10.5,12.10.5,12.10.5,12.10.5,12.10.4,12.10.4,12.10.4,12.10.4,12.10.4,12.10.4,12.10.4,12.10.4,12.10.4,13.3.0,12.10.5,12.10.5,12.10.5,12.10.5,12.10.8,12.10.5,13.3.0,12.10.5,12.10.5,0.0.0,12.10.5,12.10.5,12.10.5,12.10.5,12.10.5,12.10.5,12.10.5,12.10.5,12.10.5,12.10.5,12.10.5,12.10.5,12.10.5,12.10.5,12.10.5,12.10.5,12.10.5,12.10.5,12.10.5,12.10.5,12.10.5,12.10.5
microsoft/Phi-3-mini-128k-instruct (few-shot),999.0,3.02,3821,32,130819,7311.73,True,False,40.85,4.51,5.43,58.44,64.64,37.45,36.39,17.42,51.53,42.36,3.11,57.21,59.28,22.99,20.19,33.3,52.18,50.53,2.63,4.0,61.14,60.69,17.34,17.43,17.8,27.22,1.31,41.15,62.0,1.85,1.06,22.12,54.65,-0.67,,12.84,44.27,10.44,68.02,62.6,28.63,22.58,53.05,55.36,23.08,62.02,67.33,39.57,51.26,46.77,64.09,31.62,85.72,69.54,57.66,72.26,12.9.1,12.9.1,12.9.1,12.9.1,12.9.1,12.10.0,12.10.0,12.10.0,12.9.1,12.9.1,12.9.1,12.9.1,12.10.0,12.10.0,12.10.0,12.9.1,12.9.1,12.9.1,12.9.1,12.9.1,12.9.1,12.10.0,12.10.0,12.10.0,13.3.0,12.9.1,12.9.1,12.9.1,12.10.0,12.10.8,12.10.0,13.3.0,12.9.1,12.9.1,0.0.0,12.9.1,12.9.1,12.9.1,12.9.1,12.10.0,12.10.0,12.10.0,12.9.1,12.9.1,12.9.1,12.9.1,12.10.0,12.10.0,12.10.0,12.9.1,12.9.1,12.9.1,12.9.1,12.10.0,12.10.0,12.10.0,12.10.0
neuralmagic/Sparse-Llama-3.1-8B-2of4 (few-shot),999.0,2.93,8030,128,131072,2840.83,True,False,37.08,27.6,10.84,63.61,63.45,38.31,46.65,28.92,76.57,33.21,10.51,63.06,63.82,26.73,21.33,32.18,35.54,36.61,0.0,0.0,68.45,60.89,24.47,33.51,27.63,17.32,-0.29,47.17,56.87,10.62,1.78,,45.35,0.81,63.42,11.94,34.21,6.18,71.27,64.48,29.76,38.79,50.44,40.63,10.79,61.01,69.06,31.77,41.12,68.49,59.28,21.95,87.44,69.54,46.35,60.61,13.2.0,13.2.0,13.2.0,13.2.0,13.2.0,13.2.0,13.2.0,13.2.0,13.2.0,13.2.0,13.2.0,13.2.0,13.2.0,13.2.0,13.2.0,13.2.0,13.2.0,13.2.0,13.2.0,13.2.0,13.2.0,13.2.0,13.2.0,13.2.0,13.2.0,13.2.0,13.2.0,13.2.0,13.2.0,13.2.0,13.2.0,0.0.0,13.2.0,13.2.0,13.2.0,13.2.0,13.2.0,13.2.0,13.2.0,13.2.0,13.2.0,13.2.0,13.2.0,13.2.0,13.2.0,13.2.0,13.2.0,13.2.0,13.2.0,13.2.0,13.2.0,13.2.0,13.2.0,13.2.0,13.2.0,13.2.0,13.2.0
meta-llama/Llama-3.2-3B (few-shot),999.0,3.24,3213,128,131073,3713.14,True,False,38.9,41.13,9.6,62.25,63.35,45.46,46.77,12.19,77.76,51.06,5.88,62.93,62.73,27.05,13.3,39.96,49.57,52.13,3.2,3.72,68.67,58.99,21.88,14.24,14.86,42.04,0.0,49.31,61.8,13.79,0.25,11.12,56.41,-1.45,,7.9,47.4,3.1,68.47,62.27,29.18,10.34,54.65,49.85,3.17,58.09,67.96,29.56,16.15,63.29,59.09,13.5,81.12,67.73,40.1,20.88,13.0.0,13.0.0,13.0.0,13.0.0,13.0.0,13.0.0,13.0.0,13.0.0,13.0.0,13.0.0,13.0.0,13.0.0,13.0.0,13.0.0,13.0.0,13.0.0,13.0.0,13.0.0,13.0.0,13.0.0,13.0.0,13.0.0,13.0.0,13.0.0,13.3.0,13.0.0,13.0.0,13.0.0,13.0.0,13.0.0,13.0.0,13.3.0,13.0.0,13.0.0,0.0.0,13.0.0,13.0.0,13.0.0,13.0.0,13.0.0,13.0.0,13.0.0,13.0.0,13.0.0,13.0.0,13.0.0,13.0.0,13.0.0,13.0.0,13.0.0,13.0.0,13.0.0,13.0.0,13.0.0,13.0.0,13.0.0,13.0.0
skole-gpt-mixtral (few-shot),999.0,2.46,N/A,32,32768,3582.66,False,False,51.51,49.17,32.04,66.15,66.83,65.77,77.56,30.34,78.27,54.14,32.49,66.56,65.86,43.62,28.84,52.09,62.52,61.55,21.99,16.84,72.6,64.7,39.99,32.16,,42.15,4.49,56.11,66.89,19.27,9.45,,67.89,-0.41,,8.92,62.16,32.76,72.57,68.39,46.17,33.31,59.45,57.82,36.75,63.95,69.37,50.96,39.28,68.55,67.43,39.75,82.86,70.9,59.14,57.88,13.0.0,13.0.0,13.0.0,13.0.0,13.0.0,13.0.0,13.0.0,13.0.0,13.0.0,13.0.0,13.0.0,13.0.0,13.0.0,13.0.0,13.0.0,13.0.0,13.0.0,13.0.0,13.0.0,13.0.0,13.0.0,13.0.0,13.0.0,13.0.0,0.0.0,13.0.0,13.0.0,13.0.0,13.0.0,13.0.0,13.0.0,0.0.0,13.0.0,13.0.0,0.0.0,13.0.0,13.0.0,13.0.0,13.0.0,13.0.0,13.0.0,13.0.0,13.0.0,13.0.0,13.0.0,13.0.0,13.0.0,13.0.0,13.0.0,13.0.0,13.0.0,13.0.0,13.0.0,13.0.0,13.0.0,13.0.0,13.0.0
upstage/SOLAR-10.7B-v1.0 (few-shot),999.0,2.13,10732,32,4096,3780.42,True,False,46.63,58.03,15.09,67.21,66.81,64.79,68.59,65.29,77.48,59.65,16.94,68.15,65.19,39.82,68.87,55.33,68.11,68.19,10.15,7.51,80.42,65.51,35.57,62.76,,62.08,7.58,56.6,66.11,18.75,7.64,,71.15,0.0,,11.93,65.37,41.67,78.01,68.83,40.18,65.34,59.79,68.11,35.45,68.54,69.31,41.2,72.65,70.01,69.5,41.35,89.35,71.16,51.95,90.94,12.5.3,12.5.3,12.5.3,12.5.3,12.5.3,12.5.3,12.5.3,12.5.3,12.5.3,12.5.3,12.5.3,12.5.3,12.5.3,12.5.3,12.5.3,12.5.3,12.5.3,12.5.3,12.5.3,12.5.3,12.5.3,12.5.3,12.5.3,12.5.3,0.0.0,12.5.3,12.5.3,12.5.3,12.5.3,12.10.8,12.5.3,0.0.0,12.5.3,12.5.3,0.0.0,12.5.3,12.5.3,12.5.3,12.5.3,12.5.3,12.5.3,12.5.3,12.5.3,12.5.3,12.5.3,12.5.3,12.5.3,12.5.3,12.5.3,12.5.3,12.5.3,12.5.3,12.5.3,12.5.3,12.5.3,12.5.3,12.5.3
01-ai/Yi-1.5-6B (few-shot),999.0,3.04,6061,64,4097,2867.41,True,False,12.73,35.21,4.75,61.53,64.28,46.17,36.46,18.01,70.71,45.55,4.83,61.21,63.18,26.05,27.09,27.86,46.02,48.72,2.41,2.5,67.06,60.92,23.93,22.39,10.58,38.15,0.98,44.2,61.23,7.59,3.44,16.72,47.9,-0.2,,9.23,51.18,1.99,65.31,60.81,28.03,23.64,47.12,48.2,12.39,57.48,65.48,30.83,24.9,68.74,55.51,40.81,84.5,67.71,48.36,68.5,13.0.0,13.0.0,13.0.0,13.0.0,13.0.0,13.0.0,13.0.0,13.0.0,13.0.0,13.0.0,13.0.0,13.0.0,13.0.0,13.0.0,13.0.0,13.0.0,13.0.0,13.0.0,13.0.0,13.0.0,13.0.0,13.0.0,13.0.0,13.0.0,13.3.0,13.0.0,13.0.0,13.0.0,13.0.0,13.0.0,13.0.0,13.3.0,13.0.0,13.0.0,0.0.0,13.0.0,13.0.0,13.0.0,13.0.0,13.0.0,13.0.0,13.0.0,13.0.0,13.0.0,13.0.0,13.0.0,13.0.0,13.0.0,13.0.0,13.0.0,13.0.0,13.0.0,13.0.0,13.0.0,13.0.0,13.0.0,13.0.0
meta-llama/Llama-3.2-1B-Instruct (few-shot),999.0,3.7,1236,128,131073,7435.78,False,False,36.94,35.45,1.12,53.34,61.33,27.14,18.57,3.16,71.86,41.6,3.72,52.9,56.69,14.64,3.1,27.43,44.66,47.78,0.07,1.14,39.37,57.67,11.67,3.53,6.91,33.76,-0.13,33.38,59.46,2.09,3.56,11.75,43.5,1.18,,9.15,42.01,1.11,53.75,58.72,17.71,6.98,38.26,42.51,5.48,41.82,60.81,16.06,6.64,59.46,56.41,8.36,67.95,66.61,25.59,18.56,13.0.0,13.0.0,13.0.0,13.0.0,13.0.0,13.0.0,13.0.0,13.0.0,13.0.0,13.0.0,13.0.0,13.0.0,13.0.0,13.0.0,13.0.0,13.0.0,13.0.0,13.0.0,13.0.0,13.0.0,13.0.0,13.0.0,13.0.0,13.0.0,13.3.0,13.0.0,13.0.0,13.0.0,13.0.0,13.0.0,13.0.0,13.3.0,13.0.0,13.0.0,0.0.0,13.0.0,13.0.0,13.0.0,13.0.0,13.0.0,13.0.0,13.0.0,13.0.0,13.0.0,13.0.0,13.0.0,13.0.0,13.0.0,13.0.0,13.0.0,13.0.0,13.0.0,13.0.0,13.0.0,13.0.0,13.0.0,13.0.0
01-ai/Yi-6B (few-shot),999.0,3.17,6061,64,4096,6435.34,True,False,,35.08,,60.88,64.15,34.07,33.75,13.61,,46.69,,60.77,62.7,25.28,19.2,,43.44,46.33,,,62.78,61.98,23.14,16.5,8.76,0.0,,40.63,60.02,4.35,0.72,13.21,0.0,,,,46.34,,66.5,58.35,29.33,20.27,52.66,0.0,7.33,57.13,66.09,30.33,22.89,,52.7,,85.86,64.51,50.89,68.29,0.0.0,9.3.2,0.0.0,12.5.1,12.6.1,10.0.1,10.0.1,10.0.1,0.0.0,9.3.2,0.0.0,12.5.1,12.0.0,10.0.1,10.0.1,0.0.0,9.3.2,9.3.2,0.0.0,0.0.0,12.5.1,12.0.0,10.0.1,10.0.1,13.3.0,9.3.2,0.0.0,12.5.1,12.0.0,12.10.8,12.1.0,13.3.0,9.3.2,0.0.0,0.0.0,0.0.0,9.3.2,0.0.0,12.5.1,12.0.0,10.0.1,10.0.1,12.10.0,12.10.0,12.10.0,12.10.0,12.10.0,12.10.0,12.10.0,0.0.0,9.3.2,0.0.0,12.5.1,12.0.0,10.0.1,10.0.1,12.10.0
LumiOpen/Viking-13B (few-shot),999.0,4.06,14030,131,4097,839.52,True,False,48.71,28.6,2.3,58.96,64.05,0.55,0.0,0.36,78.66,31.55,5.69,57.87,60.05,1.32,0.35,29.22,26.76,35.38,2.58,2.79,53.61,56.69,-0.56,-0.43,,26.28,2.17,45.48,62.07,-0.07,-2.92,,49.32,1.7,,8.57,36.74,3.01,40.73,51.76,0.67,-0.3,42.9,34.53,1.51,29.77,61.4,-1.84,-0.12,59.9,42.78,5.68,68.97,64.83,1.63,0.54,12.10.5,12.10.5,12.10.5,12.10.5,12.10.5,12.10.5,12.10.5,12.10.5,12.10.5,12.10.5,12.10.5,12.10.5,12.10.5,12.10.5,12.10.5,12.10.5,12.10.5,12.10.4,12.10.4,12.10.4,12.10.4,12.10.4,12.10.4,12.10.4,0.0.0,12.10.5,12.10.5,12.10.5,12.10.5,12.10.8,12.10.5,0.0.0,12.10.5,12.10.5,0.0.0,12.5.2,12.5.2,12.5.2,12.5.2,12.5.2,12.5.2,12.5.2,12.5.2,12.5.2,12.5.2,12.5.2,12.5.2,12.5.2,12.5.2,12.10.5,12.10.5,12.10.5,12.10.5,12.10.5,12.10.5,12.10.5,12.10.5
Qwen/Qwen1.5-0.5B-Chat (few-shot),999.0,4.33,620,152,32768,11740.04,False,False,10.72,17.38,1.32,40.37,55.87,4.56,22.41,1.71,40.23,18.57,0.21,35.01,53.29,2.59,-0.84,11.49,29.52,31.27,0.29,-0.12,17.09,9.92,0.29,0.49,1.63,9.5,1.76,17.84,58.92,-1.28,1.48,-0.1,22.3,-0.54,,8.59,18.66,0.34,35.03,62.36,2.09,1.44,9.31,24.67,1.11,29.1,56.42,2.75,3.41,55.41,33.86,1.15,64.09,65.81,11.66,5.22,11.0.0,12.5.2,12.1.0,12.4.0,12.6.1,12.1.0,12.1.0,12.1.0,11.0.0,12.5.2,12.1.0,12.4.0,12.5.0,12.1.0,12.1.0,11.0.0,12.5.2,12.5.2,12.1.0,12.1.0,12.4.0,12.5.0,12.1.0,12.1.0,13.3.0,12.5.2,12.1.0,12.5.0,12.5.0,12.10.8,12.1.0,13.3.0,12.5.2,12.1.0,0.0.0,11.0.0,12.5.2,12.1.0,12.5.0,12.5.0,12.1.0,12.1.0,11.0.0,12.5.2,12.1.0,12.5.0,12.5.0,12.1.0,12.1.0,11.0.0,12.5.2,12.1.0,12.5.0,12.5.0,12.1.0,12.1.0,9.3.2
Qwen/Qwen1.5-0.5B (few-shot),999.0,4.04,620,152,32768,11371.34,True,False,8.88,19.01,0.66,38.31,55.57,7.21,16.56,0.62,26.58,28.96,-1.88,40.95,53.36,6.52,1.91,6.31,34.46,33.41,-1.59,0.61,16.2,49.88,2.81,2.92,1.95,16.2,-0.57,16.86,56.0,1.96,0.85,5.07,29.34,-1.47,,4.54,28.3,-0.42,29.05,58.4,7.44,1.7,10.64,27.34,0.33,27.38,59.71,6.34,2.94,57.15,37.51,2.94,55.17,65.22,18.24,10.89,10.0.1,12.5.2,12.1.0,12.1.0,12.6.1,12.1.0,12.1.0,12.1.0,10.0.1,12.5.2,12.1.0,12.1.0,12.1.0,12.1.0,12.1.0,10.0.1,12.5.2,12.5.2,12.1.0,12.1.0,12.1.0,12.1.0,12.1.0,12.1.0,13.3.0,12.5.2,12.1.0,12.1.0,12.1.0,12.10.8,12.1.0,13.3.0,12.5.2,12.1.0,0.0.0,10.0.1,12.5.2,12.1.0,12.1.0,12.1.0,12.1.0,12.1.0,10.0.1,12.5.2,12.1.0,12.1.0,12.1.0,12.1.0,12.1.0,10.0.1,12.5.2,12.1.0,12.1.0,12.1.0,12.1.0,12.1.0,9.3.2
Qwen/Qwen1.5-1.8B-Chat (few-shot),999.0,3.75,1837,152,32768,8303.55,False,False,26.58,18.0,0.63,49.4,57.19,22.17,12.85,7.01,52.54,20.94,0.34,50.53,61.19,10.74,4.83,19.85,26.99,25.74,1.96,-0.01,31.16,55.08,7.79,5.61,6.87,14.15,0.78,23.47,57.27,1.62,1.92,5.97,26.11,0.15,,6.82,23.44,4.11,46.66,60.91,12.11,6.41,36.21,28.04,3.12,41.91,61.47,13.44,8.31,55.33,40.89,11.23,74.24,67.23,26.84,23.89,11.0.0,12.5.2,12.1.0,12.5.0,12.6.1,12.1.0,12.1.0,12.1.0,11.0.0,12.5.2,12.1.0,12.5.0,12.5.0,12.1.0,12.1.0,11.0.0,12.5.2,12.5.2,12.1.0,12.1.0,12.5.0,12.5.0,12.1.0,12.1.0,13.3.0,12.5.2,12.1.0,12.5.0,12.5.0,12.10.8,12.1.0,13.3.0,12.5.2,12.1.0,0.0.0,11.0.0,12.5.2,12.1.0,12.5.0,12.5.0,12.1.0,12.1.0,11.0.0,12.5.2,12.1.0,12.5.0,12.5.0,12.1.0,12.1.0,11.0.0,12.5.2,12.1.0,12.5.0,12.5.0,12.1.0,12.1.0,9.3.2
Qwen/Qwen1.5-1.8B (few-shot),999.0,3.82,1837,152,32768,5665.51,True,False,29.03,9.83,0.56,53.2,56.43,14.86,17.56,4.78,51.91,18.01,1.49,51.87,54.82,11.54,7.19,22.82,12.1,13.42,2.7,2.21,30.78,54.48,9.57,6.02,5.43,12.26,0.94,20.24,55.32,3.65,1.13,10.8,18.65,1.14,,5.2,11.66,2.89,48.83,55.0,13.56,5.89,38.3,9.23,0.39,41.61,61.74,13.65,8.86,64.34,37.22,15.3,75.79,68.15,27.24,22.84,10.0.1,12.5.2,12.1.0,12.1.0,12.6.1,12.1.0,12.1.0,12.1.0,10.0.1,12.5.2,12.1.0,12.1.0,12.1.0,12.1.0,12.1.0,10.0.1,12.5.2,12.5.2,12.1.0,12.1.0,12.1.0,12.1.0,12.1.0,12.1.0,13.3.0,12.5.2,12.1.0,12.1.0,12.1.0,12.10.8,12.1.0,13.3.0,12.5.2,12.1.0,0.0.0,10.0.1,12.5.2,12.1.0,12.1.0,12.1.0,12.1.0,12.1.0,10.0.1,12.5.2,12.1.0,12.1.0,12.1.0,12.1.0,12.1.0,10.0.1,12.5.2,12.1.0,12.1.0,12.1.0,12.1.0,12.1.0,12.1.0
Qwen/Qwen1.5-4B-Chat (few-shot),999.0,3.28,3950,152,32768,4347.23,False,False,42.04,35.96,8.65,59.73,63.22,37.79,29.62,16.87,64.08,40.19,5.43,59.57,61.9,20.95,16.59,32.7,44.83,46.29,3.57,1.61,67.11,60.53,17.0,16.18,7.56,25.65,-0.35,32.31,62.11,4.5,-1.89,17.16,43.8,-0.42,,14.68,42.52,4.07,66.5,62.75,24.25,16.21,41.52,42.08,12.78,59.9,65.56,23.76,20.92,59.62,58.56,28.55,82.09,67.27,38.68,47.47,10.0.1,12.5.2,12.1.0,12.5.2,12.6.1,12.1.0,12.1.0,12.1.0,10.0.1,12.5.2,12.1.0,12.5.2,12.1.0,12.1.0,12.1.0,10.0.1,12.5.2,12.5.2,12.1.0,12.1.0,12.5.2,12.1.0,12.1.0,12.1.0,13.3.0,12.5.2,12.1.0,12.5.2,12.1.0,12.10.8,12.1.0,13.3.0,12.5.2,12.1.0,0.0.0,10.0.1,12.5.2,12.1.0,12.5.2,12.1.0,12.1.0,12.1.0,10.0.1,12.5.2,12.1.0,12.5.2,12.1.0,12.1.0,12.1.0,10.0.1,12.5.2,12.1.0,12.5.2,12.1.0,12.1.0,12.1.0,9.3.2
Qwen/Qwen1.5-4B (few-shot),999.0,3.37,3950,152,32768,3247.86,True,False,39.62,32.28,5.38,60.63,62.74,37.49,29.21,15.58,5.2,37.26,1.85,60.15,58.24,22.04,14.76,36.97,32.12,36.86,5.27,1.4,62.87,57.64,16.5,13.27,5.2,15.66,-0.55,34.56,57.17,5.46,-1.71,8.76,34.2,-0.36,,12.55,35.74,0.23,64.17,58.9,22.2,13.11,39.91,31.52,3.27,57.6,65.88,21.32,21.35,60.55,55.45,28.6,82.68,68.67,39.82,51.82,10.0.1,12.5.2,12.1.0,12.1.0,12.6.1,12.1.0,12.1.0,12.1.0,9.3.2,12.5.2,12.1.0,12.1.0,12.1.0,12.1.0,12.1.0,10.0.1,12.5.2,12.5.2,12.1.0,12.1.0,12.1.0,12.1.0,12.1.0,12.1.0,13.3.0,12.5.2,12.1.0,12.1.0,12.1.0,12.10.8,12.1.0,13.3.0,12.5.2,12.1.0,0.0.0,10.0.1,12.5.2,12.1.0,12.1.0,12.1.0,12.1.0,12.1.0,10.0.1,12.5.2,12.1.0,12.1.0,12.1.0,12.1.0,12.1.0,10.0.1,12.5.2,12.1.0,12.1.0,12.1.0,12.1.0,12.1.0,12.1.0
RuterNorway/Llama-2-7b-chat-norwegian (few-shot),999.0,4.16,N/A,32,4096,10889.7,False,False,10.65,10.12,-0.66,28.87,56.92,0.1,4.29,-0.88,31.11,22.38,0.09,50.14,55.44,1.12,-0.91,12.22,21.04,18.71,-1.18,0.36,50.11,53.49,0.21,-0.3,3.32,9.48,0.07,7.35,55.16,-0.8,-0.16,-3.21,18.86,-0.43,,11.36,35.49,2.52,47.34,62.24,5.41,0.15,33.61,27.22,0.45,45.5,60.5,-0.1,-1.0,21.95,18.69,0.01,50.66,60.11,3.71,0.62,9.3.1,9.3.1,9.3.1,12.5.2,12.6.1,10.0.1,10.0.1,9.3.1,9.3.1,9.3.1,9.3.1,12.5.2,11.0.0,9.3.1,9.3.1,9.3.1,9.3.1,9.3.1,9.3.1,9.3.1,12.5.2,11.0.0,9.3.1,9.3.1,13.3.0,9.3.1,9.3.1,12.5.2,12.4.0,12.10.8,12.1.0,13.3.0,9.3.1,9.3.1,0.0.0,9.3.1,9.3.1,9.3.1,12.5.2,9.3.1,9.3.1,9.3.1,12.10.0,9.3.1,9.3.1,12.5.2,12.4.0,9.3.1,9.3.1,9.3.1,9.3.1,9.3.1,12.5.2,9.3.1,9.3.1,9.3.1,9.3.1
TrustLLMeu/baseline-7-8b_1t-tokens_llama (few-shot),999.0,3.77,7800,100,4096,6196.57,True,False,45.67,34.25,10.62,56.92,65.67,2.31,10.57,0.64,79.18,42.87,8.65,57.58,64.66,2.37,0.17,37.79,42.77,45.69,8.77,8.47,65.11,61.05,-1.34,-0.94,,36.02,5.05,50.31,66.77,1.7,-1.88,,43.13,0.88,63.19,11.37,48.24,10.73,65.28,64.32,0.72,-0.47,58.36,39.21,7.03,51.94,68.59,3.52,0.06,59.29,45.89,9.11,77.75,68.17,0.92,0.61,13.0.0,13.0.0,13.0.0,13.0.0,13.0.0,13.0.0,13.0.0,13.0.0,13.0.0,13.0.0,13.0.0,13.0.0,13.0.0,13.0.0,13.0.0,13.0.0,13.0.0,13.0.0,13.0.0,13.0.0,13.0.0,13.0.0,13.0.0,13.0.0,0.0.0,13.0.0,13.0.0,13.0.0,13.0.0,13.0.0,13.0.0,0.0.0,13.0.0,13.0.0,13.0.0,13.0.0,13.0.0,13.0.0,13.0.0,13.0.0,13.0.0,13.0.0,13.0.0,13.0.0,13.0.0,13.0.0,13.0.0,13.0.0,13.0.0,13.0.0,13.0.0,13.0.0,13.0.0,13.0.0,13.0.0,13.0.0,13.0.0
ai-forever/mGPT (few-shot),999.0,5.57,N/A,100,1024,11734.33,True,False,2.61,0.65,-0.73,2.68,35.64,-0.61,6.94,-1.12,0.0,0.0,0.49,7.85,31.89,-0.37,0.36,4.76,0.08,0.0,0.67,-0.88,0.74,31.66,0.72,-0.2,3.82,0.0,0.0,0.05,17.11,-0.02,0.47,-0.22,0.0,-0.24,,-0.67,0.11,-0.97,1.56,30.2,1.45,-0.56,0.19,0.0,-0.12,1.29,29.43,-0.69,0.15,3.71,1.55,-0.42,11.12,34.62,0.37,-0.17,10.0.1,9.3.1,11.0.0,12.5.1,12.6.1,11.0.0,11.0.0,11.0.0,10.0.1,9.3.1,11.0.0,12.5.1,12.0.0,11.0.0,11.0.0,10.0.1,9.3.1,9.3.1,11.0.0,11.0.0,12.5.1,12.0.0,11.0.0,11.0.0,13.3.0,9.3.1,11.0.0,12.5.1,12.0.0,12.10.8,12.1.0,13.3.0,9.3.1,11.0.0,0.0.0,10.0.1,9.3.1,11.0.0,12.5.1,12.0.0,11.0.0,11.0.0,12.10.0,12.10.0,12.10.0,12.10.0,12.10.0,12.10.0,12.10.0,10.0.1,9.3.1,11.0.0,12.5.1,12.0.0,11.0.0,11.0.0,12.10.0
allenai/OLMo-1.7-7B-hf (few-shot),999.0,3.47,6888,50,4096,3371.43,True,False,31.57,33.8,2.76,59.5,64.19,17.75,28.24,4.5,76.6,41.25,6.37,61.35,62.9,16.18,8.52,36.68,42.78,42.85,2.39,1.91,62.28,59.58,13.41,7.83,,27.44,1.46,39.06,58.3,2.14,2.43,,43.45,-0.8,,4.34,46.95,3.46,68.14,61.31,18.21,9.03,49.42,39.41,6.02,54.92,66.75,20.77,10.47,66.43,41.02,5.17,85.31,70.28,34.92,18.73,12.10.4,12.10.5,12.10.4,12.10.5,12.10.5,12.10.4,12.10.4,12.10.4,12.10.4,12.10.5,12.10.4,12.10.5,12.10.5,12.10.4,12.10.4,12.10.4,12.10.5,12.10.5,12.10.4,12.10.4,12.10.5,12.10.5,12.10.4,12.10.4,0.0.0,12.10.5,12.10.4,12.10.5,12.10.5,12.10.8,12.10.4,0.0.0,12.10.5,12.10.4,0.0.0,12.10.4,12.10.5,12.10.4,12.10.5,12.10.5,12.10.4,12.10.4,12.10.4,12.10.5,12.10.4,12.10.5,12.10.5,12.10.4,12.10.4,12.10.4,12.10.5,12.10.4,12.10.5,12.10.5,12.10.4,12.10.4,12.10.4
google/gemma-2-27b-it (few-shot),999.0,1.68,27227,256,8193,1516.14,True,False,59.06,59.94,58.57,65.6,68.12,85.2,84.02,71.26,80.73,62.59,61.37,66.73,65.54,58.15,68.94,67.14,67.35,66.61,64.66,52.49,73.41,66.24,58.34,70.87,,55.48,20.1,53.76,68.83,67.22,35.27,,60.57,11.09,,14.8,65.2,59.02,74.99,64.03,59.71,70.7,60.28,64.13,46.69,59.38,67.87,59.43,71.59,68.68,62.4,54.17,84.76,69.79,68.71,81.25,13.0.0,13.0.0,13.0.0,13.0.0,13.0.0,13.0.0,13.0.0,13.0.0,13.0.0,13.0.0,13.0.0,13.0.0,13.0.0,13.0.0,13.0.0,13.0.0,13.0.0,13.0.0,13.0.0,13.0.0,13.0.0,13.0.0,13.0.0,13.0.0,0.0.0,13.0.0,13.0.0,13.0.0,13.0.0,13.0.0,13.0.0,0.0.0,13.0.0,13.0.0,0.0.0,13.0.0,13.0.0,13.0.0,13.0.0,13.0.0,13.0.0,13.0.0,13.0.0,13.0.0,13.0.0,13.0.0,13.0.0,13.0.0,13.0.0,13.0.0,13.0.0,13.0.0,13.0.0,13.0.0,13.0.0,13.0.0,13.0.0
google/gemma-2-2b-it (few-shot),999.0,2.91,2614,256,8193,5373.87,True,False,47.11,28.22,19.99,58.49,66.73,52.85,52.74,29.94,75.84,35.61,15.62,58.65,65.16,27.0,31.43,46.84,35.56,37.7,17.15,14.38,63.79,64.58,23.02,33.13,15.24,14.79,1.1,51.72,62.67,10.76,-5.2,28.69,24.45,0.75,,11.17,40.58,19.63,67.27,66.83,29.3,31.43,46.23,37.31,23.26,59.66,66.35,30.11,35.25,66.37,44.36,34.69,78.88,68.09,42.89,45.52,13.0.0,13.0.0,13.0.0,13.0.0,13.0.0,13.0.0,13.0.0,13.0.0,13.0.0,13.0.0,13.0.0,13.0.0,13.0.0,13.0.0,13.0.0,13.0.0,13.0.0,13.0.0,13.0.0,13.0.0,13.0.0,13.0.0,13.0.0,13.0.0,13.3.0,13.0.0,13.0.0,13.0.0,13.0.0,13.0.0,13.0.0,13.3.0,13.0.0,13.0.0,0.0.0,13.0.0,13.0.0,13.0.0,13.0.0,13.0.0,13.0.0,13.0.0,13.0.0,13.0.0,13.0.0,13.0.0,13.0.0,13.0.0,13.0.0,13.0.0,13.0.0,13.0.0,13.0.0,13.0.0,13.0.0,13.0.0,13.0.0
meta-llama/Llama-3.2-1B (few-shot),999.0,4.17,1236,128,131073,7577.45,True,False,35.97,19.82,2.14,51.92,58.65,2.65,9.51,-0.88,74.33,29.89,1.06,52.7,52.06,0.93,0.09,29.5,30.54,31.34,-0.13,0.02,34.02,53.31,2.49,2.53,9.23,17.77,-0.35,30.75,54.21,0.71,2.88,1.33,24.82,-0.23,,4.25,22.03,1.46,52.6,51.56,5.46,-0.58,47.65,24.79,2.39,33.76,61.07,3.94,0.9,54.4,35.08,2.97,71.04,62.19,7.91,1.6,13.0.0,13.0.0,13.0.0,13.0.0,13.0.0,13.0.0,13.0.0,13.0.0,13.0.0,13.0.0,13.0.0,13.0.0,13.0.0,13.0.0,13.0.0,13.0.0,13.0.0,13.0.0,13.0.0,13.0.0,13.0.0,13.0.0,13.0.0,13.0.0,13.3.0,13.0.0,13.0.0,13.0.0,13.0.0,13.0.0,13.0.0,13.3.0,13.0.0,13.0.0,0.0.0,13.0.0,13.0.0,13.0.0,13.0.0,13.0.0,13.0.0,13.0.0,13.0.0,13.0.0,13.0.0,13.0.0,13.0.0,13.0.0,13.0.0,13.0.0,13.0.0,13.0.0,13.0.0,13.0.0,13.0.0,13.0.0,13.0.0
google/gemma-2-2b (few-shot),999.0,3.35,2614,256,8193,5235.32,True,False,34.94,17.29,6.39,59.95,64.82,48.07,45.03,9.1,76.36,30.45,6.06,60.59,63.12,20.8,6.24,32.61,20.47,24.18,3.22,3.91,63.31,60.17,19.03,7.35,21.0,10.67,-0.21,43.48,59.97,10.08,1.16,19.12,19.87,1.15,,8.11,22.63,8.04,65.22,61.9,22.76,8.5,50.36,19.69,9.07,53.36,68.52,26.5,9.36,66.28,30.82,10.09,78.21,67.13,35.14,11.26,13.0.0,13.0.0,13.0.0,13.0.0,13.0.0,13.0.0,13.0.0,13.0.0,13.0.0,13.0.0,13.0.0,13.0.0,13.0.0,13.0.0,13.0.0,13.0.0,13.0.0,13.0.0,13.0.0,13.0.0,13.0.0,13.0.0,13.0.0,13.0.0,13.3.0,13.0.0,13.0.0,13.0.0,13.0.0,13.0.0,13.0.0,13.3.0,13.0.0,13.0.0,0.0.0,13.0.0,13.0.0,13.0.0,13.0.0,13.0.0,13.0.0,13.0.0,13.0.0,13.0.0,13.0.0,13.0.0,13.0.0,13.0.0,13.0.0,13.0.0,13.0.0,13.0.0,13.0.0,13.0.0,13.0.0,13.0.0,13.0.0
google/gemma-2-9b (few-shot),999.0,2.05,9242,256,8193,2037.53,True,False,38.84,44.16,43.42,66.24,67.46,81.68,77.77,50.04,80.55,50.43,50.86,65.35,65.63,52.06,49.8,62.54,54.08,54.33,50.88,41.01,72.99,65.67,50.81,53.37,,30.89,5.29,58.2,67.58,55.69,17.5,,47.88,5.79,,17.43,57.13,31.39,73.56,66.59,53.71,53.26,62.89,47.39,37.22,67.67,70.44,53.28,54.51,68.91,50.9,43.79,84.25,69.67,61.34,62.23,13.0.0,13.0.0,13.0.0,13.0.0,13.0.0,13.0.0,13.0.0,13.0.0,13.0.0,13.0.0,13.0.0,13.0.0,13.0.0,13.0.0,13.0.0,13.0.0,13.0.0,13.0.0,13.0.0,13.0.0,13.0.0,13.0.0,13.0.0,13.0.0,0.0.0,13.0.0,13.0.0,13.0.0,13.0.0,13.0.0,13.0.0,0.0.0,13.0.0,13.0.0,0.0.0,13.0.0,13.0.0,13.0.0,13.0.0,13.0.0,13.0.0,13.0.0,13.0.0,13.0.0,13.0.0,13.0.0,13.0.0,13.0.0,13.0.0,13.0.0,13.0.0,13.0.0,13.0.0,13.0.0,13.0.0,13.0.0,13.0.0
google/gemma-2b-it (few-shot),999.0,3.95,2506,256,8192,6470.59,False,False,34.03,24.44,2.25,49.76,62.41,15.16,12.67,2.67,43.97,33.51,0.53,47.28,40.55,11.06,1.03,22.01,39.78,43.58,2.76,1.45,56.65,55.43,7.68,1.06,7.64,20.49,-0.01,37.64,59.16,0.45,0.62,5.98,37.6,-1.62,,11.25,38.85,-2.27,56.54,51.99,10.97,1.45,28.54,36.62,1.15,51.61,63.02,12.27,6.57,48.83,40.05,5.83,76.59,67.28,18.21,10.84,12.1.0,12.5.2,12.1.0,12.4.0,12.6.1,12.1.0,12.1.0,12.1.0,12.1.0,12.5.2,12.1.0,12.4.0,12.4.0,12.1.0,12.1.0,12.1.0,12.5.2,12.5.2,12.1.0,12.1.0,12.4.0,12.4.0,12.1.0,12.1.0,13.3.0,12.5.2,12.1.0,12.4.0,12.4.0,12.10.8,12.1.0,13.3.0,12.5.2,12.1.0,0.0.0,12.1.0,12.5.2,12.1.0,12.4.0,12.4.0,12.1.0,12.1.0,12.1.0,12.5.2,12.1.0,12.4.0,12.4.0,12.1.0,12.1.0,12.1.0,12.5.2,12.1.0,12.4.0,12.4.0,12.1.0,12.1.0,12.1.0
google/gemma-2b (few-shot),999.0,3.69,2506,256,8192,6087.12,True,False,40.21,19.97,2.27,56.27,63.07,15.04,30.63,4.9,75.45,14.67,3.82,57.35,59.72,10.98,4.24,32.89,15.53,19.78,1.18,0.0,53.15,57.65,11.27,5.1,16.0,8.83,0.31,37.41,60.0,2.52,0.0,22.99,20.15,1.28,,9.95,16.9,0.41,59.16,58.61,10.94,3.29,44.96,16.95,0.77,40.68,66.8,12.11,7.32,62.14,19.65,8.3,77.75,66.51,20.38,7.41,12.1.0,12.5.2,12.1.0,12.1.0,12.6.1,12.1.0,12.1.0,12.1.0,12.1.0,12.5.2,12.1.0,12.1.0,12.1.0,12.1.0,12.1.0,12.1.0,12.5.2,12.5.2,12.1.0,12.1.0,12.1.0,12.1.0,12.1.0,12.1.0,13.3.0,12.5.2,12.1.0,12.1.0,12.1.0,12.10.8,12.1.0,13.3.0,12.5.2,12.1.0,0.0.0,12.1.0,12.5.2,12.1.0,12.1.0,12.1.0,12.1.0,12.1.0,12.1.0,12.5.2,12.1.0,12.1.0,12.1.0,12.1.0,12.1.0,12.1.0,12.5.2,12.1.0,12.1.0,12.1.0,12.1.0,12.1.0,12.1.0
google/gemma-7b-it (few-shot),999.0,3.27,8538,256,8192,1792.03,False,False,29.21,43.83,12.96,56.52,65.36,41.3,31.26,15.02,28.63,59.26,11.43,53.24,63.88,17.95,13.55,28.14,59.77,60.98,14.01,10.15,74.34,60.86,19.07,16.52,,37.69,3.11,43.26,63.71,7.7,-5.17,,53.08,2.39,,12.83,53.93,6.58,67.47,65.89,19.58,13.68,15.43,54.2,17.49,60.07,64.87,22.1,18.58,55.62,66.7,31.36,84.67,67.24,35.27,32.54,12.7.0,12.7.0,12.7.0,12.7.0,12.7.0,12.7.0,12.7.0,12.7.0,12.7.0,12.7.0,12.7.0,12.7.0,12.10.0,12.10.0,12.10.0,12.10.0,12.10.0,12.10.0,12.10.0,12.10.0,12.10.0,12.10.0,12.10.0,12.10.0,0.0.0,12.10.0,12.10.0,12.10.0,12.10.0,12.10.8,12.10.0,0.0.0,12.10.0,12.10.0,0.0.0,12.10.0,12.10.0,12.10.0,12.10.0,12.10.0,12.10.0,12.10.0,12.10.0,12.10.0,12.10.0,12.10.0,12.10.0,12.10.0,12.10.0,12.10.0,12.10.0,12.10.0,12.10.0,12.10.0,12.10.0,12.10.0,12.7.0
google/gemma-7b (few-shot),999.0,2.66,8538,256,8192,1377.83,True,False,46.55,19.59,32.64,64.81,66.63,74.32,65.58,24.74,77.72,43.68,36.25,64.23,64.44,39.94,25.96,41.82,26.43,32.66,25.82,20.16,75.16,64.02,39.96,27.82,,30.61,5.6,55.22,65.03,32.53,1.14,,43.32,4.28,,7.68,47.75,28.28,73.19,65.6,42.19,31.45,56.23,39.88,32.71,64.92,69.41,41.56,30.77,63.88,47.2,35.75,82.46,69.25,50.57,35.79,12.9.1,12.9.1,12.9.1,12.9.1,12.9.1,12.9.1,12.9.1,12.9.1,12.9.1,12.9.1,12.9.1,12.9.1,12.9.1,12.9.1,12.10.0,12.9.1,12.9.1,12.9.1,12.9.1,12.9.1,12.9.1,12.9.1,12.9.1,12.9.1,0.0.0,12.9.1,12.9.1,12.9.1,12.9.1,12.10.8,12.10.0,0.0.0,12.9.1,12.9.1,0.0.0,12.9.1,12.9.1,12.9.1,12.9.1,12.9.1,12.9.1,12.10.0,12.9.1,12.9.1,12.9.1,12.9.1,12.9.1,12.9.1,12.10.0,12.9.1,12.9.1,12.9.1,12.9.1,12.9.1,12.9.1,12.10.0,12.10.0
"gpt-3.5-turbo-0613 (few-shot, val)",999.0,2.18,N/A,100,4095,920.94,True,False,52.52,61.31,57.63,65.51,66.38,81.95,77.66,62.21,72.77,73.04,58.06,66.84,66.92,40.73,50.51,58.88,77.7,73.92,54.29,32.82,73.47,64.18,40.26,59.02,,69.59,7.28,50.29,67.1,49.88,18.61,,72.48,8.29,,8.81,68.96,58.95,68.26,69.13,42.28,61.52,55.5,61.5,38.96,56.58,64.9,35.39,56.88,66.41,71.48,41.43,85.57,69.57,43.69,75.6,12.9.0,12.9.0,12.9.0,12.9.0,12.6.1,10.0.1,10.0.1,12.9.0,0.0.0,0.0.0,0.0.0,12.9.0,11.0.0,0.0.0,0.0.0,0.0.0,0.0.0,0.0.0,0.0.0,0.0.0,12.9.0,11.0.0,0.0.0,0.0.0,0.0.0,0.0.0,0.0.0,0.0.0,0.0.0,12.10.8,12.1.0,0.0.0,0.0.0,0.0.0,0.0.0,0.0.0,0.0.0,0.0.0,0.0.0,0.0.0,0.0.0,0.0.0,0.0.0,0.0.0,0.0.0,0.0.0,0.0.0,0.0.0,0.0.0,0.0.0,0.0.0,0.0.0,0.0.0,0.0.0,0.0.0,0.0.0,12.5.3
"gpt-4-0613 (few-shot, val)",999.0,1.16,N/A,100,8190,597.21,True,False,59.97,64.94,71.56,68.46,66.76,94.93,93.98,81.64,79.19,76.86,80.93,65.15,67.83,72.53,85.67,72.72,81.16,75.75,77.3,57.18,75.24,65.92,68.77,88.3,,78.67,33.65,60.12,69.21,86.32,74.02,38.72,81.62,13.49,,18.92,73.35,76.7,76.47,69.97,70.71,90.07,64.91,69.48,50.23,65.14,66.35,71.92,82.85,69.06,78.06,55.76,85.76,70.54,72.27,91.51,0.0.0,0.0.0,0.0.0,12.9.0,12.6.1,10.0.1,10.0.1,9.1.2,0.0.0,0.0.0,0.0.0,12.9.0,9.3.2,9.3.2,9.3.2,0.0.0,0.0.0,0.0.0,0.0.0,0.0.0,12.9.0,9.3.2,9.3.2,9.3.2,0.0.0,12.10.0,12.10.0,12.10.0,12.10.0,12.10.8,12.10.0,13.3.0,12.10.0,12.10.0,0.0.0,12.10.0,12.10.0,12.10.0,12.10.0,12.10.0,12.10.0,12.10.0,12.10.0,12.10.0,12.10.0,12.10.0,12.10.0,12.10.0,12.10.0,12.1.0,12.2.0,12.2.0,12.2.0,12.5.2,12.5.2,12.5.2,12.5.3
ibm-granite/granite-3.0-1b-a400m-base (few-shot),999.0,4.12,1385,49,4096,7808.38,True,False,17.52,16.82,1.53,44.65,60.13,0.29,0.55,-0.21,55.06,23.26,1.81,39.42,54.8,-1.51,0.41,17.59,31.16,29.73,1.07,1.59,14.48,55.43,0.05,-0.1,4.82,5.62,-0.2,18.58,58.01,0.78,-2.14,,23.52,-0.8,5.05,9.35,12.76,0.69,47.08,56.45,-0.05,-0.85,34.66,19.94,0.7,31.39,61.26,-0.48,0.28,64.13,29.84,3.99,65.95,64.55,1.42,1.42,13.2.0,13.2.0,13.2.0,13.2.0,13.2.0,13.2.0,13.2.0,13.2.0,13.2.0,13.2.0,13.2.0,13.2.0,13.2.0,13.2.0,13.2.0,13.2.0,13.2.0,13.2.0,13.2.0,13.2.0,13.2.0,13.2.0,13.2.0,13.2.0,13.2.0,13.2.0,13.2.0,13.2.0,13.2.0,13.2.0,13.2.0,0.0.0,13.2.0,13.2.0,13.2.0,13.2.0,13.2.0,13.2.0,13.2.0,13.2.0,13.2.0,13.2.0,13.2.0,13.2.0,13.2.0,13.2.0,13.2.0,13.2.0,13.2.0,13.2.0,13.2.0,13.2.0,13.2.0,13.2.0,13.2.0,13.2.0,13.2.0
ibm-granite/granite-3.0-1b-a400m-instruct (few-shot),999.0,4.05,1335,49,4096,7964.03,True,False,22.35,30.63,1.95,43.95,59.66,2.78,11.15,-1.22,58.78,33.8,0.72,42.4,56.7,2.09,-0.46,19.55,36.99,37.27,1.95,2.31,19.74,56.69,-0.29,0.99,3.84,17.74,-1.13,24.78,58.6,-1.11,-4.23,,31.69,0.98,5.79,13.26,30.6,1.04,50.12,61.2,2.1,-0.52,40.65,36.56,4.68,39.53,57.01,4.68,0.48,63.47,46.26,13.17,72.97,66.43,9.68,4.99,13.2.0,13.2.0,13.2.0,13.2.0,13.2.0,13.2.0,13.2.0,13.2.0,13.2.0,13.2.0,13.2.0,13.2.0,13.2.0,13.2.0,13.2.0,13.2.0,13.2.0,13.2.0,13.2.0,13.2.0,13.2.0,13.2.0,13.2.0,13.2.0,13.2.0,13.2.0,13.2.0,13.2.0,13.2.0,13.2.0,13.2.0,0.0.0,13.2.0,13.2.0,13.2.0,13.2.0,13.2.0,13.2.0,13.2.0,13.2.0,13.2.0,13.2.0,13.2.0,13.2.0,13.2.0,13.2.0,13.2.0,13.2.0,13.2.0,13.2.0,13.2.0,13.2.0,13.2.0,13.2.0,13.2.0,13.2.0,13.2.0
ibm-granite/granite-3.0-2b-base (few-shot),999.0,3.19,2534,49,4097,10186.88,True,False,29.5,32.34,3.89,59.15,64.48,24.4,31.93,10.0,68.85,36.54,2.6,59.78,61.77,16.19,14.06,35.36,43.0,45.08,2.79,1.95,59.74,62.0,15.76,12.98,3.55,29.51,-0.32,34.06,59.43,2.35,0.01,6.32,48.77,0.3,,12.12,47.28,12.74,71.2,64.26,26.88,34.05,34.61,45.81,16.19,57.52,67.9,28.28,28.25,67.81,57.78,22.81,83.67,67.33,37.8,67.23,13.0.0,13.0.0,13.0.0,13.0.0,13.0.0,13.0.0,13.0.0,13.0.0,13.0.0,13.0.0,13.0.0,13.0.0,13.0.0,13.0.0,13.0.0,13.0.0,13.0.0,13.0.0,13.0.0,13.0.0,13.0.0,13.0.0,13.0.0,13.0.0,13.3.0,13.0.0,13.0.0,13.0.0,13.0.0,13.0.0,13.0.0,13.3.0,13.0.0,13.0.0,0.0.0,13.0.0,13.0.0,13.0.0,13.0.0,13.0.0,13.0.0,13.0.0,13.0.0,13.0.0,13.0.0,13.0.0,13.0.0,13.0.0,13.0.0,13.0.0,13.0.0,13.0.0,13.0.0,13.0.0,13.0.0,13.0.0,13.0.0
ibm-granite/granite-7b-instruct (few-shot),999.0,3.56,6738,32,4096,3136.16,True,False,31.21,23.87,2.04,54.08,62.33,17.68,17.54,1.72,65.51,29.08,0.5,54.03,56.02,8.0,5.76,21.5,37.73,40.07,0.86,2.01,48.7,59.05,9.41,7.04,-0.51,19.07,0.99,25.84,59.42,0.79,-3.2,,49.77,0.69,19.41,7.45,33.73,3.78,58.94,64.37,13.67,11.51,49.83,39.38,4.03,58.73,64.38,20.76,20.66,65.98,53.21,7.26,79.37,68.81,36.5,46.95,13.0.0,13.2.0,13.2.0,13.2.0,13.2.0,13.2.0,13.2.0,13.2.0,13.0.0,13.2.0,13.2.0,13.2.0,13.2.0,13.2.0,13.2.0,13.0.0,13.2.0,13.2.0,13.2.0,13.2.0,13.2.0,13.2.0,13.2.0,13.2.0,13.2.0,13.2.0,13.2.0,13.2.0,13.2.0,13.2.0,13.2.0,0.0.0,13.2.0,13.2.0,13.2.0,13.0.0,13.2.0,13.2.0,13.2.0,13.2.0,13.2.0,13.2.0,13.0.0,13.2.0,13.2.0,13.2.0,13.2.0,13.2.0,13.2.0,13.0.0,13.2.0,13.2.0,13.2.0,13.2.0,13.2.0,13.2.0,13.2.0
meta-llama/Llama-2-13b-chat-hf (few-shot),999.0,2.99,13016,32,4096,2849.49,True,False,45.41,44.0,16.17,63.94,66.88,45.21,51.06,16.5,77.19,49.9,14.67,63.72,66.25,24.4,19.3,38.93,57.21,59.62,8.65,5.92,69.24,65.12,23.88,22.33,,37.53,0.14,43.86,66.15,7.17,-0.55,,62.97,0.14,,8.57,57.8,17.4,69.69,66.11,27.15,19.18,49.4,57.57,23.32,61.1,68.01,27.06,26.96,62.37,68.75,25.07,80.11,69.4,38.0,42.14,12.10.4,12.10.5,12.10.4,12.11.0,12.11.0,12.10.4,12.10.4,12.10.4,12.10.4,12.10.5,12.10.4,12.11.0,12.11.0,12.10.4,12.10.4,12.10.4,12.10.5,12.10.5,12.10.4,12.10.4,12.11.0,12.11.0,12.10.4,12.10.4,0.0.0,12.11.0,12.10.4,12.11.0,12.11.0,12.11.0,12.10.4,0.0.0,12.11.0,12.10.4,0.0.0,12.10.4,12.11.0,12.10.4,12.11.0,12.11.0,12.10.4,12.10.4,12.10.4,12.11.0,12.10.4,12.11.0,12.11.0,12.10.4,12.10.4,12.10.4,12.11.0,12.10.4,12.11.0,12.11.0,12.10.4,12.10.4,12.10.4
meta-llama/Llama-2-13b-hf (few-shot),999.0,3.1,13016,32,4096,2898.43,True,False,23.01,41.28,23.5,65.52,66.28,50.3,56.24,15.43,78.45,54.52,21.55,65.01,64.59,25.51,14.97,23.75,51.12,55.35,14.0,7.61,72.68,64.56,23.6,16.55,,36.56,1.73,46.27,63.5,5.6,-5.8,,57.74,-0.57,,4.26,52.55,24.57,72.74,64.02,28.73,19.43,46.38,52.08,22.39,62.65,69.5,28.79,21.5,61.85,63.75,26.41,85.27,67.73,38.04,28.16,12.10.4,12.10.5,12.10.4,12.10.5,12.10.5,12.10.4,12.10.4,12.10.4,12.10.4,12.10.5,12.10.4,12.10.5,12.10.5,12.10.4,12.10.4,12.10.4,12.10.5,12.10.5,12.10.4,12.10.4,12.10.5,12.10.5,12.10.4,12.10.4,0.0.0,12.10.5,12.10.4,12.10.5,12.10.5,12.10.8,12.10.4,0.0.0,12.10.5,12.10.4,0.0.0,12.10.4,12.10.5,12.10.4,12.10.5,12.10.5,12.10.4,12.10.4,12.10.4,12.10.5,12.10.4,12.10.5,12.10.5,12.10.4,12.10.4,12.10.4,12.10.5,12.10.4,12.10.5,12.10.5,12.10.4,12.10.4,12.10.4
meta-llama/Llama-2-7b-hf (few-shot),999.0,3.45,6738,32,4096,930.05,True,False,43.91,31.77,0.31,63.54,65.5,20.18,35.69,7.93,79.05,44.11,7.34,63.16,64.63,15.65,8.74,41.74,42.13,43.8,0.0,0.02,66.18,62.3,14.48,6.49,13.24,32.71,0.66,41.4,60.73,3.65,-0.0,8.8,52.34,0.11,,7.1,40.49,18.66,70.24,62.58,17.36,6.68,50.21,43.02,15.79,55.54,68.68,18.38,8.45,65.16,55.27,20.43,81.43,68.82,25.98,11.77,9.2.0,9.2.0,9.2.0,12.5.1,12.6.1,10.0.1,10.0.1,9.2.0,9.2.0,9.2.0,9.2.0,12.5.1,12.0.0,9.2.0,9.2.0,9.2.0,9.2.0,9.2.0,9.2.0,9.2.0,12.5.1,11.0.0,9.2.0,9.2.0,13.3.0,9.2.0,9.2.0,12.5.1,11.0.0,12.10.8,12.1.0,13.3.0,9.2.0,9.2.0,0.0.0,9.2.0,9.2.0,9.2.0,12.5.1,11.0.0,9.2.0,9.2.0,12.8.0,12.8.0,12.8.0,12.8.0,12.9.0,12.9.0,12.9.0,9.2.0,9.2.0,9.2.0,12.5.1,12.0.0,9.2.0,9.2.0,12.9.0
google/gemma-2-9b-it (few-shot),999.0,1.86,9242,256,8193,2062.05,True,False,52.26,49.05,58.38,64.41,67.67,80.62,75.37,66.17,78.51,52.5,61.28,64.6,66.3,51.58,66.61,61.06,61.82,60.41,62.46,52.99,70.14,65.94,49.45,67.96,,45.42,24.23,55.04,68.19,54.3,24.35,,50.34,8.01,,11.78,52.62,59.23,72.71,67.39,53.99,65.58,58.6,50.35,45.78,60.56,67.99,53.61,68.16,68.4,58.07,51.58,81.91,69.72,63.99,75.87,13.0.0,13.0.0,13.0.0,13.0.0,13.0.0,13.0.0,13.0.0,13.0.0,13.0.0,13.0.0,13.0.0,13.0.0,13.0.0,13.0.0,13.0.0,13.0.0,13.0.0,13.0.0,13.0.0,13.0.0,13.0.0,13.0.0,13.0.0,13.0.0,0.0.0,13.0.0,13.0.0,13.0.0,13.0.0,13.0.0,13.0.0,0.0.0,13.0.0,13.0.0,0.0.0,13.0.0,13.0.0,13.0.0,13.0.0,13.0.0,13.0.0,13.0.0,13.0.0,13.0.0,13.0.0,13.0.0,13.0.0,13.0.0,13.0.0,13.0.0,13.0.0,13.0.0,13.0.0,13.0.0,13.0.0,13.0.0,13.0.0
ibm-granite/granite-3.0-2b-instruct (few-shot),999.0,3.33,2634,49,4097,10193.87,True,False,41.86,41.79,11.86,59.28,64.86,29.55,26.2,3.64,72.76,45.23,11.25,59.36,61.56,18.14,6.77,39.87,52.68,53.17,12.08,7.18,61.0,62.24,15.78,9.98,5.88,30.21,3.67,40.55,56.75,3.22,1.88,8.6,53.06,2.01,,13.85,52.52,17.72,67.02,66.23,24.62,15.79,44.95,53.3,18.67,58.38,65.95,23.84,16.86,67.54,61.97,31.7,78.74,68.61,39.82,57.51,13.0.0,13.0.0,13.0.0,13.0.0,13.0.0,13.0.0,13.0.0,13.0.0,13.0.0,13.0.0,13.0.0,13.0.0,13.0.0,13.0.0,13.0.0,13.0.0,13.0.0,13.0.0,13.0.0,13.0.0,13.0.0,13.0.0,13.0.0,13.0.0,13.3.0,13.0.0,13.0.0,13.0.0,13.0.0,13.0.0,13.0.0,13.3.0,13.0.0,13.0.0,0.0.0,13.0.0,13.0.0,13.0.0,13.0.0,13.0.0,13.0.0,13.0.0,13.0.0,13.0.0,13.0.0,13.0.0,13.0.0,13.0.0,13.0.0,13.0.0,13.0.0,13.0.0,13.0.0,13.0.0,13.0.0,13.0.0,13.0.0
