model,rank,parameters,vocabulary_size,context,speed,commercial,merge,angry_tweets_mcc,angry_tweets_macro_f1,dansk_micro_f1_no_misc,dansk_micro_f1,scala_da_mcc,scala_da_macro_f1,scandiqa_da_f1,scandiqa_da_em,swerec_mcc,swerec_macro_f1,suc3_micro_f1_no_misc,suc3_micro_f1,scala_sv_mcc,scala_sv_macro_f1,scandiqa_sv_f1,scandiqa_sv_em,norec_mcc,norec_macro_f1,norne_nb_micro_f1_no_misc,norne_nb_micro_f1,norne_nn_micro_f1_no_misc,norne_nn_micro_f1,scala_nb_mcc,scala_nb_macro_f1,scala_nn_mcc,scala_nn_macro_f1,norquad_f1,norquad_em,hotter_and_colder_sentiment_mcc,hotter_and_colder_sentiment_macro_f1,mim_gold_ner_micro_f1_no_misc,mim_gold_ner_micro_f1,scala_is_mcc,scala_is_macro_f1,nqii_f1,nqii_em,fosent_mcc,fosent_macro_f1,fone_micro_f1_no_misc,fone_micro_f1,scala_fo_mcc,scala_fo_macro_f1,foqa_f1,foqa_em,dutch_social_mcc,dutch_social_macro_f1,conll_nl_micro_f1_no_misc,conll_nl_micro_f1,scala_nl_mcc,scala_nl_macro_f1,squad_nl_f1,squad_nl_em,sb10k_mcc,sb10k_macro_f1,germeval_micro_f1_no_misc,germeval_micro_f1,scala_de_mcc,scala_de_macro_f1,germanquad_f1,germanquad_em,sst5_mcc,sst5_macro_f1,conll_en_micro_f1_no_misc,conll_en_micro_f1,scala_en_mcc,scala_en_macro_f1,squad_f1,squad_em,angry_tweets_version,dansk_version,scala_da_version,scandiqa_da_version,swerec_version,suc3_version,scala_sv_version,scandiqa_sv_version,norec_version,norne_nb_version,norne_nn_version,scala_nb_version,scala_nn_version,norquad_version,hotter_and_colder_sentiment_version,mim_gold_ner_version,scala_is_version,nqii_version,fosent_version,fone_version,scala_fo_version,foqa_version,dutch_social_version,conll_nl_version,scala_nl_version,squad_nl_version,sb10k_version,germeval_version,scala_de_version,germanquad_version,sst5_version,conll_en_version,scala_en_version,squad_version
"gpt-4-1106-preview (few-shot, val)",1.47,,100.0,128000,575.52,True,False,61.62,73.99,66.8,45.69,66.84,82.79,68.83,56.85,77.59,78.78,74.45,49.97,71.35,83.98,66.76,56.56,62.55,72.41,77.48,55.87,78.7,57.58,74.45,86.22,56.31,74.04,73.39,44.67,49.59,62.5,86.37,82.25,43.03,71.18,66.04,37.26,38.22,52.33,86.51,85.01,35.09,65.72,81.93,58.65,14.22,33.41,66.44,56.97,72.3,85.96,74.51,57.81,60.47,72.79,68.94,44.89,51.26,74.76,58.77,30.04,67.55,74.04,81.79,65.51,51.21,75.11,84.48,66.6,12.10.2,12.10.0,12.10.2,12.10.0,12.10.2,12.10.0,12.10.2,12.10.0,12.10.2,12.10.0,12.10.0,12.10.2,12.10.2,12.10.0,13.2.0,12.5.1,12.10.2,12.5.1,13.3.0,12.5.1,12.5.1,13.0.0,12.10.2,12.3.2,12.10.2,12.3.2,12.10.2,12.6.1,12.10.2,12.6.1,12.10.2,12.10.0,12.10.2,12.10.0
"gpt-4o-2024-05-13 (few-shot, val)",1.7,,200.0,128000,916.47,True,False,49.42,61.74,71.15,52.24,64.59,79.93,67.87,57.35,77.16,79.22,76.66,60.34,68.99,83.37,67.71,57.96,66.66,77.7,79.07,64.17,81.56,64.06,64.53,79.17,54.7,74.94,74.52,43.51,49.86,64.51,81.19,54.02,51.1,73.25,55.46,29.64,27.3,55.31,81.86,67.98,-0.97,33.64,78.76,56.45,10.8,32.52,76.75,61.13,56.26,73.83,76.28,55.55,54.82,68.42,69.99,45.58,43.66,64.64,60.77,30.06,62.74,71.28,83.48,75.51,46.56,71.13,84.78,65.41,12.10.2,12.10.0,12.10.2,12.10.0,12.10.2,12.10.0,12.10.2,12.10.0,12.10.2,12.10.0,12.10.0,12.10.2,12.10.2,12.10.0,13.2.0,12.10.0,12.10.2,12.10.0,13.3.0,12.10.0,12.10.0,13.0.0,12.10.2,12.10.0,12.10.2,12.10.0,12.10.2,12.10.0,12.10.2,12.10.0,12.10.2,12.10.0,12.10.2,12.10.0
"claude-3-5-sonnet-20241022 (zero-shot, val)",1.73,,,200000,192.92,True,False,63.61,76.0,65.88,55.11,71.03,85.46,59.56,46.24,77.7,77.22,70.22,58.75,74.34,87.04,60.05,49.32,50.92,63.0,74.23,70.66,70.5,65.71,76.1,88.02,72.03,85.28,67.69,40.57,51.24,65.49,61.7,41.44,52.43,73.78,47.06,22.92,8.17,27.16,72.52,60.99,32.38,56.38,69.24,45.34,12.64,33.98,62.41,52.27,74.06,86.59,68.02,35.77,61.59,73.65,61.83,46.4,46.4,69.51,48.7,23.77,67.01,71.49,82.11,79.77,51.09,74.48,77.79,52.41,14.0.3,14.0.3,14.0.3,14.0.3,14.0.3,14.0.3,14.0.3,14.0.3,14.0.3,14.0.3,14.0.3,14.0.3,14.0.3,14.0.3,14.0.3,14.0.3,14.0.3,14.0.3,14.0.3,14.0.3,14.0.3,14.0.3,14.0.3,14.0.3,14.0.3,14.0.3,14.0.3,14.0.3,14.0.3,14.0.3,14.0.3,14.0.3,14.0.3,14.0.3
microsoft/mdeberta-v3-base,1.74,279.0,251.0,512,20637.23,True,False,43.38,60.05,72.9,67.41,67.05,83.18,47.97,42.15,75.24,72.06,78.84,72.86,72.3,85.77,50.62,44.74,53.69,63.69,91.9,89.55,86.81,83.46,70.55,84.79,61.21,79.87,63.72,48.82,45.3,62.84,81.12,81.48,54.11,76.46,56.17,30.93,6.7,25.36,88.6,89.37,46.81,72.76,30.59,20.96,5.16,27.85,84.47,87.98,71.23,85.45,57.8,46.43,50.9,66.89,77.42,76.39,59.38,79.12,42.79,20.28,53.75,56.4,91.83,91.4,62.11,80.67,73.26,62.1,0.0.0,0.0.0,0.0.0,0.0.0,0.0.0,0.0.0,0.0.0,0.0.0,0.0.0,0.0.0,0.0.0,0.0.0,0.0.0,0.0.0,13.3.0,0.0.0,0.0.0,0.0.0,13.3.0,0.0.0,0.0.0,13.0.0,0.0.0,0.0.0,0.0.0,0.0.0,12.7.0,12.7.0,12.7.0,12.7.0,0.0.0,0.0.0,0.0.0,0.0.0
"gpt-4o-2024-05-13 (zero-shot, val)",1.75,,200.0,8191,636.59,True,False,53.07,68.64,64.8,45.57,64.18,81.9,63.09,49.02,74.85,74.58,75.06,44.92,65.23,80.52,63.85,53.02,36.27,35.73,77.72,57.89,71.7,50.78,71.7,85.59,58.79,76.83,72.82,40.95,53.43,66.07,72.85,33.36,49.26,73.99,48.73,27.36,27.3,30.12,68.0,37.75,28.09,54.91,77.38,58.59,12.36,19.95,69.12,41.51,58.88,79.01,70.93,45.88,50.12,65.79,67.18,35.1,44.98,71.63,55.19,27.01,63.46,69.35,81.23,72.72,46.45,72.89,81.53,57.64,14.0.3,14.0.3,14.0.3,14.0.3,14.0.3,14.0.3,14.0.3,14.0.3,14.0.3,14.0.3,14.0.3,14.0.3,14.0.3,14.0.3,14.0.3,14.0.3,14.0.3,14.0.3,14.0.3,14.0.3,14.0.3,14.0.3,14.0.3,14.0.3,14.0.3,14.0.3,14.0.3,14.0.3,14.0.3,14.0.3,14.0.3,14.0.3,14.0.3,14.0.3
intfloat/multilingual-e5-large,1.78,560.0,250.0,512,6731.95,True,False,55.07,69.43,69.5,65.03,57.67,78.48,52.84,46.71,79.65,78.9,80.36,78.57,63.15,81.06,53.49,46.99,61.52,72.72,89.86,90.64,84.32,86.52,62.34,79.94,34.88,66.51,70.46,53.01,48.52,64.38,78.43,79.3,10.78,53.28,54.2,13.79,18.28,39.08,88.39,88.75,2.85,48.43,43.72,31.03,32.64,49.9,82.31,86.91,58.51,78.17,57.53,45.32,64.78,76.3,79.73,78.52,47.24,71.51,54.87,28.11,64.37,65.16,91.69,91.29,53.58,74.7,73.0,60.47,0.0.0,0.0.0,0.0.0,0.0.0,0.0.0,0.0.0,0.0.0,0.0.0,0.0.0,0.0.0,0.0.0,0.0.0,0.0.0,0.0.0,13.3.0,0.0.0,0.0.0,0.0.0,13.3.0,0.0.0,0.0.0,13.0.0,0.0.0,0.0.0,0.0.0,0.0.0,12.6.1,12.6.1,12.6.1,12.6.1,12.6.1,12.6.1,12.6.1,12.6.1
setu4993/LaBSE,1.8,471.0,501.0,512,25417.61,True,False,46.5,64.31,71.24,66.41,52.92,75.11,45.4,40.08,73.58,70.43,77.78,72.08,60.36,79.72,47.07,41.71,54.26,67.25,90.58,87.84,85.21,81.57,59.44,78.8,49.3,74.02,61.82,46.42,46.4,63.25,80.45,81.01,36.92,66.07,46.17,11.75,21.57,45.4,89.16,89.62,22.76,60.04,41.85,30.55,33.99,50.69,82.02,84.71,60.77,79.8,51.73,41.55,58.65,72.12,79.44,78.42,52.19,74.17,45.11,23.66,52.93,58.98,90.33,90.31,50.7,74.17,65.07,53.77,0.0.0,0.0.0,0.0.0,0.0.0,0.0.0,0.0.0,0.0.0,0.0.0,0.0.0,0.0.0,0.0.0,0.0.0,0.0.0,0.0.0,13.3.0,0.0.0,0.0.0,0.0.0,13.3.0,0.0.0,0.0.0,13.0.0,0.0.0,0.0.0,0.0.0,0.0.0,12.7.0,12.7.0,12.7.0,12.7.0,12.6.1,12.6.1,12.6.1,12.6.1
google/rembert,1.82,576.0,250.0,256,11735.9,True,False,50.19,66.32,70.19,66.64,69.72,84.3,44.44,39.85,75.99,71.01,78.23,72.58,72.17,85.94,51.05,46.0,54.19,65.18,88.7,84.95,86.11,82.16,69.83,84.72,54.84,75.13,71.29,58.18,36.87,56.59,78.05,78.74,48.29,73.54,52.42,29.38,0.04,17.28,87.35,87.65,14.65,46.36,48.41,36.1,4.79,27.49,75.49,81.37,66.47,83.16,68.38,55.7,60.65,73.52,77.62,76.16,62.6,81.12,60.41,33.62,51.74,58.97,90.17,89.85,55.55,77.55,81.57,69.02,0.0.0,0.0.0,0.0.0,0.0.0,0.0.0,0.0.0,0.0.0,0.0.0,0.0.0,0.0.0,0.0.0,0.0.0,0.0.0,0.0.0,13.3.0,0.0.0,0.0.0,0.0.0,13.3.0,0.0.0,0.0.0,13.0.0,12.6.1,12.6.1,12.6.1,12.6.1,12.7.0,12.7.0,12.7.0,12.7.0,12.6.1,12.6.1,12.6.1,12.6.1
ThatsGroes/gemma-2-27b-it-FP8-Dynamic (few-shot),1.84,28411.0,256.0,4096,3632.83,True,False,58.93,72.7,66.5,45.33,57.27,78.52,64.14,55.02,79.51,79.57,62.91,47.13,60.28,79.99,64.81,55.44,40.54,39.96,76.25,60.31,77.91,61.81,59.75,78.91,47.82,73.51,69.77,40.99,50.38,66.21,67.23,45.61,20.01,59.74,49.26,21.18,60.99,72.95,81.3,73.31,12.49,49.82,70.99,48.47,10.56,19.29,68.17,51.61,56.89,78.31,71.82,53.05,58.02,71.81,73.31,59.78,45.12,70.92,55.19,24.67,68.92,72.9,81.06,75.22,49.06,72.52,81.48,61.27,14.0.4,14.0.4,14.0.4,14.0.4,14.0.4,14.0.4,14.0.4,14.0.4,14.0.4,14.0.4,14.0.4,14.0.4,14.0.4,14.0.4,14.0.4,14.0.4,14.0.4,14.0.4,14.0.4,14.0.4,14.0.4,14.0.4,14.0.4,14.0.4,14.0.4,14.0.4,14.0.4,14.0.4,14.0.4,14.0.4,14.0.4,14.0.4,14.0.4,14.0.4
"gpt-4o-mini-2024-07-18 (few-shot, val)",1.86,,200.0,8191,784.26,True,False,56.91,71.25,59.96,41.55,67.13,83.05,33.63,17.52,77.69,78.73,62.45,46.68,68.93,84.15,31.14,12.11,67.45,77.5,72.74,57.58,69.17,56.34,74.27,86.86,54.83,76.91,43.45,3.67,56.18,69.53,64.69,37.89,45.52,71.51,55.19,15.8,39.45,62.38,73.8,63.06,34.78,63.14,19.37,0.87,20.33,40.68,68.71,53.19,49.52,72.59,61.15,34.06,55.16,69.81,65.51,48.61,44.6,67.35,59.67,21.87,66.75,73.93,77.38,66.97,52.43,74.46,67.96,41.03,14.0.0,14.0.0,14.0.0,14.0.0,14.0.0,14.0.0,14.0.0,14.0.0,14.0.0,14.0.0,14.0.0,14.0.0,14.0.0,14.0.0,14.0.0,14.0.0,14.0.0,14.0.0,14.0.0,14.0.0,14.0.0,14.0.0,14.0.0,14.0.0,14.0.0,14.0.0,14.0.0,14.0.0,14.0.0,14.0.0,14.0.0,14.0.0,14.0.0,14.0.0
intfloat/multilingual-e5-large-instruct,1.87,560.0,250.0,514,5947.27,True,False,55.45,69.74,69.86,65.3,31.14,63.23,52.75,45.51,79.48,77.47,79.5,77.37,53.01,75.97,53.19,45.68,63.35,74.2,89.27,90.42,83.78,86.17,55.71,77.0,12.32,53.74,58.52,38.74,50.1,64.91,78.32,79.7,8.11,50.71,53.59,13.93,23.63,44.37,88.64,89.11,2.05,47.88,37.6,24.09,27.19,45.37,83.68,87.38,51.8,75.02,58.7,46.07,65.72,76.73,79.77,78.93,49.82,73.61,55.35,28.42,66.42,64.56,91.43,91.15,53.05,75.49,74.85,61.34,13.0.0,13.0.0,13.0.0,13.0.0,13.0.0,13.0.0,13.0.0,13.0.0,13.0.0,13.0.0,13.0.0,13.0.0,13.0.0,13.0.0,13.3.0,13.0.0,13.0.0,13.0.0,13.3.0,13.0.0,13.0.0,13.0.0,13.0.0,13.0.0,13.0.0,13.0.0,13.0.0,13.0.0,13.0.0,13.0.0,13.0.0,13.0.0,13.0.0,13.0.0
FacebookAI/xlm-roberta-large,1.98,560.0,250.0,512,17896.69,True,False,48.33,63.94,72.74,67.15,57.3,76.82,49.29,43.57,76.63,74.25,80.33,75.03,49.72,69.94,52.21,46.64,50.25,63.55,91.66,89.34,86.19,82.86,55.51,74.0,43.89,68.88,72.69,57.57,48.41,64.09,82.83,83.16,22.78,57.07,55.29,15.72,5.14,22.03,87.85,88.21,1.17,40.94,39.88,27.72,8.82,30.82,83.49,86.12,64.8,80.93,61.66,50.72,63.02,75.25,80.64,80.03,54.83,76.02,55.68,29.09,41.97,50.33,89.81,89.25,35.55,63.79,79.18,68.88,0.0.0,0.0.0,0.0.0,0.0.0,0.0.0,0.0.0,0.0.0,0.0.0,0.0.0,0.0.0,0.0.0,0.0.0,0.0.0,0.0.0,13.3.0,0.0.0,0.0.0,0.0.0,13.3.0,0.0.0,0.0.0,13.0.0,0.0.0,0.0.0,0.0.0,0.0.0,12.7.0,12.7.0,12.7.0,12.7.0,0.0.0,0.0.0,0.0.0,0.0.0
"gpt-4o-mini-2024-07-18 (zero-shot, val)",2.06,,200.0,8191,908.12,True,False,49.73,65.95,57.52,35.79,57.56,77.16,64.34,51.79,73.55,71.66,52.47,29.74,52.27,71.55,61.75,48.95,39.82,37.7,60.43,37.82,55.59,32.2,54.84,74.79,33.8,62.11,70.12,36.55,50.02,65.44,31.11,14.28,35.85,66.14,49.25,26.93,35.05,34.41,53.92,28.59,23.12,60.2,76.6,54.99,12.67,18.63,64.15,38.77,62.44,80.58,70.43,45.65,52.66,68.1,59.19,30.16,46.66,72.82,51.63,26.02,61.65,71.46,75.8,52.95,47.74,73.28,79.9,56.98,14.0.1,14.0.1,14.0.1,14.0.1,14.0.1,14.0.1,14.0.1,14.0.1,14.0.1,14.0.1,14.0.1,14.0.1,14.0.1,14.0.1,14.0.1,14.0.1,14.0.1,14.0.1,14.0.1,14.0.1,14.0.1,14.0.1,14.0.1,14.0.1,14.0.1,14.0.1,14.0.1,14.0.1,14.0.1,14.0.1,14.0.1,14.0.1,14.0.1,14.0.1
"gpt-4-1106-preview (zero-shot, val)",2.1,,100.0,8191,436.04,True,False,53.69,67.91,35.79,25.86,62.98,81.27,64.87,51.96,73.54,68.68,51.31,43.84,66.39,82.1,63.21,52.22,39.62,38.68,60.16,49.38,48.74,40.98,71.38,85.52,42.94,71.26,69.46,36.04,47.47,63.45,30.39,25.88,43.3,71.54,51.48,29.82,13.18,19.41,57.52,36.36,28.03,62.26,76.65,59.06,11.13,18.38,55.72,40.53,67.28,83.06,72.73,54.2,58.67,71.2,57.47,36.29,54.55,75.08,53.97,27.02,65.24,72.51,42.4,34.09,44.59,71.93,82.84,62.94,14.0.3,14.0.3,14.0.3,14.0.3,14.0.3,14.0.3,14.0.3,14.0.3,14.0.3,14.0.3,14.0.3,14.0.3,14.0.3,14.0.3,14.0.3,14.0.3,14.0.3,14.0.3,14.0.3,14.0.3,14.0.3,14.0.3,14.0.3,14.0.3,14.0.3,14.0.3,14.0.3,14.0.3,14.0.3,14.0.3,14.0.3,14.0.3,14.0.3,14.0.3
intfloat/multilingual-e5-base,2.14,278.0,250.0,512,14965.0,True,False,49.88,66.06,68.7,64.05,44.2,70.33,45.91,39.9,76.06,69.85,79.02,77.59,50.19,74.23,46.62,40.65,54.61,67.19,88.26,89.24,81.37,83.89,50.35,73.06,22.15,58.2,45.47,31.77,42.08,59.9,75.46,77.52,15.21,54.4,43.65,10.82,10.97,30.74,87.44,88.01,7.38,47.69,22.12,14.8,27.67,44.9,79.12,83.05,39.28,67.9,46.63,35.71,63.29,75.42,74.79,75.1,45.32,71.3,34.46,16.42,61.46,60.48,89.65,89.71,51.32,74.21,63.05,50.78,0.0.0,12.6.1,0.0.0,0.0.0,0.0.0,0.0.0,0.0.0,0.0.0,0.0.0,0.0.0,0.0.0,0.0.0,0.0.0,12.6.1,13.3.0,12.6.1,12.6.1,12.6.1,13.3.0,12.6.1,12.6.1,13.0.0,0.0.0,0.0.0,0.0.0,0.0.0,12.6.1,12.6.1,12.6.1,12.6.1,12.6.1,12.6.1,12.6.1,12.6.1
AI-Sweden-Models/roberta-large-1160k,2.22,355.0,50.0,512,14014.08,True,False,51.2,66.62,74.16,70.93,73.87,86.61,55.06,49.34,77.25,73.96,82.65,80.43,77.9,88.63,55.64,49.64,60.11,70.55,92.01,92.36,87.17,88.75,72.85,85.73,65.56,82.23,75.42,60.38,38.53,56.94,74.3,76.1,2.06,37.04,48.11,11.47,6.42,24.34,88.24,88.48,1.73,42.32,47.03,35.08,3.5,27.25,70.92,78.52,2.06,41.06,51.93,41.4,46.81,64.02,68.93,67.48,3.39,39.29,34.87,18.62,53.9,54.63,89.53,89.37,55.31,76.38,80.82,69.89,10.0.1,10.0.1,10.0.1,10.0.1,10.0.1,10.0.1,10.0.1,10.0.1,10.0.1,10.0.1,10.0.1,10.0.1,10.0.1,10.0.1,13.3.0,10.0.1,10.0.1,10.0.1,13.3.0,10.0.1,10.0.1,13.0.0,10.0.1,10.0.1,10.0.1,10.0.1,12.10.0,12.10.0,12.10.0,12.10.0,10.0.1,10.0.1,10.0.1,10.0.1
meta-llama/Meta-Llama-3-8B-Instruct (few-shot),2.26,8030.0,128.0,8192,1007.12,True,False,48.43,62.09,57.74,40.66,27.12,60.4,59.77,46.76,59.93,67.54,69.67,52.94,27.63,60.85,60.85,49.84,34.44,37.94,74.47,65.57,72.93,65.44,27.77,61.75,20.35,57.74,69.9,42.9,38.09,54.51,60.2,40.38,9.14,49.56,58.93,28.66,45.78,47.72,70.61,68.27,4.58,36.78,72.73,50.67,14.67,41.36,68.72,54.89,32.91,64.93,67.5,45.36,58.33,69.31,68.18,57.72,29.12,63.6,56.42,28.68,67.64,71.04,75.02,69.47,32.29,64.85,79.1,54.84,12.6.1,12.6.1,12.6.1,12.6.1,12.6.1,12.6.1,12.6.1,12.6.1,14.0.4,12.6.1,12.6.1,12.6.1,12.6.1,12.6.1,14.0.1,14.0.1,14.0.1,14.0.1,14.0.4,14.0.4,14.0.4,14.0.4,12.6.1,12.6.1,12.6.1,12.6.1,12.6.1,12.6.1,12.6.1,12.6.1,12.6.1,12.6.1,12.6.1,12.6.1
meta-llama/Llama-3.1-8B-Instruct (few-shot),2.3,8030.0,128.0,131072,1005.15,True,False,54.81,67.88,54.7,38.11,32.11,63.11,59.47,48.87,79.23,76.86,55.8,34.65,32.67,63.89,58.66,46.88,35.16,38.11,74.77,71.87,72.8,69.98,5.23,34.9,11.51,45.73,70.96,43.93,39.91,57.39,46.48,24.57,11.72,51.67,53.39,25.91,48.54,49.17,67.67,59.86,3.89,36.33,69.5,47.07,9.09,20.14,69.76,57.66,37.58,66.98,65.63,41.26,58.07,70.76,67.61,60.39,28.25,59.54,55.82,28.79,68.12,72.48,76.95,72.47,34.34,65.84,76.21,47.88,14.0.3,14.0.3,14.0.3,14.0.3,14.0.4,14.0.4,14.0.4,14.0.4,14.0.4,13.0.0,13.0.0,13.0.0,13.0.0,13.0.0,14.0.1,14.0.1,14.0.1,14.0.1,14.0.4,14.0.4,14.0.4,14.0.4,14.0.4,13.0.0,13.0.0,13.0.0,14.0.4,13.0.0,13.0.0,13.0.0,13.0.0,13.0.0,13.0.0,13.0.0
Nexusflow/Starling-LM-7B-beta (few-shot),2.38,7242.0,32.0,4096,1628.91,False,False,51.97,68.62,51.94,27.59,29.99,60.05,52.38,38.99,77.51,76.88,56.28,28.71,23.25,50.0,59.76,47.09,55.48,69.68,66.22,48.98,64.14,49.59,26.13,56.08,17.32,54.57,77.08,49.75,27.93,48.93,42.23,25.96,6.38,49.63,53.87,19.39,26.68,47.94,62.2,45.92,7.07,44.94,31.8,11.97,15.11,40.18,62.86,33.76,39.11,68.0,59.22,36.48,51.41,67.67,61.39,36.14,35.43,66.88,57.7,19.96,70.12,74.54,72.77,57.29,44.68,71.05,80.36,57.17,14.0.3,14.0.3,14.0.3,14.0.3,14.0.4,14.0.4,14.0.4,14.0.4,12.5.2,12.5.2,12.5.2,12.5.2,12.5.2,12.5.2,14.0.3,14.0.3,14.0.3,14.0.3,14.0.4,14.0.4,14.0.4,14.0.4,14.0.4,14.0.4,14.0.4,14.0.4,14.0.4,14.0.4,14.0.4,14.0.4,14.0.4,14.0.4,14.0.4,14.0.4
meta-llama/Llama-3.1-8B (few-shot),2.4,8030.0,128.0,131072,2986.18,True,False,47.86,62.47,50.92,34.24,29.19,59.61,55.27,48.38,80.31,76.5,62.19,43.29,30.29,56.52,49.56,42.78,34.02,37.19,65.17,52.91,60.22,50.51,32.48,63.48,18.38,49.87,58.56,33.06,41.29,59.3,52.97,38.17,5.95,40.86,60.26,31.99,24.3,35.85,65.65,63.81,0.61,35.51,65.74,45.01,11.95,37.12,64.79,45.48,32.97,58.52,74.73,63.89,53.39,65.74,60.46,47.72,26.25,61.41,64.05,34.85,66.76,68.58,69.86,62.68,30.96,61.29,84.24,71.39,14.1.2,14.0.3,14.1.2,14.0.3,14.1.2,14.0.4,14.1.2,14.0.4,14.1.2,14.1.2,14.1.2,14.1.2,14.1.2,14.1.2,14.1.2,14.0.0,14.1.2,14.0.0,14.1.2,14.0.4,14.1.2,14.0.4,12.11.0,12.11.0,12.11.0,13.0.0,14.1.2,12.11.0,12.11.0,13.0.0,12.11.0,12.11.0,12.11.0,13.0.0
ZurichNLP/unsup-simcse-xlm-roberta-base,2.4,278.0,250.0,512,34520.24,True,False,45.07,63.33,65.1,61.96,26.83,60.41,35.05,29.92,71.12,60.88,75.49,74.57,36.69,65.77,38.9,33.55,49.62,62.56,86.56,87.3,80.57,83.03,38.45,67.14,11.38,51.68,47.61,31.5,46.33,62.8,75.27,76.85,3.47,47.14,32.31,7.67,21.2,43.97,84.14,84.82,1.33,48.85,22.95,14.2,22.67,44.07,78.45,83.5,54.92,76.14,40.85,31.82,58.23,72.0,74.5,74.21,34.74,64.18,26.81,11.19,51.46,51.2,85.88,86.21,35.83,65.86,55.52,43.26,12.6.1,12.6.1,12.6.1,0.0.0,12.6.1,12.6.1,12.6.1,0.0.0,12.6.1,12.6.1,12.6.1,12.6.1,12.6.1,12.6.1,13.3.0,12.6.1,12.6.1,12.6.1,13.3.0,12.6.1,12.6.1,13.0.0,0.0.0,0.0.0,0.0.0,0.0.0,12.7.0,12.7.0,12.7.0,12.7.0,12.6.1,12.6.1,12.6.1,12.6.1
meta-llama/Meta-Llama-3-8B (few-shot),2.46,8030.0,128.0,8192,1334.83,True,False,51.16,67.0,49.46,32.11,23.01,49.99,56.13,49.75,80.91,78.09,59.92,40.98,26.39,52.38,54.3,47.69,32.94,37.52,61.48,47.65,61.58,50.1,21.2,52.29,19.65,56.66,74.98,53.35,34.68,53.39,50.45,37.62,8.69,44.84,59.26,31.94,19.4,32.14,61.11,58.55,2.02,39.88,71.74,50.34,10.45,33.45,62.26,42.41,30.3,62.28,73.73,62.99,56.4,70.17,56.0,43.49,22.01,56.97,64.61,35.39,64.3,69.26,66.31,58.68,28.18,58.97,82.95,70.38,14.1.2,14.0.3,14.1.2,14.0.3,14.1.2,14.0.4,14.1.2,14.0.4,14.1.2,12.6.1,12.6.1,12.6.1,12.6.1,12.6.1,14.1.2,14.0.1,14.1.2,14.0.1,14.1.2,12.6.1,12.6.1,13.0.0,12.6.1,12.6.1,12.6.1,12.6.1,12.6.1,12.6.1,12.6.1,12.6.1,12.6.1,12.6.1,12.6.1,12.6.1
mistralai/Ministral-8B-Instruct-2410 (few-shot),2.46,8020.0,131.0,32768,1302.27,True,False,49.18,65.27,55.49,34.11,7.4,35.19,64.99,57.72,73.32,75.58,54.76,31.21,16.17,42.93,65.27,57.94,31.41,33.56,67.24,45.38,66.08,47.58,28.72,58.62,20.55,54.24,68.91,40.6,24.43,39.27,47.1,22.63,7.19,44.62,54.38,28.73,29.49,47.06,65.55,51.57,2.05,35.92,65.78,47.72,11.91,34.21,66.51,52.4,34.46,65.61,72.56,59.23,50.39,66.39,60.5,40.72,30.86,53.78,58.26,30.53,63.46,69.49,72.4,65.83,35.86,65.2,83.97,68.42,14.0.3,14.0.3,14.0.3,14.0.3,14.0.4,14.0.4,14.0.4,14.0.4,14.1.2,14.1.2,14.1.2,14.1.2,14.1.2,14.1.2,14.0.0,14.0.0,14.0.0,14.0.0,14.0.4,14.0.4,14.0.4,14.0.4,14.0.4,13.0.0,13.0.0,13.0.0,14.1.2,14.1.2,14.1.2,14.1.2,13.0.0,13.0.0,13.0.0,13.0.0
CohereForAI/aya-expanse-8b (few-shot),2.48,8028.0,256.0,8192,1017.6,False,False,52.0,66.25,51.32,25.54,18.48,52.18,62.08,52.43,78.43,74.54,57.38,29.69,14.52,45.18,63.0,53.14,38.61,51.46,66.55,39.28,63.63,37.25,15.8,51.42,12.3,51.96,71.49,43.26,19.83,41.64,28.98,21.75,4.93,49.69,54.41,24.72,28.57,50.22,64.72,47.25,5.12,51.09,56.89,38.83,13.7,34.9,62.07,37.68,35.14,66.66,68.82,49.15,55.39,69.86,61.29,39.58,33.31,64.35,57.68,22.29,68.67,66.23,67.33,53.0,31.18,65.23,84.26,68.33,13.0.0,13.0.0,13.0.0,13.0.0,13.0.0,13.0.0,13.0.0,13.0.0,13.0.0,13.0.0,13.0.0,13.0.0,13.0.0,13.0.0,13.3.0,13.0.0,13.0.0,13.0.0,14.0.4,14.0.4,14.0.4,14.0.4,14.0.4,13.0.0,13.0.0,13.0.0,14.0.4,13.0.0,13.0.0,13.0.0,14.0.4,14.0.4,14.0.4,14.0.4
cardiffnlp/twitter-xlm-roberta-base,2.49,278.0,250.0,512,34475.2,True,False,45.3,63.22,70.1,64.54,51.74,74.31,27.76,22.01,70.69,67.03,72.49,67.03,56.6,76.7,37.63,31.89,48.34,60.68,87.7,85.32,81.41,77.41,55.3,75.77,37.46,67.68,35.93,24.49,35.62,55.4,72.69,73.57,28.72,60.29,31.01,8.46,5.16,23.12,83.96,84.63,1.05,41.31,0.0,0.0,18.78,37.09,77.15,81.92,56.72,77.53,20.91,14.61,63.01,75.21,74.89,73.54,36.6,64.93,5.05,0.65,55.4,52.86,87.09,87.25,39.78,67.21,13.47,6.2,0.0.0,0.0.0,0.0.0,0.0.0,0.0.0,0.0.0,0.0.0,0.0.0,0.0.0,0.0.0,0.0.0,0.0.0,0.0.0,0.0.0,13.3.0,0.0.0,0.0.0,0.0.0,13.3.0,0.0.0,0.0.0,13.0.0,0.0.0,0.0.0,0.0.0,0.0.0,12.7.0,12.7.0,12.7.0,12.7.0,12.6.1,12.6.1,12.6.1,12.6.1
senseable/WestLake-7B-v2 (few-shot),2.54,7242.0,32.0,32768,5992.97,False,False,49.81,66.32,52.61,33.64,19.64,54.22,57.94,48.03,67.74,71.89,58.9,42.48,16.52,46.3,59.91,49.41,50.6,66.76,64.37,52.81,62.77,51.8,18.09,52.56,12.25,50.79,69.54,38.34,7.92,32.79,56.71,46.71,3.44,50.18,54.79,21.55,20.01,38.23,67.42,60.87,7.02,49.32,7.03,0.65,13.66,39.45,64.25,46.52,28.59,61.24,68.04,49.64,54.44,69.32,64.38,50.26,26.03,61.88,62.48,25.68,67.78,72.29,70.62,58.92,30.99,62.2,76.72,49.56,12.6.1,12.6.1,12.6.1,12.6.1,12.6.1,12.6.1,12.6.1,12.6.1,12.6.1,12.6.1,12.6.1,12.6.1,12.6.1,12.6.1,13.3.0,12.6.1,12.6.1,12.6.1,13.3.0,12.6.1,12.6.1,13.0.0,12.6.1,12.6.1,12.6.1,12.6.1,12.6.1,12.6.1,12.6.1,12.6.1,12.6.1,12.6.1,12.6.1,12.6.1
ibm-granite/granite-3.0-8b-instruct (few-shot),2.57,8171.0,49.0,4096,1118.16,True,False,49.31,66.02,44.92,32.65,10.14,44.99,63.24,57.34,76.78,78.27,44.94,35.67,16.96,55.03,63.13,56.83,51.36,66.19,53.79,46.58,56.13,47.13,6.83,38.36,8.09,41.05,73.03,48.01,9.95,30.2,42.67,35.4,1.11,34.61,49.58,22.25,28.33,49.72,59.96,58.61,2.24,41.32,57.16,39.52,13.37,36.94,53.62,40.51,23.47,60.17,72.98,61.2,55.48,69.91,54.68,46.36,26.89,62.51,62.3,31.27,68.03,69.65,66.17,57.76,39.76,69.54,84.07,71.21,13.0.0,13.0.0,13.0.0,13.0.0,13.0.0,13.0.0,13.0.0,13.0.0,13.0.0,13.0.0,13.0.0,13.0.0,13.0.0,13.0.0,13.3.0,13.0.0,13.0.0,13.0.0,13.3.0,13.0.0,13.0.0,13.0.0,13.0.0,13.0.0,13.0.0,13.0.0,13.0.0,13.0.0,13.0.0,13.0.0,14.0.4,14.0.4,14.0.4,14.0.4
mistralai/Mistral-7B-v0.1 (few-shot),2.58,7242.0,32.0,4096,1445.59,True,False,43.16,54.53,45.42,32.66,8.79,38.38,64.55,59.43,80.0,79.8,53.34,40.48,4.61,34.51,64.65,58.99,47.25,64.53,52.0,43.55,55.12,45.34,8.66,38.87,6.8,39.72,70.86,46.86,24.38,44.65,50.69,41.9,1.46,38.73,51.14,27.11,25.57,44.34,62.63,57.85,2.84,42.62,60.4,44.06,7.94,31.02,58.15,40.78,25.41,61.11,73.16,62.56,54.27,68.13,55.37,44.65,23.12,57.81,59.77,31.89,68.17,70.74,63.4,56.92,30.92,63.79,84.54,73.45,0.0.0,0.0.0,0.0.0,12.5.1,0.0.0,0.0.0,0.0.0,12.5.1,0.0.0,0.0.0,0.0.0,0.0.0,0.0.0,12.5.1,14.1.2,14.0.3,14.1.2,14.0.3,14.1.2,9.1.2,9.1.2,13.0.0,9.1.2,9.1.2,9.1.2,12.5.1,9.1.2,9.1.2,9.1.2,12.5.1,9.1.2,9.1.2,9.1.2,12.5.1
mistralai/Mistral-7B-v0.3 (few-shot),2.62,7248.0,33.0,32768,1364.05,True,False,45.92,61.91,43.6,32.17,15.43,46.2,64.43,59.13,79.08,78.81,49.18,39.25,11.06,38.96,64.79,58.98,44.61,62.22,50.56,44.38,52.65,46.48,12.1,43.27,9.3,46.11,68.61,45.15,26.28,46.42,46.73,38.01,1.5,36.24,50.14,25.17,26.73,45.03,61.32,59.28,1.3,45.1,62.38,44.98,7.02,26.4,56.52,41.84,23.41,59.14,72.49,61.9,52.58,67.52,55.41,48.39,24.1,59.47,60.03,31.52,67.29,70.81,61.02,55.65,30.1,62.99,84.31,73.59,12.10.4,12.10.4,12.10.4,12.10.4,12.10.4,12.10.4,12.10.4,12.10.4,12.10.4,12.10.4,12.10.4,12.10.4,12.10.4,12.10.4,14.1.2,14.0.3,14.1.2,14.0.3,14.1.2,12.10.4,12.10.4,13.0.0,12.10.4,12.10.4,12.10.4,12.10.5,12.10.4,12.10.4,12.10.4,12.10.5,12.10.4,12.10.4,12.10.4,12.10.5
utter-project/EuroLLM-9B-Instruct (few-shot),2.62,9152.0,128.0,4096,1483.46,False,False,53.97,68.4,34.0,25.49,32.21,56.97,63.73,57.1,76.02,77.86,40.59,28.19,33.98,57.44,63.97,56.98,52.62,68.1,40.91,33.22,42.91,35.61,9.7,36.58,11.98,39.37,72.71,47.36,9.76,26.68,24.92,23.09,0.15,33.01,54.08,28.18,35.84,48.22,54.79,46.3,0.0,33.26,62.06,41.94,11.95,33.4,43.06,30.5,40.85,68.94,74.62,63.42,56.53,69.48,40.85,34.64,24.74,56.6,67.94,38.2,62.54,68.78,44.81,39.51,28.1,62.46,84.31,71.71,13.1.0,13.1.0,13.1.0,13.1.0,13.1.0,13.1.0,13.1.0,13.1.0,13.1.0,13.1.0,13.1.0,13.1.0,13.1.0,13.1.0,13.3.0,13.1.0,13.1.0,13.1.0,14.0.4,14.0.4,14.0.4,14.0.4,13.1.0,13.1.0,13.1.0,13.1.0,13.1.0,13.1.0,13.1.0,13.1.0,13.1.0,13.1.0,13.1.0,13.1.0
ibm-granite/granite-3.0-8b-base (few-shot),2.65,8171.0,49.0,4096,973.33,True,False,47.16,64.63,44.58,33.5,19.2,53.44,63.32,58.41,75.92,75.77,44.8,34.91,24.84,59.88,62.01,56.71,53.27,66.73,49.94,46.49,52.17,46.44,17.22,50.42,12.01,47.98,69.52,45.04,-0.29,15.66,37.82,32.97,-0.12,33.78,47.09,21.59,24.35,30.32,61.47,58.6,1.44,34.71,58.9,41.54,8.46,21.3,52.26,42.18,42.42,68.81,63.8,53.11,57.84,71.2,50.47,41.29,22.58,53.17,55.0,27.93,66.89,69.52,55.76,52.69,36.6,67.85,80.25,67.55,13.0.0,13.0.0,13.0.0,13.0.0,13.0.0,13.0.0,13.0.0,13.0.0,13.0.0,13.0.0,13.0.0,13.0.0,13.0.0,13.0.0,14.1.2,13.0.0,13.0.0,13.0.0,14.1.2,13.0.0,13.0.0,13.0.0,14.1.2,14.0.4,14.1.2,14.0.4,14.1.2,14.0.4,14.1.2,14.0.4,14.1.2,14.0.4,14.1.2,14.0.4
mistralai/Mistral-7B-Instruct-v0.2 (few-shot),2.66,7242.0,32.0,32768,2370.41,False,False,48.09,65.4,44.89,29.13,19.06,58.77,60.81,51.56,62.9,70.61,47.92,33.0,19.95,56.49,61.42,52.51,38.79,53.72,53.42,42.63,54.34,41.06,17.06,56.51,11.0,53.26,64.27,35.74,17.64,40.55,34.8,24.03,5.46,51.42,45.06,12.66,32.07,51.69,61.28,54.02,1.68,50.06,59.78,39.0,12.37,37.37,55.56,39.56,21.5,59.1,66.54,50.77,47.69,64.93,55.1,41.89,24.14,60.83,57.64,23.93,59.91,68.92,62.11,52.36,30.66,64.32,77.85,58.27,9.2.0,9.2.0,9.3.1,12.4.0,9.2.0,9.2.0,9.3.1,12.4.0,9.2.0,9.2.0,9.2.0,9.3.1,9.3.1,12.4.0,14.0.3,14.0.3,14.0.3,14.0.3,13.3.0,9.2.0,9.3.1,13.0.0,9.2.0,9.3.1,9.3.1,12.4.0,12.9.0,12.9.0,12.9.0,12.9.0,9.2.0,9.3.1,9.3.1,12.4.0
CohereForAI/aya-23-8B (few-shot),2.66,8028.0,256.0,8192,1121.33,False,False,47.16,63.47,47.08,32.34,8.41,37.31,63.96,58.83,76.21,67.87,60.04,43.93,7.54,35.42,63.65,58.6,35.73,50.42,60.94,53.33,59.61,50.84,6.18,35.4,4.0,36.17,71.95,46.52,0.33,15.64,47.16,38.6,3.84,40.06,48.25,21.75,17.34,37.16,62.22,58.79,0.01,37.74,54.7,38.7,7.9,24.82,60.81,46.59,31.12,64.29,74.6,63.0,47.79,64.03,58.69,45.79,30.04,62.58,66.01,36.36,68.27,60.37,56.16,51.12,23.82,60.83,85.11,74.23,13.0.0,13.0.0,13.0.0,13.0.0,13.0.0,13.0.0,13.0.0,13.0.0,13.0.0,13.0.0,13.0.0,13.0.0,13.0.0,13.0.0,14.1.2,13.0.0,13.0.0,13.0.0,14.1.2,13.0.0,13.0.0,13.0.0,13.0.0,13.0.0,13.0.0,13.0.0,14.1.2,13.0.0,13.0.0,13.0.0,14.1.2,14.0.4,14.1.2,14.0.4
microsoft/xlm-align-base,2.7,278.0,250.0,512,14744.17,True,False,47.83,65.49,70.36,65.91,11.87,48.82,35.11,29.87,73.67,68.61,78.6,73.04,15.41,53.29,37.13,32.41,54.46,68.25,90.07,87.56,85.65,82.4,12.16,50.55,8.99,48.57,64.35,49.24,38.76,56.09,78.01,79.2,5.92,46.95,43.32,10.47,2.54,19.42,85.97,86.52,0.02,44.65,1.0,0.72,11.8,33.49,78.85,83.35,14.56,53.64,51.94,42.08,58.58,72.09,79.38,79.33,15.34,52.99,32.33,16.58,11.09,33.19,88.62,88.44,8.46,51.98,62.02,49.64,0.0.0,0.0.0,0.0.0,0.0.0,0.0.0,0.0.0,0.0.0,0.0.0,0.0.0,0.0.0,0.0.0,0.0.0,0.0.0,0.0.0,13.3.0,0.0.0,0.0.0,0.0.0,13.3.0,0.0.0,0.0.0,13.0.0,0.0.0,0.0.0,0.0.0,0.0.0,0.0.0,0.0.0,0.0.0,0.0.0,12.6.1,12.6.1,12.6.1,12.6.1
Twitter/twhin-bert-base,2.76,279.0,250.0,512,11513.72,True,False,42.17,61.25,60.01,56.13,29.43,62.08,34.82,29.79,66.62,61.9,70.17,64.19,46.72,72.15,35.79,31.38,37.02,47.88,84.11,81.35,77.22,73.67,35.42,66.3,6.87,50.7,36.16,25.98,40.22,58.56,70.38,72.0,11.09,51.6,30.52,7.67,3.05,27.7,84.0,84.83,1.94,46.27,0.02,0.02,9.53,32.06,74.03,80.59,39.12,68.36,12.9,7.71,55.03,69.65,70.35,69.09,43.87,69.71,10.15,2.81,41.09,48.17,87.77,87.83,32.26,61.2,44.98,35.15,0.0.0,12.6.1,0.0.0,0.0.0,0.0.0,0.0.0,0.0.0,0.0.0,0.0.0,0.0.0,0.0.0,0.0.0,0.0.0,12.6.1,13.3.0,12.6.1,12.6.1,12.6.1,13.3.0,12.6.1,12.6.1,13.0.0,0.0.0,0.0.0,0.0.0,0.0.0,12.6.1,12.6.1,12.6.1,12.6.1,12.6.1,12.6.1,12.6.1,12.6.1
ibm-granite/granite-8b-code-base-4k (few-shot),2.76,8055.0,49.0,4096,2312.61,True,False,39.07,56.85,48.44,36.99,9.72,46.85,56.54,51.18,74.45,72.26,59.77,45.71,3.97,34.79,56.07,50.18,42.0,59.9,68.4,62.53,65.15,60.39,5.2,36.33,3.32,37.81,60.94,37.51,9.52,29.57,50.89,35.75,0.5,33.77,41.32,17.43,21.19,32.96,66.82,65.84,-0.36,37.57,51.89,36.47,13.81,36.99,63.29,52.18,8.16,44.29,66.29,56.64,49.75,65.93,59.07,51.0,14.71,53.75,56.14,29.45,62.35,67.34,72.76,67.49,21.57,59.22,81.37,69.8,13.0.0,13.0.0,13.0.0,13.0.0,13.0.0,13.0.0,13.0.0,13.0.0,13.0.0,13.0.0,13.0.0,13.0.0,13.0.0,13.0.0,14.1.2,13.0.0,13.0.0,13.0.0,14.1.2,13.0.0,13.0.0,13.0.0,13.0.0,13.0.0,13.0.0,13.0.0,13.0.0,13.0.0,13.0.0,13.0.0,13.0.0,13.0.0,13.0.0,13.0.0
timpal0l/Mistral-7B-v0.1-flashback-v2 (few-shot),2.77,7242.0,32.0,32768,5053.68,True,False,47.82,63.19,42.43,29.3,16.51,52.73,62.2,56.95,80.14,80.19,44.14,29.77,34.23,65.29,62.52,57.07,49.05,63.94,48.97,39.15,51.52,40.17,14.37,47.8,9.96,48.97,68.49,44.07,1.84,23.26,36.47,30.33,2.54,50.66,38.73,18.66,8.97,27.85,58.96,52.2,0.0,33.26,54.89,39.2,8.43,24.23,54.56,37.86,10.99,50.46,66.78,55.91,54.79,68.79,50.66,39.89,20.17,58.67,54.38,27.86,68.41,70.85,59.1,51.31,25.43,60.79,82.99,71.89,12.5.3,12.5.3,12.5.3,12.5.3,12.5.3,12.5.3,12.5.3,12.5.3,12.5.3,12.5.3,12.5.3,12.5.3,12.5.3,12.5.3,14.1.2,12.5.3,12.5.3,12.5.3,14.1.2,12.5.3,12.5.3,13.0.0,12.5.3,12.5.3,12.5.3,12.5.3,12.5.3,12.5.3,12.5.3,12.5.3,12.5.3,12.5.3,12.5.3,12.5.3
meta-llama/Llama-3.2-3B-Instruct (few-shot),2.77,3213.0,128.0,131073,10423.76,False,False,42.77,54.7,41.12,32.5,11.52,49.37,60.18,51.14,76.98,71.38,43.74,34.37,16.01,51.83,57.83,48.38,44.13,60.09,49.66,39.31,51.98,42.48,0.67,33.81,1.11,33.03,56.91,28.62,10.07,28.32,27.57,22.52,-1.39,34.4,50.74,22.98,32.79,41.82,58.24,47.44,1.77,45.44,64.71,45.13,12.87,37.23,43.66,40.23,17.94,55.88,64.44,47.77,50.52,62.39,55.52,46.18,9.87,42.2,47.02,20.2,66.0,70.47,68.44,56.8,32.04,65.62,75.26,49.54,13.0.0,13.0.0,13.0.0,13.0.0,13.0.0,13.0.0,13.0.0,13.0.0,13.0.0,13.0.0,13.0.0,13.0.0,13.0.0,13.0.0,13.3.0,13.0.0,13.0.0,13.0.0,14.1.2,13.0.0,13.0.0,13.0.0,13.0.0,13.0.0,13.0.0,13.0.0,13.0.0,13.0.0,13.0.0,13.0.0,13.0.0,13.0.0,13.0.0,13.0.0
sentence-transformers/paraphrase-xlm-r-multilingual-v1,2.79,278.0,250.0,512,20154.46,True,False,46.39,63.97,61.17,58.41,38.61,67.08,25.77,19.9,71.33,65.44,70.22,63.97,39.6,66.6,24.75,18.65,49.93,62.37,81.26,77.69,74.05,69.84,38.26,66.01,25.17,61.27,0.0,0.0,33.26,52.59,65.15,67.5,1.15,49.6,27.88,9.56,12.97,31.99,80.92,81.63,1.19,43.13,0.0,0.0,21.37,40.62,70.59,78.25,45.86,71.32,10.4,5.2,57.94,71.92,69.45,68.02,21.81,58.13,3.03,0.33,54.92,52.65,84.05,84.48,45.85,71.78,10.53,4.13,0.0.0,0.0.0,0.0.0,0.0.0,0.0.0,0.0.0,0.0.0,0.0.0,0.0.0,0.0.0,0.0.0,0.0.0,0.0.0,0.0.0,13.3.0,12.6.1,12.6.1,12.6.1,13.3.0,12.6.1,0.0.0,13.0.0,0.0.0,0.0.0,0.0.0,0.0.0,12.8.0,12.8.0,12.8.0,12.8.0,12.6.1,12.6.1,12.6.1,12.6.1
sentence-transformers/stsb-xlm-r-multilingual,2.8,278.0,250.0,512,15039.9,True,False,42.26,61.41,58.52,55.04,34.8,64.51,25.68,19.6,72.77,68.13,68.94,62.54,40.21,67.11,25.99,20.09,52.16,66.79,80.08,75.93,74.59,70.26,36.3,65.52,14.21,52.78,0.0,0.0,37.79,56.1,66.23,67.76,0.04,45.96,28.66,10.04,18.07,39.76,82.97,83.62,2.93,46.51,0.0,0.0,20.56,39.67,66.85,72.84,35.56,66.0,10.13,5.04,52.85,68.48,67.47,66.34,29.59,60.98,4.35,0.73,57.35,54.82,82.39,83.07,47.29,71.85,10.53,4.29,0.0.0,0.0.0,0.0.0,0.0.0,0.0.0,0.0.0,0.0.0,0.0.0,0.0.0,0.0.0,0.0.0,0.0.0,0.0.0,0.0.0,13.3.0,0.0.0,0.0.0,0.0.0,13.3.0,0.0.0,0.0.0,13.0.0,12.6.1,12.6.1,12.6.1,12.6.1,12.8.0,12.8.0,12.8.0,0.0.0,12.6.1,12.6.1,12.6.1,12.6.1
"claude-3-5-haiku-20241022 (zero-shot, val)",2.82,,,200000,276.86,True,False,56.46,71.07,59.48,42.21,20.57,49.85,57.7,38.23,59.89,62.05,57.06,38.72,9.3,35.59,58.05,39.97,3.97,32.77,69.39,47.1,62.76,42.75,31.65,54.96,5.86,38.81,66.51,36.65,31.19,43.32,34.99,17.39,-10.68,33.95,46.35,23.65,-3.58,14.94,51.06,30.27,4.1,37.28,72.97,45.29,12.71,30.22,61.15,43.6,35.26,59.55,68.96,41.27,43.73,61.91,55.59,31.16,23.74,45.75,50.29,21.36,31.19,44.96,74.35,63.12,21.76,59.95,74.84,45.7,14.0.1,14.0.1,14.0.1,14.0.1,14.0.2,14.0.2,14.0.3,14.0.3,14.0.2,14.0.3,14.0.3,14.0.3,14.0.3,14.0.3,14.0.2,14.0.3,14.0.3,14.0.3,14.0.2,14.0.3,14.0.3,14.0.3,14.0.2,14.0.3,14.0.3,14.0.3,14.0.2,14.0.3,14.0.3,14.0.3,14.0.2,14.0.3,14.0.3,14.0.3
mistralai/Mistral-7B-Instruct-v0.1 (few-shot),2.82,7242.0,32.0,32768,633.64,False,False,44.49,60.64,37.93,23.54,14.09,42.43,58.78,51.38,73.33,76.19,45.01,27.59,11.59,40.89,59.29,52.12,43.65,60.88,50.08,34.52,51.27,33.37,14.09,44.91,8.28,47.22,63.67,37.23,12.93,30.4,36.04,24.74,-0.36,33.94,42.57,18.06,15.85,36.28,55.42,46.41,1.11,36.79,50.8,33.54,7.91,27.82,52.72,33.51,18.14,55.42,67.15,52.75,47.26,63.48,47.19,33.02,22.32,56.73,54.61,24.36,61.44,69.47,57.58,47.94,34.92,66.67,81.9,65.38,9.3.1,9.3.1,9.3.1,12.4.0,9.3.1,9.3.1,9.3.1,12.4.0,9.3.1,9.3.1,9.3.1,9.3.1,9.3.1,12.4.0,13.3.0,9.3.1,9.3.1,12.4.0,13.3.0,9.3.1,9.3.1,13.0.0,9.3.1,9.3.1,9.3.1,12.4.0,12.9.0,12.9.0,12.9.0,12.9.0,9.3.1,9.3.1,9.3.1,12.4.0
occiglot/occiglot-7b-eu5-instruct (few-shot),2.82,7242.0,32.0,32768,2087.8,False,False,42.31,59.29,40.19,29.73,1.14,33.83,63.95,57.89,71.73,74.97,47.67,36.91,7.9,41.24,64.48,57.78,44.46,62.0,45.5,40.02,45.96,41.28,0.0,33.41,0.0,33.86,74.97,52.19,14.7,36.09,40.71,34.57,0.71,36.9,45.91,20.66,8.21,27.79,60.37,59.38,0.0,33.26,60.55,43.69,7.78,24.33,53.78,41.29,16.23,55.09,73.88,63.09,43.16,57.79,52.63,42.99,27.09,60.29,63.29,34.01,62.1,68.81,56.9,51.16,20.17,54.76,86.48,75.29,12.2.0,12.5.2,12.3.1,12.4.0,12.2.0,12.5.2,12.3.1,12.4.0,12.2.0,12.5.2,12.5.2,12.3.1,12.3.1,12.4.0,13.3.0,12.5.2,12.3.1,12.4.0,13.3.0,12.5.2,12.3.1,13.0.0,12.2.0,12.5.2,12.3.1,12.4.0,12.2.0,12.5.2,12.3.1,12.4.0,12.2.0,12.5.2,12.3.1,12.4.0
Twitter/twhin-bert-large,2.84,561.0,250.0,512,9706.97,True,False,39.36,58.64,66.39,62.24,7.06,49.71,38.42,33.88,63.35,60.33,74.26,68.2,16.07,52.48,41.72,36.77,34.17,43.74,86.26,83.48,80.1,76.17,12.11,50.33,4.28,45.75,16.38,11.74,32.07,50.25,71.48,73.71,2.2,43.42,33.02,8.19,-0.64,22.47,84.73,85.19,1.37,39.78,5.74,4.15,6.55,28.68,77.35,82.5,18.25,54.0,36.84,28.37,53.52,68.49,74.36,73.61,22.26,58.51,22.54,11.68,45.98,49.81,89.5,89.39,30.58,61.93,59.47,48.44,0.0.0,0.0.0,0.0.0,0.0.0,0.0.0,0.0.0,0.0.0,0.0.0,0.0.0,0.0.0,0.0.0,0.0.0,0.0.0,0.0.0,13.3.0,0.0.0,0.0.0,0.0.0,13.3.0,0.0.0,0.0.0,13.0.0,0.0.0,0.0.0,0.0.0,0.0.0,12.7.0,12.7.0,12.7.0,12.7.0,12.6.1,12.6.1,12.6.1,12.6.1
Geotrend/distilbert-base-25lang-cased,2.86,109.0,85.0,512,26098.8,True,False,31.81,53.25,58.44,55.32,34.13,65.98,32.18,27.6,60.69,56.69,70.56,64.49,30.83,63.39,36.45,31.41,33.19,46.63,83.59,80.55,80.29,76.08,32.6,65.19,24.97,61.39,30.69,19.93,29.56,50.69,65.76,68.15,2.08,48.68,30.96,6.81,3.9,25.25,83.21,83.81,2.37,48.46,2.54,1.35,7.45,29.7,75.02,81.57,45.28,71.89,27.86,20.18,41.51,60.79,72.97,71.83,45.39,71.6,6.88,1.89,36.77,45.15,87.08,87.08,37.1,67.2,37.98,26.99,0.0.0,0.0.0,0.0.0,0.0.0,0.0.0,0.0.0,0.0.0,0.0.0,0.0.0,0.0.0,0.0.0,0.0.0,0.0.0,0.0.0,13.3.0,12.6.1,12.6.1,12.6.1,13.3.0,12.6.1,12.6.1,13.0.0,0.0.0,0.0.0,0.0.0,0.0.0,12.6.1,12.6.1,12.6.1,12.6.1,12.6.1,12.6.1,12.6.1,12.6.1
ibm-granite/granite-8b-code-instruct-4k (few-shot),2.86,8055.0,49.0,4096,5616.81,True,False,37.11,56.47,45.9,33.0,11.7,50.31,55.71,50.11,73.93,73.97,52.85,35.11,8.27,43.29,54.5,48.49,40.71,59.35,66.91,54.98,62.82,53.14,9.5,46.31,6.74,42.1,55.3,32.83,2.54,17.05,43.2,32.1,0.0,33.69,38.21,14.28,21.59,40.68,60.46,58.29,0.51,36.2,49.02,33.54,12.38,29.91,60.72,45.52,10.96,47.97,61.75,51.2,43.62,59.82,54.45,42.36,15.24,55.49,51.82,26.0,61.61,67.09,72.59,65.83,18.37,56.26,78.95,66.68,13.0.0,13.0.0,13.0.0,13.0.0,13.0.0,13.0.0,13.0.0,13.0.0,13.0.0,13.0.0,13.0.0,13.0.0,13.0.0,13.0.0,13.3.0,13.0.0,13.0.0,13.0.0,13.3.0,13.0.0,13.0.0,13.0.0,13.0.0,13.0.0,13.0.0,13.0.0,13.0.0,13.0.0,13.0.0,13.0.0,13.0.0,13.0.0,13.0.0,13.0.0
occiglot/occiglot-7b-eu5 (few-shot),2.87,7242.0,32.0,32768,2219.46,True,False,44.62,62.62,37.93,29.5,0.28,33.48,62.89,58.05,76.56,78.16,49.02,41.69,2.18,36.26,63.65,58.98,44.95,61.88,45.28,41.73,46.0,42.96,0.0,33.41,0.0,33.86,66.65,43.88,16.23,35.37,40.08,37.15,1.59,39.93,39.67,15.98,10.39,30.73,58.67,58.47,0.0,33.26,55.82,40.95,7.41,26.93,51.31,42.95,13.04,53.54,69.67,59.28,47.3,62.28,51.39,44.47,21.83,57.05,60.39,31.55,63.32,68.5,55.37,51.08,18.92,57.96,83.46,72.38,12.1.0,12.5.2,12.1.0,12.1.0,12.1.0,12.5.2,12.1.0,12.1.0,12.1.0,12.5.2,12.5.2,12.1.0,12.1.0,12.1.0,14.1.2,12.5.2,12.1.0,12.1.0,14.1.2,12.5.2,12.1.0,13.0.0,12.1.0,12.5.2,12.1.0,12.1.0,12.1.0,12.5.2,12.1.0,12.1.0,12.1.0,12.5.2,12.1.0,12.1.0
meta-llama/Llama-2-7b-chat-hf (few-shot),2.92,6738.0,32.0,4096,2643.05,False,False,44.88,62.35,35.44,24.63,9.74,47.42,61.34,55.04,66.18,72.0,39.72,29.85,6.74,45.55,60.9,54.05,41.56,57.09,44.99,38.59,49.09,39.09,3.04,36.81,4.03,40.55,61.99,33.77,13.59,36.87,41.1,40.54,-1.07,44.83,39.51,16.13,13.24,38.49,59.77,56.97,-0.54,36.94,46.21,31.87,10.07,35.66,50.23,37.12,14.73,54.59,66.24,53.42,46.52,63.64,50.09,38.59,15.23,55.08,56.07,25.54,62.23,68.09,62.53,53.42,22.71,60.79,80.79,64.45,9.3.1,9.3.1,9.3.1,12.4.0,9.3.1,9.3.1,9.3.1,12.4.0,9.3.1,9.3.1,9.3.1,9.3.1,9.3.1,12.4.0,13.3.0,9.3.1,9.3.1,12.4.0,13.3.0,9.3.1,9.3.1,13.0.0,9.3.1,9.3.1,9.3.1,12.4.0,12.9.0,12.9.0,12.10.0,12.10.0,9.3.1,9.3.1,9.3.1,12.4.0
ibm-granite/granite-3.0-3b-a800m-instruct (few-shot),3.11,3374.0,49.0,4096,10246.27,True,False,31.44,48.96,37.37,26.81,5.27,40.63,55.05,48.41,68.96,72.76,40.68,24.33,4.77,43.64,56.63,49.73,32.29,51.91,44.89,34.93,48.08,34.39,7.49,47.79,4.65,45.75,47.59,26.37,5.07,27.01,23.14,23.09,0.18,33.93,36.1,14.15,7.44,28.9,45.56,42.78,0.92,40.29,31.49,20.82,9.45,39.66,49.25,36.48,11.87,47.32,67.04,54.2,48.28,64.07,47.31,31.36,14.08,52.67,55.92,28.37,65.92,70.47,52.79,43.45,16.74,55.45,80.88,64.92,13.0.0,13.0.0,13.0.0,13.0.0,13.0.0,13.0.0,13.0.0,13.0.0,13.0.0,13.0.0,13.0.0,13.0.0,13.0.0,13.0.0,13.3.0,13.0.0,13.0.0,13.0.0,13.3.0,13.0.0,13.0.0,13.0.0,13.0.0,13.0.0,13.0.0,13.0.0,13.0.0,13.0.0,13.0.0,13.0.0,13.0.0,13.0.0,13.0.0,13.0.0
MaLA-LM/emma-500-llama2-7b (few-shot),3.12,6738.0,32.0,4096,6275.17,True,False,29.32,41.08,28.18,24.25,2.9,37.93,62.92,56.48,75.64,76.06,41.49,38.09,0.66,33.73,63.85,57.48,32.67,44.37,36.96,34.68,39.38,37.06,2.18,38.05,5.33,44.3,67.75,45.23,18.33,30.21,31.81,29.47,3.63,44.49,46.83,16.72,14.19,28.15,40.18,39.95,0.31,41.35,60.78,41.6,8.77,25.31,36.61,31.91,3.52,35.34,70.33,59.51,26.39,36.06,32.33,30.2,1.44,33.6,54.13,28.15,64.82,67.11,47.2,44.0,7.57,45.83,83.56,73.88,13.0.0,13.0.0,13.0.0,13.0.0,13.0.0,13.0.0,13.0.0,13.0.0,13.0.0,13.0.0,13.0.0,13.0.0,13.0.0,13.0.0,14.1.2,13.0.0,13.0.0,13.0.0,13.3.0,13.0.0,13.0.0,13.0.0,13.0.0,13.0.0,13.0.0,13.0.0,13.0.0,13.0.0,13.0.0,13.0.0,13.0.0,13.0.0,13.0.0,13.0.0
sentence-transformers/quora-distilbert-multilingual,3.16,135.0,120.0,512,26458.45,True,False,36.6,56.93,54.48,52.85,8.84,51.76,19.76,13.97,68.36,63.94,65.5,59.72,14.81,55.5,22.88,16.11,44.59,59.87,77.81,74.83,72.22,68.32,8.98,52.49,5.72,50.4,0.0,0.0,33.1,52.77,63.36,65.24,1.02,47.05,27.44,6.48,9.77,32.64,82.91,83.43,1.67,46.2,0.0,0.0,23.25,44.88,67.89,74.48,21.36,59.5,9.94,4.5,49.66,66.33,64.12,62.5,0.58,49.27,0.36,0.05,50.69,50.9,81.71,82.33,2.16,49.99,11.99,4.19,0.0.0,0.0.0,0.0.0,0.0.0,0.0.0,0.0.0,0.0.0,0.0.0,0.0.0,0.0.0,0.0.0,0.0.0,0.0.0,0.0.0,13.3.0,0.0.0,0.0.0,0.0.0,13.3.0,0.0.0,0.0.0,13.0.0,0.0.0,0.0.0,0.0.0,0.0.0,12.6.1,12.6.1,12.6.1,12.6.1,12.6.1,12.6.1,12.6.1,12.6.1
ibm-granite/granite-3b-code-base-2k (few-shot),3.21,3483.0,49.0,2048,2731.51,True,False,35.47,52.7,38.62,27.71,5.07,43.91,50.96,45.21,70.61,60.47,51.76,41.73,6.24,46.34,50.56,44.67,23.83,45.39,53.93,48.95,54.04,49.74,3.91,42.54,1.55,40.63,12.14,2.37,4.29,23.24,38.52,28.84,0.0,33.69,36.06,12.94,0.16,14.73,60.88,60.02,-0.35,34.5,29.79,18.54,12.39,30.05,50.88,39.51,3.31,37.97,58.85,48.44,41.72,60.45,49.38,42.66,7.67,46.66,30.21,13.7,61.2,61.92,60.64,55.14,7.63,46.39,80.15,69.83,13.0.0,13.0.0,13.0.0,13.0.0,13.0.0,13.0.0,13.0.0,13.0.0,13.0.0,13.0.0,13.0.0,13.0.0,13.0.0,13.0.0,14.1.2,13.0.0,13.0.0,13.0.0,14.1.2,13.0.0,13.0.0,13.0.0,13.0.0,13.0.0,13.0.0,13.0.0,13.0.0,13.0.0,13.0.0,13.0.0,13.0.0,13.0.0,13.0.0,13.0.0
ibm-granite/granite-3b-code-instruct-2k (few-shot),3.22,3483.0,49.0,2048,9058.91,True,False,31.54,50.61,37.21,27.74,6.3,49.09,51.51,44.86,65.67,64.0,50.1,42.8,4.55,45.11,49.35,42.83,26.21,43.33,53.78,49.41,55.14,51.07,3.9,43.86,2.42,41.58,45.77,24.86,0.6,16.42,33.57,33.47,0.0,33.69,33.54,11.27,3.8,28.41,56.88,57.68,-0.21,34.2,24.11,13.72,10.15,22.01,48.53,38.2,4.88,38.78,56.09,45.38,35.17,51.15,49.16,40.34,9.79,50.77,45.9,22.48,59.01,62.37,58.3,53.45,10.33,53.28,75.93,65.04,13.0.0,13.0.0,13.0.0,13.0.0,13.0.0,13.0.0,13.0.0,13.0.0,13.0.0,13.0.0,13.0.0,13.0.0,13.0.0,13.0.0,13.3.0,13.0.0,13.0.0,13.0.0,13.3.0,13.0.0,13.0.0,13.0.0,13.0.0,13.0.0,13.0.0,13.0.0,13.0.0,13.0.0,13.0.0,13.0.0,13.0.0,13.0.0,13.0.0,13.0.0
sentence-transformers/distilbert-multilingual-nli-stsb-quora-ranking,3.25,135.0,120.0,512,33753.4,True,False,36.6,56.93,54.48,52.85,8.84,51.76,21.36,15.42,68.33,64.03,65.5,59.72,14.81,55.5,22.88,16.11,44.59,59.87,77.81,74.83,72.22,68.32,8.98,52.49,5.72,50.4,0.0,0.0,33.1,52.77,59.15,61.27,0.8,45.59,28.02,6.14,9.77,32.64,82.91,83.43,1.67,46.2,0.0,0.0,17.4,39.25,65.04,70.94,-0.95,49.0,9.5,3.94,49.69,66.32,63.78,62.34,0.74,48.97,0.2,0.02,50.69,50.9,81.71,82.33,2.16,49.99,11.93,4.16,0.0.0,0.0.0,0.0.0,0.0.0,0.0.0,0.0.0,0.0.0,0.0.0,0.0.0,0.0.0,0.0.0,0.0.0,0.0.0,0.0.0,13.3.0,12.6.1,12.6.1,12.6.1,13.3.0,0.0.0,0.0.0,13.0.0,12.6.1,12.6.1,12.6.1,12.6.1,12.8.0,12.8.0,12.8.0,12.8.0,12.6.1,12.6.1,12.6.1,12.6.1
sentence-transformers/paraphrase-multilingual-MiniLM-L12-v2,3.25,118.0,250.0,512,29200.68,True,False,44.48,63.11,56.75,53.43,26.74,62.19,25.53,17.89,72.19,67.88,66.5,59.99,28.75,63.3,23.08,15.91,47.53,62.73,78.31,74.65,72.13,67.28,26.92,61.93,14.63,56.24,0.0,0.0,31.32,51.09,62.44,64.98,1.91,46.54,27.48,3.69,6.35,29.58,82.24,82.84,2.84,50.47,0.0,0.0,0.0,24.33,59.61,67.02,-0.04,48.65,9.04,3.28,54.99,70.0,60.54,59.68,0.52,49.4,7.76,0.8,53.1,51.88,77.5,78.82,-0.35,48.74,9.98,3.13,0.0.0,0.0.0,0.0.0,0.0.0,0.0.0,0.0.0,0.0.0,0.0.0,0.0.0,0.0.0,0.0.0,0.0.0,0.0.0,0.0.0,13.3.0,0.0.0,0.0.0,0.0.0,13.3.0,0.0.0,0.0.0,13.0.0,12.6.1,12.6.1,12.6.1,12.6.1,12.8.0,12.8.0,12.8.0,12.8.0,12.6.1,12.6.1,12.6.1,12.6.1
dbmdz/bert-base-historic-multilingual-cased,3.26,111.0,32.0,512,20046.97,True,False,24.17,43.75,47.61,45.91,8.14,51.78,30.51,25.19,64.25,63.62,68.83,63.29,28.62,59.33,34.26,28.78,25.68,41.65,68.63,64.83,67.7,63.7,6.73,48.2,3.35,47.52,34.64,22.57,24.79,45.25,56.62,59.34,-1.21,47.43,29.08,6.01,0.9,26.49,80.45,81.32,2.52,47.78,1.12,0.58,9.29,30.73,56.69,68.42,3.02,50.08,31.59,22.14,37.77,58.2,65.35,63.62,16.07,54.09,16.63,5.67,12.42,33.8,77.64,79.56,13.65,53.84,45.71,33.29,0.0.0,0.0.0,0.0.0,0.0.0,0.0.0,0.0.0,0.0.0,0.0.0,0.0.0,0.0.0,0.0.0,0.0.0,0.0.0,0.0.0,13.3.0,12.6.1,12.6.1,12.6.1,13.3.0,0.0.0,0.0.0,13.0.0,12.6.1,12.6.1,12.6.1,12.6.1,12.8.0,12.8.0,12.8.0,12.8.0,12.6.1,12.6.1,12.6.1,12.6.1
EuropeanParliament/EUBERT,3.38,94.0,66.0,512,20070.41,True,False,27.33,49.78,41.09,40.4,21.58,59.41,26.68,20.68,59.0,56.25,38.36,37.63,19.4,58.63,26.64,19.23,19.81,40.9,49.92,49.17,44.37,43.43,8.64,53.17,3.11,50.44,26.33,15.89,36.28,56.0,29.71,28.69,2.71,49.68,27.51,6.5,0.94,23.64,59.5,58.98,3.25,49.77,10.14,5.56,14.86,35.33,49.54,50.44,27.9,62.47,29.4,20.65,40.29,59.76,49.95,49.1,25.88,61.54,8.94,2.59,17.53,38.67,71.43,71.51,23.93,59.48,42.98,31.01,12.6.1,12.6.1,12.6.1,12.6.1,12.6.1,12.6.1,12.6.1,12.6.1,12.6.1,12.6.1,12.6.1,12.6.1,12.6.1,12.6.1,13.3.0,12.6.1,12.6.1,12.6.1,13.3.0,12.6.1,12.6.1,13.0.0,0.0.0,0.0.0,0.0.0,0.0.0,12.6.1,12.6.1,12.6.1,12.6.1,12.6.1,12.6.1,12.6.1,12.6.1
openGPT-X/Teuken-7B-instruct-research-v0.4 (few-shot),3.38,7453.0,251.0,4096,1253.66,False,False,21.93,31.67,34.66,21.37,1.5,33.84,60.53,52.36,51.8,57.15,35.02,17.87,6.15,36.62,60.0,50.85,16.02,30.81,37.36,24.19,42.83,28.06,-0.08,33.74,2.29,35.36,56.15,31.6,4.3,19.35,28.74,19.43,0.06,34.2,45.55,17.41,16.72,41.68,46.64,35.58,-1.54,36.21,38.94,18.69,4.25,18.15,39.24,24.25,11.48,52.86,65.58,54.18,23.6,34.73,39.39,23.55,7.68,36.93,52.63,25.3,27.52,31.81,50.73,38.64,2.96,35.23,76.38,63.42,14.0.4,14.0.4,14.0.4,14.0.4,14.0.4,14.0.4,14.0.4,14.0.4,14.0.4,14.0.4,14.0.4,14.0.4,14.0.4,14.0.4,14.0.4,14.0.4,14.0.4,14.0.4,14.0.4,14.0.4,14.0.4,14.0.4,14.0.4,14.0.4,14.0.4,14.0.4,14.0.4,14.0.4,14.0.4,14.0.4,14.0.4,14.0.4,14.0.4,14.0.4
ibm-granite/granite-3.0-3b-a800m-base (few-shot),3.4,3374.0,49.0,4096,10504.04,True,False,6.85,19.42,31.8,23.06,0.97,36.48,55.19,49.83,57.18,62.72,36.01,24.61,1.52,38.3,56.97,51.04,31.9,53.03,40.08,33.17,43.96,32.96,-0.07,35.01,1.27,38.1,43.13,23.32,0.65,18.97,18.07,18.73,-0.72,33.96,30.66,12.27,5.4,17.9,41.27,40.85,-0.2,43.01,29.77,19.69,9.91,35.24,42.52,33.08,0.69,36.1,66.87,56.95,31.86,42.96,40.61,28.49,5.36,37.83,47.72,25.99,66.65,65.72,49.44,39.69,12.56,54.2,75.62,63.29,13.0.0,13.0.0,13.0.0,13.0.0,13.0.0,13.0.0,13.0.0,13.0.0,13.0.0,13.0.0,13.0.0,13.0.0,13.0.0,13.0.0,14.1.2,13.0.0,13.0.0,13.0.0,14.1.2,13.0.0,13.0.0,13.0.0,13.0.0,13.0.0,13.0.0,13.0.0,13.0.0,13.0.0,13.0.0,13.0.0,13.0.0,13.0.0,13.0.0,13.0.0
utter-project/EuroLLM-1.7B-Instruct (few-shot),3.46,1657.0,128.0,4096,15008.58,True,False,37.92,46.23,19.61,17.44,2.81,38.15,56.82,50.05,72.24,68.89,27.41,24.45,0.13,36.22,56.59,49.77,30.63,37.24,31.43,30.82,36.92,37.8,0.98,42.0,1.67,34.92,55.11,33.24,6.83,31.41,13.29,14.72,0.92,42.09,24.16,7.49,4.25,26.21,33.53,35.41,-2.32,45.19,25.07,15.41,7.03,34.16,32.45,30.83,5.58,44.79,61.82,51.18,43.18,58.22,28.49,24.73,2.92,44.65,48.47,23.26,58.61,62.78,37.47,32.39,5.3,46.95,74.41,63.26,13.1.0,13.1.0,13.1.0,13.1.0,13.1.0,13.1.0,13.1.0,13.1.0,13.1.0,13.1.0,13.1.0,13.1.0,13.1.0,13.1.0,13.3.0,13.1.0,13.1.0,13.1.0,13.3.0,13.1.0,13.1.0,13.1.0,13.1.0,13.1.0,13.1.0,13.1.0,13.1.0,13.1.0,13.1.0,13.1.0,13.1.0,13.1.0,13.1.0,13.1.0
HuggingFaceTB/SmolLM2-1.7B-Instruct (few-shot),3.51,1711.0,49.0,8192,15970.88,True,False,18.49,35.29,29.44,20.31,1.73,38.18,50.4,44.39,64.46,69.83,37.37,26.31,4.49,46.63,49.57,43.92,24.05,40.36,37.6,29.3,38.38,30.13,3.56,38.6,2.61,38.57,25.34,13.58,6.86,23.96,26.23,23.26,2.69,45.61,28.57,10.84,3.94,30.51,40.28,42.15,-0.26,38.29,17.52,10.68,1.56,28.78,31.84,28.66,5.05,43.99,48.56,40.55,27.03,42.8,32.54,26.92,8.95,51.86,39.18,18.38,66.78,61.52,47.58,39.52,20.53,58.47,69.96,58.07,13.1.0,13.1.0,13.1.0,13.1.0,13.1.0,13.1.0,13.1.0,13.1.0,13.1.0,13.1.0,13.1.0,13.1.0,13.1.0,13.1.0,13.3.0,13.1.0,13.1.0,13.1.0,13.3.0,13.1.0,13.1.0,13.1.0,13.1.0,13.1.0,13.1.0,13.1.0,13.1.0,13.1.0,13.1.0,13.1.0,13.1.0,13.1.0,13.1.0,13.1.0
sentence-transformers/distiluse-base-multilingual-cased-v1,3.52,135.0,120.0,512,34041.87,True,False,27.78,49.38,46.78,44.41,3.04,46.85,23.22,15.52,60.06,55.65,49.86,44.53,3.18,48.38,23.46,16.08,25.98,40.58,60.76,58.35,59.62,55.9,2.65,48.09,3.47,48.98,0.82,0.2,35.18,55.52,45.47,47.67,1.14,48.47,21.45,1.63,9.82,36.4,75.63,76.23,3.65,48.34,0.0,0.0,17.82,37.11,58.67,68.27,9.27,52.04,8.02,2.17,51.7,67.81,28.29,27.54,2.12,49.13,0.69,0.03,36.75,47.8,71.33,73.43,0.24,47.55,9.37,1.3,0.0.0,0.0.0,0.0.0,0.0.0,0.0.0,0.0.0,0.0.0,0.0.0,0.0.0,0.0.0,0.0.0,0.0.0,0.0.0,0.0.0,13.3.0,12.6.1,12.6.1,12.6.1,13.3.0,12.6.1,0.0.0,13.0.0,0.0.0,0.0.0,0.0.0,0.0.0,12.8.0,12.8.0,12.8.0,12.8.0,12.6.1,12.6.1,12.6.1,12.6.1
openGPT-X/Teuken-7B-instruct-commercial-v0.4 (few-shot),3.55,7453.0,251.0,4096,1437.66,True,False,13.77,23.78,29.49,21.57,0.0,33.49,59.23,51.53,20.2,21.73,37.17,25.25,6.13,39.55,56.9,46.66,10.69,26.94,34.78,27.42,39.0,31.27,6.17,50.5,5.9,49.15,55.3,31.25,-0.79,26.06,26.58,22.13,0.63,43.8,44.23,15.14,16.03,39.68,39.78,31.09,-0.48,33.39,38.93,20.04,0.78,8.63,42.35,29.29,-0.02,38.46,59.25,47.61,10.59,21.22,38.81,27.14,0.91,33.45,48.13,22.54,23.69,25.98,44.48,36.31,8.52,51.57,71.38,56.97,14.0.4,14.0.4,14.0.4,14.0.4,14.0.4,14.0.4,14.0.4,14.0.4,14.0.4,14.0.4,14.0.4,14.0.4,14.0.4,14.0.4,14.0.4,14.0.4,14.0.4,14.0.4,14.0.4,14.0.4,14.0.4,14.0.4,14.0.4,14.0.4,14.0.4,14.0.4,14.0.4,14.0.4,14.0.4,14.0.4,14.0.4,14.0.4,14.0.4,14.0.4
sentence-transformers/distiluse-base-multilingual-cased,3.59,135.0,120.0,512,19205.51,True,False,30.13,46.78,26.96,25.63,2.01,48.79,16.49,8.25,63.04,56.5,51.67,53.62,2.32,48.77,17.75,8.93,32.83,43.32,63.79,67.14,60.96,64.65,1.09,48.72,0.18,47.3,0.0,0.0,33.35,53.45,47.62,50.59,2.64,49.47,12.2,1.27,10.41,34.36,77.16,78.0,4.09,47.26,0.0,0.0,9.66,31.17,56.98,66.91,19.37,56.74,7.91,3.11,48.71,65.32,40.2,40.33,5.53,51.1,1.12,0.06,36.22,45.8,71.9,74.21,0.47,48.67,8.5,2.44,12.6.1,12.6.1,12.6.1,12.6.1,12.6.1,12.6.1,12.6.1,12.6.1,12.6.1,12.6.1,12.6.1,12.6.1,12.6.1,12.6.1,13.3.0,12.6.1,12.6.1,12.6.1,13.3.0,12.6.1,0.0.0,13.0.0,0.0.0,0.0.0,0.0.0,0.0.0,12.6.1,12.6.1,12.6.1,12.6.1,12.6.1,12.6.1,12.6.1,12.6.1
sentence-transformers/distiluse-base-multilingual-cased-v2,3.64,135.0,120.0,512,33246.61,True,False,30.13,46.78,26.96,25.63,2.01,48.79,16.4,8.22,62.71,57.24,51.67,53.62,2.32,48.77,17.62,8.76,32.83,43.32,63.79,67.14,60.96,64.65,1.09,48.72,0.18,47.3,0.0,0.0,34.19,53.26,48.62,51.75,2.64,49.47,12.16,1.22,9.59,32.95,77.0,77.85,4.09,47.26,0.0,0.0,2.7,26.12,49.82,62.06,6.6,50.71,6.8,2.13,49.38,66.1,41.82,42.03,4.77,49.48,0.92,0.05,36.22,45.8,71.9,74.21,0.47,48.67,8.51,2.4,12.6.1,12.6.1,12.6.1,12.6.1,12.6.1,12.6.1,12.6.1,12.6.1,12.6.1,12.6.1,12.6.1,12.6.1,12.6.1,12.6.1,13.3.0,12.6.1,12.6.1,12.6.1,13.3.0,12.6.1,0.0.0,13.0.0,12.6.1,12.6.1,12.6.1,12.6.1,12.8.0,12.8.0,12.8.0,12.8.0,12.6.1,12.6.1,12.6.1,12.6.1
HuggingFaceTB/SmolLM2-1.7B (few-shot),3.65,1711.0,49.0,8192,16248.88,True,False,9.93,23.57,24.47,18.7,1.22,35.31,47.54,42.09,68.31,72.51,35.96,26.41,3.61,49.47,49.32,43.26,23.25,36.07,26.7,24.56,28.23,28.27,-0.47,33.93,0.26,33.32,26.51,13.4,10.09,29.11,20.5,18.93,0.83,45.84,28.36,10.84,0.77,23.56,27.91,30.98,-0.48,33.97,26.11,16.56,4.6,29.94,22.84,25.11,2.55,40.88,48.35,40.33,19.69,29.0,28.67,25.27,5.07,47.6,38.33,18.43,62.32,67.09,41.57,37.51,8.04,48.16,67.43,56.01,13.1.0,13.1.0,13.1.0,13.1.0,13.1.0,13.1.0,13.1.0,13.1.0,13.1.0,13.1.0,13.1.0,13.1.0,13.1.0,13.1.0,14.1.2,13.1.0,13.1.0,13.1.0,14.1.2,13.1.0,13.1.0,13.1.0,13.1.0,13.1.0,13.1.0,13.1.0,13.1.0,13.1.0,13.1.0,13.1.0,13.1.0,13.1.0,13.1.0,13.1.0
PleIAs/Pleias-1.2b-Preview (few-shot),3.79,1195.0,66.0,2048,10756.07,True,False,28.95,48.32,28.3,22.93,0.2,34.12,43.32,36.39,39.68,47.78,36.29,31.64,0.96,36.56,38.42,32.64,19.42,26.64,38.96,36.82,40.42,38.81,-0.13,33.43,0.77,33.8,8.66,4.7,0.53,20.28,22.56,22.69,-0.26,33.59,31.39,11.77,-1.72,16.58,38.91,39.53,0.66,33.6,7.41,4.82,4.99,29.17,38.22,35.62,1.85,40.34,36.19,27.77,21.76,39.73,34.68,30.0,0.85,38.42,30.11,14.3,47.89,56.99,40.45,37.9,0.28,44.4,35.6,26.77,14.1.2,14.0.4,14.1.2,14.0.4,14.1.2,14.0.4,14.1.2,14.0.4,14.1.2,14.0.4,14.0.4,14.1.2,14.1.2,14.0.4,14.1.2,14.0.4,14.1.2,14.0.4,14.1.2,14.0.4,14.1.2,14.0.4,14.1.2,14.0.4,14.1.2,14.0.4,14.1.2,14.0.4,14.1.2,14.0.4,14.1.2,14.0.4,14.1.2,14.0.4
3ebdola/Dialectal-Arabic-XLM-R-Base,3.88,278.0,250.0,512,12782.54,True,False,22.07,44.7,36.51,36.31,1.63,45.36,9.48,3.09,44.95,48.17,42.78,40.46,1.43,48.66,16.77,8.71,12.69,32.23,55.55,52.52,53.53,50.23,2.79,47.71,1.66,46.6,0.6,0.0,20.94,42.72,46.95,50.04,1.4,48.02,28.8,10.48,1.49,20.15,73.34,74.24,0.97,44.25,0.01,0.0,8.39,30.69,44.46,60.04,2.07,48.42,9.24,4.3,32.66,53.17,30.18,29.11,2.1,47.1,4.04,0.46,1.92,28.84,68.25,70.44,1.08,47.42,10.0,2.79,0.0.0,0.0.0,0.0.0,0.0.0,0.0.0,0.0.0,0.0.0,0.0.0,0.0.0,0.0.0,0.0.0,0.0.0,0.0.0,0.0.0,13.3.0,12.6.1,12.6.1,12.6.1,13.3.0,12.6.1,12.6.1,13.0.0,0.0.0,0.0.0,0.0.0,0.0.0,12.8.0,12.8.0,12.8.0,12.8.0,12.6.1,12.6.1,12.6.1,12.6.1
dbmdz/bert-tiny-historic-multilingual-cased,3.93,5.0,32.0,512,78027.26,True,False,20.71,40.07,33.62,31.69,1.19,48.46,7.68,4.19,57.41,53.5,26.87,25.42,-1.06,48.72,10.83,5.54,19.19,37.36,46.11,43.54,35.18,33.22,2.76,50.99,0.42,49.39,0.0,0.0,9.46,28.69,43.93,46.59,0.04,47.53,21.73,6.13,-1.81,15.54,72.08,72.93,2.65,48.48,0.0,0.0,8.45,29.85,41.38,56.29,1.55,49.24,6.62,4.4,33.61,55.01,33.18,32.48,1.83,49.4,0.0,0.0,25.85,40.72,65.85,68.72,1.21,50.03,11.02,4.0,0.0.0,12.6.1,0.0.0,0.0.0,0.0.0,0.0.0,0.0.0,0.0.0,0.0.0,0.0.0,0.0.0,0.0.0,0.0.0,0.0.0,13.3.0,12.6.1,12.6.1,12.6.1,13.3.0,0.0.0,0.0.0,13.0.0,0.0.0,0.0.0,0.0.0,0.0.0,12.6.1,12.6.1,12.6.1,12.6.1,12.6.1,12.6.1,12.6.1,12.6.1
PleIAs/Pleias-Nano (few-shot),3.99,1195.0,66.0,2048,2519.09,True,False,29.12,49.93,16.17,14.33,-0.47,33.18,41.23,34.8,23.71,32.87,14.09,15.95,1.74,38.94,37.8,32.0,22.22,32.6,27.47,27.1,23.82,27.33,-2.06,35.29,-0.77,35.74,5.33,2.48,2.13,21.55,9.9,15.24,0.02,34.31,31.31,10.64,-1.78,16.36,20.76,22.79,0.87,34.86,6.25,3.58,7.9,33.04,23.58,26.01,1.79,40.53,35.07,26.11,15.58,29.45,24.32,22.08,1.25,37.57,20.51,6.82,45.04,50.6,21.6,23.22,-0.46,44.56,44.25,33.46,14.1.2,14.0.4,14.1.2,14.0.4,14.1.2,14.0.4,14.1.2,14.0.4,14.1.2,14.0.4,14.0.4,14.1.2,14.1.2,14.0.4,14.1.2,14.0.4,14.1.2,14.0.4,14.1.2,14.0.4,14.1.2,14.0.4,14.1.2,14.0.4,14.1.2,14.0.4,14.1.2,14.0.4,14.1.2,14.0.4,14.1.2,14.0.4,14.1.2,14.0.4
PleIAs/Pleias-3b-Preview (few-shot),4.01,3212.0,66.0,4096,6513.19,True,False,13.01,28.28,15.93,14.68,0.05,40.73,41.96,36.85,45.75,50.33,21.42,20.27,-0.25,44.95,37.44,32.71,18.74,27.39,28.82,28.03,27.81,26.0,-0.46,36.22,-0.84,37.42,21.98,12.66,-0.67,21.03,18.86,18.63,-0.76,33.16,26.19,8.09,-0.03,23.66,22.75,23.52,-0.78,33.93,12.38,7.75,7.24,29.45,31.13,29.34,1.23,44.71,39.28,32.13,7.41,23.37,23.08,21.68,0.89,40.64,33.36,17.32,36.35,45.58,27.37,26.5,-0.37,44.67,16.44,7.42,14.1.2,14.0.4,14.1.2,14.0.4,14.1.2,14.0.4,14.1.2,14.0.4,14.1.2,14.0.4,14.0.4,14.1.2,14.1.2,14.0.4,14.1.2,14.0.4,14.1.2,14.0.4,14.1.2,14.0.4,14.1.2,14.0.4,14.1.2,14.0.4,14.1.2,14.0.4,14.1.2,14.0.4,14.1.2,14.0.4,14.1.2,14.0.4,14.1.2,14.0.4
HuggingFaceTB/SmolLM2-360M (few-shot),4.13,362.0,49.0,8192,22023.39,True,False,3.61,19.01,12.68,12.32,1.79,36.23,32.48,28.12,11.52,29.3,18.22,17.97,1.72,34.96,31.25,27.27,6.21,23.74,26.6,23.6,23.7,23.04,-0.39,33.4,0.21,35.33,10.23,4.65,3.82,24.09,13.43,13.81,1.14,36.93,16.21,3.71,-0.56,23.83,28.14,28.12,-0.06,33.85,6.05,2.43,6.84,27.74,20.95,25.63,-1.5,34.07,30.14,22.67,19.64,36.97,19.94,18.01,0.0,33.32,20.5,8.78,43.97,55.08,31.14,28.54,3.49,46.52,60.41,47.91,13.1.0,13.1.0,13.1.0,13.1.0,13.1.0,13.1.0,13.1.0,13.1.0,13.1.0,13.1.0,13.1.0,13.1.0,13.1.0,13.1.0,14.1.2,13.1.0,13.1.0,13.1.0,14.1.2,13.1.0,13.1.0,13.1.0,13.1.0,13.1.0,13.1.0,13.1.0,13.1.0,13.1.0,13.1.0,13.1.0,13.1.0,13.1.0,13.1.0,13.1.0
HuggingFaceTB/SmolLM2-360M-Instruct (few-shot),4.15,362.0,49.0,8192,21776.98,True,False,2.66,16.29,8.97,8.62,1.65,44.5,28.73,24.92,9.34,26.0,13.64,16.38,2.2,41.62,30.05,26.06,7.6,26.47,20.37,21.57,21.27,22.34,1.31,45.75,0.51,38.71,10.53,4.8,3.12,27.55,13.6,13.99,0.28,37.58,16.34,4.09,3.07,28.68,26.85,27.35,-0.12,45.84,4.02,1.39,6.73,27.67,15.68,22.21,0.63,43.48,27.47,19.73,12.59,22.64,18.77,18.65,1.64,34.84,21.58,9.27,59.51,54.82,30.73,29.47,1.55,43.18,60.0,49.03,13.1.0,13.1.0,13.1.0,13.1.0,13.1.0,13.1.0,13.1.0,13.1.0,13.1.0,13.1.0,13.1.0,13.1.0,13.1.0,13.1.0,13.3.0,13.1.0,13.1.0,13.1.0,13.3.0,13.1.0,13.1.0,13.1.0,13.1.0,13.1.0,13.1.0,13.1.0,13.1.0,13.1.0,13.1.0,13.1.0,13.1.0,13.1.0,13.1.0,13.1.0
PleIAs/Pleias-350m-Preview (few-shot),4.26,353.0,66.0,2048,10241.69,True,False,9.47,25.66,13.84,13.12,-0.36,39.52,26.85,22.1,14.15,25.9,22.09,21.86,-0.04,36.18,26.25,21.6,7.91,17.44,26.59,26.61,26.78,26.94,0.28,36.0,0.04,41.17,2.88,0.65,2.38,21.79,17.73,18.22,-0.18,37.94,12.57,1.59,0.0,13.57,31.99,32.31,0.48,37.69,0.89,0.29,3.57,16.42,24.47,26.64,-2.03,39.46,17.17,10.18,13.9,30.42,25.3,24.21,-0.25,39.25,15.65,6.12,19.13,33.51,31.79,31.32,-0.03,36.37,21.93,12.35,14.1.2,14.0.4,14.1.2,14.0.4,14.1.2,14.0.4,14.1.2,14.0.4,14.1.2,14.0.4,14.0.4,14.1.2,14.1.2,14.0.4,14.1.2,14.0.4,14.1.2,14.0.4,14.1.2,14.0.4,14.1.2,14.0.4,14.1.2,14.0.4,14.1.2,14.0.4,14.1.2,14.0.4,14.1.2,14.0.4,14.1.2,14.0.4,14.1.2,14.0.4
PleIAs/Pleias-Pico (few-shot),4.31,353.0,66.0,2048,2330.93,True,False,13.31,34.38,10.59,10.29,0.52,33.76,20.46,16.61,17.38,34.6,16.28,16.34,-0.45,36.19,22.13,17.78,8.05,22.59,25.02,25.54,21.59,21.51,-0.15,36.65,-0.97,39.0,2.47,0.37,2.17,22.31,13.8,14.46,-0.63,36.66,10.96,1.29,0.67,13.76,22.55,22.62,0.87,38.38,0.91,0.27,4.37,18.06,21.32,22.2,-0.19,41.66,15.78,9.38,10.99,27.88,21.03,21.02,0.13,36.48,11.45,3.61,27.39,39.38,27.45,27.11,0.31,39.37,26.76,15.62,14.1.2,14.0.4,14.1.2,14.0.4,14.1.2,14.0.4,14.1.2,14.0.4,14.1.2,14.0.4,14.0.4,14.1.2,14.1.2,14.0.4,14.1.2,14.0.4,14.1.2,14.0.4,14.1.2,14.0.4,14.1.2,14.0.4,14.1.2,14.0.4,14.1.2,14.0.4,14.1.2,14.0.4,14.1.2,14.0.4,14.1.2,14.0.4,14.1.2,14.0.4
fresh-xlm-roberta-base,4.35,278.0,250.0,512,2214.08,True,False,17.37,36.83,16.04,15.6,1.34,35.45,6.64,1.58,51.11,50.09,11.91,11.31,0.86,39.16,7.2,2.0,12.6,32.27,25.49,23.54,25.94,24.1,0.5,36.93,1.83,37.67,0.0,0.0,25.25,44.4,17.34,16.43,-0.06,36.73,21.61,1.02,1.07,17.71,48.7,48.51,2.37,37.68,0.0,0.0,0.92,25.39,13.09,16.25,1.93,40.76,2.7,0.26,23.44,42.87,8.03,8.63,-0.17,39.21,0.0,0.0,4.0,24.24,34.64,34.41,1.33,42.07,6.18,0.43,0.0.0,0.0.0,0.0.0,0.0.0,0.0.0,0.0.0,0.0.0,0.0.0,0.0.0,0.0.0,0.0.0,0.0.0,0.0.0,0.0.0,13.3.0,0.0.0,0.0.0,0.0.0,13.3.0,0.0.0,0.0.0,13.0.0,0.0.0,0.0.0,0.0.0,0.0.0,12.6.1,12.6.1,12.6.1,12.6.1,12.6.1,12.6.1,12.6.1,12.6.1
HuggingFaceTB/SmolLM2-135M (few-shot),4.45,135.0,49.0,8192,26346.08,True,False,3.79,21.06,13.72,13.41,-0.45,39.69,17.28,14.69,-3.03,24.39,19.15,20.52,0.06,36.05,16.55,14.18,8.84,29.74,24.37,26.91,24.69,27.6,-1.2,36.09,-0.5,36.68,2.31,0.16,3.13,22.51,14.74,16.01,-0.25,34.69,10.92,1.35,-0.24,26.18,25.51,26.43,0.46,36.19,3.01,0.15,2.01,15.88,17.49,18.59,-0.02,34.86,3.23,0.53,2.74,23.3,16.89,16.63,-0.34,39.21,2.91,0.28,26.69,34.46,31.26,30.44,1.78,43.5,22.49,13.88,13.1.0,13.1.0,13.1.0,13.1.0,13.1.0,13.1.0,13.1.0,13.1.0,13.1.0,13.1.0,13.1.0,13.1.0,13.1.0,13.1.0,14.1.2,13.1.0,13.1.0,13.1.0,14.1.2,13.1.0,13.1.0,13.1.0,13.1.0,13.1.0,13.1.0,13.1.0,13.1.0,13.1.0,13.1.0,13.1.0,13.1.0,13.1.0,13.1.0,13.1.0
HuggingFaceTB/SmolLM2-135M-Instruct (few-shot),4.47,135.0,49.0,8192,25602.11,True,False,2.61,18.95,12.11,11.48,0.25,39.65,16.74,14.02,7.41,28.42,17.09,18.78,0.47,38.19,13.94,11.73,2.78,26.17,20.89,22.28,19.62,21.82,-0.98,40.63,0.93,40.91,2.19,0.15,3.01,22.58,13.7,15.01,-0.83,32.99,10.22,0.94,3.78,27.36,23.22,24.3,0.41,39.64,3.34,0.54,-0.62,16.18,15.82,16.46,1.16,34.3,5.89,3.25,2.51,21.27,15.54,15.29,0.36,39.04,5.69,1.77,18.64,28.83,29.96,28.98,1.85,44.03,36.91,26.9,13.1.0,13.1.0,13.1.0,13.1.0,13.1.0,13.1.0,13.1.0,13.1.0,13.1.0,13.1.0,13.1.0,13.1.0,13.1.0,13.1.0,13.3.0,13.1.0,13.1.0,13.1.0,13.3.0,13.1.0,13.1.0,13.1.0,13.1.0,13.1.0,13.1.0,13.1.0,13.1.0,13.1.0,13.1.0,13.1.0,13.1.0,13.1.0,13.1.0,13.1.0
ssmits/Falcon2-5.5B-multilingual (few-shot),4.95,5465.0,65.0,8192,7691.9,True,False,0.0,18.12,0.0,0.0,0.0,33.25,0.03,0.02,0.0,19.16,0.0,0.0,0.0,33.3,0.0,0.0,0.0,9.59,0.0,0.0,0.0,0.0,0.0,33.25,0.0,32.79,0.09,0.0,-1.3,18.79,0.0,0.0,0.0,33.69,0.02,0.0,0.74,13.97,0.0,0.0,0.0,33.4,0.0,0.0,0.0,8.62,0.0,0.0,0.0,33.34,0.01,0.0,0.0,17.05,0.0,0.0,0.0,33.34,0.02,0.0,0.0,19.61,0.0,0.0,2.48,34.52,0.03,0.01,13.0.0,13.0.0,13.0.0,13.0.0,13.0.0,13.0.0,13.0.0,13.0.0,13.0.0,13.0.0,13.0.0,13.0.0,13.0.0,13.0.0,14.1.2,13.0.0,13.0.0,13.0.0,14.1.2,13.0.0,13.0.0,13.0.0,13.0.0,13.0.0,13.0.0,13.0.0,13.0.0,13.0.0,13.0.0,13.0.0,13.0.0,13.0.0,13.0.0,13.0.0
