model,rank,parameters,vocabulary_size,context,speed,generative_type,commercial,merge,fosent,fone,scala_fo,foqa,fosent_version,fone_version,scala_fo_version,foqa_version
"gpt-4-1106-preview (few-shot, val)",1.77,,100256.0,128000,575.52,ğŸ“,âœ“,âœ—,38.22 Â± 8.49 / 52.33 Â± 6.78@@38.218954052061186,86.51 Â± 2.01 / 85.01 Â± 2.45@@86.5130142346496,35.09 Â± 5.70 / 65.72 Â± 3.27@@35.09160444294318,81.93 Â± 2.20 / 58.65 Â± 3.25@@81.93192507731982,13.3.0@@130300,12.5.1@@120501,12.5.1@@120501,13.0.0@@130000
meta-llama/Meta-Llama-3-70B (few-shot),2.06,70553706496.0,128256.0,8192,1298.94,ğŸ§ ,âœ“,âœ—,57.99 Â± 3.77 / 71.14 Â± 3.12@@57.991581432814186,80.62 Â± 1.38 / 77.07 Â± 2.93@@80.6238818967518,13.59 Â± 1.39 / 44.26 Â± 2.93@@13.59206210730322,79.40 Â± 1.20 / 61.89 Â± 1.34@@79.39591203579899,14.3.0@@140300,14.3.0@@140300,14.3.0@@140300,14.3.0@@140300
NbAiLab/nb-roberta-base-scandi-1e4,2.1,278295700.0,250002.0,514,13658.85,ğŸ”,âœ“,âœ—,11.53 Â± 8.77 / 32.97 Â± 9.54@@11.529391865585419,90.52 Â± 0.47 / 90.83 Â± 0.40@@90.51573249252294,44.99 Â± 11.76 / 71.54 Â± 5.83@@44.99120693458498,34.64 Â± 1.98 / 25.14 Â± 1.72@@34.63937098683215,13.3.0@@130300,<9.2.0@@0,<9.2.0@@0,13.0.0@@130000
meta-llama/Llama-3.1-405B-Instruct-FP8 (few-shot),2.14,405868625920.0,128256.0,131072,798.95,ğŸ“,âœ“,âœ—,53.25 Â± 1.76 / 50.18 Â± 1.09@@53.25435974149326,81.95 Â± 1.35 / 81.71 Â± 1.81@@81.94550113408405,14.29 Â± 2.45 / 40.76 Â± 1.85@@14.292950818015582,79.84 Â± 0.96 / 60.41 Â± 1.26@@79.83653150032353,14.0.4@@140004,14.0.4@@140004,14.0.4@@140004,14.0.4@@140004
Qwen/Qwen2.5-72B-Instruct (few-shot),2.17,72706203648.0,152064.0,32768,1218.79,ğŸ“,âœ“,âœ—,46.61 Â± 1.58 / 47.25 Â± 1.29@@46.607141337659584,76.56 Â± 1.09 / 58.59 Â± 3.63@@76.56015316176013,23.45 Â± 2.41 / 59.84 Â± 1.99@@23.446047867016922,77.14 Â± 1.37 / 55.28 Â± 2.18@@77.13938878658031,14.0.4@@140004,14.0.4@@140004,14.0.4@@140004,14.0.4@@140004
google/gemma-2-9b-it (few-shot),2.17,9241705984.0,256000.0,4096,2597.9,ğŸ“,âœ“,âœ—,60.14 Â± 2.35 / 70.36 Â± 1.46@@60.13665384207797,70.95 Â± 2.56 / 57.34 Â± 3.69@@70.95120216333777,16.94 Â± 1.85 / 56.66 Â± 1.86@@16.93851637043955,78.54 Â± 0.83 / 57.83 Â± 1.47@@78.53995860914664,14.4.0@@140400,14.4.0@@140400,14.4.0@@140400,14.4.0@@140400
meta-llama/Llama-3.1-70B-Instruct (few-shot),2.2,70553706496.0,128256.0,131072,1408.67,ğŸ“,âœ“,âœ—,52.33 Â± 2.11 / 49.69 Â± 1.21@@52.33167851400991,79.04 Â± 1.57 / 69.20 Â± 3.32@@79.04379000323716,15.72 Â± 2.73 / 53.70 Â± 3.15@@15.720251109939037,79.21 Â± 1.19 / 59.08 Â± 1.71@@79.20815123216286,14.0.3@@140003,14.0.3@@140003,14.0.3@@140003,14.0.3@@140003
vesteinn/FoBERT,2.25,124498007.0,50005.0,514,14125.21,ğŸ”,âœ“,âœ—,7.69 Â± 6.48 / 27.19 Â± 7.07@@7.689315538113814,90.73 Â± 0.66 / 90.95 Â± 0.49@@90.73267992885154,48.73 Â± 7.40 / 72.56 Â± 3.95@@48.7285813082583,28.03 Â± 3.14 / 20.40 Â± 2.71@@28.032798835028508,15.0.0@@150000,15.0.0@@150000,15.0.0@@150000,15.0.0@@150000
ThatsGroes/gemma-2-27b-it-FP8-Dynamic (few-shot),2.25,28410968576.0,256000.0,4096,3632.83,ğŸ“,âœ“,âœ—,60.99 Â± 2.59 / 72.95 Â± 1.68@@60.98836797904248,81.30 Â± 1.24 / 73.31 Â± 3.51@@81.2952837760563,12.49 Â± 3.30 / 49.82 Â± 2.65@@12.49083870240727,70.99 Â± 1.42 / 48.47 Â± 1.72@@70.99255966458256,14.0.4@@140004,14.0.4@@140004,14.0.4@@140004,14.0.4@@140004
meta-llama/Llama-3.3-70B-Instruct (few-shot),2.26,70553706496.0,128256.0,131072,1353.36,ğŸ“,âœ“,âœ—,51.60 Â± 1.99 / 49.29 Â± 1.20@@51.600081709323874,78.46 Â± 1.42 / 66.11 Â± 4.28@@78.45722114433025,17.25 Â± 3.90 / 53.45 Â± 4.72@@17.25253480827619,72.58 Â± 1.07 / 50.98 Â± 1.67@@72.58088623646535,14.0.3@@140003,14.0.3@@140003,14.0.3@@140003,14.0.3@@140003
meta-llama/Meta-Llama-3-70B-instruct (few-shot),2.36,70553706496.0,128256.0,8192,1194.24,ğŸ“,âœ“,âœ—,49.86 Â± 1.68 / 49.37 Â± 0.98@@49.86121014336399,79.18 Â± 1.07 / 68.96 Â± 2.51@@79.178545874567,12.88 Â± 2.43 / 50.74 Â± 3.48@@12.880820292604348,79.98 Â± 0.65 / 60.24 Â± 1.33@@79.98175907554511,14.3.0@@140300,14.3.0@@140300,14.3.0@@140300,14.3.0@@140300
Qwen/QwQ-32B-Preview (few-shot),2.4,32763876352.0,152064.0,32768,2258.16,ğŸ“,âœ“,âœ—,45.55 Â± 2.05 / 46.59 Â± 1.05@@45.551746962206714,77.19 Â± 1.09 / 72.79 Â± 2.09@@77.18574263385858,16.92 Â± 1.77 / 55.66 Â± 2.98@@16.916429651983204,69.45 Â± 2.43 / 47.51 Â± 2.79@@69.45085485085589,14.0.4@@140004,14.0.4@@140004,14.0.4@@140004,14.0.4@@140004
nvidia/Llama-3.1-Nemotron-70B-Instruct-HF (few-shot),2.42,70553706496.0,128256.0,131072,1207.76,ğŸ“,âœ“,âœ—,52.56 Â± 2.14 / 49.94 Â± 1.21@@52.56202832674015,64.88 Â± 1.71 / 37.91 Â± 1.50@@64.88346742783261,14.28 Â± 1.04 / 45.93 Â± 2.64@@14.28249190087961,74.50 Â± 0.82 / 50.11 Â± 1.82@@74.49976191240853,14.0.4@@140004,14.0.4@@140004,14.0.4@@140004,14.0.4@@140004
"gpt-4o-2024-05-13 (zero-shot, val)",2.42,,200019.0,8191,882.4,ğŸ“,âœ“,âœ—,27.30 Â± 4.69 / 30.12 Â± 3.11@@27.301719487359506,68.00 Â± 1.08 / 37.75 Â± 1.09@@68.00464651750026,28.09 Â± 3.31 / 54.91 Â± 2.24@@28.092396981741068,77.38 Â± 1.63 / 58.59 Â± 1.88@@77.3785510195543,14.0.3@@140003,14.0.3@@140003,14.0.3@@140003,14.0.3@@140003
CohereForAI/c4ai-command-r-08-2024 (few-shot),2.49,32296476672.0,256000.0,131072,1909.17,ğŸ“,âœ—,âœ—,47.71 Â± 2.52 / 64.44 Â± 1.96@@47.70709275658246,73.26 Â± 1.78 / 63.41 Â± 3.03@@73.2589021923984,10.41 Â± 2.22 / 54.04 Â± 1.47@@10.410158987607128,73.87 Â± 1.31 / 57.08 Â± 1.61@@73.86865816657772,14.0.4@@140004,14.0.4@@140004,14.0.4@@140004,14.0.4@@140004
"gpt-4o-mini-2024-07-18 (few-shot, val)",2.5,,200019.0,8191,784.26,ğŸ“,âœ“,âœ—,39.45 Â± 8.53 / 62.38 Â± 6.69@@39.4541074686478,73.80 Â± 2.44 / 63.06 Â± 3.84@@73.79853210925201,34.78 Â± 4.81 / 63.14 Â± 2.83@@34.775704541104226,19.37 Â± 1.52 / 0.87 Â± 1.17@@19.367652149638644,14.0.0@@140000,14.0.0@@140000,14.0.0@@140000,14.0.0@@140000
"claude-3-5-sonnet-20241022 (zero-shot, val)",2.51,,,200000,168.2,ğŸ“,âœ“,âœ—,8.17 Â± 5.22 / 27.16 Â± 4.39@@8.167448933851158,72.52 Â± 0.65 / 60.99 Â± 0.78@@72.5162463199293,32.38 Â± 4.28 / 56.38 Â± 2.60@@32.38463068116057,69.24 Â± 1.30 / 45.34 Â± 1.90@@69.23553507607052,14.0.3@@140003,14.0.3@@140003,14.0.3@@140003,14.0.3@@140003
sentence-transformers/use-cmlm-multilingual,2.51,472022179.0,501153.0,512,16916.45,ğŸ”,âœ“,âœ—,15.45 Â± 3.96 / 40.77 Â± 4.75@@15.445256183375431,88.81 Â± 0.65 / 89.12 Â± 0.56@@88.80515375017481,30.92 Â± 8.65 / 63.05 Â± 4.66@@30.91594036512116,37.21 Â± 3.83 / 25.48 Â± 2.79@@37.21297893247409,13.3.0@@130300,<9.2.0@@0,<9.2.0@@0,13.0.0@@130000
mistralai/Mistral-Small-24B-Instruct-2501 (few-shot),2.51,23572403200.0,131072.0,32768,2350.82,ğŸ“,âœ“,âœ—,50.80 Â± 3.32 / 65.77 Â± 2.04@@50.804249683166105,70.09 Â± 1.82 / 48.35 Â± 4.54@@70.0875911730163,11.21 Â± 2.26 / 45.07 Â± 3.39@@11.20691773665025,70.65 Â± 4.88 / 49.73 Â± 6.22@@70.64561570278744,15.0.0@@150000,15.0.0@@150000,15.0.0@@150000,15.0.0@@150000
"gpt-4o-mini-2024-07-18 (zero-shot, val)",2.54,,200019.0,8191,862.54,ğŸ“,âœ“,âœ—,35.05 Â± 3.84 / 34.41 Â± 2.93@@35.04664213292622,53.92 Â± 1.55 / 28.59 Â± 1.28@@53.92285931714955,23.12 Â± 4.18 / 60.20 Â± 2.01@@23.124843222298026,76.60 Â± 1.29 / 54.99 Â± 2.45@@76.59608673410222,14.0.1@@140001,14.0.1@@140001,14.0.1@@140001,14.0.1@@140001
setu4993/LaBSE,2.72,470927360.0,501153.0,512,14378.88,ğŸ”,âœ“,âœ—,21.57 Â± 4.96 / 45.40 Â± 4.23@@21.569189457116657,89.16 Â± 0.66 / 89.62 Â± 0.62@@89.15779605599909,22.76 Â± 10.57 / 60.04 Â± 5.76@@22.76415199818776,41.85 Â± 1.13 / 30.55 Â± 1.05@@41.850903700529656,13.3.0@@130300,<9.2.0@@0,<9.2.0@@0,13.0.0@@130000
"gpt-4-1106-preview (zero-shot, val)",2.74,,100256.0,8191,589.23,ğŸ“,âœ“,âœ—,13.18 Â± 5.13 / 19.41 Â± 3.41@@13.180883852710174,57.52 Â± 2.17 / 36.36 Â± 1.53@@57.5244439960384,28.03 Â± 3.90 / 62.26 Â± 2.03@@28.030163213041416,76.65 Â± 1.98 / 59.06 Â± 2.40@@76.64612714811636,14.0.3@@140003,14.0.3@@140003,14.0.3@@140003,14.0.3@@140003
meta-llama/Meta-Llama-3-8B-Instruct (few-shot),2.78,8030261248.0,128256.0,8192,1483.24,ğŸ“,âœ“,âœ—,45.78 Â± 2.05 / 47.72 Â± 1.15@@45.77873022028658,70.61 Â± 1.12 / 68.27 Â± 1.76@@70.60840790820745,4.58 Â± 2.43 / 36.78 Â± 1.86@@4.582087660409739,72.73 Â± 1.11 / 50.67 Â± 1.56@@72.72990560203031,14.0.4@@140004,14.0.4@@140004,14.0.4@@140004,14.0.4@@140004
google/gemma-2-9b (few-shot),2.83,9241705984.0,256000.0,4096,919.55,ğŸ§ ,âœ“,âœ—,43.58 Â± 4.27 / 56.93 Â± 3.78@@43.57724651420988,68.18 Â± 1.88 / 63.66 Â± 2.52@@68.1768202653065,6.71 Â± 2.14 / 48.99 Â± 2.64@@6.714432964133657,73.48 Â± 2.55 / 52.97 Â± 2.77@@73.48207359946841,14.4.0@@140400,14.4.0@@140400,14.4.0@@140400,14.4.0@@140400
mistralai/Mixtral-8x7B-v0.1 (few-shot),2.84,46702792704.0,32000.0,32768,2362.92,ğŸ§ ,âœ“,âœ—,45.19 Â± 3.93 / 59.61 Â± 3.28@@45.189948308833046,67.97 Â± 1.73 / 65.91 Â± 2.05@@67.9683507819475,5.21 Â± 3.44 / 47.34 Â± 4.27@@5.208204387279877,67.77 Â± 2.03 / 50.21 Â± 2.31@@67.76561560414392,14.0.4@@140004,14.0.4@@140004,14.0.4@@140004,14.3.0@@140300
meta-llama/Llama-3.1-8B-Instruct (few-shot),2.85,8030261248.0,128256.0,131072,1478.39,ğŸ“,âœ“,âœ—,48.54 Â± 2.43 / 49.17 Â± 1.48@@48.54034378123171,67.67 Â± 1.31 / 59.86 Â± 2.12@@67.66672801485292,3.89 Â± 2.71 / 36.33 Â± 1.50@@3.887546713597522,69.50 Â± 1.68 / 47.07 Â± 2.63@@69.50121259113794,14.0.4@@140004,14.0.4@@140004,14.0.4@@140004,14.0.4@@140004
mgoin/Nemotron-4-340B-Instruct-hf-FP8 (few-shot),2.88,341029195776.0,256000.0,4096,1904.18,ğŸ“,âœ“,âœ—,51.62 Â± 10.21 / 62.71 Â± 10.54@@51.62468879727863,55.31 Â± 9.55 / 44.19 Â± 6.59@@55.30791989765505,15.07 Â± 1.77 / 54.46 Â± 2.11@@15.073985764687798,36.19 Â± 4.86 / 18.22 Â± 3.26@@36.18711796462296,14.0.4@@140004,14.0.4@@140004,14.0.4@@140004,14.0.4@@140004
nvidia/mistral-nemo-minitron-8b-base (few-shot),2.93,8414105600.0,131072.0,8192,1203.56,ğŸ§ ,âœ“,âœ—,39.48 Â± 3.86 / 56.83 Â± 3.61@@39.4757696505334,66.18 Â± 1.87 / 62.76 Â± 2.46@@66.17908796170914,5.78 Â± 1.69 / 47.83 Â± 3.37@@5.778037216699525,69.30 Â± 1.70 / 51.04 Â± 1.82@@69.30300695987677,14.1.1@@140101,14.1.1@@140101,14.1.1@@140101,14.3.0@@140300
mistralai/Mixtral-8x7B-Instruct-v0.1 (few-shot),3.02,46702792704.0,32000.0,32768,5535.32,ğŸ“,âœ“,âœ—,43.99 Â± 2.94 / 59.58 Â± 2.00@@43.99262826550614,63.43 Â± 0.93 / 41.57 Â± 2.20@@63.43438891518712,9.38 Â± 2.05 / 51.75 Â± 1.36@@9.383537660436367,49.54 Â± 4.57 / 25.35 Â± 3.98@@49.54293244160451,14.0.4@@140004,14.0.4@@140004,14.0.4@@140004,14.0.4@@140004
"gpt-4o-2024-05-13 (few-shot, val)",3.04,,200019.0,127997,916.47,ğŸ“,âœ“,âœ—,27.30 Â± 11.60 / 55.31 Â± 9.21@@27.2971432533293,81.86 Â± 2.08 / 67.98 Â± 3.64@@81.85604491991457,-0.97 Â± 2.82 / 33.64 Â± 0.85@@-0.9655215648789248,78.76 Â± 1.86 / 56.45 Â± 2.88@@78.76006528232134,13.3.0@@130300,12.10.0@@121000,12.10.0@@121000,13.0.0@@130000
CohereForAI/c4ai-command-r-v01 (few-shot),3.07,34980831232.0,256000.0,8192,1919.22,ğŸ“,âœ—,âœ—,44.01 Â± 1.86 / 55.97 Â± 2.61@@44.00934122319134,64.53 Â± 1.51 / 50.53 Â± 3.29@@64.53015635628792,2.39 Â± 1.56 / 38.90 Â± 2.09@@2.393614559142547,58.25 Â± 3.25 / 34.84 Â± 3.88@@58.25247754348426,14.0.4@@140004,14.0.4@@140004,14.0.4@@140004,14.0.4@@140004
jonfd/electra-small-nordic,3.09,21943424.0,96105.0,128,42753.05,ğŸ”,âœ“,âœ—,-0.16 Â± 3.99 / 22.65 Â± 3.79@@-0.1630359538234411,85.80 Â± 0.25 / 86.58 Â± 0.26@@85.8049541961661,30.88 Â± 2.36 / 63.79 Â± 1.33@@30.878015115397922,0.00 Â± 0.00 / 0.00 Â± 0.00@@0.0,13.3.0@@130300,<9.2.0@@0,<9.2.0@@0,13.0.0@@130000
NorwAI/NorwAI-Mixtral-8x7B-instruct (few-shot),3.11,46997647360.0,67993.0,32768,9015.47,ğŸ“,âœ“,âœ—,40.74 Â± 5.37 / 57.33 Â± 4.26@@40.74255303281632,58.62 Â± 3.34 / 53.80 Â± 3.15@@58.619772823823354,5.58 Â± 2.68 / 45.68 Â± 4.79@@5.579827560050702,52.48 Â± 5.80 / 28.04 Â± 7.49@@52.48008302766808,14.0.4@@140004,14.0.4@@140004,14.0.4@@140004,14.0.4@@140004
CohereForAI/c4ai-command-r7b-12-2024 (few-shot),3.12,8028033024.0,256000.0,4096,2713.55,ğŸ“,âœ—,âœ—,32.19 Â± 3.15 / 49.36 Â± 2.50@@32.18541182659676,65.58 Â± 1.11 / 57.44 Â± 3.34@@65.58430658739364,4.98 Â± 2.01 / 50.54 Â± 1.92@@4.981276959371903,64.22 Â± 2.51 / 46.91 Â± 3.16@@64.22227767294383,14.4.0@@140400,14.4.0@@140400,14.4.0@@140400,14.4.0@@140400
tiiuae/Falcon3-7B-Instruct (few-shot),3.13,7455550464.0,131072.0,32768,2978.29,ğŸ“,âœ“,âœ—,31.50 Â± 3.17 / 51.49 Â± 1.88@@31.501673800925133,59.19 Â± 1.96 / 56.32 Â± 2.08@@59.18790164758675,7.30 Â± 1.78 / 51.03 Â± 1.84@@7.2997237860777915,60.96 Â± 1.47 / 43.44 Â± 1.59@@60.96423126468958,14.3.0@@140300,14.3.0@@140300,14.3.0@@140300,14.3.0@@140300
senseable/WestLake-7B-v2 (few-shot),3.13,7241732096.0,32000.0,4096,3612.97,ğŸ§ ,âœ—,âœ—,32.04 Â± 5.67 / 52.70 Â± 5.03@@32.037001499912975,67.52 Â± 1.16 / 63.37 Â± 1.90@@67.52335035919266,5.66 Â± 1.71 / 49.39 Â± 2.89@@5.657470694271682,60.27 Â± 1.30 / 40.07 Â± 2.06@@60.273500636539914,15.0.0@@150000,15.0.0@@150000,15.0.0@@150000,15.0.0@@150000
mideind/IceBERT-xlmr-ic3,3.13,278043648.0,250002.0,512,11004.24,ğŸ”,âœ“,âœ—,7.80 Â± 5.19 / 24.52 Â± 6.96@@7.796281852648806,87.79 Â± 0.40 / 88.46 Â± 0.31@@87.78719857959565,22.51 Â± 10.65 / 55.58 Â± 8.05@@22.510913020153787,16.82 Â± 5.50 / 11.16 Â± 3.59@@16.82153938663014,13.3.0@@130300,<9.2.0@@0,<9.2.0@@0,13.0.0@@130000
google/rembert,3.14,575920384.0,250300.0,512,5179.84,ğŸ”,âœ“,âœ—,0.04 Â± 3.09 / 17.28 Â± 2.02@@0.03677554059324857,87.35 Â± 0.94 / 87.65 Â± 0.94@@87.35231327588149,14.65 Â± 11.12 / 46.36 Â± 10.23@@14.646327163772582,48.41 Â± 2.09 / 36.10 Â± 1.91@@48.40538518059865,13.3.0@@130300,<9.2.0@@0,<9.2.0@@0,13.0.0@@130000
norallm/normistral-11b-warm (few-shot),3.15,11429893120.0,51200.0,1024000,2500.58,ğŸ§ ,âœ“,âœ—,38.97 Â± 8.00 / 50.43 Â± 9.53@@38.97253590101039,57.46 Â± 3.06 / 55.20 Â± 2.09@@57.462722243639334,2.49 Â± 1.53 / 47.81 Â± 2.02@@2.491754270185286,68.75 Â± 6.46 / 49.48 Â± 6.39@@68.75275358367058,15.0.0@@150000,15.0.0@@150000,15.0.0@@150000,15.0.0@@150000
NorwAI/NorwAI-Mixtral-8x7B (few-shot),3.17,46997647360.0,67993.0,32768,2368.15,ğŸ§ ,âœ“,âœ—,31.36 Â± 5.40 / 50.13 Â± 5.67@@31.36440568961844,62.60 Â± 3.09 / 54.91 Â± 2.40@@62.597002694317084,5.21 Â± 3.15 / 46.32 Â± 4.42@@5.213933886358335,62.48 Â± 2.01 / 45.33 Â± 1.66@@62.47966027077039,14.0.4@@140004,14.0.4@@140004,14.0.4@@140004,14.3.0@@140300
intfloat/multilingual-e5-large-instruct,3.22,559890432.0,250002.0,512,8191.09,ğŸ”,âœ“,âœ—,23.63 Â± 6.26 / 44.37 Â± 7.53@@23.626150661711055,88.64 Â± 0.34 / 89.11 Â± 0.29@@88.63617593049212,2.05 Â± 2.30 / 47.88 Â± 2.17@@2.052596811277709,37.60 Â± 4.39 / 24.09 Â± 4.66@@37.60139265773807,13.3.0@@130300,13.0.0@@130000,13.0.0@@130000,13.0.0@@130000
nvidia/mistral-nemo-minitron-8b-instruct (few-shot),3.24,8414105600.0,131072.0,8192,3160.57,ğŸ“,âœ“,âœ—,42.98 Â± 3.22 / 60.44 Â± 2.81@@42.98096882017884,67.72 Â± 1.04 / 51.81 Â± 3.32@@67.71915182779615,6.40 Â± 1.61 / 51.02 Â± 1.86@@6.396219290013061,29.23 Â± 1.59 / 0.07 Â± 0.10@@29.231960262946956,14.1.1@@140101,14.1.1@@140101,14.1.1@@140101,14.1.1@@140101
intfloat/multilingual-e5-large,3.25,559890946.0,250002.0,512,6118.45,ğŸ”,âœ“,âœ—,18.28 Â± 3.38 / 39.08 Â± 2.62@@18.280451118719373,88.39 Â± 0.86 / 88.75 Â± 0.75@@88.38721674640405,2.85 Â± 1.32 / 48.43 Â± 2.29@@2.8467941464898625,43.72 Â± 2.89 / 31.03 Â± 1.94@@43.724135374777106,13.3.0@@130300,<9.2.0@@0,<9.2.0@@0,13.0.0@@130000
upstage/SOLAR-10.7B-v1.0 (few-shot),3.25,10731524096.0,32000.0,4096,929.16,ğŸ§ ,âœ“,âœ—,31.41 Â± 7.13 / 51.31 Â± 6.06@@31.40989704872809,70.09 Â± 1.82 / 68.41 Â± 1.92@@70.09155550114552,0.00 Â± 0.00 / 33.26 Â± 0.54@@0.0,65.11 Â± 1.96 / 49.93 Â± 1.89@@65.11343466674651,15.0.0@@150000,15.0.0@@150000,15.0.0@@150000,15.0.0@@150000
CohereForAI/aya-expanse-8b (few-shot),3.26,8028033024.0,256000.0,8192,1341.64,ğŸ§ ,âœ—,âœ—,28.57 Â± 4.08 / 50.22 Â± 2.92@@28.568285715119778,64.72 Â± 1.73 / 47.25 Â± 4.90@@64.72472650087695,5.12 Â± 1.16 / 51.09 Â± 0.89@@5.119982228737738,56.89 Â± 3.51 / 38.83 Â± 3.81@@56.886236182632445,14.0.4@@140004,14.0.4@@140004,14.0.4@@140004,14.0.4@@140004
mistralai/Ministral-8B-Instruct-2410 (few-shot),3.26,8019808256.0,131072.0,32768,1300.24,ğŸ“,âœ“,âœ—,28.14 Â± 2.90 / 44.80 Â± 3.42@@28.143144178522796,65.55 Â± 1.39 / 51.57 Â± 3.35@@65.5485660322093,2.05 Â± 1.58 / 35.92 Â± 2.05@@2.0456554329460537,65.78 Â± 1.43 / 47.72 Â± 2.10@@65.78113020121033,15.0.0@@150000,14.0.4@@140004,14.0.4@@140004,14.0.4@@140004
meta-llama/Llama-3.1-8B (few-shot),3.26,8030261248.0,128256.0,131072,1481.56,ğŸ§ ,âœ“,âœ—,24.74 Â± 7.09 / 36.18 Â± 7.45@@24.744135789559312,63.76 Â± 3.58 / 62.37 Â± 2.89@@63.75519194203447,1.78 Â± 1.44 / 35.94 Â± 2.32@@1.7794441058918566,71.82 Â± 1.36 / 51.33 Â± 1.67@@71.81654073092152,14.4.0.dev0@@140400,15.0.0@@150000,15.0.0@@150000,14.3.0@@140300
TrustLLMeu/baseline-7-8b_2-3t-tokens_llama (few-shot),3.29,7799574528.0,100096.0,4096,1394.74,ğŸ§ ,âœ“,âœ—,37.00 Â± 6.94 / 51.96 Â± 5.37@@36.99505757094273,43.47 Â± 5.08 / 42.84 Â± 4.57@@43.47246105666585,4.60 Â± 3.11 / 46.45 Â± 4.97@@4.6035974192696765,62.57 Â± 1.93 / 43.64 Â± 1.48@@62.57100594541579,15.0.0@@150000,15.0.0@@150000,15.0.0@@150000,15.0.0@@150000
NbAiLab/nb-sbert-base,3.33,177853440.0,119547.0,512,17756.84,ğŸ”,âœ“,âœ—,19.12 Â± 2.94 / 41.88 Â± 2.47@@19.124386589124725,86.20 Â± 0.50 / 86.91 Â± 0.46@@86.19693264713824,11.80 Â± 7.52 / 53.06 Â± 5.04@@11.803824805959525,11.22 Â± 1.50 / 7.47 Â± 1.01@@11.222241406718634,13.3.0@@130300,12.10.5@@121005,12.10.5@@121005,13.0.0@@130000
mistralai/Mistral-7B-Instruct-v0.2 (few-shot),3.35,7241732096.0,32000.0,32768,2356.01,ğŸ“,âœ—,âœ—,32.07 Â± 3.55 / 51.69 Â± 3.46@@32.06995467852649,61.28 Â± 2.98 / 54.02 Â± 3.55@@61.27657803226098,1.68 Â± 1.41 / 50.06 Â± 1.22@@1.6811480844661923,59.78 Â± 1.14 / 39.00 Â± 1.21@@59.78303477665255,13.3.0@@130300,9.2.0@@90200,9.3.1@@90301,13.0.0@@130000
meta-llama/Llama-3.2-3B-Instruct (few-shot),3.35,3212749824.0,128256.0,131072,2101.25,ğŸ“,âœ—,âœ—,32.79 Â± 2.01 / 41.82 Â± 1.09@@32.79370596635934,58.24 Â± 3.73 / 47.44 Â± 4.83@@58.24173217452999,1.77 Â± 2.13 / 45.44 Â± 4.00@@1.7667118152617531,64.71 Â± 0.74 / 45.13 Â± 1.12@@64.70998234166049,14.1.2@@140102,13.0.0@@130000,13.0.0@@130000,13.0.0@@130000
Geotrend/bert-base-25lang-cased,3.35,151309824.0,84985.0,512,46515.5,ğŸ”,âœ“,âœ—,5.17 Â± 4.32 / 26.72 Â± 6.11@@5.1674851419280134,86.09 Â± 1.03 / 86.85 Â± 1.02@@86.08775579549906,15.24 Â± 6.84 / 50.54 Â± 4.85@@15.23515708077763,22.99 Â± 1.63 / 14.82 Â± 1.50@@22.990028872495866,13.3.0@@130300,<9.2.0@@0,<9.2.0@@0,13.0.0@@130000
utter-project/EuroLLM-9B-Instruct (few-shot),3.36,9152319488.0,128000.0,4096,954.97,ğŸ“,âœ—,âœ—,35.72 Â± 8.76 / 47.92 Â± 7.58@@35.7215718987959,54.61 Â± 2.34 / 46.28 Â± 4.48@@54.61326464069288,0.00 Â± 0.00 / 33.26 Â± 0.54@@0.0,62.09 Â± 2.16 / 41.94 Â± 2.60@@62.08854783569495,14.4.0@@140400,14.4.0@@140400,14.4.0@@140400,14.4.0@@140400
meta-llama/Meta-Llama-3-8B (few-shot),3.36,8030261248.0,128256.0,8192,1476.79,ğŸ§ ,âœ“,âœ—,19.40 Â± 8.13 / 32.14 Â± 7.75@@19.399224399864394,61.11 Â± 4.21 / 58.55 Â± 4.19@@61.10585231319099,2.02 Â± 1.68 / 39.88 Â± 3.56@@2.0217111721416976,69.96 Â± 1.89 / 50.58 Â± 1.81@@69.95853500969422,14.1.2@@140102,12.6.1@@120601,12.6.1@@120601,14.3.0@@140300
Mabeck/Heidrun-Mistral-7B-chat (few-shot),3.36,7241732096.0,32000.0,4096,1418.7,ğŸ“,âœ—,âœ—,26.90 Â± 4.62 / 39.87 Â± 5.82@@26.897134591422816,63.40 Â± 2.78 / 59.96 Â± 2.91@@63.404869090869,2.16 Â± 2.25 / 39.38 Â± 4.12@@2.164068717101039,57.50 Â± 1.39 / 40.73 Â± 1.32@@57.499256552405484,13.3.0@@130300,12.7.0@@120700,12.7.0@@120700,13.0.0@@130000
mideind/IceBERT-large,3.37,355088384.0,50000.0,512,5676.95,ğŸ”,âœ“,âœ—,2.92 Â± 3.57 / 25.10 Â± 5.74@@2.916716766624692,86.84 Â± 0.77 / 87.51 Â± 0.72@@86.84453945144567,9.82 Â± 3.95 / 50.49 Â± 3.45@@9.819349345582376,30.11 Â± 2.76 / 21.19 Â± 2.49@@30.107168931637652,13.3.0@@130300,<9.2.0@@0,<9.2.0@@0,13.0.0@@130000
ltg/norbert3-base,3.38,124030464.0,50000.0,512,20252.89,ğŸ”,âœ“,âœ—,1.08 Â± 4.61 / 24.02 Â± 3.61@@1.079930256306267,86.94 Â± 0.47 / 87.58 Â± 0.46@@86.94403101427358,12.35 Â± 8.96 / 53.00 Â± 5.17@@12.347990319315453,34.06 Â± 2.82 / 24.57 Â± 2.18@@34.063579258524726,14.1.2@@140102,12.7.0@@120700,12.7.0@@120700,13.0.0@@130000
utter-project/EuroLLM-9B (few-shot),3.39,9152319488.0,128000.0,4096,2383.62,ğŸ§ ,âœ“,âœ—,34.05 Â± 4.95 / 41.63 Â± 3.81@@34.04858219810365,49.95 Â± 1.99 / 47.72 Â± 2.65@@49.948061025299275,0.00 Â± 0.00 / 33.26 Â± 0.54@@0.0,64.00 Â± 1.57 / 46.56 Â± 1.88@@64.0005611699125,15.0.0@@150000,15.0.0@@150000,15.0.0@@150000,15.0.0@@150000
ibm-granite/granite-3.0-8b-instruct (few-shot),3.4,8170848256.0,49155.0,4096,1279.43,ğŸ“,âœ“,âœ—,28.33 Â± 7.70 / 49.72 Â± 6.84@@28.33060930034244,59.96 Â± 2.42 / 58.61 Â± 2.57@@59.9594567253619,2.24 Â± 1.78 / 41.32 Â± 3.70@@2.2388512417478212,57.16 Â± 2.10 / 39.52 Â± 1.83@@57.16397549127096,13.3.0@@130300,13.0.0@@130000,13.0.0@@130000,13.0.0@@130000
mistralai/Mistral-7B-v0.3 (few-shot),3.4,7248023552.0,32768.0,32768,1424.11,ğŸ§ ,âœ“,âœ—,26.73 Â± 4.70 / 45.03 Â± 5.25@@26.725956183056397,61.32 Â± 4.26 / 59.28 Â± 4.43@@61.3194537198754,1.30 Â± 1.64 / 45.10 Â± 3.27@@1.3037373878982688,62.38 Â± 1.68 / 44.98 Â± 1.62@@62.376421827267144,14.1.2@@140102,12.10.4@@121004,12.10.4@@121004,13.0.0@@130000
intfloat/multilingual-e5-base,3.41,278044162.0,250002.0,512,13783.97,ğŸ”,âœ“,âœ—,10.97 Â± 3.84 / 30.74 Â± 5.68@@10.966467837630997,87.44 Â± 0.35 / 88.01 Â± 0.28@@87.44288840256142,7.38 Â± 6.28 / 47.69 Â± 4.51@@7.376363836676522,22.12 Â± 5.23 / 14.80 Â± 3.56@@22.12373278836654,13.3.0@@130300,12.6.1@@120601,12.6.1@@120601,13.0.0@@130000
ibm-granite/granite-3.0-8b-base (few-shot),3.42,8170835968.0,49152.0,4096,2514.59,ğŸ§ ,âœ“,âœ—,24.35 Â± 6.38 / 30.32 Â± 5.04@@24.34536031447682,61.47 Â± 1.57 / 58.60 Â± 2.31@@61.46933342139802,1.44 Â± 1.85 / 34.71 Â± 1.84@@1.444558027434297,58.90 Â± 1.24 / 41.54 Â± 1.49@@58.89586157267644,14.1.2@@140102,13.0.0@@130000,13.0.0@@130000,13.0.0@@130000
Nexusflow/Starling-LM-7B-beta (few-shot),3.43,7241748480.0,32002.0,4096,1990.47,ğŸ“,âœ—,âœ—,26.68 Â± 6.93 / 47.94 Â± 8.20@@26.68240043971466,62.20 Â± 1.42 / 45.92 Â± 2.03@@62.19824288250712,7.07 Â± 2.30 / 44.94 Â± 2.71@@7.072975440841976,31.69 Â± 3.66 / 11.94 Â± 3.62@@31.685592429848278,14.0.4@@140004,14.0.4@@140004,14.0.4@@140004,14.3.0@@140300
mistralai/Mistral-7B-v0.1 (few-shot),3.44,7241732096.0,32000.0,4096,2943.8,ğŸ§ ,âœ“,âœ—,25.51 Â± 6.04 / 44.32 Â± 6.17@@25.51263028521244,61.16 Â± 2.65 / 58.73 Â± 2.99@@61.157979948640815,0.81 Â± 2.20 / 39.97 Â± 4.42@@0.8053144034436053,57.12 Â± 1.76 / 40.95 Â± 1.51@@57.1249264090059,15.0.0@@150000,15.0.0@@150000,15.0.0@@150000,15.0.0@@150000
AI-Sweden-Models/roberta-large-1160k,3.46,355412057.0,50265.0,512,14014.08,ğŸ”,âœ“,âœ—,6.42 Â± 5.53 / 24.34 Â± 7.55@@6.423205861646052,88.24 Â± 0.58 / 88.48 Â± 0.54@@88.24470760740185,1.73 Â± 1.70 / 42.32 Â± 5.16@@1.7271349549022115,47.03 Â± 3.42 / 35.08 Â± 2.58@@47.026338432579976,13.3.0@@130300,10.0.1@@100001,10.0.1@@100001,13.0.0@@130000
tiiuae/Falcon3-7B-Base (few-shot),3.48,7455550464.0,131072.0,32768,2982.07,ğŸ§ ,âœ“,âœ—,23.09 Â± 6.92 / 44.58 Â± 5.42@@23.09018811941165,55.64 Â± 1.58 / 47.21 Â± 3.24@@55.64396194151205,2.16 Â± 1.87 / 46.60 Â± 3.43@@2.163136927011447,54.37 Â± 1.82 / 38.92 Â± 1.49@@54.371333441346735,14.3.0@@140300,14.3.0@@140300,14.3.0@@140300,14.4.0@@140400
BSC-LT/salamandra-7b-instruct (few-shot),3.49,7768117248.0,256000.0,8192,3958.96,ğŸ“,âœ“,âœ—,28.36 Â± 3.82 / 39.62 Â± 2.39@@28.355048530667247,56.18 Â± 2.17 / 51.96 Â± 2.60@@56.17998801485455,1.10 Â± 1.93 / 36.91 Â± 2.06@@1.0989117388971532,59.42 Â± 1.31 / 41.77 Â± 1.74@@59.42337640655431,14.4.0@@140400,14.4.0@@140400,14.4.0@@140400,14.4.0@@140400
mhenrichsen/hestenettetLM (few-shot),3.49,7241732096.0,32000.0,4096,1150.9,ğŸ§ ,âœ“,âœ—,24.67 Â± 6.35 / 43.87 Â± 6.36@@24.66994404259805,61.81 Â± 2.69 / 59.37 Â± 2.94@@61.807849156391924,1.32 Â± 1.90 / 40.36 Â± 4.18@@1.3160034977015265,51.48 Â± 2.47 / 35.62 Â± 1.71@@51.47777249211996,14.1.2@@140102,14.0.4@@140004,14.1.2@@140102,14.0.4@@140004
microsoft/mdeberta-v3-base,3.49,278809344.0,251000.0,512,7688.88,ğŸ”,âœ“,âœ—,2.58 Â± 3.83 / 20.90 Â± 3.09@@2.5849718469562197,86.31 Â± 0.80 / 86.97 Â± 0.76@@86.31450089904848,15.83 Â± 8.38 / 49.96 Â± 9.34@@15.828924213087472,4.95 Â± 4.49 / 3.22 Â± 2.98@@4.945682572309088,15.0.0@@150000,15.0.0@@150000,15.0.0.dev0@@150000,15.0.0.dev0@@150000
mideind/IceBERT,3.51,124442112.0,50000.0,512,16697.4,ğŸ”,âœ“,âœ—,8.64 Â± 5.25 / 29.80 Â± 8.39@@8.638527638940143,86.50 Â± 0.96 / 87.11 Â± 0.90@@86.49873122147736,10.13 Â± 8.55 / 47.31 Â± 7.04@@10.134815568484886,8.28 Â± 5.36 / 5.35 Â± 3.50@@8.279819714079753,13.3.0@@130300,<9.2.0@@0,<9.2.0@@0,13.0.0@@130000
ibm-granite/granite-8b-code-instruct-4k (few-shot),3.54,8054910976.0,49152.0,4096,5616.81,ğŸ“,âœ“,âœ—,21.59 Â± 6.94 / 40.68 Â± 5.50@@21.589376848012574,60.46 Â± 2.53 / 58.29 Â± 2.53@@60.45547562682601,0.51 Â± 0.78 / 36.20 Â± 2.37@@0.5051488277123225,49.02 Â± 0.91 / 33.54 Â± 1.00@@49.02310096953525,13.3.0@@130300,13.0.0@@130000,13.0.0@@130000,13.0.0@@130000
mideind/IceBERT-ic3,3.55,124442112.0,50000.0,512,12118.55,ğŸ”,âœ“,âœ—,15.94 Â± 5.79 / 37.27 Â± 7.66@@15.941577946906529,87.22 Â± 0.68 / 87.92 Â± 0.59@@87.2217603975701,6.23 Â± 6.96 / 48.55 Â± 4.87@@6.234126494739445,4.35 Â± 2.54 / 2.98 Â± 1.75@@4.349847172156032,13.3.0@@130300,<9.2.0@@0,<9.2.0@@0,13.0.0@@130000
allenai/OLMo-2-1124-13B (few-shot),3.55,13716198400.0,100352.0,4096,1463.93,ğŸ§ ,âœ“,âœ—,29.35 Â± 5.24 / 48.28 Â± 4.30@@29.352129603644823,48.09 Â± 3.15 / 48.42 Â± 2.70@@48.085335045371586,-0.43 Â± 0.78 / 33.48 Â± 0.53@@-0.42676954325594885,61.07 Â± 1.45 / 45.19 Â± 1.05@@61.06602012259386,15.0.0@@150000,15.0.0@@150000,15.0.0@@150000,15.0.0@@150000
CohereForAI/aya-23-8B (few-shot),3.56,8028033024.0,256000.0,8192,2706.96,ğŸ§ ,âœ—,âœ—,17.34 Â± 5.56 / 37.16 Â± 5.28@@17.34119850584905,62.22 Â± 2.10 / 58.79 Â± 2.20@@62.216269797067326,0.01 Â± 2.43 / 37.74 Â± 4.20@@0.013562375825645798,54.70 Â± 0.93 / 38.70 Â± 1.22@@54.704510514830496,14.1.2@@140102,13.0.0@@130000,13.0.0@@130000,13.0.0@@130000
ibm-granite/granite-8b-code-base-4k (few-shot),3.57,8054910976.0,49152.0,4096,2312.61,ğŸ§ ,âœ“,âœ—,21.19 Â± 5.19 / 32.96 Â± 5.05@@21.186017562740233,66.82 Â± 2.36 / 65.84 Â± 2.35@@66.81729056114254,-0.36 Â± 1.67 / 37.57 Â± 3.35@@-0.36094124245226467,51.89 Â± 1.05 / 36.47 Â± 0.96@@51.89494865874947,14.1.2@@140102,13.0.0@@130000,13.0.0@@130000,13.0.0@@130000
ZurichNLP/unsup-simcse-xlm-roberta-base,3.58,278043648.0,250002.0,512,34520.24,ğŸ”,âœ“,âœ—,21.20 Â± 3.85 / 43.97 Â± 3.72@@21.201574115016214,84.14 Â± 0.67 / 84.82 Â± 0.64@@84.13705331523902,1.33 Â± 2.18 / 48.85 Â± 1.23@@1.3325591741314953,22.95 Â± 2.71 / 14.20 Â± 1.78@@22.947372941623414,13.3.0@@130300,12.6.1@@120601,12.6.1@@120601,13.0.0@@130000
TrustLLMeu/baseline-7-8b_1t-tokens_llama (few-shot),3.58,7799574528.0,100096.0,4096,1416.09,ğŸ§ ,âœ“,âœ—,38.63 Â± 6.96 / 54.98 Â± 6.96@@38.62915856327529,33.84 Â± 5.27 / 32.91 Â± 5.11@@33.83656344693022,0.19 Â± 2.14 / 35.19 Â± 1.96@@0.19410833199666397,61.30 Â± 1.52 / 42.62 Â± 1.44@@61.2962217336195,15.0.0.dev0@@150000,15.1.0@@150100,15.1.0@@150100,15.1.0@@150100
KBLab/megatron-bert-base-swedish-cased-125k,3.59,135291648.0,64128.0,512,15762.86,ğŸ”,âœ“,âœ—,2.87 Â± 3.48 / 19.80 Â± 4.75@@2.865744081947396,80.61 Â± 0.91 / 81.31 Â± 0.89@@80.60765605240897,9.60 Â± 3.82 / 52.30 Â± 1.73@@9.60199314680292,17.37 Â± 1.12 / 11.57 Â± 0.86@@17.366021396329057,13.3.0@@130300,12.7.0@@120700,12.7.0@@120700,13.0.0@@130000
infly/OpenCoder-8B-Instruct (few-shot),3.6,7771262976.0,96640.0,8192,3009.29,ğŸ“,âœ“,âœ—,17.86 Â± 3.23 / 29.29 Â± 3.73@@17.858613170322318,58.83 Â± 2.19 / 50.52 Â± 4.59@@58.82770151234771,3.33 Â± 3.52 / 38.88 Â± 2.57@@3.3306814495766432,46.83 Â± 2.14 / 28.22 Â± 2.20@@46.833665264237666,14.4.0@@140400,14.4.0@@140400,14.4.0@@140400,14.4.0@@140400
FacebookAI/xlm-roberta-large,3.6,561192082.0,250002.0,512,8459.71,ğŸ”,âœ“,âœ—,5.14 Â± 5.42 / 22.03 Â± 5.69@@5.139143108937607,87.85 Â± 0.95 / 88.21 Â± 0.87@@87.84520438068228,1.17 Â± 2.11 / 40.94 Â± 5.07@@1.1739459417364086,39.88 Â± 2.04 / 27.72 Â± 1.48@@39.884868961268076,13.3.0@@130300,<9.2.0@@0,<9.2.0@@0,13.0.0@@130000
AI-Nordics/bert-large-swedish-cased,3.61,335215616.0,30592.0,512,13511.14,ğŸ”,âœ“,âœ—,2.93 Â± 3.78 / 22.30 Â± 4.06@@2.9312879265388343,83.22 Â± 0.71 / 83.91 Â± 0.66@@83.22474210478595,6.78 Â± 3.31 / 51.53 Â± 2.36@@6.784644053760856,22.00 Â± 2.12 / 15.94 Â± 1.67@@22.00277653566082,13.3.0@@130300,12.7.0@@120700,12.7.0@@120700,13.0.0@@130000
mideind/IceBERT-igc,3.65,124442112.0,50000.0,512,12551.45,ğŸ”,âœ“,âœ—,12.12 Â± 5.60 / 32.60 Â± 6.48@@12.12110315964756,83.82 Â± 0.98 / 84.34 Â± 0.88@@83.81577223793346,4.93 Â± 3.16 / 45.85 Â± 3.66@@4.931138702150285,7.88 Â± 4.65 / 5.17 Â± 2.95@@7.877217068233447,13.3.0@@130300,<9.2.0@@0,<9.2.0@@0,13.0.0@@130000
KBLab/megatron-bert-large-swedish-cased-165k,3.65,369621120.0,64128.0,512,13592.81,ğŸ”,âœ“,âœ—,1.22 Â± 4.49 / 25.53 Â± 4.87@@1.2237441985192907,82.76 Â± 0.95 / 83.43 Â± 0.88@@82.75925475294977,7.58 Â± 3.56 / 52.05 Â± 1.14@@7.581368708513728,23.78 Â± 2.02 / 16.13 Â± 1.68@@23.78019551562614,13.3.0@@130300,<9.2.0@@0,<9.2.0@@0,13.0.0@@130000
mistralai/Mistral-7B-Instruct-v0.1 (few-shot),3.68,7241732096.0,32000.0,32766,633.64,ğŸ“,âœ“,âœ—,15.85 Â± 6.84 / 36.28 Â± 7.13@@15.848555286006533,55.42 Â± 2.12 / 46.41 Â± 2.50@@55.4160056428996,1.11 Â± 2.41 / 36.79 Â± 4.00@@1.1100464583938563,50.80 Â± 1.31 / 33.54 Â± 1.29@@50.79766625671995,13.3.0@@130300,9.3.1@@90301,9.3.1@@90301,13.0.0@@130000
bineric/NorskGPT-Llama-7B-v0.1 (few-shot),3.68,6738415616.0,32000.0,4096,5384.08,ğŸ“,âœ—,âœ—,21.11 Â± 6.06 / 41.25 Â± 6.85@@21.11106795938622,53.38 Â± 3.96 / 53.04 Â± 3.85@@53.38118708330123,0.46 Â± 2.01 / 44.83 Â± 3.28@@0.46292454984257736,51.25 Â± 1.12 / 35.99 Â± 1.01@@51.24516752928609,14.1.2@@140102,12.5.2@@120502,12.3.2@@120302,13.0.0@@130000
vesteinn/XLMR-ENIS,3.69,124445952.0,50005.0,512,10711.0,ğŸ”,âœ“,âœ—,15.11 Â± 7.40 / 38.19 Â± 7.66@@15.107278603004637,87.09 Â± 0.76 / 87.71 Â± 0.73@@87.08693081468599,3.09 Â± 1.98 / 39.41 Â± 4.45@@3.0903218598630264,8.73 Â± 4.07 / 5.75 Â± 2.66@@8.734347609810023,13.3.0@@130300,<9.2.0@@0,<9.2.0@@0,13.0.0@@130000
KennethEnevoldsen/dfm-sentence-encoder-medium,3.7,124445952.0,50005.0,512,14997.83,ğŸ”,âœ“,âœ—,10.17 Â± 4.54 / 30.26 Â± 5.80@@10.171300041298895,84.92 Â± 0.70 / 85.65 Â± 0.67@@84.92071443425552,2.96 Â± 2.66 / 45.42 Â± 4.03@@2.9640464744643333,20.08 Â± 3.54 / 14.00 Â± 2.44@@20.076735256494914,13.3.0@@130300,<9.2.0@@0,<9.2.0@@0,13.0.0@@130000
mideind/IceBERT-mC4-is,3.71,124442112.0,50000.0,512,12307.57,ğŸ”,âœ“,âœ—,1.73 Â± 3.39 / 17.03 Â± 2.53@@1.7271745233214868,88.44 Â± 0.35 / 89.11 Â± 0.38@@88.44384471678892,11.83 Â± 4.90 / 48.95 Â± 6.81@@11.828981290041556,0.00 Â± 0.00 / 0.00 Â± 0.00@@0.0,13.3.0@@130300,<9.2.0@@0,<9.2.0@@0,13.0.0@@130000
vesteinn/ScandiBERT-no-faroese,3.72,124498007.0,50005.0,514,14175.34,ğŸ”,âœ“,âœ—,1.53 Â± 2.80 / 21.69 Â± 4.37@@1.5340539386030443,86.96 Â± 0.57 / 87.70 Â± 0.51@@86.96195818871078,4.37 Â± 2.46 / 41.10 Â± 5.66@@4.367726658437158,18.42 Â± 4.47 / 12.69 Â± 3.10@@18.422954012195113,15.0.0@@150000,15.0.0@@150000,15.0.0@@150000,15.0.0@@150000
Geotrend/bert-base-da-cased,3.72,103820544.0,23150.0,512,46003.96,ğŸ”,âœ“,âœ—,2.99 Â± 2.41 / 22.15 Â± 2.57@@2.9914726788642443,86.62 Â± 0.43 / 87.31 Â± 0.44@@86.62398463905451,3.64 Â± 3.82 / 49.77 Â± 2.26@@3.6420423290102324,21.44 Â± 2.62 / 13.84 Â± 1.99@@21.44097157008896,13.3.0@@130300,<9.2.0@@0,<9.2.0@@0,13.0.0@@130000
NbAiLab/nb-roberta-base-scandinavian,3.73,124645632.0,50265.0,512,14050.9,ğŸ”,âœ“,âœ—,4.80 Â± 5.07 / 21.63 Â± 2.01@@4.796371579139593,86.10 Â± 0.64 / 86.75 Â± 0.57@@86.10258524405356,6.28 Â± 2.41 / 49.62 Â± 2.08@@6.282299220238316,14.41 Â± 3.08 / 9.89 Â± 2.08@@14.406015829565963,13.3.0@@130300,<9.2.0@@0,<9.2.0@@0,13.0.0@@130000
clips/mfaq,3.74,278045952.0,250005.0,128,41606.02,ğŸ”,âœ“,âœ—,16.49 Â± 2.83 / 34.48 Â± 3.01@@16.49273937498103,85.86 Â± 0.51 / 86.55 Â± 0.49@@85.85559296355078,0.80 Â± 2.32 / 42.37 Â± 4.42@@0.7960183774426798,2.93 Â± 3.66 / 2.17 Â± 2.62@@2.9303424486967917,13.3.0@@130300,12.7.0@@120700,12.7.0@@120700,13.0.0@@130000
sentence-transformers/stsb-xlm-r-multilingual,3.74,278043648.0,250002.0,512,15039.9,ğŸ”,âœ“,âœ—,18.07 Â± 4.85 / 39.76 Â± 3.32@@18.065052606711944,82.97 Â± 0.83 / 83.62 Â± 0.81@@82.96844005322941,2.93 Â± 1.96 / 46.51 Â± 4.19@@2.9288695845725328,0.00 Â± 0.00 / 0.00 Â± 0.00@@0.0,13.3.0@@130300,<9.2.0@@0,<9.2.0@@0,13.0.0@@130000
KBLab/megatron-bert-base-swedish-cased-600k,3.75,135357824.0,64128.0,512,29136.87,ğŸ”,âœ“,âœ—,7.39 Â± 3.22 / 27.62 Â± 2.64@@7.385447289625843,81.02 Â± 0.75 / 81.74 Â± 0.75@@81.01715478805215,4.00 Â± 2.04 / 50.51 Â± 1.11@@4.003974697788475,20.39 Â± 1.75 / 12.98 Â± 1.18@@20.394230440445853,13.3.0@@130300,12.7.0@@120700,12.7.0@@120700,13.0.0@@130000
"claude-3-5-haiku-20241022 (zero-shot, val)",3.76,,,200000,199.99,ğŸ“,âœ“,âœ—,-3.58 Â± 4.03 / 14.94 Â± 2.38@@-3.57985196605111,51.06 Â± 1.45 / 30.27 Â± 1.00@@51.056423566650025,4.10 Â± 4.03 / 37.28 Â± 1.78@@4.102288400818325,72.97 Â± 1.19 / 45.29 Â± 1.54@@72.97126011405365,14.0.2@@140002,14.0.3@@140003,14.0.3@@140003,14.0.3@@140003
vesteinn/IceBERT,3.77,124442112.0,50000.0,512,12360.45,ğŸ”,âœ“,âœ—,8.64 Â± 5.25 / 29.80 Â± 8.39@@8.638527638940143,87.13 Â± 0.58 / 87.70 Â± 0.45@@87.1327548777402,3.66 Â± 3.33 / 40.81 Â± 4.34@@3.65821812385633,8.05 Â± 5.61 / 5.07 Â± 3.59@@8.047049844054039,13.3.0@@130300,<9.2.0@@0,<9.2.0@@0,13.0.0@@130000
KBLab/megatron-bert-large-swedish-cased-110k,3.78,369554432.0,64128.0,512,7074.64,ğŸ”,âœ“,âœ—,6.99 Â± 2.15 / 31.03 Â± 3.17@@6.985893759465823,82.36 Â± 0.91 / 82.94 Â± 0.90@@82.36213003083897,5.20 Â± 2.67 / 50.88 Â± 1.55@@5.202216869652254,4.33 Â± 2.24 / 2.65 Â± 1.46@@4.328558688846853,13.3.0@@130300,<9.2.0@@0,<9.2.0@@0,13.0.0@@130000
timpal0l/Mistral-7B-v0.1-flashback-v2 (few-shot),3.81,7241732096.0,32000.0,32768,5053.68,ğŸ“,âœ“,âœ—,8.97 Â± 6.97 / 27.85 Â± 5.18@@8.9729133133353,58.96 Â± 2.05 / 52.20 Â± 2.50@@58.95932477349673,0.00 Â± 0.00 / 33.26 Â± 0.34@@0.0,54.89 Â± 1.25 / 39.20 Â± 1.10@@54.88700602652798,14.1.2@@140102,12.5.3@@120503,12.5.3@@120503,13.0.0@@130000
meta-llama/Llama-2-7b-chat-hf (few-shot),3.81,6738417664.0,32000.0,4096,2643.05,ğŸ“,âœ“,âœ—,13.24 Â± 5.37 / 38.49 Â± 4.97@@13.244435185451648,59.77 Â± 3.38 / 56.97 Â± 4.30@@59.77421316901208,-0.54 Â± 1.61 / 36.94 Â± 2.79@@-0.5387103096957067,46.21 Â± 1.15 / 31.87 Â± 2.20@@46.21357887429978,13.3.0@@130300,9.3.1@@90301,9.3.1@@90301,13.0.0@@130000
flax-community/nordic-roberta-wiki,3.82,124645632.0,50265.0,512,16226.52,ğŸ”,âœ“,âœ—,5.78 Â± 2.10 / 24.21 Â± 4.42@@5.775596345660592,82.64 Â± 0.63 / 83.27 Â± 0.65@@82.63746481303352,8.03 Â± 2.01 / 51.96 Â± 1.87@@8.028712204353791,0.00 Â± 0.00 / 0.00 Â± 0.00@@0.0,13.3.0@@130300,<9.2.0@@0,<9.2.0@@0,13.0.0@@130000
occiglot/occiglot-7b-eu5 (few-shot),3.82,7241732096.0,32000.0,4096,2943.39,ğŸ§ ,âœ“,âœ—,10.45 Â± 7.57 / 30.76 Â± 6.94@@10.447389263692582,55.21 Â± 3.12 / 54.77 Â± 3.10@@55.20754446207814,-0.31 Â± 0.61 / 33.25 Â± 0.54@@-0.31143377619221335,51.22 Â± 2.13 / 38.39 Â± 2.09@@51.22168811351389,15.0.0@@150000,15.0.0@@150000,15.0.0@@150000,15.0.0@@150000
KBLab/bert-base-swedish-cased-new,3.83,135193344.0,64000.0,512,15932.9,ğŸ”,âœ“,âœ—,0.92 Â± 4.36 / 23.25 Â± 4.15@@0.9201688840783925,84.02 Â± 0.86 / 84.66 Â± 0.82@@84.01551328113541,5.65 Â± 3.07 / 49.17 Â± 3.05@@5.645933180882594,10.87 Â± 3.52 / 7.14 Â± 2.31@@10.870249592853837,13.3.0@@130300,12.7.0@@120700,12.7.0@@120700,13.0.0@@130000
meta-llama/Llama-2-13b-hf (few-shot),3.85,13015866880.0,32000.0,4096,939.56,ğŸ§ ,âœ“,âœ—,10.21 Â± 8.53 / 30.25 Â± 5.65@@10.207489597186765,52.85 Â± 3.19 / 52.19 Â± 3.16@@52.84526981496194,-0.48 Â± 1.05 / 35.80 Â± 3.05@@-0.4813908494272576,55.51 Â± 2.27 / 41.15 Â± 1.97@@55.51228202545286,14.3.0@@140300,14.3.0@@140300,14.3.0@@140300,14.3.0@@140300
MaLA-LM/emma-500-llama2-7b (few-shot),3.86,6738415616.0,32000.0,4096,6275.17,ğŸ§ ,âœ“,âœ—,14.19 Â± 8.12 / 28.15 Â± 8.15@@14.194764117641459,40.18 Â± 3.60 / 39.95 Â± 3.38@@40.18039220871182,0.31 Â± 1.71 / 41.35 Â± 4.05@@0.30670007568254815,60.78 Â± 2.12 / 41.60 Â± 2.49@@60.782711130913285,13.3.0@@130300,13.0.0@@130000,13.0.0@@130000,13.0.0@@130000
LumiOpen/Viking-13B (few-shot),3.87,14030361600.0,131072.0,4096,908.37,ğŸ§ ,âœ“,âœ—,12.02 Â± 9.84 / 29.94 Â± 9.48@@12.016949163640103,42.71 Â± 3.32 / 41.02 Â± 2.81@@42.709576839569614,1.33 Â± 1.88 / 38.15 Â± 3.09@@1.326353676838693,52.11 Â± 3.01 / 36.27 Â± 2.48@@52.10799542548709,15.0.0@@150000,15.0.0@@150000,15.0.0@@150000,15.0.0@@150000
google-bert/bert-base-multilingual-uncased,3.89,168055961.0,105879.0,512,43061.53,ğŸ”,âœ“,âœ—,2.33 Â± 1.48 / 20.95 Â± 2.83@@2.327227797520877,73.06 Â± 1.51 / 72.61 Â± 1.40@@73.05550657075844,5.48 Â± 2.42 / 49.18 Â± 3.63@@5.475452374502286,18.32 Â± 2.98 / 11.29 Â± 2.19@@18.318723396393807,13.3.0@@130300,<9.2.0@@0,<9.2.0@@0,13.0.0@@130000
sentence-transformers/paraphrase-multilingual-mpnet-base-v2,3.91,278043648.0,250002.0,512,15099.94,ğŸ”,âœ“,âœ—,12.82 Â± 3.51 / 33.99 Â± 2.71@@12.821276683915444,81.70 Â± 0.58 / 82.18 Â± 0.53@@81.70317463283452,0.25 Â± 2.87 / 44.81 Â± 2.90@@0.24618502238048018,0.00 Â± 0.00 / 0.00 Â± 0.00@@0.0,13.3.0@@130300,12.7.0@@120700,<9.2.0@@0,13.0.0@@130000
sentence-transformers/distiluse-base-multilingual-cased,3.91,135324672.0,119547.0,512,19205.51,ğŸ”,âœ“,âœ—,10.41 Â± 3.80 / 34.36 Â± 3.61@@10.41185437432726,77.16 Â± 0.93 / 78.00 Â± 0.91@@77.16268062285494,4.09 Â± 2.27 / 47.26 Â± 3.09@@4.094342080825789,0.00 Â± 0.00 / 0.00 Â± 0.00@@0.0,13.3.0@@130300,12.6.1@@120601,<9.2.0@@0,13.0.0@@130000
infly/OpenCoder-8B-Base (few-shot),3.91,7771263040.0,96640.0,8192,2978.18,ğŸ§ ,âœ“,âœ—,16.75 Â± 4.48 / 32.80 Â± 3.50@@16.746992777257244,58.00 Â± 2.46 / 51.53 Â± 4.90@@58.000261631949776,0.82 Â± 1.56 / 35.91 Â± 2.93@@0.8235843584762879,23.07 Â± 0.89 / 0.30 Â± 0.19@@23.06873669854896,14.4.0@@140400,14.4.0@@140400,14.4.0@@140400,14.4.0@@140400
sentence-transformers/distiluse-base-multilingual-cased-v2,3.91,134734080.0,119547.0,512,33246.61,ğŸ”,âœ“,âœ—,9.59 Â± 3.69 / 32.95 Â± 3.64@@9.588646729336721,77.00 Â± 1.08 / 77.85 Â± 1.05@@77.00169075914943,4.09 Â± 2.27 / 47.26 Â± 3.09@@4.094342080825789,0.00 Â± 0.00 / 0.00 Â± 0.00@@0.0,13.3.0@@130300,12.6.1@@120601,<9.2.0@@0,13.0.0@@130000
openGPT-X/Teuken-7B-instruct-research-v0.4 (few-shot),3.91,7452725248.0,250680.0,4096,1253.66,ğŸ“,âœ—,âœ—,16.72 Â± 4.87 / 41.68 Â± 4.39@@16.71537350226729,46.64 Â± 1.91 / 35.58 Â± 2.47@@46.644506092691664,-1.54 Â± 2.60 / 36.21 Â± 2.51@@-1.5391759747603861,38.94 Â± 4.72 / 18.69 Â± 5.12@@38.94242131987307,14.0.4@@140004,14.0.4@@140004,14.0.4@@140004,14.0.4@@140004
sentence-transformers/paraphrase-xlm-r-multilingual-v1,3.92,278044162.0,250002.0,512,20154.46,ğŸ”,âœ“,âœ—,12.97 Â± 2.96 / 31.99 Â± 2.53@@12.96524325623935,80.92 Â± 0.59 / 81.63 Â± 0.56@@80.91635239089122,1.19 Â± 2.37 / 43.13 Â± 4.70@@1.1932474616961821,0.00 Â± 0.00 / 0.00 Â± 0.00@@0.0,13.3.0@@130300,12.6.1@@120601,<9.2.0@@0,13.0.0@@130000
sentence-transformers/paraphrase-multilingual-MiniLM-L12-v2,3.92,117654272.0,250037.0,512,29200.68,ğŸ”,âœ“,âœ—,6.35 Â± 5.07 / 29.58 Â± 4.89@@6.354071726707702,82.24 Â± 0.85 / 82.84 Â± 0.78@@82.23545244131897,2.84 Â± 1.41 / 50.47 Â± 1.13@@2.843454960398464,0.00 Â± 0.00 / 0.00 Â± 0.00@@0.0,13.3.0@@130300,<9.2.0@@0,<9.2.0@@0,13.0.0@@130000
vesteinn/DanskBERT,3.93,124548012.0,50005.0,514,17068.99,ğŸ”,âœ“,âœ—,2.02 Â± 4.21 / 21.25 Â± 5.15@@2.016523316226625,85.04 Â± 0.57 / 85.72 Â± 0.50@@85.03882685533515,4.48 Â± 1.63 / 44.45 Â± 4.77@@4.477119240499036,0.21 Â± 0.39 / 0.15 Â± 0.29@@0.20965189386242017,13.3.0@@130300,<9.2.0@@0,<9.2.0@@0,13.0.0@@130000
flax-community/swe-roberta-wiki-oscar,3.93,124645632.0,50265.0,512,15436.87,ğŸ”,âœ“,âœ—,2.89 Â± 3.05 / 27.56 Â± 2.96@@2.8854623322602095,80.52 Â± 0.76 / 81.35 Â± 0.69@@80.52367214452163,6.51 Â± 3.60 / 51.81 Â± 1.95@@6.505731673831414,0.00 Â± 0.00 / 0.00 Â± 0.00@@0.0,13.3.0@@130300,<9.2.0@@0,<9.2.0@@0,13.0.0@@130000
Geotrend/distilbert-base-25lang-cased,3.95,108781056.0,84985.0,512,26098.8,ğŸ”,âœ“,âœ—,3.90 Â± 4.05 / 25.25 Â± 5.25@@3.9037225627038192,83.21 Â± 0.53 / 83.81 Â± 0.45@@83.20669624461988,2.37 Â± 4.63 / 48.46 Â± 3.19@@2.3733258978583986,2.54 Â± 1.88 / 1.35 Â± 1.03@@2.538047536903439,13.3.0@@130300,12.6.1@@120601,12.6.1@@120601,13.0.0@@130000
patrickvonplaten/norwegian-roberta-base,3.95,124645632.0,50265.0,512,15698.18,ğŸ”,âœ“,âœ—,1.68 Â± 4.03 / 18.08 Â± 3.73@@1.6800254360295503,82.57 Â± 0.93 / 83.35 Â± 0.91@@82.56982241077581,5.74 Â± 3.53 / 48.75 Â± 3.22@@5.740399089737741,0.00 Â± 0.00 / 0.00 Â± 0.00@@0.0,13.3.0@@130300,<9.2.0@@0,<9.2.0@@0,13.0.0@@130000
DDSC/roberta-base-danish,3.96,124645632.0,50265.0,512,15003.66,ğŸ”,âœ“,âœ—,2.88 Â± 4.40 / 23.61 Â± 4.78@@2.8778551527188565,80.21 Â± 0.95 / 80.80 Â± 0.97@@80.20587813474674,1.10 Â± 2.44 / 48.16 Â± 1.47@@1.0976481725166873,11.84 Â± 1.76 / 7.95 Â± 1.36@@11.843936891493934,13.3.0@@130300,<9.2.0@@0,<9.2.0@@0,13.0.0@@130000
sentence-transformers/quora-distilbert-multilingual,3.97,135324672.0,119547.0,512,26458.45,ğŸ”,âœ“,âœ—,9.77 Â± 3.39 / 32.64 Â± 2.55@@9.76918193474779,82.91 Â± 0.89 / 83.43 Â± 0.87@@82.91465610752115,1.67 Â± 2.22 / 46.20 Â± 3.31@@1.6714401694588106,0.00 Â± 0.00 / 0.00 Â± 0.00@@0.0,13.3.0@@130300,<9.2.0@@0,<9.2.0@@0,13.0.0@@130000
Geotrend/distilbert-base-en-no-cased,3.97,68911104.0,33071.0,512,26597.05,ğŸ”,âœ“,âœ—,4.40 Â± 3.12 / 25.01 Â± 4.58@@4.402607448894553,82.05 Â± 0.46 / 82.67 Â± 0.43@@82.05134073874554,3.98 Â± 2.94 / 50.53 Â± 1.83@@3.9809091332090096,1.92 Â± 1.82 / 0.97 Â± 1.01@@1.91849468627743,13.3.0@@130300,12.7.0@@120700,12.7.0@@120700,13.0.0@@130000
Twitter/twhin-bert-base,3.97,278828544.0,250002.0,512,11513.72,ğŸ”,âœ“,âœ—,3.05 Â± 3.68 / 27.70 Â± 4.19@@3.046608891739434,84.00 Â± 1.30 / 84.83 Â± 1.28@@84.00092770495414,1.94 Â± 2.58 / 46.27 Â± 2.74@@1.9432292166887188,0.02 Â± 0.05 / 0.02 Â± 0.05@@0.023809523809523808,13.3.0@@130300,12.6.1@@120601,12.6.1@@120601,13.0.0@@130000
sentence-transformers/distilbert-multilingual-nli-stsb-quora-ranking,3.97,134734080.0,119547.0,512,33753.4,ğŸ”,âœ“,âœ—,9.77 Â± 3.39 / 32.64 Â± 2.55@@9.76918193474779,82.91 Â± 0.89 / 83.43 Â± 0.87@@82.91465610752115,1.67 Â± 2.22 / 46.20 Â± 3.31@@1.6714401694588106,0.00 Â± 0.00 / 0.00 Â± 0.00@@0.0,13.3.0@@130300,<9.2.0@@0,<9.2.0@@0,13.0.0@@130000
KB/bert-base-swedish-cased,3.98,124690944.0,50325.0,512,16181.26,ğŸ”,âœ“,âœ—,3.46 Â± 2.02 / 20.63 Â± 3.68@@3.463328396736355,82.76 Â± 1.26 / 83.50 Â± 1.20@@82.75676955112783,3.98 Â± 2.70 / 47.46 Â± 2.35@@3.9787874930857434,0.01 Â± 0.02 / 0.00 Â± 0.00@@0.008149959250203748,13.3.0@@130300,<9.2.0@@0,<9.2.0@@0,13.0.0@@130000
microsoft/xlm-align-base,3.99,278043648.0,250002.0,514,42574.78,ğŸ”,âœ“,âœ—,2.54 Â± 4.09 / 19.42 Â± 4.54@@2.5370965856303807,85.97 Â± 1.12 / 86.52 Â± 1.08@@85.97227712014694,0.02 Â± 1.38 / 44.65 Â± 2.65@@0.020973487980136193,1.00 Â± 1.31 / 0.72 Â± 0.93@@1.0022990975655153,13.3.0@@130300,<9.2.0@@0,<9.2.0@@0,13.0.0@@130000
sentence-transformers/distiluse-base-multilingual-cased-v1,3.99,134734080.0,119547.0,512,34041.87,ğŸ”,âœ“,âœ—,9.82 Â± 2.60 / 36.40 Â± 2.64@@9.818590357403586,75.63 Â± 1.41 / 76.23 Â± 1.36@@75.6307067697669,3.65 Â± 1.93 / 48.34 Â± 1.78@@3.654335860336751,0.00 Â± 0.00 / 0.00 Â± 0.00@@0.0,13.3.0@@130300,12.6.1@@120601,<9.2.0@@0,13.0.0@@130000
openGPT-X/Teuken-7B-instruct-commercial-v0.4 (few-shot),4.01,7452725248.0,250680.0,4096,1437.66,ğŸ“,âœ“,âœ—,16.03 Â± 6.81 / 39.68 Â± 7.16@@16.02506392200135,39.78 Â± 1.79 / 31.09 Â± 2.58@@39.77766668268624,-0.48 Â± 1.85 / 33.39 Â± 0.49@@-0.47951576670071644,38.93 Â± 4.09 / 20.04 Â± 4.63@@38.92818502967837,14.0.4@@140004,14.0.4@@140004,14.0.4@@140004,14.0.4@@140004
DeepPavlov/rubert-base-cased,4.01,177853440.0,119547.0,512,15785.19,ğŸ”,âœ“,âœ—,0.56 Â± 4.44 / 29.23 Â± 3.77@@0.557413328641319,83.15 Â± 0.73 / 83.90 Â± 0.74@@83.14569140236145,3.21 Â± 2.89 / 47.97 Â± 3.56@@3.2090731999882127,2.95 Â± 2.23 / 1.53 Â± 1.23@@2.946500861521744,13.3.0@@130300,<9.2.0@@0,<9.2.0@@0,13.0.0@@130000
deepset/gbert-base,4.02,110552448.0,31102.0,512,37267.99,ğŸ”,âœ“,âœ—,3.50 Â± 3.59 / 26.43 Â± 3.38@@3.5046337867196233,80.48 Â± 0.91 / 81.17 Â± 0.85@@80.48355476641753,0.60 Â± 2.08 / 45.78 Â± 2.54@@0.5958149117377195,4.63 Â± 2.53 / 2.63 Â± 1.57@@4.631396326174849,13.3.0@@130300,<9.2.0@@0,<9.2.0@@0,13.0.0@@130000
BSC-LT/salamandra-7b (few-shot),4.02,7768117248.0,256000.0,8192,3123.97,ğŸ§ ,âœ“,âœ—,10.67 Â± 5.29 / 29.36 Â± 5.76@@10.671463482806761,34.00 Â± 7.83 / 33.60 Â± 7.59@@33.999605720291385,0.43 Â± 1.76 / 47.29 Â± 1.80@@0.4325218983526618,54.87 Â± 1.36 / 38.97 Â± 1.15@@54.87372371603196,14.4.0@@140400,14.4.0@@140400,14.4.0@@140400,14.4.0@@140400
Twitter/twhin-bert-large,4.02,561713298.0,250002.0,512,9706.97,ğŸ”,âœ“,âœ—,-0.64 Â± 3.87 / 22.47 Â± 3.96@@-0.6429613030541974,84.73 Â± 1.49 / 85.19 Â± 1.59@@84.72524538593437,1.37 Â± 2.46 / 39.78 Â± 3.24@@1.3685897648500212,5.74 Â± 6.06 / 4.15 Â± 4.39@@5.737610678836997,13.3.0@@130300,<9.2.0@@0,<9.2.0@@0,13.0.0@@130000
AI-Sweden-Models/gpt-sw3-20b (few-shot),4.03,20918423552.0,64000.0,2046,1875.24,ğŸ§ ,âœ“,âœ—,9.53 Â± 10.17 / 21.25 Â± 6.67@@9.531803239901906,43.34 Â± 3.46 / 42.22 Â± 2.59@@43.341041084272,5.16 Â± 2.64 / 49.92 Â± 2.15@@5.155860708450242,28.96 Â± 17.84 / 20.54 Â± 12.67@@28.962292328625544,14.3.0@@140300,14.3.0@@140300,14.3.0@@140300,14.3.0@@140300
cardiffnlp/twitter-xlm-roberta-base,4.03,278043648.0,250002.0,514,42714.76,ğŸ”,âœ“,âœ—,5.16 Â± 3.25 / 23.12 Â± 4.48@@5.159400147570205,83.96 Â± 0.80 / 84.63 Â± 0.76@@83.96016991142199,1.05 Â± 1.66 / 41.31 Â± 4.91@@1.0541362745276193,0.00 Â± 0.00 / 0.00 Â± 0.00@@0.0,13.3.0@@130300,<9.2.0@@0,<9.2.0@@0,13.0.0@@130000
dbmdz/bert-base-historic-multilingual-cased,4.04,111243522.0,32000.0,512,20046.97,ğŸ”,âœ“,âœ—,0.90 Â± 2.61 / 26.49 Â± 2.31@@0.8955800135631252,80.45 Â± 1.48 / 81.32 Â± 1.42@@80.4518216375284,2.52 Â± 1.88 / 47.78 Â± 1.67@@2.52135663009764,1.12 Â± 1.62 / 0.58 Â± 0.81@@1.124479122835051,13.3.0@@130300,<9.2.0@@0,<9.2.0@@0,13.0.0@@130000
meta-llama/Llama-2-13b-chat-hf (few-shot),4.04,13015866880.0,32000.0,4096,1719.8,ğŸ“,âœ“,âœ—,18.87 Â± 8.33 / 35.20 Â± 7.31@@18.871894679328587,50.59 Â± 2.14 / 39.95 Â± 2.63@@50.58580727030997,-0.37 Â± 1.76 / 38.17 Â± 2.76@@-0.37483149976708896,23.78 Â± 3.34 / 10.68 Â± 3.12@@23.78197497532209,14.3.0@@140300,14.3.0@@140300,14.3.0@@140300,14.3.0@@140300
ltg/norbert2,4.06,124521216.0,50104.0,512,15523.39,ğŸ”,âœ“,âœ—,2.58 Â± 3.12 / 27.61 Â± 2.89@@2.57604647705318,60.57 Â± 0.86 / 60.42 Â± 0.90@@60.572355474894515,4.16 Â± 2.63 / 47.13 Â± 3.43@@4.156740786109616,14.80 Â± 1.25 / 7.84 Â± 0.99@@14.804238690798845,13.3.0@@130300,<9.2.0@@0,<9.2.0@@0,13.0.0@@130000
microsoft/infoxlm-base,4.06,278043648.0,250002.0,514,42712.15,ğŸ”,âœ“,âœ—,0.37 Â± 2.84 / 16.66 Â± 1.24@@0.37006681281948284,85.58 Â± 1.04 / 86.23 Â± 1.03@@85.57526705625531,0.35 Â± 2.36 / 43.55 Â± 4.58@@0.35030959265468126,0.00 Â± 0.00 / 0.00 Â± 0.00@@0.0,13.3.0@@130300,<9.2.0@@0,<9.2.0@@0,13.0.0@@130000
dbmdz/bert-medium-historic-multilingual-cased,4.07,42129920.0,32000.0,512,24291.12,ğŸ”,âœ“,âœ—,3.06 Â± 2.93 / 25.95 Â± 1.54@@3.060220049622267,80.58 Â± 0.45 / 81.29 Â± 0.46@@80.58121481710968,1.58 Â± 2.34 / 49.16 Â± 2.33@@1.5827531611172354,0.00 Â± 0.00 / 0.00 Â± 0.00@@0.0,13.3.0@@130300,<9.2.0@@0,<9.2.0@@0,13.0.0@@130000
KBLab/bert-base-swedish-cased,4.07,124690944.0,50325.0,512,16164.04,ğŸ”,âœ“,âœ—,3.46 Â± 2.02 / 20.63 Â± 3.68@@3.463328396736355,79.99 Â± 1.13 / 80.76 Â± 1.10@@79.98876497709027,1.32 Â± 2.66 / 49.75 Â± 1.50@@1.3243900598673288,0.13 Â± 0.19 / 0.10 Â± 0.15@@0.1289451047692343,13.3.0@@130300,12.7.0@@120700,12.7.0@@120700,13.0.0@@130000
FacebookAI/roberta-base,4.09,124645632.0,50265.0,512,13353.56,ğŸ”,âœ“,âœ—,4.85 Â± 5.63 / 24.28 Â± 7.08@@4.847346915917215,81.78 Â± 0.95 / 82.55 Â± 0.90@@81.78303556227311,-1.18 Â± 2.36 / 37.68 Â± 3.64@@-1.178490080412932,1.03 Â± 1.15 / 0.69 Â± 0.78@@1.0297266386279869,13.3.0@@130300,<9.2.0@@0,<9.2.0@@0,13.0.0@@130000
pdelobelle/robbert-v2-dutch-base,4.1,116762112.0,40000.0,512,15480.92,ğŸ”,âœ“,âœ—,3.32 Â± 3.17 / 22.45 Â± 6.10@@3.3198952503398833,78.59 Â± 1.16 / 79.35 Â± 1.08@@78.5850679626332,0.65 Â± 2.63 / 47.40 Â± 3.23@@0.6508272158096825,0.00 Â± 0.00 / 0.00 Â± 0.00@@0.0,13.3.0@@130300,<9.2.0@@0,<9.2.0@@0,13.0.0@@130000
Maltehb/aelaectra-danish-electra-small-uncased,4.1,13737984.0,32000.0,128,5995.22,ğŸ”,âœ“,âœ—,8.70 Â± 3.64 / 31.07 Â± 4.78@@8.700066389181996,62.07 Â± 1.18 / 61.72 Â± 1.18@@62.070123528944464,5.11 Â± 3.80 / 47.64 Â± 4.52@@5.109694204976582,0.00 Â± 0.00 / 0.00 Â± 0.00@@0.0,13.3.0@@130300,<9.2.0@@0,<9.2.0@@0,13.0.0@@130000
ibm-granite/granite-3b-code-base-2k (few-shot),4.15,3482503680.0,49152.0,2048,2731.51,ğŸ§ ,âœ“,âœ—,0.16 Â± 0.32 / 14.73 Â± 2.24@@0.16321613306022356,60.88 Â± 2.03 / 60.02 Â± 1.84@@60.8779596515204,-0.35 Â± 1.18 / 34.50 Â± 1.25@@-0.3536549871120316,29.79 Â± 1.35 / 18.54 Â± 1.93@@29.792591227269412,14.1.2@@140102,13.0.0@@130000,13.0.0@@130000,13.0.0@@130000
ibm-granite/granite-3.0-3b-a800m-instruct (few-shot),4.15,3374295552.0,49155.0,4096,10246.27,ğŸ“,âœ“,âœ—,7.44 Â± 3.71 / 28.90 Â± 5.97@@7.444255178027015,45.56 Â± 1.92 / 42.78 Â± 1.78@@45.55881699717953,0.92 Â± 2.19 / 40.29 Â± 3.87@@0.921071019326084,31.49 Â± 1.49 / 20.82 Â± 1.22@@31.487408392967133,13.3.0@@130300,13.0.0@@130000,13.0.0@@130000,13.0.0@@130000
occiglot/occiglot-7b-eu5-instruct (few-shot),4.16,7241748480.0,32002.0,4096,4838.43,ğŸ“,âœ—,âœ—,4.76 Â± 5.38 / 26.15 Â± 6.39@@4.762511875038938,60.42 Â± 2.13 / 58.54 Â± 2.16@@60.415453815301426,-0.09 Â± 1.59 / 35.73 Â± 2.66@@-0.08714552795374489,24.34 Â± 1.05 / 0.00 Â± 0.00@@24.34444065083499,15.0.0@@150000,15.0.0@@150000,15.0.0@@150000,15.0.0@@150000
DDSC/roberta-base-scandinavian,4.16,124645632.0,50265.0,512,14490.87,ğŸ”,âœ“,âœ—,2.04 Â± 2.65 / 20.52 Â± 2.77@@2.0421715645493244,63.86 Â± 20.89 / 64.42 Â± 21.07@@63.85672478076956,0.73 Â± 2.11 / 49.36 Â± 1.78@@0.7334994699740011,15.52 Â± 1.88 / 10.57 Â± 1.30@@15.523989400434726,13.3.0@@130300,<9.2.0@@0,<9.2.0@@0,13.0.0@@130000
ibm-granite/granite-3b-code-instruct-2k (few-shot),4.19,3482503680.0,49152.0,2048,9058.91,ğŸ“,âœ“,âœ—,3.80 Â± 5.87 / 28.41 Â± 4.70@@3.797410285385847,56.88 Â± 2.51 / 57.68 Â± 2.14@@56.875357354195145,-0.21 Â± 2.20 / 34.20 Â± 1.19@@-0.20796523663707103,24.11 Â± 2.40 / 13.72 Â± 2.56@@24.113267490489818,13.3.0@@130300,13.0.0@@130000,13.0.0@@130000,13.0.0@@130000
3ebdola/Dialectal-Arabic-XLM-R-Base,4.22,278043648.0,250002.0,512,12782.54,ğŸ”,âœ“,âœ—,1.49 Â± 2.48 / 20.15 Â± 3.56@@1.4883926514405839,73.34 Â± 1.57 / 74.24 Â± 1.56@@73.3408442596618,0.97 Â± 2.25 / 44.25 Â± 3.12@@0.9695600456124585,0.01 Â± 0.02 / 0.00 Â± 0.00@@0.008333333333333335,13.3.0@@130300,12.6.1@@120601,12.6.1@@120601,13.0.0@@130000
KBLab/albert-base-swedish-cased-alpha,4.22,14243584.0,50000.0,512,15925.14,ğŸ”,âœ“,âœ—,1.09 Â± 3.08 / 22.88 Â± 1.59@@1.0860751563581095,73.80 Â± 0.98 / 74.58 Â± 0.92@@73.80017807100157,0.81 Â± 2.90 / 48.11 Â± 2.18@@0.8057567758410347,0.00 Â± 0.00 / 0.00 Â± 0.00@@0.0,13.3.0@@130300,<9.2.0@@0,<9.2.0@@0,13.0.0@@130000
dbmdz/bert-tiny-historic-multilingual-cased,4.23,4575104.0,32000.0,512,78027.26,ğŸ”,âœ“,âœ—,-1.81 Â± 2.47 / 15.54 Â± 0.87@@-1.8106047452222434,72.08 Â± 1.25 / 72.93 Â± 1.20@@72.07797580138701,2.65 Â± 2.40 / 48.48 Â± 1.87@@2.650003578539668,0.00 Â± 0.00 / 0.00 Â± 0.00@@0.0,13.3.0@@130300,<9.2.0@@0,<9.2.0@@0,13.0.0@@130000
EuropeanParliament/EUBERT,4.23,93923328.0,65636.0,512,20070.41,ğŸ”,âœ“,âœ—,0.94 Â± 4.40 / 23.64 Â± 4.57@@0.9386626474096129,59.50 Â± 1.56 / 58.98 Â± 1.55@@59.49518409988672,3.25 Â± 2.04 / 49.77 Â± 1.40@@3.252418649992643,10.14 Â± 2.41 / 5.56 Â± 1.52@@10.141403311197804,13.3.0@@130300,12.6.1@@120601,12.6.1@@120601,13.0.0@@130000
sarnikowski/convbert-medium-small-da-cased,4.24,24485316.0,28995.0,512,13820.64,ğŸ”,âœ“,âœ—,-1.39 Â± 3.48 / 23.17 Â± 3.58@@-1.3894348732474355,59.66 Â± 0.63 / 59.39 Â± 0.60@@59.657976327689966,4.58 Â± 3.90 / 50.83 Â± 2.59@@4.578660365575575,0.00 Â± 0.00 / 0.00 Â± 0.00@@0.0,13.3.0@@130300,<9.2.0@@0,<9.2.0@@0,13.0.0@@130000
sarnikowski/convbert-small-da-cased,4.27,13014104.0,28995.0,512,14273.42,ğŸ”,âœ“,âœ—,-0.24 Â± 2.78 / 20.55 Â± 2.59@@-0.24293868061033203,58.50 Â± 0.63 / 58.33 Â± 0.70@@58.49884451560909,5.96 Â± 2.04 / 51.99 Â± 1.53@@5.956559049485213,0.00 Â± 0.00 / 0.00 Â± 0.00@@0.0,13.3.0@@130300,<9.2.0@@0,<9.2.0@@0,13.0.0@@130000
tiiuae/Falcon3-3B-Instruct (few-shot),4.27,3227655168.0,131072.0,32768,6467.85,ğŸ“,âœ“,âœ—,3.87 Â± 3.89 / 32.26 Â± 2.48@@3.8703953579051396,45.96 Â± 2.08 / 46.75 Â± 2.82@@45.95588426311485,-1.08 Â± 2.54 / 38.80 Â± 2.97@@-1.076600497120764,32.92 Â± 2.24 / 21.01 Â± 2.22@@32.919890040825145,14.3.0@@140300,14.3.0@@140300,14.3.0@@140300,14.3.0@@140300
BSC-LT/salamandra-2b-instruct (few-shot),4.3,2253490176.0,256000.0,8192,10891.84,ğŸ“,âœ“,âœ—,12.87 Â± 4.54 / 32.55 Â± 2.81@@12.870094105079074,29.65 Â± 4.09 / 29.41 Â± 4.13@@29.652385256822956,0.18 Â± 2.09 / 36.54 Â± 2.20@@0.17610561517021472,23.78 Â± 1.43 / 13.53 Â± 1.43@@23.777560751169478,14.4.0@@140400,14.4.0@@140400,14.4.0@@140400,14.4.0@@140400
Maltehb/aelaectra-danish-electra-small-cased,4.33,13737984.0,32000.0,128,4592.9,ğŸ”,âœ“,âœ—,3.76 Â± 3.09 / 23.86 Â± 4.50@@3.755479949314683,58.52 Â± 3.91 / 59.67 Â± 3.83@@58.52000581958464,1.09 Â± 2.20 / 33.70 Â± 0.56@@1.0873226604105866,0.00 Â± 0.00 / 0.00 Â± 0.00@@0.0,13.3.0@@130300,12.7.0@@120700,12.7.0@@120700,13.0.0@@130000
ibm-granite/granite-3.0-3b-a800m-base (few-shot),4.36,3374286336.0,49152.0,4096,10504.04,ğŸ§ ,âœ“,âœ—,5.40 Â± 3.00 / 17.90 Â± 2.95@@5.400384870947248,41.27 Â± 4.31 / 40.85 Â± 4.31@@41.269081667049534,-0.20 Â± 2.17 / 43.01 Â± 3.39@@-0.20463148464897307,29.77 Â± 2.80 / 19.69 Â± 2.66@@29.766373141253233,14.1.2@@140102,13.0.0@@130000,13.0.0@@130000,13.0.0@@130000
google/gemma-7b-it (few-shot),4.36,8537680896.0,256000.0,8192,1792.03,ğŸ“,âœ—,âœ—,3.96 Â± 6.74 / 26.62 Â± 4.17@@3.9562582545905536,37.23 Â± 2.99 / 37.16 Â± 2.44@@37.23377446835463,3.28 Â± 1.76 / 45.83 Â± 4.08@@3.2811795452066015,17.27 Â± 1.71 / 1.09 Â± 0.44@@17.27107510134915,15.0.0@@150000,15.0.0@@150000,15.0.0.dev0@@150000,15.0.0.dev0@@150000
tiiuae/Falcon3-3B-Base (few-shot),4.45,3227655168.0,131072.0,32768,6469.55,ğŸ§ ,âœ“,âœ—,-3.57 Â± 2.30 / 22.93 Â± 2.33@@-3.5678221888289805,43.68 Â± 3.88 / 44.36 Â± 3.54@@43.68103085893704,0.92 Â± 2.49 / 41.31 Â± 4.17@@0.9159544553621857,20.38 Â± 2.80 / 13.02 Â± 2.19@@20.376464806475745,14.3.0@@140300,14.3.0@@140300,14.3.0@@140300,14.3.0@@140300
fresh-xlm-roberta-base,4.47,278043648.0,250002.0,512,2214.08,ğŸ”,âœ“,âœ—,1.07 Â± 2.10 / 17.71 Â± 4.10@@1.073519910953693,48.70 Â± 1.57 / 48.51 Â± 1.57@@48.70236996629566,2.37 Â± 2.06 / 37.68 Â± 3.25@@2.366144504608287,0.00 Â± 0.00 / 0.00 Â± 0.00@@0.0,13.3.0@@130300,<9.2.0@@0,<9.2.0@@0,13.0.0@@130000
HuggingFaceTB/SmolLM2-1.7B-Instruct (few-shot),4.47,1711376384.0,49152.0,8192,2631.13,ğŸ“,âœ“,âœ—,3.94 Â± 3.10 / 30.51 Â± 3.43@@3.944870134514982,40.28 Â± 3.29 / 42.15 Â± 2.85@@40.281626376734124,-0.26 Â± 1.92 / 38.29 Â± 4.03@@-0.25808552248933275,17.52 Â± 1.85 / 10.68 Â± 1.75@@17.521697421090586,13.3.0@@130300,13.1.0@@130100,13.1.0@@130100,13.1.0@@130100
infly/OpenCoder-1.5B-Instruct (few-shot),4.5,1905650880.0,96640.0,4096,7719.75,ğŸ“,âœ—,âœ—,0.19 Â± 0.38 / 14.19 Â± 1.07@@0.1941343810314368,35.35 Â± 5.65 / 35.70 Â± 5.28@@35.35353501799963,1.07 Â± 1.46 / 35.04 Â± 2.27@@1.0730702761941695,14.23 Â± 1.22 / 6.57 Â± 1.50@@14.234292941011855,14.4.0@@140400,14.4.0@@140400,14.4.0@@140400,14.4.0@@140400
utter-project/EuroLLM-1.7B-Instruct (few-shot),4.55,1656850432.0,128000.0,4096,6288.34,ğŸ“,âœ“,âœ—,4.25 Â± 5.04 / 26.21 Â± 4.24@@4.247810470429276,33.53 Â± 3.87 / 35.41 Â± 3.77@@33.53026622172869,-2.32 Â± 2.11 / 45.19 Â± 2.78@@-2.324346325466013,25.07 Â± 1.98 / 15.41 Â± 2.05@@25.072364341186336,13.3.0@@130300,13.1.0@@130100,13.1.0@@130100,13.1.0@@130100
microsoft/phi-2 (few-shot),4.56,2779683840.0,51200.0,2048,6084.61,ğŸ§ ,âœ“,âœ—,-0.08 Â± 0.17 / 14.38 Â± 1.57@@-0.08480498954935203,44.27 Â± 4.15 / 42.87 Â± 4.51@@44.27339803847188,0.27 Â± 2.03 / 43.02 Â± 4.34@@0.2696916765234515,1.61 Â± 1.51 / 1.14 Â± 1.03@@1.6062750969371593,15.0.0@@150000,15.0.0@@150000,15.0.0@@150000,15.0.0@@150000
PleIAs/Pleias-1.2b-Preview (few-shot),4.6,1195468800.0,65536.0,2048,10756.07,ğŸ§ ,âœ“,âœ—,-1.72 Â± 2.43 / 16.58 Â± 3.29@@-1.7191941137428481,38.91 Â± 4.57 / 39.53 Â± 3.74@@38.911127517777864,0.66 Â± 0.95 / 33.60 Â± 0.66@@0.6637434809498228,7.78 Â± 6.05 / 5.21 Â± 4.07@@7.779091012441855,14.1.2@@140102,14.0.4@@140004,14.1.2@@140102,14.3.0@@140300
HuggingFaceTB/SmolLM2-1.7B (few-shot),4.61,1711376384.0,49152.0,8192,2616.53,ğŸ§ ,âœ“,âœ—,0.77 Â± 4.14 / 23.56 Â± 3.58@@0.7673355992470066,27.91 Â± 4.97 / 30.98 Â± 4.28@@27.909897128682992,-0.48 Â± 0.89 / 33.97 Â± 1.00@@-0.48353159803999873,26.11 Â± 1.42 / 16.56 Â± 1.66@@26.11218489972999,14.1.2@@140102,13.1.0@@130100,13.1.0@@130100,13.1.0@@130100
utter-project/EuroLLM-1.7B (few-shot),4.61,,128000.0,4096,2755.85,ğŸ§ ,âœ“,âœ—,-0.37 Â± 3.72 / 25.29 Â± 3.19@@-0.370908052387041,34.29 Â± 3.50 / 35.05 Â± 3.56@@34.28782335373484,-0.69 Â± 1.83 / 35.49 Â± 2.04@@-0.6850598470448971,15.70 Â± 1.96 / 8.89 Â± 1.88@@15.69706403145224,14.1.2@@140102,14.2.0.dev0@@140200,14.2.0.dev0@@140200,14.3.0@@140300
BSC-LT/salamandra-2b (few-shot),4.64,2253490176.0,256000.0,8192,7146.49,ğŸ§ ,âœ“,âœ—,4.18 Â± 5.46 / 29.55 Â± 4.51@@4.175774441595843,27.08 Â± 5.39 / 26.57 Â± 5.42@@27.077080593997167,-1.34 Â± 2.48 / 41.86 Â± 3.58@@-1.3379744301751626,15.89 Â± 2.43 / 9.96 Â± 1.84@@15.8909398665776,14.4.0@@140400,14.4.0@@140400,14.4.0@@140400,14.4.0@@140400
PleIAs/Pleias-350m-Preview (few-shot),4.7,353424384.0,65536.0,2048,10241.69,ğŸ§ ,âœ“,âœ—,0.00 Â± 0.00 / 13.57 Â± 0.43@@0.0,31.99 Â± 3.53 / 32.31 Â± 3.75@@31.986402427159778,0.48 Â± 1.60 / 37.69 Â± 4.37@@0.4837710165703531,0.94 Â± 0.77 / 0.37 Â± 0.32@@0.938573730498554,14.1.2@@140102,14.0.4@@140004,14.1.2@@140102,14.3.0@@140300
HuggingFaceTB/SmolLM2-360M-Instruct (few-shot),4.76,361821120.0,49152.0,8192,21776.98,ğŸ“,âœ“,âœ—,3.07 Â± 2.88 / 28.68 Â± 2.63@@3.07376300524985,26.85 Â± 3.99 / 27.35 Â± 3.60@@26.845719497364996,-0.12 Â± 1.62 / 45.84 Â± 3.59@@-0.11809344362076965,4.02 Â± 0.64 / 1.39 Â± 0.54@@4.016790197381883,13.3.0@@130300,13.1.0@@130100,13.1.0@@130100,13.1.0@@130100
HuggingFaceTB/SmolLM2-135M (few-shot),4.77,134515008.0,49152.0,8192,26346.08,ğŸ§ ,âœ“,âœ—,-0.24 Â± 2.92 / 26.18 Â± 4.52@@-0.24298160535555557,25.51 Â± 2.40 / 26.43 Â± 1.77@@25.505816096297178,0.46 Â± 1.43 / 36.19 Â± 3.30@@0.4592973069942458,3.01 Â± 0.44 / 0.15 Â± 0.20@@3.0081243612865185,14.1.2@@140102,13.1.0@@130100,13.1.0@@130100,13.1.0@@130100
HuggingFaceTB/SmolLM2-135M-Instruct (few-shot),4.77,134515008.0,49152.0,8192,25602.11,ğŸ“,âœ“,âœ—,3.78 Â± 2.95 / 27.36 Â± 2.62@@3.783199223377278,23.22 Â± 3.22 / 24.30 Â± 2.81@@23.22194884899811,0.41 Â± 2.39 / 39.64 Â± 3.47@@0.4071318625285021,3.34 Â± 0.61 / 0.54 Â± 0.33@@3.336474493755633,13.3.0@@130300,13.1.0@@130100,13.1.0@@130100,13.1.0@@130100
PleIAs/Pleias-3b-Preview (few-shot),4.78,3211926528.0,65536.0,4096,6513.19,ğŸ§ ,âœ“,âœ—,-0.03 Â± 6.54 / 23.66 Â± 3.61@@-0.029427409118506637,22.75 Â± 5.63 / 23.52 Â± 4.86@@22.751312360862578,-0.78 Â± 1.59 / 33.93 Â± 0.87@@-0.7808788842027207,13.79 Â± 1.63 / 8.82 Â± 1.62@@13.788465544910204,14.1.2@@140102,14.0.4@@140004,14.1.2@@140102,14.3.0@@140300
tiiuae/Falcon3-1B-Instruct (few-shot),4.79,1669408768.0,131072.0,8192,9270.37,ğŸ“,âœ“,âœ—,2.36 Â± 2.76 / 17.70 Â± 4.11@@2.355527100561889,14.18 Â± 3.48 / 13.89 Â± 3.46@@14.180588696857852,2.29 Â± 2.66 / 48.34 Â± 3.37@@2.292128174809298,12.91 Â± 1.66 / 6.35 Â± 1.25@@12.908244070332284,14.1.2@@140102,14.1.2@@140102,14.1.2@@140102,14.1.2@@140102
HuggingFaceTB/SmolLM2-360M (few-shot),4.8,361821120.0,49152.0,8192,22023.39,ğŸ§ ,âœ“,âœ—,-0.56 Â± 5.13 / 23.83 Â± 3.35@@-0.5630114520541718,28.14 Â± 2.42 / 28.12 Â± 2.55@@28.141244079440554,-0.06 Â± 0.67 / 33.85 Â± 0.68@@-0.06464833144187737,6.05 Â± 0.59 / 2.43 Â± 0.73@@6.047769124248755,14.1.2@@140102,13.1.0@@130100,13.1.0@@130100,13.1.0@@130100
PleIAs/Pleias-Pico (few-shot),4.84,353424384.0,65536.0,2048,2330.93,ğŸ§ ,âœ“,âœ—,0.67 Â± 1.52 / 13.76 Â± 0.51@@0.6677536184980676,22.55 Â± 5.84 / 22.62 Â± 6.04@@22.545985549471915,0.87 Â± 1.83 / 38.38 Â± 4.75@@0.8696573085149194,0.99 Â± 0.78 / 0.32 Â± 0.34@@0.9858464761135313,14.1.2@@140102,14.0.4@@140004,14.1.2@@140102,14.3.0@@140300
PleIAs/Pleias-Nano (few-shot),4.87,1195468800.0,65536.0,2048,2519.09,ğŸ§ ,âœ“,âœ—,-1.78 Â± 2.38 / 16.36 Â± 2.94@@-1.777953323516101,20.76 Â± 6.32 / 22.79 Â± 5.85@@20.76223213329692,0.87 Â± 1.94 / 34.86 Â± 1.71@@0.871337132476858,6.04 Â± 4.78 / 3.48 Â± 2.81@@6.040725935869001,14.1.2@@140102,14.0.4@@140004,14.1.2@@140102,14.3.0@@140300
infly/OpenCoder-1.5B-Base (few-shot),5.01,1905650960.0,96640.0,4096,7718.23,ğŸ§ ,âœ“,âœ—,1.23 Â± 3.17 / 16.00 Â± 3.13@@1.2348133568980675,14.37 Â± 6.31 / 14.71 Â± 5.92@@14.368039967527919,-0.06 Â± 2.45 / 36.98 Â± 3.50@@-0.0576669733118492,1.85 Â± 1.11 / 0.00 Â± 0.00@@1.8529819369029572,14.4.0@@140400,14.4.0@@140400,14.4.0@@140400,15.0.0@@150000
ssmits/Falcon2-5.5B-multilingual (few-shot),5.21,5465415680.0,65024.0,8192,7691.9,ğŸ§ ,âœ“,âœ“,0.74 Â± 1.78 / 13.97 Â± 0.80@@0.7400694483838026,0.00 Â± 0.00 / 0.00 Â± 0.00@@0.0,0.00 Â± 0.00 / 33.40 Â± 0.34@@0.0,0.00 Â± 0.00 / 0.00 Â± 0.00@@0.0,14.1.2@@140102,13.0.0@@130000,13.0.0@@130000,13.0.0@@130000
