model,generative_type,rank,parameters,vocabulary_size,context,commercial,merge,scandisent_fi,turku_ner_fi,scala_fi,tydiqa_fi,scandisent_fi_version,turku_ner_fi_version,scala_fi_version,tydiqa_fi_version
<a href='https://huggingface.co/LumiOpen/Llama-Poro-2-70B-base'>LumiOpen/Llama-Poro-2-70B-base (few-shot)</a>,ğŸ§ ,1.17@@1.17,70553706496.0,128256.0,8192.0,âœ“,âœ—,93.18 Â± 0.68 / 96.56 Â± 0.36@@93.17709345008097,74.27 Â± 1.37 / 58.78 Â± 4.26@@74.27066373402766,44.16 Â± 2.15 / 71.59 Â± 1.27@@44.16006328447723,76.52 Â± 1.76 / 59.75 Â± 2.10@@76.52082427682292,15.10.0.dev0@@151000,15.10.0.dev0@@151000,15.10.0.dev0@@151000,15.10.0.dev0@@151000
<a href='https://huggingface.co/meta-llama/Meta-Llama-3-70B'>meta-llama/Meta-Llama-3-70B (few-shot)</a>,ğŸ§ ,1.33@@1.33,70553706496.0,128256.0,8192.0,âœ“,âœ—,92.39 Â± 0.85 / 96.16 Â± 0.44@@92.39422829523191,72.14 Â± 1.02 / 51.90 Â± 4.23@@72.14496458868693,36.33 Â± 2.08 / 67.59 Â± 1.17@@36.329770980953896,77.11 Â± 1.27 / 59.23 Â± 2.62@@77.10528477025564,15.10.0.dev0@@151000,15.10.0.dev0@@151000,15.10.0.dev0@@151000,15.10.0.dev0@@151000
<a href='https://huggingface.co/google/gemma-3-27b-pt'>google/gemma-3-27b-pt (few-shot)</a>,ğŸ§ ,1.35@@1.35,27432406640.0,262144.0,,âœ“,âœ—,93.82 Â± 0.65 / 96.90 Â± 0.33@@93.82085067497134,65.25 Â± 1.02 / 47.69 Â± 2.19@@65.24580066827357,41.87 Â± 2.98 / 68.13 Â± 2.50@@41.873550071739565,75.66 Â± 1.52 / 58.64 Â± 2.77@@75.66387011451408,15.9.2.dev0@@150902,15.9.2.dev0@@150902,15.9.2.dev0@@150902,15.9.2.dev0@@150902
<a href='https://huggingface.co/meta-llama/Llama-3.1-70B'>meta-llama/Llama-3.1-70B (few-shot)</a>,ğŸ§ ,1.36@@1.36,70553706496.0,128256.0,131072.0,âœ“,âœ—,92.67 Â± 0.60 / 96.30 Â± 0.32@@92.66684539341435,73.64 Â± 0.79 / 56.68 Â± 3.59@@73.63740018017145,35.59 Â± 2.09 / 67.21 Â± 1.13@@35.59291447716415,76.96 Â± 1.26 / 59.60 Â± 2.49@@76.96367213120125,15.7.2@@150702,15.7.2@@150702,15.7.2.dev0@@150702,15.7.2@@150702
<a href='https://huggingface.co/LumiOpen/Llama-Poro-2-70B-SFT'>LumiOpen/Llama-Poro-2-70B-SFT (few-shot)</a>,ğŸ“,1.38@@1.38,70553706496.0,128256.0,8192.0,âœ“,âœ—,93.25 Â± 0.65 / 96.60 Â± 0.34@@93.24824938448961,68.97 Â± 1.83 / 44.41 Â± 3.35@@68.96736993124001,45.60 Â± 2.20 / 71.84 Â± 1.60@@45.60114133583741,65.60 Â± 1.53 / 46.24 Â± 2.04@@65.59712821030492,15.10.0.dev0@@151000,15.10.0.dev0@@151000,15.10.0.dev0@@151000,15.10.0.dev0@@151000
<a href='https://huggingface.co/mistralai/Mistral-Small-3.1-24B-Instruct-2503'>mistralai/Mistral-Small-3.1-24B-Instruct-2503 (few-shot)</a>,ğŸ“,1.38@@1.38,24011361280.0,131072.0,,âœ“,âœ—,92.17 Â± 0.76 / 96.04 Â± 0.40@@92.16811209498108,70.37 Â± 1.35 / 55.35 Â± 1.80@@70.37441794251353,38.28 Â± 1.44 / 68.88 Â± 0.84@@38.2785634694187,74.86 Â± 1.78 / 55.80 Â± 3.95@@74.85629237475537,15.9.1.dev0@@150901,15.9.1.dev0@@150901,15.9.1.dev0@@150901,15.9.1.dev0@@150901
<a href='https://huggingface.co/mistralai/Mistral-Small-3.1-24B-Base-2503'>mistralai/Mistral-Small-3.1-24B-Base-2503 (few-shot)</a>,ğŸ§ ,1.48@@1.48,24011361280.0,131072.0,,âœ“,âœ—,92.80 Â± 0.55 / 96.37 Â± 0.28@@92.80175091547956,67.16 Â± 2.10 / 49.82 Â± 2.42@@67.1638241287912,32.49 Â± 1.39 / 62.29 Â± 1.93@@32.48745322048217,76.86 Â± 1.43 / 61.30 Â± 2.09@@76.86390474515169,15.9.1.dev0@@150901,15.9.1.dev0@@150901,15.9.1.dev0@@150901,15.9.1.dev0@@150901
"<a href='https://ai.google.dev/gemini-api/docs/models#gemini-2.5-flash-preview-04-17'>gemini/gemini-2.5-flash-preview-04-17 (zero-shot, val)</a>",ğŸ¤”,1.51@@1.51,,256128.0,1048576.0,âœ“,âœ—,88.36 Â± 1.32 / 93.96 Â± 0.69@@88.36333994164842,66.07 Â± 2.13 / 47.38 Â± 2.27@@66.06573811114613,47.25 Â± 2.39 / 73.16 Â± 1.16@@47.25168102809992,66.05 Â± 0.96 / 51.12 Â± 1.36@@66.04618004388047,15.9.2.dev0@@150902,15.9.2.dev0@@150902,15.9.2.dev0@@150902,15.9.2.dev0@@150902
"<a href='https://platform.openai.com/docs/models/o3'>o3-2025-04-16 (zero-shot, val)</a>",ğŸ¤”,1.53@@1.53,,,200000.0,âœ“,âœ—,90.25 Â± 1.13 / 94.98 Â± 0.58@@90.24637051917776,69.71 Â± 1.99 / 55.54 Â± 2.08@@69.70905719728225,46.79 Â± 2.99 / 73.20 Â± 1.54@@46.793013554676754,59.83 Â± 0.60 / 41.87 Â± 1.27@@59.82710383568667,15.7.2.dev0@@150702,15.7.2.dev0@@150702,15.7.2.dev0@@150702,15.7.2.dev0@@150702
<a href='https://huggingface.co/deepcogito/cogito-v1-preview-qwen-32B'>deepcogito/cogito-v1-preview-qwen-32B (few-shot)</a>,ğŸ“,1.56@@1.56,32759790592.0,151665.0,131072.0,âœ“,âœ—,90.90 Â± 0.68 / 95.39 Â± 0.36@@90.90169461278924,69.28 Â± 1.52 / 45.66 Â± 2.50@@69.27696852971292,34.30 Â± 1.41 / 63.36 Â± 1.54@@34.298064501933325,69.38 Â± 0.83 / 51.14 Â± 1.36@@69.37989618120768,15.8.1.dev0@@150801,15.8.1.dev0@@150801,15.8.1.dev0@@150801,15.8.1.dev0@@150801
<a href='https://huggingface.co/google/gemma-3-12b-pt'>google/gemma-3-12b-pt (few-shot)</a>,ğŸ§ ,1.63@@1.63,12187325040.0,262144.0,,âœ“,âœ—,92.83 Â± 0.77 / 96.38 Â± 0.41@@92.82833142496777,55.73 Â± 1.61 / 33.42 Â± 3.23@@55.73044525692189,36.36 Â± 2.90 / 66.52 Â± 2.72@@36.36236453824884,74.35 Â± 1.33 / 59.63 Â± 1.44@@74.3513785593768,15.9.2.dev0@@150902,15.9.2.dev0@@150902,15.9.2.dev0@@150902,15.9.2.dev0@@150902
<a href='https://huggingface.co/NovaSky-AI/Sky-T1-32B-Preview'>NovaSky-AI/Sky-T1-32B-Preview (few-shot)</a>,ğŸ“,1.63@@1.63,32763876352.0,152064.0,32768.0,âœ“,âœ—,89.45 Â± 0.69 / 94.59 Â± 0.37@@89.45259890508804,61.48 Â± 1.94 / 37.17 Â± 3.19@@61.483787304580964,36.72 Â± 1.25 / 67.32 Â± 0.89@@36.717327879491236,69.16 Â± 0.91 / 44.94 Â± 2.35@@69.16444467117438,15.8.2.dev0@@150802,15.8.2.dev0@@150802,15.8.2.dev0@@150802,15.8.2.dev0@@150802
<a href='https://huggingface.co/deepcogito/cogito-v1-preview-llama-70B'>deepcogito/cogito-v1-preview-llama-70B (few-shot)</a>,ğŸ“,1.66@@1.66,70553706496.0,128256.0,131072.0,âœ“,âœ—,92.75 Â± 0.72 / 96.34 Â± 0.37@@92.75317226450368,67.57 Â± 1.83 / 43.58 Â± 2.91@@67.57461502354126,33.43 Â± 2.00 / 65.51 Â± 1.84@@33.427806696115184,65.39 Â± 1.03 / 45.87 Â± 2.16@@65.39020443097381,15.9.1@@150901,15.9.1@@150901,15.9.1@@150901,15.9.1@@150901
<a href='https://huggingface.co/google/gemma-3-27b-it'>google/gemma-3-27b-it (few-shot)</a>,ğŸ“,1.67@@1.67,27432406640.0,262144.0,,âœ“,âœ—,91.45 Â± 1.19 / 95.65 Â± 0.63@@91.45427509587914,61.34 Â± 1.61 / 39.70 Â± 2.11@@61.335055617567114,36.96 Â± 3.07 / 66.70 Â± 1.97@@36.96263615865376,65.15 Â± 0.46 / 45.38 Â± 1.44@@65.15038900383003,15.9.2.dev0@@150902,15.9.2.dev0@@150902,15.9.2.dev0@@150902,15.9.2.dev0@@150902
<a href='https://huggingface.co/Qwen/Qwen2.5-72B-Instruct'>Qwen/Qwen2.5-72B-Instruct (few-shot)</a>,ğŸ“,1.68@@1.68,72706203648.0,152064.0,32768.0,âœ“,âœ—,92.47 Â± 0.69 / 96.21 Â± 0.36@@92.47465753730951,65.09 Â± 1.24 / 36.56 Â± 2.08@@65.09016753226345,31.28 Â± 2.50 / 63.69 Â± 1.95@@31.28012347465346,69.76 Â± 0.78 / 50.61 Â± 2.30@@69.76330554865332,15.10.0.dev0@@151000,15.10.0.dev0@@151000,15.10.0.dev0@@151000,15.10.0.dev0@@151000
<a href='https://huggingface.co/Qwen/Qwen3-32B'>Qwen/Qwen3-32B (few-shot)</a>,ğŸ¤”,1.70@@1.70,32762123264.0,151936.0,40960.0,âœ“,âœ—,90.66 Â± 0.75 / 95.26 Â± 0.39@@90.66310122493638,59.89 Â± 1.74 / 44.68 Â± 1.42@@59.886086810551845,38.30 Â± 1.73 / 68.93 Â± 0.89@@38.304842316305965,65.96 Â± 0.73 / 52.55 Â± 1.07@@65.96043044102102,15.8.2@@150802,15.8.2@@150802,15.8.2@@150802,15.8.2@@150802
<a href='https://huggingface.co/Qwen/Qwen3-30B-A3B'>Qwen/Qwen3-30B-A3B (few-shot)</a>,ğŸ¤”,1.70@@1.70,30532122624.0,151936.0,40960.0,âœ“,âœ—,91.32 Â± 0.57 / 95.62 Â± 0.29@@91.32095815525959,70.09 Â± 1.12 / 49.72 Â± 1.88@@70.09494747747377,31.55 Â± 1.96 / 65.48 Â± 0.98@@31.546838549627886,65.15 Â± 0.87 / 48.87 Â± 1.70@@65.15155292268489,15.8.1@@150801,15.8.1@@150801,15.8.1@@150801,15.8.1@@150801
<a href='https://huggingface.co/meta-llama/Llama-3.3-70B-Instruct'>meta-llama/Llama-3.3-70B-Instruct (few-shot)</a>,ğŸ“,1.73@@1.73,70553706496.0,128256.0,131072.0,âœ“,âœ—,92.37 Â± 0.65 / 96.15 Â± 0.34@@92.37376003806868,69.08 Â± 1.52 / 46.31 Â± 2.82@@69.07865429353325,35.90 Â± 2.62 / 64.12 Â± 2.65@@35.89543327346088,53.60 Â± 1.94 / 28.80 Â± 2.26@@53.60371790892098,15.10.0.dev0@@151000,15.10.0.dev0@@151000,15.10.0.dev0@@151000,15.10.0.dev0@@151000
<a href='https://huggingface.co/meta-llama/Llama-2-70b-hf'>meta-llama/Llama-2-70b-hf (few-shot)</a>,ğŸ§ ,1.74@@1.74,68976653312.0,32000.0,4096.0,âœ“,âœ—,93.51 Â± 0.47 / 96.74 Â± 0.24@@93.51154477873317,57.04 Â± 2.09 / 43.05 Â± 3.42@@57.04441627047171,28.34 Â± 3.12 / 62.46 Â± 1.94@@28.338349580213684,76.05 Â± 0.99 / 58.75 Â± 1.69@@76.04641241616986,15.10.0.dev0@@151000,15.10.0.dev0@@151000,15.10.0.dev0@@151000,15.10.0.dev0@@151000
<a href='https://huggingface.co/Qwen/Qwen3-14B'>Qwen/Qwen3-14B (few-shot)</a>,ğŸ¤”,1.76@@1.76,14768307200.0,151936.0,40960.0,âœ“,âœ—,90.78 Â± 0.89 / 95.33 Â± 0.47@@90.7757976864824,58.05 Â± 2.74 / 40.09 Â± 2.13@@58.04932301285957,32.77 Â± 2.48 / 65.26 Â± 1.36@@32.7651998688439,67.97 Â± 0.73 / 52.07 Â± 1.45@@67.96558926414926,15.7.2.dev0@@150702,15.7.2.dev0@@150702,15.7.2.dev0@@150702,15.7.2.dev0@@150702
<a href='https://huggingface.co/allenai/OLMo-2-0325-32B'>allenai/OLMo-2-0325-32B (few-shot)</a>,ğŸ§ ,1.77@@1.77,32234279936.0,100352.0,4096.0,âœ“,âœ—,92.42 Â± 0.60 / 96.19 Â± 0.31@@92.4194683165313,58.46 Â± 2.23 / 29.27 Â± 2.13@@58.463246987700565,25.12 Â± 1.41 / 60.89 Â± 1.09@@25.12193777535017,73.13 Â± 0.55 / 50.61 Â± 1.47@@73.12931707261625,15.9.2.dev0@@150902,15.9.2.dev0@@150902,15.9.2.dev0@@150902,15.9.2.dev0@@150902
"<a href='https://docs.anthropic.com/en/docs/about-claude/models/all-models'>claude-3-7-sonnet-20250219@thinking (zero-shot, val)</a>",ğŸ¤”,1.77@@1.77,,,200000.0,âœ“,âœ—,91.65 Â± 0.98 / 95.73 Â± 0.50@@91.64526840751756,61.63 Â± 1.84 / 50.36 Â± 2.40@@61.63382998638471,37.22 Â± 4.09 / 68.33 Â± 2.07@@37.21621148073693,59.16 Â± 0.79 / 42.29 Â± 1.07@@59.1620559501642,15.9.2.dev0@@150902,15.9.2.dev0@@150902,15.9.2.dev0@@150902,15.9.2.dev0@@150902
"<a href='https://ai.google.dev/gemini-api/docs/models#gemini-2.5-pro-preview-03-25'>gemini/gemini-2.5-pro-preview-03-25 (zero-shot, val)</a>",ğŸ¤”,1.78@@1.78,,256128.0,1048576.0,âœ“,âœ—,88.86 Â± 1.20 / 94.23 Â± 0.63@@88.86435182751228,55.45 Â± 2.21 / 33.48 Â± 1.93@@55.449486084360345,41.36 Â± 3.42 / 66.94 Â± 1.81@@41.36047019212586,62.28 Â± 0.65 / 38.84 Â± 1.36@@62.27883883867717,15.8.1@@150801,15.8.1@@150801,15.8.1@@150801,15.8.1@@150801
"<a href='https://platform.openai.com/docs/models/gpt-4.1-mini'>gpt-4.1-mini-2025-04-14 (zero-shot, val)</a>",ğŸ“,1.79@@1.79,,,1047576.0,âœ“,âœ—,89.57 Â± 1.04 / 94.59 Â± 0.55@@89.57370773601635,49.13 Â± 1.80 / 25.30 Â± 1.25@@49.127431739918684,45.18 Â± 2.89 / 72.47 Â± 1.47@@45.18426977928892,62.75 Â± 0.84 / 44.02 Â± 1.22@@62.74993446974402,15.9.2.dev0@@150902,15.9.2.dev0@@150902,15.9.2.dev0@@150902,15.9.2.dev0@@150902
"<a href='https://docs.anthropic.com/en/docs/about-claude/models/all-models'>claude-3-5-sonnet-20241022 (zero-shot, val)</a>",ğŸ“,1.79@@1.79,,,200000.0,âœ“,âœ—,91.65 Â± 0.98 / 95.73 Â± 0.50@@91.64526840751756,52.56 Â± 1.94 / 33.50 Â± 1.89@@52.55753580769345,44.19 Â± 2.53 / 70.21 Â± 1.41@@44.194682890438855,58.32 Â± 0.56 / 35.96 Â± 0.82@@58.31646896398756,15.9.2.dev0@@150902,15.9.2.dev0@@150902,15.9.2.dev0@@150902,15.9.2.dev0@@150902
<a href='https://huggingface.co/deepcogito/cogito-v1-preview-qwen-14B'>deepcogito/cogito-v1-preview-qwen-14B (few-shot)</a>,ğŸ“,1.81@@1.81,14765947904.0,151665.0,131072.0,âœ“,âœ—,91.64 Â± 0.52 / 95.80 Â± 0.26@@91.63763105600138,64.06 Â± 1.41 / 40.50 Â± 2.34@@64.05779266025527,26.42 Â± 1.95 / 62.48 Â± 1.22@@26.415143945521862,66.33 Â± 1.19 / 50.58 Â± 1.37@@66.33437229446814,15.8.1.dev0@@150801,15.8.1.dev0@@150801,15.8.1.dev0@@150801,15.8.1.dev0@@150801
<a href='https://huggingface.co/meta-llama/Meta-Llama-3-70B-Instruct'>meta-llama/Meta-Llama-3-70B-Instruct (few-shot)</a>,ğŸ“,1.81@@1.81,70553706496.0,128256.0,8192.0,âœ“,âœ—,92.39 Â± 0.62 / 96.17 Â± 0.32@@92.39309598036023,63.19 Â± 1.90 / 39.45 Â± 1.78@@63.19005145597567,29.85 Â± 2.26 / 62.76 Â± 2.13@@29.846221600167954,63.67 Â± 1.31 / 42.68 Â± 1.96@@63.67306085852084,15.10.0.dev0@@151000,15.10.0.dev0@@151000,15.10.0.dev0@@151000,15.10.0.dev0@@151000
"<a href='https://platform.openai.com/docs/models/gpt-4o'>gpt-4o-2024-05-13 (zero-shot, val)</a>",ğŸ“,1.82@@1.82,,200019.0,128000.0,âœ“,âœ—,87.86 Â± 1.33 / 93.68 Â± 0.69@@87.85865434773208,60.36 Â± 2.31 / 31.65 Â± 2.40@@60.36201707926847,39.39 Â± 3.35 / 66.85 Â± 1.23@@39.389601164645384,61.52 Â± 0.79 / 41.81 Â± 1.01@@61.51568565696327,15.9.2.dev0@@150902,15.9.2.dev0@@150902,15.9.2.dev0@@150902,15.9.2.dev0@@150902
<a href='https://huggingface.co/LumiOpen/Llama-Poro-2-8B-base'>LumiOpen/Llama-Poro-2-8B-base (few-shot)</a>,ğŸ§ ,1.83@@1.83,,128256.0,8192.0,âœ“,âœ—,93.74 Â± 0.48 / 96.86 Â± 0.24@@93.7364719572727,53.35 Â± 1.98 / 32.05 Â± 2.53@@53.34955344995789,28.43 Â± 4.86 / 60.93 Â± 5.80@@28.429796761007452,74.17 Â± 1.26 / 56.81 Â± 2.50@@74.1707969616576,15.10.0@@151000,15.10.0@@151000,15.10.0@@151000,15.10.0@@151000
<a href='https://huggingface.co/mistralai/Mistral-Small-24B-Instruct-2501'>mistralai/Mistral-Small-24B-Instruct-2501 (few-shot)</a>,ğŸ“,1.84@@1.84,23572403200.0,131072.0,32768.0,âœ“,âœ—,90.98 Â± 0.98 / 95.41 Â± 0.52@@90.97971533397909,57.34 Â± 1.84 / 30.12 Â± 1.57@@57.34375636134516,33.88 Â± 1.30 / 66.73 Â± 0.60@@33.8763881378714,66.66 Â± 0.87 / 50.96 Â± 0.93@@66.65510570822109,15.9.2.dev0@@150902,15.9.2.dev0@@150902,15.9.2.dev0@@150902,15.9.2.dev0@@150902
<a href='https://huggingface.co/google/gemma-3-12b-it'>google/gemma-3-12b-it (few-shot)</a>,ğŸ“,1.86@@1.86,12187325040.0,262144.0,,âœ“,âœ—,91.54 Â± 0.71 / 95.70 Â± 0.38@@91.54002556028449,60.27 Â± 1.09 / 33.56 Â± 1.25@@60.265906522679046,31.21 Â± 2.06 / 61.91 Â± 2.37@@31.20810141269912,63.18 Â± 1.23 / 44.41 Â± 1.72@@63.17952395497114,15.9.2.dev0@@150902,15.9.2.dev0@@150902,15.9.2.dev0@@150902,15.9.2.dev0@@150902
"<a href='https://docs.x.ai/docs/models'>xai/grok-2-1212 (zero-shot, val)</a>",ğŸ“,1.87@@1.87,,,131072.0,âœ“,âœ—,91.28 Â± 0.97 / 95.53 Â± 0.50@@91.27675524192969,53.52 Â± 1.75 / 28.46 Â± 1.40@@53.523929062625996,38.34 Â± 3.60 / 66.76 Â± 2.13@@38.340786828023404,61.86 Â± 0.75 / 36.01 Â± 1.22@@61.861932775393896,15.9.2.dev0@@150902,15.9.2.dev0@@150902,15.9.2.dev0@@150902,15.9.2.dev0@@150902
<a href='https://huggingface.co/upstage/SOLAR-10.7B-v1.0'>upstage/SOLAR-10.7B-v1.0 (few-shot)</a>,ğŸ§ ,1.88@@1.88,10731524096.0,32000.0,4096.0,âœ“,âœ—,91.41 Â± 0.67 / 95.66 Â± 0.35@@91.40925880362738,60.16 Â± 1.85 / 41.47 Â± 3.37@@60.16078181160973,18.67 Â± 1.99 / 54.20 Â± 3.14@@18.668883137502384,75.92 Â± 0.74 / 59.75 Â± 1.73@@75.91805117608017,15.9.2.dev0@@150902,15.9.2.dev0@@150902,15.9.2.dev0@@150902,15.9.2.dev0@@150902
"<a href='https://platform.openai.com/docs/models/gpt-4.1'>gpt-4.1-2025-04-14 (zero-shot, val)</a>",ğŸ“,1.89@@1.89,,,1047576.0,âœ“,âœ—,88.72 Â± 1.44 / 94.16 Â± 0.75@@88.72402845032937,53.11 Â± 2.00 / 28.88 Â± 1.64@@53.113284461103284,41.78 Â± 2.68 / 68.49 Â± 1.58@@41.78181392420382,58.07 Â± 0.67 / 35.58 Â± 0.91@@58.074754106455636,15.9.2.dev0@@150902,15.9.2.dev0@@150902,15.9.2.dev0@@150902,15.9.2.dev0@@150902
<a href='https://huggingface.co/nvidia/Llama-3.1-Nemotron-70B-Instruct-HF'>nvidia/Llama-3.1-Nemotron-70B-Instruct-HF (few-shot)</a>,ğŸ“,1.89@@1.89,70553706496.0,128256.0,131072.0,âœ“,âœ—,92.66 Â± 0.61 / 96.30 Â± 0.31@@92.66072767492298,59.85 Â± 1.51 / 29.42 Â± 1.08@@59.84742202776469,35.89 Â± 1.38 / 66.35 Â± 1.19@@35.89253356110375,56.23 Â± 1.08 / 32.94 Â± 1.37@@56.23136626959085,15.10.0.dev0@@151000,15.10.0.dev0@@151000,15.10.0.dev0@@151000,15.10.0.dev0@@151000
"<a href='https://docs.x.ai/docs/models'>xai/grok-3-beta (zero-shot, val)</a>",ğŸ“,1.93@@1.93,,,131072.0,âœ“,âœ—,87.86 Â± 1.33 / 93.68 Â± 0.69@@87.85865434773208,57.07 Â± 1.29 / 25.73 Â± 1.72@@57.0682771297639,38.12 Â± 3.37 / 68.61 Â± 1.67@@38.119955498941685,57.34 Â± 0.74 / 28.93 Â± 1.16@@57.33528529806498,15.9.2.dev0@@150902,15.9.2.dev0@@150902,15.9.2.dev0@@150902,15.9.2.dev0@@150902
"<a href='https://platform.openai.com/docs/models/o4-mini'>o4-mini-2025-04-16 (zero-shot, val)</a>",ğŸ¤”,1.94@@1.94,,,200000.0,âœ“,âœ—,89.58 Â± 1.08 / 94.67 Â± 0.56@@89.57540211630788,47.26 Â± 2.79 / 36.42 Â± 2.07@@47.25747671811337,38.25 Â± 2.18 / 66.53 Â± 1.22@@38.2504827849651,63.73 Â± 0.57 / 47.84 Â± 0.91@@63.73453264966408,15.7.2.dev0@@150702,15.7.2.dev0@@150702,15.7.2.dev0@@150702,15.7.2.dev0@@150702
<a href='https://huggingface.co/Qwen/Qwen3-8B'>Qwen/Qwen3-8B (few-shot)</a>,ğŸ¤”,1.94@@1.94,8190735360.0,151936.0,40960.0,âœ“,âœ—,89.51 Â± 0.91 / 94.67 Â± 0.47@@89.50955426362104,57.97 Â± 2.04 / 37.37 Â± 1.26@@57.96878642554346,25.94 Â± 1.56 / 62.59 Â± 0.79@@25.939088794497987,65.03 Â± 0.82 / 50.70 Â± 1.16@@65.03464347448005,15.7.2@@150702,15.7.2@@150702,15.7.2@@150702,15.7.2@@150702
<a href='https://huggingface.co/RekaAI/reka-flash-3'>RekaAI/reka-flash-3 (few-shot)</a>,ğŸ¤”,1.96@@1.96,20905482240.0,100352.0,32768.0,âœ“,âœ—,90.14 Â± 0.68 / 94.99 Â± 0.36@@90.14340075152593,59.16 Â± 1.85 / 30.89 Â± 1.41@@59.15621395832515,27.15 Â± 1.86 / 63.41 Â± 0.91@@27.15388576869742,64.30 Â± 1.02 / 50.54 Â± 1.21@@64.29902573592454,15.9.2@@150902,15.9.2@@150902,15.9.2@@150902,15.9.2@@150902
<a href='https://huggingface.co/meta-llama/Meta-Llama-3-8B'>meta-llama/Meta-Llama-3-8B (few-shot)</a>,ğŸ§ ,1.98@@1.98,8030261248.0,128256.0,8192.0,âœ“,âœ—,92.20 Â± 0.65 / 96.06 Â± 0.34@@92.20003202933192,57.38 Â± 1.29 / 30.57 Â± 2.19@@57.37513857900893,15.78 Â± 2.55 / 51.56 Â± 4.45@@15.784773026423506,74.51 Â± 1.65 / 57.95 Â± 1.96@@74.50694013282656,15.9.2.dev0@@150902,15.9.2.dev0@@150902,15.9.2.dev0@@150902,15.9.2.dev0@@150902
<a href='https://huggingface.co/Qwen/QwQ-32B'>Qwen/QwQ-32B (few-shot)</a>,ğŸ¤”,1.98@@1.98,32763876352.0,152064.0,40960.0,âœ“,âœ—,90.21 Â± 0.86 / 95.04 Â± 0.45@@90.21308770062777,54.45 Â± 4.36 / 35.70 Â± 2.91@@54.44573881161847,29.28 Â± 1.35 / 59.09 Â± 1.63@@29.277688679955183,65.54 Â± 0.52 / 52.26 Â± 0.94@@65.54256779113271,15.7.2@@150702,15.7.2@@150702,15.7.2@@150702,15.7.2@@150702
<a href='https://huggingface.co/01-ai/Yi-1.5-34B'>01-ai/Yi-1.5-34B (few-shot)</a>,ğŸ§ ,1.99@@1.99,34388917248.0,64000.0,4096.0,âœ“,âœ—,91.73 Â± 0.44 / 95.84 Â± 0.23@@91.73400659819171,57.64 Â± 1.24 / 43.09 Â± 2.57@@57.639638339244684,13.66 Â± 7.11 / 45.34 Â± 7.21@@13.657605271958701,75.98 Â± 0.80 / 59.62 Â± 1.16@@75.97946129573957,15.8.2.dev0@@150802,15.8.2.dev0@@150802,15.8.2.dev0@@150802,15.8.2.dev0@@150802
<a href='https://huggingface.co/meta-llama/Llama-3.1-8B'>meta-llama/Llama-3.1-8B (few-shot)</a>,ğŸ§ ,2.00@@2.00,8030261248.0,128256.0,131072.0,âœ“,âœ—,92.48 Â± 0.39 / 96.23 Â± 0.19@@92.47536489072614,56.09 Â± 1.59 / 31.56 Â± 2.52@@56.08986214644543,14.21 Â± 4.45 / 51.11 Â± 6.53@@14.212467028509504,74.07 Â± 1.51 / 56.96 Â± 2.08@@74.07165680487547,15.9.2.dev0@@150902,15.9.2.dev0@@150902,15.9.2.dev0@@150902,15.9.2.dev0@@150902
<a href='https://huggingface.co/LumiOpen/Llama-Poro-2-8B-SFT'>LumiOpen/Llama-Poro-2-8B-SFT (few-shot)</a>,ğŸ“,2.03@@2.03,8030261248.0,128256.0,8192.0,âœ“,âœ—,93.13 Â± 0.59 / 96.55 Â± 0.30@@93.13103117773836,54.38 Â± 1.13 / 37.76 Â± 1.63@@54.37509516724385,23.90 Â± 2.27 / 60.42 Â± 1.69@@23.897762002911723,64.85 Â± 2.19 / 50.02 Â± 2.47@@64.84953224426566,15.10.0@@151000,15.10.0@@151000,15.10.0@@151000,15.10.0@@151000
<a href='https://huggingface.co/utter-project/EuroLLM-9B'>utter-project/EuroLLM-9B (few-shot)</a>,ğŸ§ ,2.04@@2.04,9152319488.0,128000.0,4096.0,âœ“,âœ—,90.01 Â± 0.48 / 94.89 Â± 0.27@@90.00704098301769,45.83 Â± 1.97 / 29.04 Â± 2.49@@45.83187619668026,20.02 Â± 4.46 / 52.44 Â± 5.80@@20.023297238643746,77.33 Â± 0.80 / 61.14 Â± 0.92@@77.33215042694829,15.10.0@@151000,15.10.0@@151000,15.10.0@@151000,15.10.0@@151000
"<a href='https://ai.google.dev/gemini-api/docs/models#gemini-2.0-flash-lite-001'>gemini/gemini-2.0-flash-lite-001 (zero-shot, val)</a>",ğŸ“,2.06@@2.06,,256128.0,1048576.0,âœ“,âœ—,87.86 Â± 1.33 / 93.68 Â± 0.69@@87.85865434773208,53.73 Â± 1.87 / 27.99 Â± 1.48@@53.73406135230179,29.29 Â± 2.78 / 60.79 Â± 1.53@@29.288899084564868,58.62 Â± 0.78 / 30.00 Â± 1.13@@58.61891596318834,15.9.2.dev0@@150902,15.9.2.dev0@@150902,15.9.2.dev0@@150902,15.9.2.dev0@@150902
<a href='https://huggingface.co/LumiOpen/Llama-Poro-2-8B-Instruct'>LumiOpen/Llama-Poro-2-8B-Instruct (few-shot)</a>,ğŸ“,2.07@@2.07,8030261248.0,128256.0,8192.0,âœ“,âœ—,93.36 Â± 0.57 / 96.67 Â± 0.29@@93.36227970971184,48.34 Â± 0.89 / 32.96 Â± 1.17@@48.34345676997184,29.30 Â± 2.09 / 62.75 Â± 1.68@@29.304005007417487,60.79 Â± 2.20 / 43.37 Â± 2.51@@60.79117542335606,15.10.0@@151000,15.10.0@@151000,15.10.0@@151000,15.10.0@@151000
"<a href='https://ai.google.dev/gemini-api/docs/models#gemini-1.5-pro-002'>gemini/gemini-1.5-pro-002 (zero-shot, val)</a>",ğŸ“,2.08@@2.08,,256128.0,2097152.0,âœ“,âœ—,90.98 Â± 1.43 / 95.37 Â± 0.75@@90.97945657498772,50.03 Â± 2.57 / 29.22 Â± 1.62@@50.034552434550925,35.88 Â± 2.58 / 65.54 Â± 1.17@@35.87724606898001,55.84 Â± 0.47 / 34.18 Â± 0.98@@55.8362732586542,15.9.2.dev0@@150902,15.9.2.dev0@@150902,15.9.2.dev0@@150902,15.9.2.dev0@@150902
"<a href='https://ai.google.dev/gemini-api/docs/models#gemini-2.0-flash-001'>gemini/gemini-2.0-flash-001 (zero-shot, val)</a>",ğŸ“,2.10@@2.10,,256128.0,1048576.0,âœ“,âœ—,89.88 Â± 1.12 / 94.78 Â± 0.59@@89.88090914331475,56.11 Â± 1.48 / 35.81 Â± 1.71@@56.10516238730502,21.52 Â± 2.71 / 57.57 Â± 1.56@@21.51963646157659,60.90 Â± 0.63 / 35.41 Â± 0.89@@60.904750797122475,15.9.2.dev0@@150902,15.9.2.dev0@@150902,15.9.2.dev0@@150902,15.9.2.dev0@@150902
<a href='https://huggingface.co/deepcogito/cogito-v1-preview-llama-8B'>deepcogito/cogito-v1-preview-llama-8B (few-shot)</a>,ğŸ“,2.11@@2.11,8030261248.0,128256.0,131072.0,âœ“,âœ—,91.30 Â± 0.50 / 95.65 Â± 0.25@@91.30086729978777,49.42 Â± 1.43 / 26.46 Â± 1.12@@49.42325341294203,21.71 Â± 2.50 / 60.31 Â± 1.55@@21.710300550701312,66.11 Â± 1.31 / 49.89 Â± 1.46@@66.10671364614498,15.9.2.dev0@@150902,15.9.2.dev0@@150902,15.9.2.dev0@@150902,15.9.2.dev0@@150902
"<a href='https://platform.openai.com/docs/models/o3-mini'>o3-mini-2025-01-31 (zero-shot, val)</a>",ğŸ¤”,2.11@@2.11,,,200000.0,âœ“,âœ—,89.60 Â± 1.40 / 94.63 Â± 0.72@@89.59576415689521,46.00 Â± 1.66 / 35.49 Â± 1.77@@45.99865793088526,31.09 Â± 2.46 / 65.42 Â± 1.21@@31.0938035862931,63.61 Â± 0.80 / 47.55 Â± 0.91@@63.61482320857381,15.7.2.dev0@@150702,15.7.2.dev0@@150702,15.7.2.dev0@@150702,15.7.2.dev0@@150702
<a href='https://huggingface.co/deepseek-ai/DeepSeek-R1-Distill-Llama-70B'>deepseek-ai/DeepSeek-R1-Distill-Llama-70B (few-shot)</a>,ğŸ¤”,2.12@@2.12,70553706496.0,128256.0,131072.0,âœ“,âœ—,91.11 Â± 0.56 / 95.49 Â± 0.30@@91.11071835226845,54.69 Â± 2.15 / 35.33 Â± 1.44@@54.68725294668566,26.47 Â± 2.36 / 63.00 Â± 1.16@@26.470766920937685,58.16 Â± 1.73 / 37.64 Â± 2.38@@58.1641585466268,15.9.2.dev0@@150902,15.9.2.dev0@@150902,15.9.2.dev0@@150902,15.9.2.dev0@@150902
<a href='https://huggingface.co/ai21labs/Jamba-v0.1'>ai21labs/Jamba-v0.1 (few-shot)</a>,ğŸ§ ,2.12@@2.12,51570323328.0,65536.0,262144.0,âœ“,âœ—,92.01 Â± 0.47 / 95.98 Â± 0.24@@92.00668882703236,54.90 Â± 2.15 / 27.07 Â± 1.56@@54.897253265800536,13.36 Â± 1.91 / 52.89 Â± 2.76@@13.360803664930804,71.20 Â± 1.58 / 54.67 Â± 1.94@@71.19736748071155,15.9.2@@150902,15.9.2@@150902,15.9.2@@150902,15.9.2@@150902
<a href='https://huggingface.co/CohereForAI/aya-expanse-32b'>CohereForAI/aya-expanse-32b (few-shot)</a>,ğŸ“,2.16@@2.16,32296476672.0,256000.0,8192.0,âœ—,âœ—,90.78 Â± 0.87 / 95.31 Â± 0.46@@90.78163905350263,57.33 Â± 1.97 / 34.77 Â± 2.80@@57.33430184874464,8.24 Â± 3.31 / 49.38 Â± 4.52@@8.235618520216423,71.18 Â± 0.82 / 50.46 Â± 1.27@@71.1802649590839,15.10.0@@151000,15.10.0@@151000,15.10.0@@151000,15.10.0@@151000
<a href='https://huggingface.co/allenai/Llama-3.1-Tulu-3-8B-SFT'>allenai/Llama-3.1-Tulu-3-8B-SFT (few-shot)</a>,ğŸ“,2.16@@2.16,8030326784.0,128264.0,131072.0,âœ“,âœ—,92.09 Â± 0.44 / 96.03 Â± 0.22@@92.09086320353934,54.21 Â± 1.68 / 35.82 Â± 1.67@@54.21156053995343,13.51 Â± 2.08 / 44.42 Â± 1.88@@13.511879176028899,68.20 Â± 2.16 / 49.50 Â± 1.90@@68.19637270994518,15.9.2.dev0@@150902,15.9.2.dev0@@150902,15.9.2.dev0@@150902,15.9.2.dev0@@150902
"<a href='https://docs.x.ai/docs/models'>xai/grok-3-mini-beta@high (zero-shot, val)</a>",ğŸ¤”,2.17@@2.17,,,131072.0,âœ“,âœ—,88.72 Â± 1.44 / 94.16 Â± 0.75@@88.72402845032937,42.46 Â± 2.06 / 30.92 Â± 1.75@@42.45558497550487,30.53 Â± 3.03 / 65.09 Â± 1.50@@30.525174172634255,64.14 Â± 0.60 / 45.01 Â± 0.97@@64.1427151372437,15.7.2@@150702,15.7.2@@150702,15.7.2@@150702,15.7.2@@150702
"<a href='https://docs.anthropic.com/en/docs/about-claude/models/all-models'>claude-3-5-haiku-20241022 (zero-shot, val)</a>",ğŸ“,2.18@@2.18,,,200000.0,âœ“,âœ—,92.47 Â± 1.45 / 96.20 Â± 0.73@@92.46859801439405,46.49 Â± 2.14 / 25.76 Â± 1.04@@46.494350448688934,25.94 Â± 3.64 / 62.68 Â± 1.91@@25.939842322129863,60.02 Â± 0.71 / 30.50 Â± 1.33@@60.02419539422559,15.9.2.dev0@@150902,15.9.2.dev0@@150902,15.9.2.dev0@@150902,15.9.2.dev0@@150902
<a href='https://huggingface.co/intfloat/multilingual-e5-large'>intfloat/multilingual-e5-large</a>,ğŸ”,2.21@@2.21,559890946.0,250002.0,512.0,âœ“,âœ—,89.62 Â± 2.09 / 94.75 Â± 1.13@@89.6198944366649,76.08 Â± 2.71 / 74.43 Â± 2.03@@76.0844853614556,5.54 Â± 3.39 / 49.74 Â± 3.83@@5.542037111163737,49.74 Â± 5.51 / 30.22 Â± 4.94@@49.735918769304746,15.10.0@@151000,15.10.0@@151000,15.10.0@@151000,15.10.0.dev0@@151000
<a href='https://huggingface.co/CohereForAI/aya-23-35B'>CohereForAI/aya-23-35B (few-shot)</a>,ğŸ“,2.23@@2.23,34980831232.0,256000.0,8192.0,âœ—,âœ—,91.41 Â± 0.58 / 95.66 Â± 0.30@@91.41036189464188,55.44 Â± 1.51 / 26.58 Â± 2.52@@55.436894168574845,7.58 Â± 1.92 / 48.49 Â± 3.04@@7.5775397155446385,70.92 Â± 0.87 / 54.19 Â± 1.08@@70.92484804199573,15.7.2@@150702,15.7.2@@150702,15.7.2@@150702,15.7.2@@150702
"<a href='https://platform.openai.com/docs/models/gpt-4o-mini'>gpt-4o-mini-2024-07-18 (zero-shot, val)</a>",ğŸ“,2.23@@2.23,,200019.0,128000.0,âœ“,âœ—,87.00 Â± 1.21 / 93.21 Â± 0.63@@86.99526294096583,45.54 Â± 2.30 / 18.91 Â± 1.17@@45.54432856963126,28.04 Â± 2.05 / 61.59 Â± 1.02@@28.035399863097833,60.77 Â± 0.81 / 37.79 Â± 1.03@@60.77242450095629,15.9.2.dev0@@150902,15.9.2.dev0@@150902,15.9.2.dev0@@150902,15.9.2.dev0@@150902
<a href='https://huggingface.co/ibm-granite/granite-34b-code-base'>ibm-granite/granite-34b-code-base (few-shot)</a>,ğŸ§ ,2.24@@2.24,33715603456.0,49152.0,8192.0,âœ“,âœ—,86.36 Â± 0.76 / 93.12 Â± 0.39@@86.3569904907693,57.37 Â± 2.74 / 47.53 Â± 3.27@@57.37067229806099,6.32 Â± 2.68 / 46.08 Â± 5.06@@6.3183354223684844,71.72 Â± 0.81 / 53.25 Â± 1.38@@71.71707392453064,15.8.2.dev0@@150802,15.8.2.dev0@@150802,15.8.2.dev0@@150802,15.8.2.dev0@@150802
<a href='https://huggingface.co/Qwen/Qwen3-4B'>Qwen/Qwen3-4B (few-shot)</a>,ğŸ¤”,2.25@@2.25,4022468096.0,151936.0,40960.0,âœ“,âœ—,89.32 Â± 0.54 / 94.62 Â± 0.27@@89.3164729917214,52.99 Â± 1.84 / 29.45 Â± 1.24@@52.98738497544582,18.44 Â± 2.36 / 58.35 Â± 1.43@@18.43903551606259,60.97 Â± 0.87 / 48.23 Â± 0.80@@60.97245826544014,15.8.2@@150802,15.8.2@@150802,15.8.2@@150802,15.8.2@@150802
"<a href='https://ai.google.dev/gemini-api/docs/models#gemini-1.5-flash-002'>gemini/gemini-1.5-flash-002 (zero-shot, val)</a>",ğŸ“,2.26@@2.26,,256128.0,1048576.0,âœ“,âœ—,88.72 Â± 1.44 / 94.16 Â± 0.75@@88.72402845032937,41.67 Â± 1.81 / 23.30 Â± 0.94@@41.66812130493614,31.88 Â± 2.83 / 64.95 Â± 1.43@@31.88345335664891,55.13 Â± 0.67 / 34.98 Â± 0.95@@55.13236881944492,15.9.2.dev0@@150902,15.9.2.dev0@@150902,15.9.2.dev0@@150902,15.9.2.dev0@@150902
<a href='https://huggingface.co/google/gemma-3-4b-pt'>google/gemma-3-4b-pt (few-shot)</a>,ğŸ§ ,2.30@@2.30,4300079472.0,262144.0,,âœ“,âœ—,92.65 Â± 0.58 / 96.31 Â± 0.29@@92.6476525732942,40.23 Â± 1.15 / 34.80 Â± 1.21@@40.22868403943446,14.54 Â± 2.65 / 51.22 Â± 5.49@@14.535196098953667,71.34 Â± 1.55 / 55.92 Â± 2.32@@71.33579788791668,15.9.2.dev0@@150902,15.9.2.dev0@@150902,15.9.2.dev0@@150902,15.9.2.dev0@@150902
<a href='https://huggingface.co/meta-llama/Meta-Llama-3-8B-Instruct'>meta-llama/Meta-Llama-3-8B-Instruct (few-shot)</a>,ğŸ“,2.31@@2.31,8030261248.0,128256.0,8192.0,âœ“,âœ—,91.62 Â± 0.74 / 95.79 Â± 0.38@@91.61661339714267,52.86 Â± 1.68 / 37.60 Â± 1.43@@52.85920894497143,10.81 Â± 2.21 / 52.42 Â± 2.28@@10.8114408237007,64.96 Â± 1.38 / 49.83 Â± 1.36@@64.95680889689557,15.9.2.dev0@@150902,15.9.2.dev0@@150902,15.9.2.dev0@@150902,15.9.2.dev0@@150902
<a href='https://huggingface.co/deepseek-ai/DeepSeek-R1-0528-Qwen3-8B'>deepseek-ai/DeepSeek-R1-0528-Qwen3-8B (few-shot)</a>,ğŸ¤”,2.31@@2.31,8190735360.0,151936.0,131072.0,âœ“,âœ—,85.53 Â± 0.77 / 92.54 Â± 0.43@@85.53454481231215,55.78 Â± 1.91 / 35.44 Â± 1.38@@55.776331657915414,15.54 Â± 1.10 / 57.08 Â± 0.79@@15.544891330332296,60.10 Â± 0.51 / 42.79 Â± 0.74@@60.1015810277392,15.9.1@@150901,15.9.1@@150901,15.9.1@@150901,15.9.1@@150901
<a href='https://huggingface.co/01-ai/Yi-1.5-9B'>01-ai/Yi-1.5-9B (few-shot)</a>,ğŸ§ ,2.32@@2.32,8829407232.0,64000.0,4096.0,âœ“,âœ—,88.37 Â± 0.69 / 94.02 Â± 0.37@@88.3704582128215,47.81 Â± 2.92 / 27.33 Â± 1.40@@47.80894258751411,8.79 Â± 3.70 / 39.41 Â± 3.40@@8.79145810429186,72.47 Â± 1.03 / 50.88 Â± 1.91@@72.4685255149552,15.8.2.dev0@@150802,15.8.2.dev0@@150802,15.8.2.dev0@@150802,15.8.2.dev0@@150802
<a href='https://huggingface.co/microsoft/phi-4'>microsoft/phi-4 (few-shot)</a>,ğŸ“,2.32@@2.32,14659507200.0,100352.0,16384.0,âœ“,âœ—,92.07 Â± 0.62 / 95.99 Â± 0.32@@92.0666328438237,59.21 Â± 1.88 / 37.37 Â± 2.70@@59.21374357993656,33.19 Â± 2.38 / 65.10 Â± 1.42@@33.19002337053526,31.90 Â± 1.09 / 0.14 Â± 0.06@@31.895563808343724,15.9.2@@150902,15.9.2@@150902,15.9.2@@150902,15.9.2@@150902
<a href='https://huggingface.co/meta-llama/Llama-3.1-8B-Instruct'>meta-llama/Llama-3.1-8B-Instruct (few-shot)</a>,ğŸ“,2.32@@2.32,8030261248.0,128256.0,131072.0,âœ“,âœ—,91.68 Â± 0.63 / 95.83 Â± 0.32@@91.67504196665928,50.68 Â± 1.35 / 32.46 Â± 1.52@@50.68187796526998,13.17 Â± 2.63 / 54.94 Â± 1.67@@13.174231003388732,64.17 Â± 1.20 / 43.07 Â± 1.51@@64.1718012935102,15.9.2.dev0@@150902,15.9.2.dev0@@150902,15.9.2.dev0@@150902,15.9.2.dev0@@150902
<a href='https://huggingface.co/mistralai/Ministral-8B-Instruct-2410'>mistralai/Ministral-8B-Instruct-2410 (few-shot)</a>,ğŸ“,2.33@@2.33,8019808256.0,131072.0,32768.0,âœ“,âœ—,85.59 Â± 0.90 / 92.46 Â± 0.51@@85.59250691403302,52.46 Â± 1.44 / 23.11 Â± 1.15@@52.462070560351684,10.08 Â± 1.67 / 42.50 Â± 2.60@@10.083763473429755,68.69 Â± 0.89 / 53.10 Â± 0.99@@68.69396323884264,15.9.2.dev0@@150902,15.9.2.dev0@@150902,15.9.2.dev0@@150902,15.9.2.dev0@@150902
"<a href='https://platform.openai.com/docs/models/gpt-4.1-nano'>gpt-4.1-nano-2025-04-14 (zero-shot, val)</a>",ğŸ“,2.33@@2.33,,,1047576.0,âœ“,âœ—,87.59 Â± 1.16 / 93.69 Â± 0.61@@87.59426142266544,42.19 Â± 1.88 / 24.51 Â± 1.24@@42.18772618037161,29.04 Â± 1.77 / 60.59 Â± 1.53@@29.044473849892672,57.21 Â± 0.80 / 28.06 Â± 1.35@@57.20979133564085,15.9.2.dev0@@150902,15.9.2.dev0@@150902,15.9.2.dev0@@150902,15.9.2.dev0@@150902
<a href='https://huggingface.co/allenai/Llama-3.1-Tulu-3-8B-DPO'>allenai/Llama-3.1-Tulu-3-8B-DPO (few-shot)</a>,ğŸ“,2.39@@2.39,8030326784.0,128264.0,131072.0,âœ“,âœ—,91.52 Â± 0.53 / 95.73 Â± 0.27@@91.51943133189562,49.33 Â± 1.47 / 33.48 Â± 1.12@@49.33009737651388,9.93 Â± 1.21 / 39.35 Â± 1.00@@9.926106224276868,62.21 Â± 2.04 / 43.07 Â± 1.67@@62.20678570901022,15.9.2.dev0@@150902,15.9.2.dev0@@150902,15.9.2.dev0@@150902,15.9.2.dev0@@150902
<a href='https://huggingface.co/ibm-granite/granite-34b-code-instruct'>ibm-granite/granite-34b-code-instruct (few-shot)</a>,ğŸ“,2.40@@2.40,33715603456.0,49152.0,8192.0,âœ“,âœ—,85.07 Â± 1.37 / 92.52 Â± 0.70@@85.0735261808736,49.42 Â± 3.47 / 36.73 Â± 4.38@@49.423472220382436,10.74 Â± 1.93 / 52.62 Â± 2.29@@10.74398648158252,66.84 Â± 1.05 / 48.68 Â± 0.99@@66.83566985335396,15.8.2.dev0@@150802,15.8.2.dev0@@150802,15.8.2.dev0@@150802,15.8.2.dev0@@150802
<a href='https://huggingface.co/LumiOpen/Viking-33B'>LumiOpen/Viking-33B (few-shot)</a>,ğŸ§ ,2.41@@2.41,33119034368.0,131072.0,4096.0,âœ“,âœ—,93.15 Â± 0.58 / 96.56 Â± 0.29@@93.14537717258716,34.50 Â± 3.00 / 21.00 Â± 1.84@@34.502325644205555,19.49 Â± 2.75 / 57.70 Â± 3.26@@19.492031126612414,66.17 Â± 1.18 / 51.17 Â± 1.63@@66.17170931154574,15.10.0@@151000,15.10.0@@151000,15.10.0@@151000,15.10.0@@151000
"<a href='https://ai.google.dev/gemini-api/docs/models#gemini-1.5-flash-8b-001'>gemini/gemini-1.5-flash-8b-001 (zero-shot, val)</a>",ğŸ“,2.42@@2.42,,256128.0,1048576.0,âœ“,âœ—,88.87 Â± 1.32 / 94.24 Â± 0.68@@88.8673898972127,42.56 Â± 1.25 / 32.72 Â± 1.48@@42.559342238864,17.87 Â± 4.49 / 55.24 Â± 2.60@@17.87397345522546,61.08 Â± 0.71 / 46.55 Â± 0.73@@61.0824475383781,15.9.2.dev0@@150902,15.9.2.dev0@@150902,15.9.2.dev0@@150902,15.9.2.dev0@@150902
<a href='https://huggingface.co/mistralai/Mistral-7B-v0.1'>mistralai/Mistral-7B-v0.1 (few-shot)</a>,ğŸ§ ,2.43@@2.43,7241732096.0,32000.0,32768.0,âœ“,âœ—,89.98 Â± 0.78 / 94.98 Â± 0.40@@89.98497371363018,45.86 Â± 2.01 / 27.83 Â± 2.71@@45.86219887943581,6.45 Â± 3.06 / 42.97 Â± 6.03@@6.445298541379402,69.21 Â± 1.50 / 53.36 Â± 1.94@@69.20828018147161,15.9.2.dev0@@150902,15.9.2.dev0@@150902,15.9.2.dev0@@150902,15.9.2.dev0@@150902
<a href='https://huggingface.co/mistralai/Mistral-7B-v0.3'>mistralai/Mistral-7B-v0.3 (few-shot)</a>,ğŸ§ ,2.43@@2.43,7248023552.0,32768.0,32768.0,âœ“,âœ—,89.52 Â± 0.90 / 94.73 Â± 0.47@@89.51942208181661,45.48 Â± 2.20 / 26.01 Â± 2.32@@45.4822368295907,6.16 Â± 2.01 / 43.81 Â± 3.79@@6.156420044360939,69.63 Â± 2.18 / 52.92 Â± 2.54@@69.62980119267408,15.9.2.dev0@@150902,15.9.2.dev0@@150902,15.9.2.dev0@@150902,15.9.2.dev0@@150902
<a href='https://huggingface.co/ibm-granite/granite-20b-code-base'>ibm-granite/granite-20b-code-base (few-shot)</a>,ğŸ§ ,2.44@@2.44,20066993152.0,49152.0,8192.0,âœ“,âœ—,84.31 Â± 0.79 / 91.98 Â± 0.44@@84.30935470754012,51.90 Â± 2.29 / 36.77 Â± 3.94@@51.896134507720696,4.84 Â± 1.53 / 50.68 Â± 1.47@@4.837539788975579,68.61 Â± 0.94 / 48.44 Â± 1.70@@68.61469635634283,15.8.1.dev0@@150801,15.8.1.dev0@@150801,15.8.1.dev0@@150801,15.8.1.dev0@@150801
<a href='https://huggingface.co/meta-llama/Llama-3.2-3B'>meta-llama/Llama-3.2-3B (few-shot)</a>,ğŸ§ ,2.45@@2.45,3212749824.0,128256.0,131072.0,âœ“,âœ—,90.20 Â± 0.99 / 95.05 Â± 0.52@@90.19781171947741,43.18 Â± 2.42 / 22.46 Â± 2.05@@43.176310680054584,5.85 Â± 2.78 / 44.85 Â± 5.31@@5.846372118986796,70.50 Â± 1.66 / 52.58 Â± 2.22@@70.49956306615464,15.9.2.dev0@@150902,15.9.2.dev0@@150902,15.9.2.dev0@@150902,15.9.2.dev0@@150902
<a href='https://huggingface.co/deepcogito/cogito-v1-preview-llama-3B'>deepcogito/cogito-v1-preview-llama-3B (few-shot)</a>,ğŸ“,2.45@@2.45,3606752256.0,128256.0,131072.0,âœ“,âœ—,89.37 Â± 0.66 / 94.65 Â± 0.33@@89.3723545066301,42.06 Â± 1.77 / 22.90 Â± 0.77@@42.058323190213606,10.73 Â± 2.89 / 47.74 Â± 3.95@@10.733422300871617,68.04 Â± 0.77 / 47.62 Â± 1.01@@68.03602904902209,15.9.2.dev0@@150902,15.9.2.dev0@@150902,15.9.2.dev0@@150902,15.9.2.dev0@@150902
<a href='https://huggingface.co/allenai/Llama-3.1-Tulu-3.1-8B'>allenai/Llama-3.1-Tulu-3.1-8B (few-shot)</a>,ğŸ“,2.46@@2.46,8030326784.0,128264.0,131072.0,âœ“,âœ—,90.66 Â± 0.63 / 95.28 Â± 0.33@@90.66238641652579,50.21 Â± 1.29 / 32.84 Â± 1.16@@50.21436964048289,7.96 Â± 1.66 / 38.23 Â± 1.25@@7.960480373365433,60.84 Â± 1.61 / 40.56 Â± 2.02@@60.83804188032872,15.9.2.dev0@@150902,15.9.2.dev0@@150902,15.9.2.dev0@@150902,15.9.2.dev0@@150902
<a href='https://huggingface.co/google/gemma-3-27b-it'>google/gemma-3-27b-it (zero-shot)</a>,ğŸ“,2.46@@2.46,27432406640.0,262144.0,,âœ“,âœ—,90.31 Â± 0.56 / 95.04 Â± 0.30@@90.31328920000841,41.88 Â± 0.57 / 21.77 Â± 0.37@@41.87769455031791,16.05 Â± 1.20 / 54.73 Â± 0.64@@16.05261688383707,60.76 Â± 0.40 / 39.50 Â± 0.50@@60.763256047715366,15.8.1.dev0@@150801,15.8.1.dev0@@150801,15.8.1.dev0@@150801,15.8.1.dev0@@150801
<a href='https://huggingface.co/allenai/Llama-3.1-Tulu-3-8B'>allenai/Llama-3.1-Tulu-3-8B (few-shot)</a>,ğŸ“,2.48@@2.48,8030326784.0,128264.0,131072.0,âœ“,âœ—,91.28 Â± 0.62 / 95.60 Â± 0.32@@91.27855717227924,48.47 Â± 1.40 / 32.55 Â± 0.99@@48.4740998807532,9.22 Â± 1.36 / 38.07 Â± 0.99@@9.219038261883604,59.30 Â± 2.53 / 42.02 Â± 2.31@@59.298009592523954,15.9.2.dev0@@150902,15.9.2.dev0@@150902,15.9.2.dev0@@150902,15.9.2.dev0@@150902
<a href='https://huggingface.co/LumiOpen/Poro-34B-chat'>LumiOpen/Poro-34B-chat (few-shot)</a>,ğŸ“,2.54@@2.54,34216949760.0,128000.0,,âœ“,âœ—,92.55 Â± 0.52 / 96.27 Â± 0.26@@92.55311637474307,41.88 Â± 3.34 / 17.10 Â± 1.33@@41.87959041829005,13.00 Â± 1.98 / 50.19 Â± 3.53@@12.997070223404371,56.76 Â± 1.55 / 33.94 Â± 2.08@@56.75670660623956,15.10.0@@151000,15.10.0@@151000,15.10.0@@151000,15.10.0@@151000
<a href='https://huggingface.co/google/gemma-3-4b-it'>google/gemma-3-4b-it (few-shot)</a>,ğŸ“,2.57@@2.57,4300079472.0,262144.0,,âœ“,âœ—,86.71 Â± 1.02 / 93.07 Â± 0.57@@86.70952751662291,45.67 Â± 0.89 / 34.49 Â± 1.70@@45.6736115767858,10.77 Â± 1.45 / 48.43 Â± 1.53@@10.768653088539242,59.54 Â± 0.55 / 35.96 Â± 1.83@@59.54190268034338,15.9.2.dev0@@150902,15.9.2.dev0@@150902,15.9.2.dev0@@150902,15.9.2.dev0@@150902
<a href='https://huggingface.co/utter-project/EuroLLM-9B-Instruct'>utter-project/EuroLLM-9B-Instruct (few-shot)</a>,ğŸ“,2.58@@2.58,9152319488.0,128000.0,4096.0,âœ—,âœ—,89.95 Â± 1.13 / 94.86 Â± 0.61@@89.95283955238425,32.48 Â± 2.84 / 19.36 Â± 0.91@@32.48432789301762,6.25 Â± 1.33 / 35.99 Â± 1.09@@6.247281626053948,69.85 Â± 1.83 / 53.70 Â± 2.52@@69.85414319657504,15.10.0@@151000,15.10.0@@151000,15.10.0@@151000,15.10.0@@151000
<a href='https://huggingface.co/occiglot/occiglot-7b-eu5'>occiglot/occiglot-7b-eu5 (few-shot)</a>,ğŸ§ ,2.59@@2.59,7241732096.0,32000.0,32768.0,âœ“,âœ—,86.00 Â± 0.63 / 92.89 Â± 0.33@@85.99586211802432,42.65 Â± 2.35 / 31.31 Â± 2.81@@42.65406468885523,4.41 Â± 1.56 / 47.70 Â± 2.81@@4.407180296293041,68.40 Â± 1.43 / 51.05 Â± 2.29@@68.39999188820504,15.10.0@@151000,15.10.0@@151000,15.10.0@@151000,15.10.0@@151000
<a href='https://huggingface.co/deepseek-ai/DeepSeek-R1-Distill-Qwen-32B'>deepseek-ai/DeepSeek-R1-Distill-Qwen-32B (few-shot)</a>,ğŸ¤”,2.62@@2.62,32763876352.0,152064.0,131072.0,âœ“,âœ—,87.28 Â± 1.39 / 93.47 Â± 0.76@@87.2758344540066,49.67 Â± 1.99 / 26.03 Â± 1.29@@49.672072745025915,15.15 Â± 2.32 / 57.13 Â± 1.34@@15.150671499782348,43.90 Â± 1.35 / 26.94 Â± 2.09@@43.90492538424226,15.9.2.dev0@@150902,15.9.2.dev0@@150902,15.9.2.dev0@@150902,15.9.2.dev0@@150902
<a href='https://huggingface.co/CohereForAI/aya-expanse-8b'>CohereForAI/aya-expanse-8b (few-shot)</a>,ğŸ“,2.62@@2.62,8028033024.0,256000.0,8192.0,âœ—,âœ—,85.04 Â± 1.33 / 92.33 Â± 0.75@@85.03889063378699,36.81 Â± 2.09 / 21.56 Â± 1.50@@36.805124765565864,5.47 Â± 1.53 / 51.38 Â± 1.36@@5.473986075843031,71.14 Â± 0.62 / 53.77 Â± 1.09@@71.14102849025129,15.10.0@@151000,15.10.0@@151000,15.10.0@@151000,15.10.0@@151000
<a href='https://huggingface.co/allenai/OLMo-2-0325-32B-Instruct'>allenai/OLMo-2-0325-32B-Instruct (few-shot)</a>,ğŸ“,2.63@@2.63,32234279936.0,100352.0,4096.0,âœ—,âœ—,92.11 Â± 0.66 / 96.02 Â± 0.34@@92.11119059170422,55.52 Â± 1.47 / 22.68 Â± 0.80@@55.52172498878662,26.67 Â± 0.53 / 63.13 Â± 0.28@@26.672879941007228,22.87 Â± 1.52 / 0.00 Â± 0.00@@22.870883059029115,15.9.2@@150902,15.9.2@@150902,15.9.2@@150902,15.9.2@@150902
<a href='https://huggingface.co/occiglot/occiglot-7b-eu5-instruct'>occiglot/occiglot-7b-eu5-instruct (few-shot)</a>,ğŸ“,2.63@@2.63,7241748480.0,32002.0,32768.0,âœ—,âœ—,83.71 Â± 1.26 / 91.81 Â± 0.67@@83.70953615685923,45.89 Â± 2.02 / 21.39 Â± 2.02@@45.890040644060086,3.85 Â± 1.72 / 42.95 Â± 3.84@@3.85030604810606,62.90 Â± 2.47 / 35.15 Â± 3.80@@62.90253831716275,15.10.0@@151000,15.10.0@@151000,15.10.0@@151000,15.10.0@@151000
<a href='https://huggingface.co/meta-llama/Llama-3.2-3B-Instruct'>meta-llama/Llama-3.2-3B-Instruct (few-shot)</a>,ğŸ“,2.66@@2.66,3212749824.0,128256.0,131072.0,âœ“,âœ—,86.88 Â± 0.85 / 93.42 Â± 0.42@@86.87625377259067,42.33 Â± 2.09 / 26.28 Â± 1.47@@42.32804380991081,7.65 Â± 1.02 / 48.65 Â± 2.02@@7.650617494362513,60.20 Â± 0.78 / 40.80 Â± 1.02@@60.1978211365946,15.9.2.dev0@@150902,15.9.2.dev0@@150902,15.9.2.dev0@@150902,15.9.2.dev0@@150902
<a href='https://huggingface.co/TrustLLMeu/baseline-7-8b_2-3t-tokens_llama'>TrustLLMeu/baseline-7-8b_2-3t-tokens_llama (few-shot)</a>,ğŸ§ ,2.66@@2.66,7799574528.0,100096.0,4096.0,âœ“,âœ—,88.01 Â± 0.95 / 93.96 Â± 0.48@@88.01021807848261,41.68 Â± 2.21 / 26.60 Â± 3.80@@41.67733265291128,2.03 Â± 1.78 / 35.69 Â± 1.90@@2.0288377145018632,63.16 Â± 1.32 / 46.45 Â± 1.82@@63.158120275595365,15.10.0@@151000,15.10.0@@151000,15.10.0@@151000,15.10.0@@151000
<a href='https://huggingface.co/meta-llama/Llama-4-Scout-17B-16E-Instruct'>meta-llama/Llama-4-Scout-17B-16E-Instruct (few-shot)</a>,ğŸ“,2.68@@2.68,108641793536.0,200000.0,,âœ“,âœ—,92.50 Â± 0.66 / 96.21 Â± 0.34@@92.50234970417468,54.42 Â± 1.61 / 44.06 Â± 1.35@@54.417794197560696,21.99 Â± 3.43 / 50.73 Â± 3.62@@21.994811474790037,24.78 Â± 2.02 / 0.00 Â± 0.00@@24.779395008833454,15.9.2@@150902,15.9.2@@150902,15.9.2@@150902,15.9.2@@150902
<a href='https://huggingface.co/Qwen/Qwen3-1.7B'>Qwen/Qwen3-1.7B (few-shot)</a>,ğŸ¤”,2.73@@2.73,2031739904.0,151936.0,40960.0,âœ“,âœ—,85.24 Â± 1.09 / 92.59 Â± 0.54@@85.24380328910833,38.02 Â± 1.46 / 21.32 Â± 0.78@@38.0187049619977,8.86 Â± 1.54 / 54.07 Â± 0.85@@8.860040267243608,58.21 Â± 0.59 / 44.47 Â± 1.05@@58.212626644600164,15.9.2.dev0@@150902,15.9.2.dev0@@150902,15.9.2.dev0@@150902,15.9.2.dev0@@150902
<a href='https://huggingface.co/ibm-granite/granite-20b-code-instruct'>ibm-granite/granite-20b-code-instruct (few-shot)</a>,ğŸ“,2.74@@2.74,20066993152.0,49152.0,8192.0,âœ“,âœ—,78.98 Â± 0.98 / 88.71 Â± 0.59@@78.97739361799941,44.95 Â± 2.81 / 25.19 Â± 3.53@@44.95074334496297,3.61 Â± 1.45 / 46.11 Â± 3.48@@3.6115000935979644,61.33 Â± 1.34 / 43.17 Â± 1.54@@61.32927858321837,15.9.2.dev0@@150902,15.9.2.dev0@@150902,15.9.2.dev0@@150902,15.9.2.dev0@@150902
<a href='https://huggingface.co/meta-llama/Llama-4-Scout-17B-16E'>meta-llama/Llama-4-Scout-17B-16E (few-shot)</a>,ğŸ“,2.76@@2.76,108641793536.0,200000.0,,âœ“,âœ—,92.07 Â± 0.77 / 95.98 Â± 0.40@@92.06980011036127,62.15 Â± 1.44 / 50.94 Â± 2.61@@62.14675189201451,3.94 Â± 2.96 / 37.17 Â± 3.38@@3.935153530614051,31.75 Â± 1.31 / 0.36 Â± 0.10@@31.753570061542895,15.9.2@@150902,15.9.2@@150902,15.9.2@@150902,15.9.2@@150902
<a href='https://huggingface.co/lightonai/alfred-40b-1023'>lightonai/alfred-40b-1023 (few-shot)</a>,ğŸ“,2.78@@2.78,,65024.0,,âœ“,âœ—,84.24 Â± 1.42 / 92.01 Â± 0.77@@84.24150110815256,39.98 Â± 2.96 / 23.09 Â± 4.71@@39.97539714077056,3.19 Â± 0.66 / 43.33 Â± 2.48@@3.186130711542413,61.75 Â± 0.84 / 40.89 Â± 1.79@@61.75387898042885,15.9.1.dev0@@150901,15.9.1.dev0@@150901,15.9.1.dev0@@150901,15.9.1.dev0@@150901
<a href='https://huggingface.co/LumiOpen/Viking-7B'>LumiOpen/Viking-7B (few-shot)</a>,ğŸ§ ,2.79@@2.79,7550013440.0,131072.0,4096.0,âœ“,âœ—,91.09 Â± 0.43 / 95.53 Â± 0.21@@91.09294498406462,32.42 Â± 1.83 / 19.56 Â± 1.80@@32.42342109190758,3.54 Â± 2.20 / 42.41 Â± 4.66@@3.535160508014512,63.09 Â± 1.79 / 48.81 Â± 1.55@@63.09493651121038,15.10.0@@151000,15.10.0@@151000,15.10.0@@151000,15.10.0@@151000
<a href='https://huggingface.co/LumiOpen/Viking-13B'>LumiOpen/Viking-13B (few-shot)</a>,ğŸ§ ,2.84@@2.84,14030361600.0,131072.0,4096.0,âœ“,âœ—,90.30 Â± 0.46 / 95.11 Â± 0.24@@90.29625834549678,33.72 Â± 2.85 / 17.90 Â± 1.42@@33.72429222317849,1.40 Â± 0.80 / 45.94 Â± 2.68@@1.4036992909312418,60.60 Â± 2.63 / 44.20 Â± 3.64@@60.59638175502671,15.9.2.dev0@@150902,15.10.0@@151000,15.10.0@@151000,15.10.0@@151000
<a href='https://huggingface.co/CohereForAI/aya-23-8B'>CohereForAI/aya-23-8B (few-shot)</a>,ğŸ“,2.92@@2.92,8028033024.0,256000.0,8192.0,âœ—,âœ—,84.33 Â± 1.76 / 91.93 Â± 0.99@@84.33135089999288,36.96 Â± 1.69 / 26.45 Â± 2.30@@36.964836498005084,0.32 Â± 0.62 / 33.32 Â± 0.28@@0.31510491534269097,56.44 Â± 1.14 / 39.26 Â± 1.58@@56.442100284641654,15.10.0@@151000,15.10.0@@151000,15.10.0@@151000,15.10.0@@151000
<a href='https://huggingface.co/openGPT-X/Teuken-7B-instruct-research-v0.4'>openGPT-X/Teuken-7B-instruct-research-v0.4 (few-shot)</a>,ğŸ“,2.99@@2.99,7452725248.0,250680.0,4096.0,âœ—,âœ—,74.24 Â± 3.83 / 85.49 Â± 2.54@@74.23543904577656,32.58 Â± 1.86 / 17.85 Â± 0.96@@32.584209125970894,3.43 Â± 1.65 / 44.74 Â± 2.63@@3.43065778462666,62.04 Â± 1.45 / 42.85 Â± 1.94@@62.03534418530468,15.10.0@@151000,15.10.0@@151000,15.10.0@@151000,15.10.0@@151000
<a href='https://huggingface.co/google/gemma-3-1b-it'>google/gemma-3-1b-it (few-shot)</a>,ğŸ“,3.01@@3.01,999885952.0,262144.0,32768.0,âœ“,âœ—,81.45 Â± 2.55 / 90.18 Â± 1.51@@81.45002785418252,32.39 Â± 1.94 / 20.72 Â± 1.67@@32.38577972556639,4.60 Â± 1.22 / 47.62 Â± 2.86@@4.596867967764237,55.72 Â± 1.30 / 40.55 Â± 1.60@@55.71686793657959,15.9.2.dev0@@150902,15.9.2.dev0@@150902,15.9.2.dev0@@150902,15.9.2.dev0@@150902
<a href='https://huggingface.co/TrustLLMeu/baseline-7-8b_1t-tokens_llama'>TrustLLMeu/baseline-7-8b_1t-tokens_llama (few-shot)</a>,ğŸ§ ,3.02@@3.02,7799574528.0,100096.0,4096.0,âœ“,âœ—,71.76 Â± 3.77 / 84.36 Â± 2.68@@71.75589049766924,39.42 Â± 2.50 / 34.41 Â± 1.90@@39.42239381003995,1.40 Â± 2.05 / 40.64 Â± 3.82@@1.3999674141796814,56.14 Â± 2.29 / 40.17 Â± 2.52@@56.14270105519713,15.10.0@@151000,15.10.0@@151000,15.10.0@@151000,15.10.0@@151000
<a href='https://huggingface.co/meta-llama/Llama-3.2-1B'>meta-llama/Llama-3.2-1B (few-shot)</a>,ğŸ§ ,3.07@@3.07,1235814400.0,128256.0,131072.0,âœ“,âœ—,84.55 Â± 1.62 / 92.21 Â± 0.88@@84.55039874863752,24.05 Â± 4.66 / 20.23 Â± 4.12@@24.054225330635408,1.62 Â± 2.22 / 41.96 Â± 4.00@@1.6207463579702572,57.18 Â± 1.84 / 37.81 Â± 2.64@@57.179821052300724,15.9.2.dev0@@150902,15.9.2.dev0@@150902,15.9.2.dev0@@150902,15.9.2.dev0@@150902
<a href='https://huggingface.co/Qwen/Qwen2.5-Math-7B'>Qwen/Qwen2.5-Math-7B (few-shot)</a>,ğŸ“,3.12@@3.12,7615616512.0,152064.0,4096.0,âœ“,âœ—,83.21 Â± 1.58 / 91.58 Â± 0.79@@83.20610827007681,30.05 Â± 2.69 / 20.82 Â± 1.79@@30.046557382590773,3.10 Â± 2.08 / 34.53 Â± 0.87@@3.1046929695652463,45.29 Â± 4.86 / 20.07 Â± 6.18@@45.28580107919373,15.9.2.dev0@@150902,15.9.2.dev0@@150902,15.9.2.dev0@@150902,15.9.2.dev0@@150902
<a href='https://huggingface.co/utter-project/EuroLLM-1.7B'>utter-project/EuroLLM-1.7B (few-shot)</a>,ğŸ§ ,3.15@@3.15,,128000.0,4096.0,âœ“,âœ—,85.58 Â± 1.50 / 92.61 Â± 0.88@@85.57890796034027,22.45 Â± 2.88 / 19.85 Â± 2.60@@22.450467003106954,0.08 Â± 2.03 / 40.08 Â± 4.63@@0.0781554370333497,58.64 Â± 2.23 / 44.31 Â± 2.45@@58.6381640701008,15.10.0@@151000,15.10.0@@151000,15.10.0@@151000,15.10.0@@151000
<a href='https://huggingface.co/utter-project/EuroLLM-1.7B-Instruct'>utter-project/EuroLLM-1.7B-Instruct (few-shot)</a>,ğŸ“,3.15@@3.15,1656850432.0,128000.0,4096.0,âœ“,âœ—,81.74 Â± 4.76 / 90.10 Â± 3.01@@81.74171039769395,21.13 Â± 2.94 / 18.86 Â± 2.17@@21.125438120447747,2.59 Â± 1.12 / 37.91 Â± 2.57@@2.5853135699454253,58.51 Â± 1.22 / 40.78 Â± 1.74@@58.50667418187736,15.10.0@@151000,15.10.0@@151000,15.10.0@@151000,15.10.0@@151000
<a href='https://huggingface.co/google/gemma-3-1b-pt'>google/gemma-3-1b-pt (few-shot)</a>,ğŸ§ ,3.22@@3.22,999885952.0,262144.0,32768.0,âœ“,âœ—,89.68 Â± 0.73 / 94.82 Â± 0.37@@89.67872091536509,18.21 Â± 1.54 / 16.69 Â± 1.53@@18.20889851714013,0.47 Â± 1.98 / 38.95 Â± 3.70@@0.4681099178516011,50.22 Â± 4.13 / 34.54 Â± 3.94@@50.221070555405724,15.9.2.dev0@@150902,15.9.2.dev0@@150902,15.9.2.dev0@@150902,15.9.2.dev0@@150902
<a href='https://huggingface.co/mistralai/Mistral-7B-Instruct-v0.2'>mistralai/Mistral-7B-Instruct-v0.2 (few-shot)</a>,ğŸ“,3.24@@3.24,7241732096.0,32000.0,32768.0,âœ—,âœ—,85.41 Â± 0.47 / 92.65 Â± 0.25@@85.41042837289783,38.53 Â± 1.39 / 20.08 Â± 0.96@@38.52949292823216,4.21 Â± 0.91 / 48.92 Â± 0.99@@4.213268953742151,32.17 Â± 1.77 / 4.33 Â± 1.08@@32.17104756191119,15.9.2.dev0@@150902,15.9.2.dev0@@150902,15.9.2.dev0@@150902,15.9.2.dev0@@150902
<a href='https://huggingface.co/Qwen/Qwen3-0.6B'>Qwen/Qwen3-0.6B (few-shot)</a>,ğŸ¤”,3.32@@3.32,751632384.0,151936.0,40960.0,âœ“,âœ—,70.41 Â± 1.99 / 84.90 Â± 1.12@@70.40990069908497,26.84 Â± 1.97 / 18.01 Â± 1.39@@26.838729412708684,2.19 Â± 1.30 / 44.98 Â± 0.99@@2.1891384048140035,49.17 Â± 1.12 / 32.51 Â± 1.71@@49.169645833292506,15.9.2.dev0@@150902,15.9.2.dev0@@150902,15.9.2.dev0@@150902,15.9.2.dev0@@150902
<a href='https://huggingface.co/openGPT-X/Teuken-7B-instruct-commercial-v0.4'>openGPT-X/Teuken-7B-instruct-commercial-v0.4 (few-shot)</a>,ğŸ“,3.34@@3.34,7452725248.0,250680.0,4096.0,âœ“,âœ—,53.13 Â± 9.76 / 70.07 Â± 7.85@@53.130940508189504,34.98 Â± 2.17 / 22.26 Â± 1.75@@34.97533472521778,1.73 Â± 1.08 / 44.49 Â± 1.57@@1.7262371263995089,54.85 Â± 2.45 / 36.95 Â± 1.82@@54.85059243505841,15.10.0@@151000,15.10.0@@151000,15.10.0@@151000,15.10.0@@151000
<a href='https://huggingface.co/HuggingFaceTB/SmolLM2-1.7B'>HuggingFaceTB/SmolLM2-1.7B (few-shot)</a>,ğŸ§ ,3.53@@3.53,1711376384.0,49152.0,8192.0,âœ“,âœ—,73.00 Â± 2.38 / 86.25 Â± 1.33@@73.00258313240138,26.52 Â± 1.53 / 16.79 Â± 1.75@@26.517490336226157,0.22 Â± 2.10 / 43.01 Â± 2.96@@0.2183054727294174,38.86 Â± 3.40 / 24.06 Â± 3.01@@38.8557306566152,15.9.2.dev0@@150902,15.9.2.dev0@@150902,15.9.2.dev0@@150902,15.9.2.dev0@@150902
<a href='https://huggingface.co/HuggingFaceTB/SmolLM2-1.7B-Instruct'>HuggingFaceTB/SmolLM2-1.7B-Instruct (few-shot)</a>,ğŸ“,3.56@@3.56,1711376384.0,49152.0,8192.0,âœ“,âœ—,61.14 Â± 3.71 / 77.91 Â± 3.20@@61.14267058418239,26.92 Â± 1.83 / 14.58 Â± 1.26@@26.91615881765147,1.68 Â± 1.61 / 41.16 Â± 3.77@@1.683498498627256,44.99 Â± 2.77 / 27.58 Â± 2.79@@44.99351705165002,15.9.2.dev0@@150902,15.9.2.dev0@@150902,15.9.2.dev0@@150902,15.9.2.dev0@@150902
<a href='https://huggingface.co/microsoft/Phi-4-reasoning'>microsoft/Phi-4-reasoning (few-shot)</a>,ğŸ¤”,3.71@@3.71,14659507200.0,100352.0,32768.0,âœ“,âœ—,7.66 Â± 10.08 / 43.52 Â± 4.84@@7.662756143976841,31.75 Â± 6.38 / 24.50 Â± 4.49@@31.751175247062786,0.04 Â± 1.37 / 33.58 Â± 0.42@@0.042103206172487764,70.57 Â± 0.92 / 50.62 Â± 1.67@@70.57015016933147,15.9.2.dev0@@150902,15.9.2.dev0@@150902,15.9.2.dev0@@150902,15.9.2.dev0@@150902
<a href='https://huggingface.co/mistralai/Mistral-7B-Instruct-v0.1'>mistralai/Mistral-7B-Instruct-v0.1 (few-shot)</a>,ğŸ“,3.79@@3.79,7241732096.0,32000.0,32768.0,âœ“,âœ—,43.36 Â± 2.36 / 65.13 Â± 2.07@@43.361038142976895,19.71 Â± 2.16 / 13.80 Â± 0.73@@19.709502557027747,3.21 Â± 2.45 / 43.96 Â± 3.20@@3.212863895159157,49.09 Â± 3.52 / 31.00 Â± 4.42@@49.09248512342016,15.9.2.dev0@@150902,15.9.2.dev0@@150902,15.9.2.dev0@@150902,15.9.2.dev0@@150902
<a href='https://huggingface.co/meta-llama/Llama-3.2-1B-Instruct'>meta-llama/Llama-3.2-1B-Instruct (few-shot)</a>,ğŸ“,3.92@@3.92,1235814400.0,128256.0,131072.0,âœ“,âœ—,31.12 Â± 10.75 / 51.86 Â± 8.86@@31.1193786600085,27.70 Â± 1.89 / 17.52 Â± 2.14@@27.695131573685057,2.50 Â± 1.11 / 43.57 Â± 2.71@@2.4974361946987296,45.18 Â± 1.86 / 32.92 Â± 2.18@@45.17877222031824,15.9.2.dev0@@150902,15.9.2.dev0@@150902,15.9.2.dev0@@150902,15.9.2.dev0@@150902
<a href='https://huggingface.co/microsoft/Phi-4-mini-reasoning'>microsoft/Phi-4-mini-reasoning (few-shot)</a>,ğŸ¤”,3.94@@3.94,3836021760.0,200064.0,131072.0,âœ“,âœ—,60.90 Â± 6.45 / 78.25 Â± 5.21@@60.89701191260997,33.48 Â± 1.90 / 25.81 Â± 1.56@@33.4826704407824,4.17 Â± 1.76 / 45.03 Â± 3.28@@4.174152603561883,7.66 Â± 1.44 / 0.00 Â± 0.00@@7.662075755410454,15.9.2@@150902,15.9.2@@150902,15.9.2@@150902,15.9.2@@150902
<a href='https://huggingface.co/utter-project/EuroVLM-1.7B-Preview'>utter-project/EuroVLM-1.7B-Preview (few-shot)</a>,ğŸ“,4.55@@4.55,2061162016.0,128000.0,,âœ“,âœ—,14.03 Â± 1.98 / 37.78 Â± 0.94@@14.02909278727716,22.41 Â± 2.78 / 20.36 Â± 2.00@@22.40561637342428,3.33 Â± 1.77 / 45.59 Â± 3.65@@3.327505971282064,23.57 Â± 0.73 / 0.02 Â± 0.02@@23.56622189818631,15.9.2@@150902,15.9.2@@150902,15.9.2@@150902,15.9.2@@150902
<a href='https://huggingface.co/deepseek-ai/DeepSeek-R1-Distill-Qwen-1.5B'>deepseek-ai/DeepSeek-R1-Distill-Qwen-1.5B (few-shot)</a>,ğŸ¤”,4.77@@4.77,1777088000.0,151936.0,131072.0,âœ“,âœ—,31.72 Â± 3.15 / 65.07 Â± 1.82@@31.715640028360546,11.63 Â± 1.49 / 9.87 Â± 1.21@@11.63236481097234,-0.84 Â± 1.20 / 35.99 Â± 0.76@@-0.8430432795885708,7.04 Â± 0.56 / 0.02 Â± 0.02@@7.03992928628756,15.9.2.dev0@@150902,15.9.2.dev0@@150902,15.9.2.dev0@@150902,15.9.2.dev0@@150902
<a href='https://huggingface.co/HuggingFaceTB/SmolLM2-360M'>HuggingFaceTB/SmolLM2-360M (few-shot)</a>,ğŸ§ ,4.95@@4.95,361821120.0,49152.0,8192.0,âœ“,âœ—,7.94 Â± 7.63 / 40.41 Â± 6.02@@7.9447682095861465,9.82 Â± 1.13 / 9.36 Â± 1.23@@9.817546873040026,-0.04 Â± 0.98 / 33.96 Â± 1.25@@-0.04347089407726261,15.25 Â± 3.53 / 9.18 Â± 2.91@@15.253788658333832,15.9.2.dev0@@150902,15.9.2.dev0@@150902,15.9.2.dev0@@150902,15.9.2.dev0@@150902
<a href='https://huggingface.co/Qwen/Qwen2.5-Math-1.5B'>Qwen/Qwen2.5-Math-1.5B (few-shot)</a>,ğŸ“,4.99@@4.99,1543714304.0,151936.0,4096.0,âœ“,âœ—,0.65 Â± 1.64 / 33.62 Â± 0.43@@0.6519574286271639,16.69 Â± 1.68 / 11.28 Â± 1.19@@16.68671287680424,0.14 Â± 1.59 / 46.69 Â± 2.19@@0.14218062741962648,14.73 Â± 2.19 / 0.05 Â± 0.05@@14.732453883826636,15.9.2.dev0@@150902,15.9.2.dev0@@150902,15.9.2.dev0@@150902,15.9.2.dev0@@150902
<a href='https://huggingface.co/HuggingFaceTB/SmolLM2-360M-Instruct'>HuggingFaceTB/SmolLM2-360M-Instruct (few-shot)</a>,ğŸ“,5.08@@5.08,361821120.0,49152.0,8192.0,âœ“,âœ—,-0.26 Â± 7.50 / 36.17 Â± 4.09@@-0.2556034364404563,12.14 Â± 1.51 / 11.39 Â± 1.39@@12.141518525704113,0.40 Â± 1.01 / 38.58 Â± 4.68@@0.3951967214971902,14.75 Â± 3.23 / 5.62 Â± 2.31@@14.750818160964604,15.9.2.dev0@@150902,15.9.2.dev0@@150902,15.9.2.dev0@@150902,15.9.2.dev0@@150902
<a href='https://huggingface.co/HuggingFaceTB/SmolLM2-135M-Instruct'>HuggingFaceTB/SmolLM2-135M-Instruct (few-shot)</a>,ğŸ“,5.09@@5.09,134515008.0,49152.0,8192.0,âœ“,âœ—,6.54 Â± 6.17 / 39.74 Â± 4.47@@6.5424717831564365,11.68 Â± 1.50 / 12.14 Â± 1.27@@11.67761459048369,0.37 Â± 1.33 / 34.31 Â± 1.70@@0.3699050492921381,9.93 Â± 2.31 / 1.76 Â± 1.02@@9.928255321229054,15.9.2.dev0@@150902,15.9.2.dev0@@150902,15.9.2.dev0@@150902,15.9.2.dev0@@150902
<a href='https://huggingface.co/HuggingFaceTB/SmolLM2-135M'>HuggingFaceTB/SmolLM2-135M (few-shot)</a>,ğŸ§ ,5.11@@5.11,134515008.0,49152.0,8192.0,âœ“,âœ—,3.88 Â± 7.80 / 39.45 Â± 7.29@@3.8815771756522297,12.22 Â± 1.62 / 11.93 Â± 1.41@@12.22003942299664,-0.87 Â± 0.94 / 34.62 Â± 1.36@@-0.8671867562786751,10.00 Â± 3.44 / 5.17 Â± 2.45@@9.998695068432182,15.9.2.dev0@@150902,15.9.2.dev0@@150902,15.9.2.dev0@@150902,15.9.2.dev0@@150902
<a href='https://huggingface.co/sentence-transformers/paraphrase-multilingual-MiniLM-L12-v2'>sentence-transformers/paraphrase-multilingual-MiniLM-L12-v2</a>,ğŸ”,-@@100,117654272.0,250037.0,512.0,âœ“,âœ—,85.59 Â± 0.63 / 92.79 Â± 0.31@@85.59262275838556,51.20 Â± 1.80 / 51.16 Â± 2.01@@51.202262844406874,0.45 Â± 2.06 / 48.28 Â± 1.87@@0.44885694653434344,-@@-1,15.10.0@@151000,15.10.0@@151000,15.10.0@@151000,-@@0
<a href='https://huggingface.co/sentence-transformers/distiluse-base-multilingual-cased-v1'>sentence-transformers/distiluse-base-multilingual-cased-v1</a>,ğŸ”,-@@100,134734080.0,119547.0,512.0,âœ“,âœ—,61.61 Â± 1.84 / 80.74 Â± 0.92@@61.60708211101179,-@@-1,-@@-1,-@@-1,15.10.0@@151000,-@@0,-@@0,-@@0
<a href='https://huggingface.co/sentence-transformers/distilbert-multilingual-nli-stsb-quora-ranking'>sentence-transformers/distilbert-multilingual-nli-stsb-quora-ranking</a>,ğŸ”,-@@100,134734080.0,119547.0,512.0,âœ“,âœ—,81.43 Â± 1.25 / 90.69 Â± 0.63@@81.42898611953997,58.91 Â± 0.77 / 59.16 Â± 1.15@@58.910504500775986,0.58 Â± 1.23 / 41.71 Â± 4.01@@0.5794250653278041,-@@-1,15.10.0@@151000,15.10.0@@151000,15.10.0@@151000,-@@0
<a href='https://huggingface.co/BSC-LT/salamandra-2b-instruct'>BSC-LT/salamandra-2b-instruct (few-shot)</a>,ğŸ“,-@@100,2253490176.0,256000.0,8192.0,âœ“,âœ—,85.18 Â± 1.00 / 92.29 Â± 0.57@@85.18427686430465,-@@-1,-@@-1,-@@-1,15.10.0@@151000,-@@0,-@@0,-@@0
<a href='https://huggingface.co/sentence-transformers/paraphrase-xlm-r-multilingual-v1'>sentence-transformers/paraphrase-xlm-r-multilingual-v1</a>,ğŸ”,-@@100,278044162.0,250002.0,512.0,âœ“,âœ—,83.98 Â± 1.45 / 91.97 Â± 0.73@@83.98120464588466,66.60 Â± 2.34 / 67.11 Â± 2.06@@66.60074760149838,0.97 Â± 1.54 / 45.13 Â± 3.77@@0.9675720834681162,-@@-1,15.10.0@@151000,15.10.0@@151000,15.10.0@@151000,-@@0
<a href='https://huggingface.co/152334H/miqu-1-70b-sf'>152334H/miqu-1-70b-sf (few-shot)</a>,ğŸ“,-@@100,68976648192.0,32000.0,32764.0,âœ“,âœ—,91.99 Â± 0.74 / 95.95 Â± 0.38@@91.99333953598516,-@@-1,-@@-1,-@@-1,15.10.0.dev0@@151000,-@@0,-@@0,-@@0
<a href='https://huggingface.co/sentence-transformers/quora-distilbert-multilingual'>sentence-transformers/quora-distilbert-multilingual</a>,ğŸ”,-@@100,134734080.0,119547.0,512.0,âœ“,âœ—,81.38 Â± 1.26 / 90.67 Â± 0.63@@81.37923522305428,58.89 Â± 0.79 / 59.13 Â± 1.15@@58.892004193612735,0.40 Â± 1.49 / 41.05 Â± 3.79@@0.3965443529632476,-@@-1,15.10.0@@151000,15.10.0@@151000,15.10.0@@151000,-@@0
<a href='https://huggingface.co/setu4993/LaBSE'>setu4993/LaBSE</a>,ğŸ”,-@@100,470927360.0,501153.0,512.0,âœ“,âœ—,84.22 Â± 2.41 / 92.08 Â± 1.22@@84.22130648957186,79.53 Â± 1.25 / 78.53 Â± 1.04@@79.53350391577435,17.22 Â± 6.63 / 57.62 Â± 3.34@@17.217283380131306,-@@-1,15.10.0@@151000,15.10.0@@151000,15.10.0@@151000,-@@0
<a href='https://huggingface.co/sentence-transformers/stsb-xlm-r-multilingual'>sentence-transformers/stsb-xlm-r-multilingual</a>,ğŸ”,-@@100,278044162.0,250002.0,512.0,âœ“,âœ—,87.13 Â± 0.75 / 93.55 Â± 0.37@@87.13211964740071,62.15 Â± 2.77 / 62.37 Â± 2.26@@62.148644677637165,0.76 Â± 1.66 / 48.67 Â± 2.13@@0.7622681621932355,-@@-1,15.10.0@@151000,15.10.0@@151000,15.10.0@@151000,-@@0
<a href='https://huggingface.co/cardiffnlp/twitter-xlm-roberta-base'>cardiffnlp/twitter-xlm-roberta-base</a>,ğŸ”,-@@100,277459977.0,250002.0,514.0,âœ“,âœ—,77.74 Â± 3.31 / 88.84 Â± 1.68@@77.73832682590873,73.75 Â± 1.19 / 72.13 Â± 0.90@@73.74902047879026,0.02 Â± 1.47 / 37.99 Â± 4.31@@0.018786403850710245,-@@-1,15.10.0@@151000,15.10.0@@151000,15.10.0@@151000,-@@0
<a href='https://huggingface.co/BSC-LT/salamandra-2b'>BSC-LT/salamandra-2b (few-shot)</a>,ğŸ§ ,-@@100,2253490176.0,256000.0,8192.0,âœ“,âœ—,88.87 Â± 0.75 / 94.34 Â± 0.42@@88.87140957373063,-@@-1,-@@-1,-@@-1,15.10.0@@151000,-@@0,-@@0,-@@0
<a href='https://huggingface.co/answerdotai/ModernBERT-large'>answerdotai/ModernBERT-large</a>,ğŸ”,-@@100,395881664.0,50368.0,8192.0,âœ“,âœ—,57.64 Â± 4.42 / 78.53 Â± 2.21@@57.63957273906517,34.01 Â± 2.93 / 33.70 Â± 3.11@@34.008198748252134,1.67 Â± 0.96 / 46.06 Â± 3.21@@1.6727481935139323,-@@-1,15.10.0@@151000,15.10.0@@151000,15.10.0@@151000,-@@0
<a href='https://huggingface.co/dbmdz/bert-base-historic-multilingual-cased'>dbmdz/bert-base-historic-multilingual-cased</a>,ğŸ”,-@@100,111243522.0,32000.0,512.0,âœ“,âœ—,71.23 Â± 2.33 / 85.58 Â± 1.17@@71.22725699455606,62.44 Â± 1.38 / 63.31 Â± 1.07@@62.436514380070584,-0.89 Â± 1.78 / 43.50 Â± 2.57@@-0.8886201038609175,-@@-1,15.10.0@@151000,15.10.0@@151000,15.10.0@@151000,-@@0
<a href='https://huggingface.co/ZurichNLP/unsup-simcse-xlm-roberta-base'>ZurichNLP/unsup-simcse-xlm-roberta-base</a>,ğŸ”,-@@100,277453570.0,250002.0,514.0,âœ“,âœ—,83.14 Â± 1.16 / 91.55 Â± 0.58@@83.1432373644871,76.22 Â± 1.98 / 73.91 Â± 1.70@@76.22315095497692,2.46 Â± 2.61 / 47.30 Â± 4.11@@2.463862659904788,-@@-1,15.10.0@@151000,15.10.0@@151000,15.10.0@@151000,-@@0
<a href='https://huggingface.co/Twitter/twhin-bert-large'>Twitter/twhin-bert-large</a>,ğŸ”,-@@100,561713298.0,250002.0,512.0,âœ“,âœ—,75.72 Â± 4.48 / 87.69 Â± 2.40@@75.71641973347856,71.19 Â± 1.98 / 71.30 Â± 1.77@@71.1926485666336,3.09 Â± 1.39 / 44.19 Â± 4.26@@3.0862550126730848,-@@-1,15.10.0@@151000,15.10.0@@151000,15.10.0@@151000,-@@0
<a href='https://huggingface.co/Twitter/twhin-bert-base'>Twitter/twhin-bert-base</a>,ğŸ”,-@@100,279080594.0,250002.0,512.0,âœ“,âœ—,72.46 Â± 5.58 / 86.01 Â± 2.83@@72.45598655652647,68.79 Â± 0.95 / 69.06 Â± 0.88@@68.78867476657643,3.56 Â± 1.39 / 46.83 Â± 3.17@@3.562544161931881,-@@-1,15.10.0@@151000,15.10.0@@151000,15.10.0@@151000,-@@0
<a href='https://huggingface.co/google/rembert'>google/rembert</a>,ğŸ”,-@@100,574602505.0,250300.0,512.0,âœ“,âœ—,83.29 Â± 2.69 / 91.61 Â± 1.36@@83.29168108689512,73.55 Â± 0.91 / 70.65 Â± 1.02@@73.54742505898366,6.53 Â± 7.07 / 47.75 Â± 6.65@@6.52909126508086,-@@-1,15.10.0@@151000,15.10.0@@151000,15.10.0@@151000,-@@0
<a href='https://ollama.com/library/hf.co'>ollama_chat/hf.co/mradermacher/Ahma-7B-Instruct-GGUF (few-shot)</a>,ğŸ“,-@@100,7002664960.0,,2048.0,âœ“,âœ—,76.01 Â± 9.18 / 86.02 Â± 6.62@@76.01453051067641,-@@-1,-@@-1,-@@-1,15.10.0@@151000,-@@0,-@@0,-@@0
<a href='https://huggingface.co/intfloat/multilingual-e5-base'>intfloat/multilingual-e5-base</a>,ğŸ”,-@@100,278044162.0,250002.0,512.0,âœ“,âœ—,86.32 Â± 0.67 / 93.14 Â± 0.34@@86.32015352112742,75.76 Â± 1.65 / 75.06 Â± 1.39@@75.76459272745967,7.95 Â± 2.75 / 51.32 Â± 3.52@@7.947383768818665,-@@-1,15.10.0@@151000,15.10.0@@151000,15.10.0@@151000,-@@0
<a href='https://huggingface.co/meta-llama/Llama-3.1-70B-Instruct'>meta-llama/Llama-3.1-70B-Instruct (few-shot)</a>,ğŸ“,-@@100,70553706496.0,128256.0,131072.0,âœ“,âœ—,92.65 Â± 0.66 / 96.30 Â± 0.34@@92.65213786177011,-@@-1,-@@-1,-@@-1,15.9.2.dev0@@150902,-@@0,-@@0,-@@0
<a href='https://huggingface.co/microsoft/mdeberta-v3-base'>microsoft/mdeberta-v3-base</a>,ğŸ”,-@@100,278225673.0,251000.0,512.0,âœ“,âœ—,85.45 Â± 1.13 / 92.70 Â± 0.58@@85.44746156594786,67.54 Â± 4.36 / 65.74 Â± 4.74@@67.53770037414671,23.18 Â± 8.54 / 56.78 Â± 7.76@@23.179413485169896,-@@-1,15.10.0@@151000,15.10.0@@151000,15.10.0@@151000,-@@0
<a href='https://huggingface.co/microsoft/xlm-align-base'>microsoft/xlm-align-base</a>,ğŸ”,-@@100,277459977.0,250002.0,514.0,âœ“,âœ—,81.91 Â± 1.49 / 90.94 Â± 0.74@@81.9098688806557,74.90 Â± 1.09 / 72.82 Â± 1.35@@74.90049541654243,2.37 Â± 2.25 / 44.96 Â± 2.62@@2.3683069722617955,-@@-1,15.10.0@@151000,15.10.0@@151000,15.10.0@@151000,-@@0
<a href='https://huggingface.co/Geotrend/distilbert-base-25lang-cased'>Geotrend/distilbert-base-25lang-cased</a>,ğŸ”,-@@100,108867577.0,84985.0,512.0,âœ“,âœ—,62.52 Â± 2.40 / 81.24 Â± 1.20@@62.522368228478456,64.81 Â± 1.35 / 64.20 Â± 1.48@@64.8065719248345,0.95 Â± 1.87 / 42.64 Â± 4.31@@0.9497792326579528,-@@-1,15.10.0@@151000,15.10.0@@151000,15.10.0@@151000,-@@0
<a href='https://huggingface.co/FacebookAI/xlm-roberta-large'>FacebookAI/xlm-roberta-large</a>,ğŸ”,-@@100,561192082.0,250002.0,512.0,âœ“,âœ—,89.85 Â± 1.08 / 94.90 Â± 0.54@@89.84631455539734,83.82 Â± 1.43 / 81.02 Â± 1.55@@83.81964690676662,35.46 Â± 14.63 / 63.21 Â± 10.60@@35.45858541130084,-@@-1,15.10.0@@151000,15.10.0@@151000,15.10.0@@151000,-@@0
<a href='https://huggingface.co/EuropeanParliament/EUBERT'>EuropeanParliament/EUBERT</a>,ğŸ”,-@@100,93990500.0,65636.0,512.0,âœ“,âœ—,67.01 Â± 3.43 / 83.42 Â± 1.74@@67.00576903952073,33.03 Â± 2.60 / 35.44 Â± 3.32@@33.02995302187951,2.34 Â± 1.81 / 50.56 Â± 0.87@@2.335189115373546,-@@-1,15.10.0@@151000,15.10.0@@151000,15.10.0@@151000,-@@0
<a href='https://huggingface.co/LumiOpen/Llama-Poro-2-70B-Instruct'>LumiOpen/Llama-Poro-2-70B-Instruct (few-shot)</a>,ğŸ“,-@@100,70553706496.0,128256.0,8192.0,âœ“,âœ—,93.10 Â± 0.51 / 96.52 Â± 0.26@@93.10316461796167,-@@-1,-@@-1,-@@-1,15.10.0.dev0@@151000,-@@0,-@@0,-@@0
<a href='https://huggingface.co/google/gemma-2b'>google/gemma-2b (few-shot)</a>,ğŸ§ ,-@@100,2506172416.0,256000.0,8192.0,âœ“,âœ—,89.49 Â± 0.91 / 94.72 Â± 0.47@@89.48511123193282,-@@-1,-@@-1,-@@-1,15.8.2@@150802,-@@0,-@@0,-@@0
