generative_type,model,rank,parameters,vocabulary_size,context,commercial,merge,allocine,eltec,scala_fr,fquad,orange_sum,mmlu_fr,hellaswag_fr,allocine_version,eltec_version,scala_fr_version,fquad_version,orange_sum_version,mmlu_fr_version,hellaswag_fr_version
ğŸ“,"<a href='https://platform.openai.com/docs/models/gpt-4o'>gpt-4o-2024-05-13 (few-shot, val)</a>",1.32@@1.32,,200019.0,128000.0,âœ“,âœ—,95.64 Â± 1.44 / 97.79 Â± 0.74@@95.6393035894765,69.67 Â± 4.44 / 60.14 Â± 4.38@@69.66583101183464,42.76 Â± 3.62 / 65.94 Â± 2.04@@42.757852087433534,70.88 Â± 1.03 / 36.03 Â± 1.55@@70.88057505579887,66.93 Â± 0.18 / 16.84 Â± 0.40@@66.92979243816808,72.03 Â± 1.74 / 79.34 Â± 1.23@@72.02788074074058,82.30 Â± 2.26 / 86.60 Â± 1.72@@82.30463464563174,15.1.0@@150100,15.1.0@@150100,15.1.0@@150100,15.1.0@@150100,15.1.0@@150100,15.1.0@@150100,15.1.0@@150100
ğŸ“,"<a href='https://platform.openai.com/docs/models/gpt-4-turbo'>gpt-4-1106-preview (few-shot, val)</a>",1.34@@1.34,,100256.0,128000.0,âœ“,âœ—,95.68 Â± 1.38 / 97.82 Â± 0.69@@95.68384432198663,75.02 Â± 2.41 / 65.24 Â± 2.34@@75.01527726544721,42.17 Â± 3.64 / 66.35 Â± 1.90@@42.17472963097308,69.15 Â± 1.21 / 35.06 Â± 1.84@@69.14911747426089,66.68 Â± 0.14 / 15.79 Â± 0.26@@66.67728800093755,67.35 Â± 1.90 / 75.66 Â± 1.41@@67.34963187931253,80.87 Â± 2.27 / 85.43 Â± 1.79@@80.86618313656197,15.1.0@@150100,15.1.0@@150100,15.1.0@@150100,15.1.0@@150100,15.1.0@@150100,15.1.0@@150100,15.1.0@@150100
ğŸ“,"<a href='https://platform.openai.com/docs/models/gpt-4o'>gpt-4o-2024-05-13 (zero-shot, val)</a>",1.43@@1.43,,200019.0,8191.0,âœ“,âœ—,93.73 Â± 1.52 / 96.80 Â± 0.78@@93.72906818377155,67.03 Â± 2.75 / 51.31 Â± 3.47@@67.03442480301506,45.51 Â± 2.97 / 68.41 Â± 1.52@@45.50621073397135,67.96 Â± 0.79 / 34.76 Â± 1.21@@67.95571208193444,66.69 Â± 0.14 / 15.90 Â± 0.29@@66.69429493835196,68.78 Â± 2.11 / 76.88 Â± 1.52@@68.77657601414062,70.77 Â± 1.58 / 77.54 Â± 1.18@@70.77149009754268,14.3.0.dev0@@140300,14.3.0.dev0@@140300,14.3.0.dev0@@140300,14.3.0.dev0@@140300,14.3.0.dev0@@140300,14.4.0@@140400,14.4.0@@140400
ğŸ“,<a href='https://huggingface.co/meta-llama/Llama-3.3-70B-Instruct'>meta-llama/Llama-3.3-70B-Instruct (few-shot)</a>,1.44@@1.44,70553706496.0,128256.0,131072.0,âœ“,âœ—,94.71 Â± 0.51 / 97.35 Â± 0.26@@94.70722374699048,68.16 Â± 1.97 / 62.15 Â± 2.31@@68.16048649437094,40.63 Â± 1.70 / 63.78 Â± 1.64@@40.62918065084098,65.10 Â± 0.97 / 33.68 Â± 0.94@@65.09773817604189,67.24 Â± 0.14 / 19.76 Â± 0.35@@67.23563273379114,70.68 Â± 0.70 / 77.99 Â± 0.54@@70.68053886233162,75.70 Â± 1.20 / 81.62 Â± 0.93@@75.69662198397621,15.3.1@@150301,15.3.1@@150301,15.3.1@@150301,15.3.1@@150301,15.3.1@@150301,15.3.1@@150301,15.3.1@@150301
ğŸ“,"<a href='https://docs.anthropic.com/en/docs/about-claude/models/all-models'>claude-3-5-sonnet-20241022 (zero-shot, val)</a>",1.47@@1.47,,,200000.0,âœ“,âœ—,89.83 Â± 1.71 / 94.71 Â± 0.91@@89.82825055562304,73.35 Â± 3.04 / 69.37 Â± 3.29@@73.34777277240022,41.76 Â± 3.91 / 66.85 Â± 1.96@@41.76032575022618,62.19 Â± 0.88 / 25.82 Â± 1.00@@62.194143379333,66.87 Â± 0.14 / 16.69 Â± 0.25@@66.87386335106567,72.54 Â± 2.33 / 79.57 Â± 1.77@@72.54139381204105,70.26 Â± 2.11 / 77.66 Â± 1.58@@70.26445739621342,14.3.0.dev0@@140300,14.3.0.dev0@@140300,14.3.0.dev0@@140300,14.3.0.dev0@@140300,14.3.0.dev0@@140300,14.4.0@@140400,14.4.0@@140400
ğŸ“,<a href='https://huggingface.co/mistralai/Mistral-Small-24B-Instruct-2501'>mistralai/Mistral-Small-24B-Instruct-2501 (few-shot)</a>,1.49@@1.49,23572403200.0,131072.0,32768.0,âœ“,âœ—,93.83 Â± 0.59 / 96.91 Â± 0.29@@93.83439200145904,70.22 Â± 1.96 / 63.83 Â± 2.81@@70.22108776521281,32.02 Â± 1.93 / 53.55 Â± 1.72@@32.02179154156769,72.43 Â± 1.36 / 42.12 Â± 1.13@@72.43162058606498,66.38 Â± 0.08 / 16.63 Â± 0.16@@66.38407493068371,63.54 Â± 0.84 / 72.60 Â± 0.65@@63.542842927064605,83.43 Â± 1.25 / 87.56 Â± 0.94@@83.43494866423896,15.0.0@@150000,15.0.0@@150000,15.0.0@@150000,15.0.0@@150000,15.0.0@@150000,15.0.0@@150000,15.0.0@@150000
ğŸ“,"<a href='https://ollama.com/library/gemma3'>ollama_chat/gemma3:27b (few-shot, val)</a>",1.56@@1.56,,,,âœ“,âœ—,96.63 Â± 0.76 / 98.30 Â± 0.38@@96.62864458766333,68.30 Â± 3.34 / 64.43 Â± 3.36@@68.30138233237764,40.01 Â± 5.74 / 67.68 Â± 3.25@@40.00567411868835,68.19 Â± 1.48 / 34.74 Â± 0.86@@68.1914714496519,66.77 Â± 0.20 / 18.04 Â± 0.28@@66.77088749129325,57.80 Â± 3.20 / 68.44 Â± 2.40@@57.797195786575784,65.91 Â± 2.28 / 73.95 Â± 1.88@@65.91321877249109,15.3.0.dev0@@150300,15.3.0.dev0@@150300,15.3.0.dev0@@150300,15.3.0.dev0@@150300,15.3.0.dev0@@150300,15.3.0.dev0@@150300,15.3.0.dev0@@150300
ğŸ“,"<a href='https://ollama.com/library/phi4'>ollama_chat/phi4 (few-shot, val)</a>",1.58@@1.58,,,,âœ“,âœ—,95.39 Â± 1.56 / 97.68 Â± 0.79@@95.38758352596497,64.43 Â± 4.03 / 62.07 Â± 3.64@@64.43460591624034,43.62 Â± 3.29 / 64.93 Â± 2.80@@43.61549682972877,71.88 Â± 1.98 / 37.20 Â± 2.92@@71.88310588602049,66.47 Â± 0.17 / 15.32 Â± 0.24@@66.47308412473649,59.76 Â± 1.89 / 69.73 Â± 1.47@@59.76049713673339,62.33 Â± 2.50 / 71.09 Â± 2.20@@62.33235945900686,15.3.0.dev0@@150300,15.3.0.dev0@@150300,15.3.0.dev0@@150300,15.3.0.dev0@@150300,15.3.0.dev0@@150300,15.3.0.dev0@@150300,15.3.0.dev0@@150300
ğŸ“,"<a href='https://platform.openai.com/docs/models/gpt-4o-mini'>gpt-4o-mini-2024-07-18 (few-shot, val)</a>",1.61@@1.61,,200019.0,128000.0,âœ“,âœ—,92.88 Â± 1.37 / 96.36 Â± 0.71@@92.88383512012162,58.85 Â± 2.72 / 52.10 Â± 2.72@@58.85070940888032,41.60 Â± 3.34 / 62.05 Â± 2.32@@41.6033776395203,71.95 Â± 1.63 / 38.21 Â± 1.77@@71.9491786470527,66.98 Â± 0.14 / 16.53 Â± 0.29@@66.98082837741822,58.35 Â± 3.16 / 68.52 Â± 2.42@@58.35188984275735,65.77 Â± 2.42 / 73.87 Â± 1.85@@65.76525056928507,15.1.0@@150100,15.1.0@@150100,15.1.0@@150100,15.1.0@@150100,15.1.0@@150100,15.1.0@@150100,15.1.0@@150100
ğŸ“,"<a href='https://platform.openai.com/docs/models/gpt-4-turbo'>gpt-4-1106-preview (zero-shot, val)</a>",1.62@@1.62,,100256.0,8191.0,âœ“,âœ—,91.75 Â± 1.52 / 95.75 Â± 0.80@@91.75365150915043,56.74 Â± 2.93 / 42.40 Â± 2.43@@56.73858778721732,40.20 Â± 3.56 / 66.53 Â± 1.74@@40.202115079837704,68.23 Â± 1.22 / 34.95 Â± 1.78@@68.23357985732049,66.54 Â± 0.12 / 16.07 Â± 0.23@@66.53922599973157,66.78 Â± 1.87 / 75.23 Â± 1.40@@66.77631238392067,66.59 Â± 1.96 / 74.30 Â± 1.43@@66.59089208263312,14.3.0.dev0@@140300,14.3.0.dev0@@140300,14.3.0.dev0@@140300,14.3.0.dev0@@140300,14.3.0.dev0@@140300,14.4.0@@140400,14.4.0@@140400
ğŸ“,"<a href='https://ollama.com/library/gemma3'>ollama_chat/gemma3:12b (few-shot, val)</a>",1.66@@1.66,,,,âœ“,âœ—,96.93 Â± 1.04 / 98.46 Â± 0.52@@96.92953982766753,69.52 Â± 3.04 / 62.13 Â± 2.83@@69.52109335043839,35.12 Â± 3.90 / 61.06 Â± 2.66@@35.122132459395026,67.21 Â± 2.03 / 36.84 Â± 1.42@@67.20529956022543,66.85 Â± 0.21 / 18.37 Â± 0.36@@66.85380258364603,54.43 Â± 2.03 / 66.05 Â± 1.48@@54.42623322389487,59.18 Â± 3.48 / 68.79 Â± 2.74@@59.17888228155309,15.2.0.dev0@@150200,15.2.0.dev0@@150200,15.3.0.dev0@@150300,15.3.0.dev0@@150300,15.3.0.dev0@@150300,15.3.0.dev0@@150300,15.3.0.dev0@@150300
ğŸ“,<a href='https://huggingface.co/google/gemma-2-9b-it'>google/gemma-2-9b-it (few-shot)</a>,1.69@@1.69,9241705984.0,256000.0,4096.0,âœ“,âœ—,94.92 Â± 0.47 / 97.46 Â± 0.23@@94.92386682495761,59.73 Â± 2.14 / 49.66 Â± 3.04@@59.73116916786958,39.39 Â± 1.38 / 63.57 Â± 1.15@@39.391670811951855,71.10 Â± 1.01 / 40.21 Â± 0.45@@71.10235409231709,66.92 Â± 0.13 / 20.37 Â± 0.29@@66.91724325210089,54.61 Â± 0.73 / 65.86 Â± 0.56@@54.60963563667806,61.39 Â± 0.96 / 70.78 Â± 0.73@@61.38905001665806,14.4.0@@140400,14.4.0@@140400,14.4.0@@140400,14.4.0@@140400,14.4.0@@140400,14.4.0@@140400,14.4.0@@140400
ğŸ“,"<a href='https://platform.openai.com/docs/models/gpt-4'>gpt-4-0613 (zero-shot, val)</a>",1.72@@1.72,,100256.0,8191.0,âœ“,âœ—,95.46 Â± 1.14 / 97.70 Â± 0.57@@95.46115731503131,54.01 Â± 2.05 / 33.09 Â± 1.65@@54.01262943489746,34.37 Â± 3.38 / 65.35 Â± 1.55@@34.37187518615205,73.01 Â± 0.97 / 41.46 Â± 1.50@@73.01430486164448,67.30 Â± 0.20 / 18.36 Â± 0.32@@67.30306471465155,65.40 Â± 2.20 / 74.02 Â± 1.67@@65.39751439656564,53.16 Â± 2.27 / 64.77 Â± 1.71@@53.159216548594145,14.3.0.dev0@@140300,14.3.0.dev0@@140300,14.3.0.dev0@@140300,14.3.0.dev0@@140300,14.3.0.dev0@@140300,14.3.0.dev0@@140300,14.3.0.dev0@@140300
ğŸ§ ,<a href='https://huggingface.co/google/gemma-2-9b'>google/gemma-2-9b (few-shot)</a>,1.77@@1.77,9241705984.0,256000.0,4096.0,âœ“,âœ—,93.70 Â± 0.73 / 96.80 Â± 0.39@@93.69932444322441,61.04 Â± 2.09 / 56.12 Â± 2.20@@61.04241290840159,34.85 Â± 1.75 / 63.87 Â± 1.65@@34.85064903281647,73.05 Â± 1.78 / 44.63 Â± 1.28@@73.05424390754195,67.28 Â± 0.79 / 23.52 Â± 1.07@@67.2778412772459,52.83 Â± 0.88 / 64.43 Â± 0.70@@52.83180873436619,47.08 Â± 4.45 / 58.88 Â± 3.66@@47.07766659515927,14.4.0@@140400,14.4.0@@140400,14.4.0@@140400,14.4.0@@140400,14.4.0@@140400,14.4.0@@140400,14.4.0@@140400
ğŸ“,<a href='https://huggingface.co/speakleash/Bielik-11B-v2.3-Instruct'>speakleash/Bielik-11B-v2.3-Instruct (few-shot)</a>,1.79@@1.79,11168796672.0,32128.0,32768.0,âœ“,âœ“,94.36 Â± 0.30 / 97.16 Â± 0.15@@94.36474849130548,62.20 Â± 1.93 / 56.14 Â± 2.51@@62.202069538708905,35.77 Â± 1.94 / 65.80 Â± 1.28@@35.77411705928728,74.61 Â± 0.61 / 43.94 Â± 0.81@@74.61002130420515,66.45 Â± 0.10 / 16.93 Â± 0.17@@66.44870135525707,42.43 Â± 0.81 / 56.82 Â± 0.61@@42.43115158948449,60.92 Â± 0.91 / 70.56 Â± 0.70@@60.9234043569815,15.1.0@@150100,15.1.0@@150100,15.1.0@@150100,15.1.0@@150100,15.1.0@@150100,15.1.0@@150100,15.1.0@@150100
ğŸ“,"<a href='https://platform.openai.com/docs/models/gpt-4o-mini'>gpt-4o-mini-2024-07-18 (zero-shot, val)</a>",1.79@@1.79,,200019.0,8191.0,âœ“,âœ—,88.50 Â± 1.32 / 93.98 Â± 0.72@@88.50295398743432,50.74 Â± 1.79 / 32.49 Â± 1.22@@50.74136601961949,41.36 Â± 3.43 / 67.51 Â± 1.65@@41.35637358748562,68.91 Â± 1.10 / 35.74 Â± 1.47@@68.91149307619521,66.76 Â± 0.13 / 16.04 Â± 0.25@@66.76028234185651,54.39 Â± 3.23 / 65.74 Â± 2.45@@54.38553428246665,58.76 Â± 2.76 / 67.93 Â± 2.14@@58.75782962166777,14.3.0.dev0@@140300,14.3.0.dev0@@140300,14.3.0.dev0@@140300,14.3.0.dev0@@140300,14.3.0.dev0@@140300,14.3.0.dev0@@140300,14.3.0.dev0@@140300
ğŸ“,<a href='https://huggingface.co/tiiuae/Falcon3-10B-Instruct'>tiiuae/Falcon3-10B-Instruct (few-shot)</a>,1.79@@1.79,10305653760.0,131072.0,32768.0,âœ“,âœ—,94.51 Â± 0.52 / 97.24 Â± 0.26@@94.51144966468235,52.91 Â± 1.66 / 51.66 Â± 1.62@@52.913528964902746,34.10 Â± 2.35 / 59.81 Â± 2.48@@34.10491497121866,74.33 Â± 1.41 / 42.69 Â± 0.93@@74.3251752641631,66.96 Â± 0.20 / 20.33 Â± 0.40@@66.96432187163737,54.13 Â± 0.89 / 65.58 Â± 0.67@@54.13156608938675,57.39 Â± 0.98 / 67.97 Â± 0.73@@57.39219041917638,15.1.0@@150100,15.1.0@@150100,15.1.0@@150100,15.1.0@@150100,15.1.0@@150100,15.1.0@@150100,15.1.0@@150100
ğŸ§ ,<a href='https://huggingface.co/tiiuae/Falcon3-10B-Base'>tiiuae/Falcon3-10B-Base (few-shot)</a>,1.88@@1.88,10305653760.0,131072.0,32768.0,âœ“,âœ—,93.22 Â± 0.70 / 96.54 Â± 0.37@@93.21918674679938,52.33 Â± 1.96 / 51.24 Â± 2.03@@52.32677843992325,32.97 Â± 2.93 / 65.95 Â± 1.29@@32.9708994160015,74.82 Â± 2.12 / 47.81 Â± 1.63@@74.82395474883927,66.55 Â± 1.20 / 21.66 Â± 1.43@@66.55409131053602,52.30 Â± 1.08 / 64.05 Â± 0.81@@52.30156187626112,44.79 Â± 2.05 / 57.31 Â± 1.71@@44.794501202670226,15.1.0@@150100,15.1.0@@150100,15.1.0@@150100,15.1.0@@150100,15.1.0@@150100,15.1.0@@150100,15.1.0@@150100
ğŸ“,<a href='https://huggingface.co/allenai/Llama-3.1-Tulu-3-8B-SFT'>allenai/Llama-3.1-Tulu-3-8B-SFT (few-shot)</a>,1.90@@1.90,8030326784.0,128264.0,131072.0,âœ“,âœ—,93.76 Â± 0.43 / 96.86 Â± 0.22@@93.76292083363738,53.17 Â± 2.08 / 52.36 Â± 2.23@@53.16736281144896,41.10 Â± 1.94 / 67.27 Â± 1.69@@41.0987403133974,71.97 Â± 2.42 / 43.47 Â± 1.66@@71.96652232521497,67.20 Â± 0.33 / 22.39 Â± 0.50@@67.20269384095445,40.51 Â± 0.90 / 54.95 Â± 0.72@@40.50996952713709,42.89 Â± 1.03 / 56.51 Â± 0.84@@42.89352712695922,15.1.0@@150100,15.1.0@@150100,15.1.0@@150100,15.1.0@@150100,15.1.0@@150100,15.1.0@@150100,15.1.0@@150100
ğŸ§ ,<a href='https://huggingface.co/upstage/SOLAR-10.7B-v1.0'>upstage/SOLAR-10.7B-v1.0 (few-shot)</a>,1.91@@1.91,10731524096.0,32000.0,4096.0,âœ“,âœ—,93.91 Â± 0.40 / 96.91 Â± 0.20@@93.91443947174487,59.02 Â± 1.81 / 55.75 Â± 1.52@@59.02319266231161,24.08 Â± 4.32 / 54.10 Â± 5.30@@24.082285781667014,77.54 Â± 1.05 / 48.92 Â± 1.04@@77.54028957854254,66.37 Â± 1.08 / 21.90 Â± 1.61@@66.3736946528661,39.26 Â± 1.02 / 54.12 Â± 0.84@@39.264609570675354,63.24 Â± 1.10 / 71.23 Â± 0.95@@63.23990558009236,15.0.0@@150000,15.0.0@@150000,15.0.0@@150000,15.0.0@@150000,15.0.0@@150000,15.0.0@@150000,15.0.0@@150000
ğŸ§ ,<a href='https://huggingface.co/nvidia/mistral-nemo-minitron-8b-base'>nvidia/mistral-nemo-minitron-8b-base (few-shot)</a>,1.97@@1.97,8414105600.0,131072.0,8192.0,âœ“,âœ—,92.51 Â± 0.68 / 96.17 Â± 0.36@@92.51066222684115,58.36 Â± 2.11 / 53.88 Â± 2.00@@58.35821189566144,30.60 Â± 1.94 / 60.68 Â± 2.08@@30.596351874733312,73.29 Â± 1.59 / 47.51 Â± 1.11@@73.28998293209054,66.21 Â± 1.07 / 20.62 Â± 1.44@@66.20678822713671,44.63 Â± 0.73 / 57.98 Â± 0.53@@44.62659478193081,39.39 Â± 1.89 / 51.43 Â± 1.93@@39.388905128548906,14.3.0.dev0@@140300,14.3.0.dev0@@140300,14.3.0.dev0@@140300,14.3.0.dev0@@140300,14.3.0.dev0@@140300,14.3.0.dev0@@140300,14.3.0.dev0@@140300
ğŸ“,<a href='https://huggingface.co/allenai/Llama-3.1-Tulu-3-8B-DPO'>allenai/Llama-3.1-Tulu-3-8B-DPO (few-shot)</a>,1.99@@1.99,8030326784.0,128264.0,131072.0,âœ“,âœ—,93.41 Â± 0.55 / 96.67 Â± 0.28@@93.41074146786474,48.96 Â± 1.83 / 47.23 Â± 1.94@@48.96027125164727,43.80 Â± 2.23 / 71.09 Â± 1.27@@43.80495962314992,69.92 Â± 2.32 / 41.07 Â± 1.44@@69.92383030704566,66.20 Â± 0.09 / 15.73 Â± 0.12@@66.2014915337204,39.41 Â± 0.99 / 54.27 Â± 0.75@@39.41133764891906,42.09 Â± 1.07 / 56.24 Â± 0.80@@42.08797524720546,15.1.0@@150100,15.1.0@@150100,15.1.0@@150100,15.1.0@@150100,15.1.0@@150100,15.1.0@@150100,15.1.0@@150100
ğŸ“,<a href='https://huggingface.co/CohereForAI/c4ai-command-r7b-12-2024'>CohereForAI/c4ai-command-r7b-12-2024 (few-shot)</a>,2.00@@2.00,8028033024.0,256000.0,4096.0,âœ—,âœ—,92.56 Â± 0.75 / 96.24 Â± 0.39@@92.56278525820049,53.91 Â± 2.41 / 40.73 Â± 2.59@@53.90768109879757,31.72 Â± 3.09 / 62.86 Â± 2.22@@31.716399154984785,71.42 Â± 1.35 / 42.56 Â± 0.78@@71.41738222542246,66.44 Â± 0.11 / 17.68 Â± 0.21@@66.43828802567441,44.42 Â± 0.96 / 58.11 Â± 0.78@@44.42034471233458,43.68 Â± 0.95 / 57.37 Â± 0.71@@43.68288767077772,14.4.0@@140400,14.4.0@@140400,14.4.0@@140400,14.4.0@@140400,14.4.0@@140400,14.4.0@@140400,14.4.0@@140400
ğŸ“,<a href='https://huggingface.co/allenai/Llama-3.1-Tulu-3-8B'>allenai/Llama-3.1-Tulu-3-8B (few-shot)</a>,2.01@@2.01,8030326784.0,128264.0,131072.0,âœ“,âœ—,93.29 Â± 0.53 / 96.61 Â± 0.27@@93.28618526159497,47.25 Â± 1.86 / 45.54 Â± 2.04@@47.25091502058797,43.58 Â± 2.09 / 70.91 Â± 1.16@@43.579676333093154,68.66 Â± 2.61 / 40.71 Â± 1.61@@68.65616964643839,66.24 Â± 0.10 / 15.88 Â± 0.19@@66.2442984993686,39.71 Â± 0.71 / 54.61 Â± 0.54@@39.705282053241234,42.30 Â± 1.04 / 56.37 Â± 0.77@@42.30091876599052,15.1.0@@150100,15.1.0@@150100,15.1.0@@150100,15.1.0@@150100,15.1.0@@150100,15.1.0@@150100,15.1.0@@150100
ğŸ§ ,<a href='https://huggingface.co/senseable/WestLake-7B-v2'>senseable/WestLake-7B-v2 (few-shot)</a>,2.02@@2.02,7241732096.0,32000.0,4096.0,âœ—,âœ—,91.64 Â± 1.36 / 95.69 Â± 0.74@@91.63982487860564,54.69 Â± 1.97 / 51.14 Â± 1.56@@54.69243126080079,31.87 Â± 2.90 / 63.41 Â± 1.74@@31.871066803768883,68.13 Â± 2.48 / 36.69 Â± 1.36@@68.13484010524601,67.00 Â± 0.21 / 21.14 Â± 0.75@@66.99962939717807,35.88 Â± 0.50 / 51.71 Â± 0.41@@35.87751285024876,47.81 Â± 0.91 / 60.27 Â± 0.85@@47.80889541779264,15.0.0@@150000,15.0.0@@150000,15.0.0@@150000,15.0.0@@150000,15.0.0@@150000,15.0.0@@150000,15.0.0@@150000
ğŸ§ ,<a href='https://huggingface.co/CohereForAI/aya-expanse-8b'>CohereForAI/aya-expanse-8b (few-shot)</a>,2.02@@2.02,8028033024.0,256000.0,8192.0,âœ—,âœ—,95.12 Â± 0.49 / 97.56 Â± 0.25@@95.11634339614105,49.10 Â± 3.13 / 34.00 Â± 2.16@@49.10348231396558,32.60 Â± 1.47 / 65.66 Â± 0.99@@32.59617478175841,69.30 Â± 1.02 / 40.25 Â± 0.50@@69.29501756558915,66.86 Â± 0.72 / 19.68 Â± 0.64@@66.86412185168592,38.99 Â± 0.95 / 54.20 Â± 0.74@@38.98920835481746,47.00 Â± 1.30 / 59.79 Â± 1.06@@46.995700018067495,15.1.0@@150100,14.3.0.dev0@@140300,14.3.0.dev0@@140300,14.3.0.dev0@@140300,14.3.0.dev0@@140300,14.3.0.dev0@@140300,14.3.0.dev0@@140300
ğŸ§ ,<a href='https://huggingface.co/allenai/Llama-3.1-Tulu-3.1-8B'>allenai/Llama-3.1-Tulu-3.1-8B (few-shot)</a>,2.02@@2.02,8030326784.0,128264.0,131072.0,âœ“,âœ—,93.83 Â± 0.46 / 96.90 Â± 0.24@@93.82905700572593,49.92 Â± 2.30 / 47.18 Â± 2.30@@49.91569453413636,41.73 Â± 2.11 / 68.18 Â± 1.74@@41.72884056707414,67.10 Â± 1.62 / 36.35 Â± 1.31@@67.10465441889318,66.27 Â± 0.10 / 16.14 Â± 0.18@@66.26643516210606,37.94 Â± 0.77 / 52.94 Â± 0.67@@37.93502021899234,40.34 Â± 1.11 / 54.34 Â± 0.88@@40.341507323138536,15.1.0@@150100,15.1.0@@150100,15.1.0@@150100,15.1.0@@150100,15.1.0@@150100,15.1.0@@150100,15.1.0@@150100
ğŸ“,<a href='https://huggingface.co/Nexusflow/Starling-LM-7B-beta'>Nexusflow/Starling-LM-7B-beta (few-shot)</a>,2.04@@2.04,7241748480.0,32002.0,4096.0,âœ—,âœ—,93.84 Â± 0.48 / 96.91 Â± 0.24@@93.84234581481303,52.03 Â± 1.51 / 37.86 Â± 2.27@@52.028028788610335,31.69 Â± 1.59 / 62.45 Â± 1.42@@31.692332755442802,71.90 Â± 0.58 / 38.13 Â± 0.96@@71.90480229198204,66.15 Â± 0.10 / 16.33 Â± 0.14@@66.1479415197391,32.67 Â± 1.46 / 49.10 Â± 1.09@@32.6671330293474,54.83 Â± 1.29 / 65.72 Â± 0.99@@54.83442678313958,14.3.0.dev0@@140300,14.3.0.dev0@@140300,14.3.0.dev0@@140300,14.3.0.dev0@@140300,14.3.0.dev0@@140300,14.3.0.dev0@@140300,14.3.0.dev0@@140300
ğŸ§ ,<a href='https://huggingface.co/tiiuae/Falcon3-7B-Base'>tiiuae/Falcon3-7B-Base (few-shot)</a>,2.04@@2.04,7455550464.0,131072.0,32768.0,âœ“,âœ—,93.15 Â± 0.79 / 96.53 Â± 0.40@@93.1540050231105,50.56 Â± 1.92 / 46.39 Â± 2.24@@50.55806069977036,36.47 Â± 3.67 / 66.66 Â± 2.44@@36.470911336593005,69.44 Â± 2.62 / 43.51 Â± 1.85@@69.44319879988234,66.28 Â± 0.98 / 21.13 Â± 1.22@@66.28010513522895,44.33 Â± 0.93 / 57.82 Â± 0.73@@44.32833933589431,35.98 Â± 2.38 / 50.21 Â± 2.30@@35.981538108285896,14.4.0@@140400,14.4.0@@140400,14.4.0@@140400,14.4.0@@140400,14.4.0@@140400,14.4.0@@140400,14.4.0@@140400
ğŸ“,<a href='https://huggingface.co/meta-llama/Llama-3.1-8B-Instruct'>meta-llama/Llama-3.1-8B-Instruct (few-shot)</a>,2.08@@2.08,8030261248.0,128256.0,131072.0,âœ“,âœ—,93.55 Â± 0.59 / 96.76 Â± 0.30@@93.5546986952189,51.78 Â± 2.71 / 46.76 Â± 3.00@@51.78214978097677,26.04 Â± 2.26 / 52.60 Â± 2.82@@26.04419069783833,64.96 Â± 0.96 / 32.46 Â± 0.97@@64.96111291761213,66.80 Â± 0.09 / 19.03 Â± 0.47@@66.79819833312649,42.45 Â± 1.05 / 56.71 Â± 0.77@@42.44784028562895,44.67 Â± 1.39 / 58.46 Â± 1.09@@44.67340301209767,15.1.0@@150100,15.1.0@@150100,15.1.0@@150100,15.1.0@@150100,15.1.0@@150100,15.1.0@@150100,15.1.0@@150100
ğŸ“,<a href='https://huggingface.co/mistralai/Ministral-8B-Instruct-2410'>mistralai/Ministral-8B-Instruct-2410 (few-shot)</a>,2.08@@2.08,8019808256.0,131072.0,32768.0,âœ“,âœ—,92.81 Â± 0.61 / 96.35 Â± 0.32@@92.8057637098911,59.05 Â± 1.64 / 53.26 Â± 1.85@@59.04966634080745,7.82 Â± 2.13 / 34.92 Â± 0.70@@7.821174029648437,69.74 Â± 1.40 / 40.14 Â± 0.88@@69.73908441681951,66.46 Â± 0.10 / 16.94 Â± 0.20@@66.45815813593799,38.44 Â± 0.85 / 53.00 Â± 0.69@@38.443075583182484,62.98 Â± 1.40 / 71.67 Â± 1.04@@62.98087371401546,15.0.0@@150000,14.3.0.dev0@@140300,14.3.0.dev0@@140300,14.3.0.dev0@@140300,14.3.0.dev0@@140300,14.3.0.dev0@@140300,14.3.0.dev0@@140300
ğŸ§ ,<a href='https://huggingface.co/meta-llama/Llama-3.1-8B'>meta-llama/Llama-3.1-8B (few-shot)</a>,2.09@@2.09,8030261248.0,128256.0,131072.0,âœ“,âœ—,92.16 Â± 0.79 / 95.98 Â± 0.42@@92.16471236547743,57.60 Â± 2.49 / 55.45 Â± 2.32@@57.60051802470581,30.98 Â± 1.59 / 62.94 Â± 2.58@@30.978757285518142,74.36 Â± 1.83 / 48.69 Â± 1.42@@74.3614369682979,65.97 Â± 1.01 / 19.94 Â± 1.43@@65.97343002154958,36.39 Â± 1.09 / 51.73 Â± 0.89@@36.39003682318332,29.98 Â± 1.99 / 46.38 Â± 1.67@@29.97802742698302,14.3.0.dev0@@140300,14.3.0.dev0@@140300,14.3.0.dev0@@140300,14.3.0.dev0@@140300,14.3.0.dev0@@140300,14.3.0.dev0@@140300,14.3.0.dev0@@140300
ğŸ“,<a href='https://huggingface.co/NousResearch/DeepHermes-3-Llama-3-8B-Preview'>NousResearch/DeepHermes-3-Llama-3-8B-Preview (few-shot)</a>,2.11@@2.11,8030261248.0,128256.0,131072.0,âœ“,âœ—,93.52 Â± 0.29 / 96.74 Â± 0.15@@93.5150590050902,52.56 Â± 2.64 / 49.04 Â± 2.67@@52.559852491019065,31.48 Â± 2.52 / 63.06 Â± 3.39@@31.48492748509433,68.62 Â± 1.38 / 37.82 Â± 0.98@@68.6235782510224,66.58 Â± 0.09 / 17.58 Â± 0.33@@66.57648015563609,36.44 Â± 0.65 / 51.82 Â± 0.51@@36.443516854147646,34.29 Â± 2.11 / 49.79 Â± 1.63@@34.2925985296655,15.1.0@@150100,15.1.0@@150100,15.1.0@@150100,15.1.0@@150100,15.1.0@@150100,15.1.0@@150100,15.1.0@@150100
ğŸ§ ,<a href='https://huggingface.co/ibm-granite/granite-3.0-8b-base'>ibm-granite/granite-3.0-8b-base (few-shot)</a>,2.18@@2.18,8170835968.0,49152.0,4096.0,âœ“,âœ—,92.91 Â± 0.99 / 96.40 Â± 0.52@@92.91403084876958,39.17 Â± 1.56 / 36.63 Â± 1.75@@39.17032998684457,32.72 Â± 3.27 / 64.16 Â± 3.46@@32.716968842249585,74.64 Â± 1.22 / 46.85 Â± 0.98@@74.64325350874137,66.95 Â± 0.80 / 22.99 Â± 1.09@@66.95461057272041,33.72 Â± 1.22 / 49.97 Â± 0.91@@33.71598252268496,32.43 Â± 1.45 / 48.11 Â± 1.33@@32.431383809224975,15.1.0@@150100,15.1.0@@150100,15.1.0@@150100,15.1.0@@150100,15.1.0@@150100,15.1.0@@150100,15.1.0@@150100
ğŸ“,"<a href='https://docs.anthropic.com/en/docs/about-claude/models/all-models'>claude-3-5-haiku-20241022 (zero-shot, val)</a>",2.22@@2.22,,,200000.0,âœ“,âœ—,53.45 Â± 2.44 / 76.07 Â± 1.28@@53.45477678268298,65.75 Â± 2.00 / 54.78 Â± 2.17@@65.75374226916762,18.01 Â± 4.70 / 44.72 Â± 2.66@@18.008900031386986,61.90 Â± 0.77 / 23.91 Â± 1.34@@61.8970767929211,66.68 Â± 0.11 / 15.83 Â± 0.20@@66.6815359168686,48.80 Â± 2.77 / 60.08 Â± 2.19@@48.799608144599496,49.18 Â± 1.67 / 60.94 Â± 1.55@@49.175295642093424,14.3.0.dev0@@140300,14.3.0.dev0@@140300,14.3.0.dev0@@140300,14.3.0.dev0@@140300,14.3.0.dev0@@140300,14.4.0@@140400,14.4.0@@140400
ğŸ§ ,<a href='https://huggingface.co/utter-project/EuroLLM-9B'>utter-project/EuroLLM-9B (few-shot)</a>,2.23@@2.23,9152319488.0,128000.0,4096.0,âœ“,âœ—,93.97 Â± 0.45 / 96.97 Â± 0.22@@93.96752988135762,48.47 Â± 2.33 / 42.64 Â± 1.45@@48.474704169515945,25.81 Â± 3.71 / 52.83 Â± 4.69@@25.808178886735895,71.25 Â± 1.48 / 43.59 Â± 0.67@@71.25278333386704,67.43 Â± 0.39 / 23.16 Â± 0.55@@67.42590260138968,31.65 Â± 0.73 / 48.46 Â± 0.56@@31.650109286825423,23.25 Â± 1.88 / 40.74 Â± 1.72@@23.24836222232156,15.0.0@@150000,15.0.0@@150000,15.0.0@@150000,15.0.0@@150000,15.0.0@@150000,15.0.0@@150000,15.0.0@@150000
ğŸ“,<a href='https://huggingface.co/ibm-granite/granite-3.0-8b-instruct'>ibm-granite/granite-3.0-8b-instruct (few-shot)</a>,2.25@@2.25,8170848256.0,49155.0,4096.0,âœ“,âœ—,90.20 Â± 2.55 / 95.05 Â± 1.31@@90.2031877157967,41.76 Â± 1.83 / 36.24 Â± 1.91@@41.75592183327435,27.60 Â± 3.08 / 60.17 Â± 3.19@@27.599909740654706,72.15 Â± 1.57 / 45.88 Â± 1.10@@72.14634042662485,66.82 Â± 0.11 / 19.77 Â± 0.22@@66.81760755251162,34.73 Â± 0.66 / 50.70 Â± 0.53@@34.73286965867852,32.95 Â± 1.24 / 48.66 Â± 1.25@@32.94565646025032,15.1.0@@150100,15.1.0@@150100,15.1.0@@150100,15.1.0@@150100,14.3.0.dev0@@140300,14.3.0.dev0@@140300,14.3.0.dev0@@140300
ğŸ§ ,<a href='https://huggingface.co/mistralai/Mistral-7B-v0.3'>mistralai/Mistral-7B-v0.3 (few-shot)</a>,2.30@@2.30,7248023552.0,32768.0,32768.0,âœ“,âœ—,94.49 Â± 0.70 / 97.23 Â± 0.36@@94.49183676497256,51.03 Â± 2.01 / 49.75 Â± 2.04@@51.029304853815574,26.13 Â± 1.39 / 61.72 Â± 0.76@@26.13276389201879,70.83 Â± 2.00 / 44.91 Â± 1.64@@70.83025650963611,65.70 Â± 1.22 / 20.85 Â± 1.56@@65.69506472471403,28.58 Â± 1.10 / 45.55 Â± 0.94@@28.583749005200183,18.17 Â± 1.46 / 36.77 Â± 1.37@@18.171728276137262,15.1.0@@150100,15.1.0@@150100,15.1.0@@150100,15.1.0@@150100,15.1.0@@150100,15.1.0@@150100,15.1.0@@150100
ğŸ§ ,<a href='https://huggingface.co/allenai/OLMo-2-1124-13B'>allenai/OLMo-2-1124-13B (few-shot)</a>,2.30@@2.30,13716198400.0,100352.0,4096.0,âœ“,âœ—,95.61 Â± 0.43 / 97.80 Â± 0.22@@95.61058422641162,51.04 Â± 2.07 / 47.64 Â± 1.82@@51.04190857698517,13.99 Â± 5.18 / 41.49 Â± 4.54@@13.985595540257222,76.02 Â± 0.70 / 48.07 Â± 0.40@@76.01928726195821,66.30 Â± 0.68 / 21.64 Â± 0.89@@66.30249704612652,34.87 Â± 1.36 / 50.97 Â± 1.06@@34.87214708394212,26.42 Â± 2.40 / 44.58 Â± 1.87@@26.424964279826145,15.0.0@@150000,15.0.0@@150000,15.0.0@@150000,15.0.0@@150000,15.0.0@@150000,15.0.0@@150000,15.0.0@@150000
ğŸ§ ,<a href='https://huggingface.co/mistralai/Mistral-7B-v0.1'>mistralai/Mistral-7B-v0.1 (few-shot)</a>,2.31@@2.31,7241732096.0,32000.0,4096.0,âœ“,âœ—,93.07 Â± 0.77 / 96.49 Â± 0.40@@93.07393188825223,50.27 Â± 1.78 / 48.27 Â± 1.97@@50.26825122326629,27.64 Â± 1.98 / 62.45 Â± 1.15@@27.641122005508667,71.88 Â± 1.70 / 46.57 Â± 1.39@@71.8756965987271,65.47 Â± 1.39 / 20.15 Â± 2.09@@65.46527453931049,29.57 Â± 0.86 / 46.69 Â± 0.76@@29.570864576666427,16.25 Â± 1.93 / 36.18 Â± 1.39@@16.247829267981036,15.0.0@@150000,15.0.0@@150000,15.0.0@@150000,15.0.0@@150000,15.0.0@@150000,15.0.0@@150000,15.0.0@@150000
ğŸ“,<a href='https://huggingface.co/utter-project/EuroLLM-9B-Instruct'>utter-project/EuroLLM-9B-Instruct (few-shot)</a>,2.31@@2.31,9152319488.0,128000.0,4096.0,âœ—,âœ—,92.98 Â± 0.43 / 96.47 Â± 0.22@@92.98014102403954,44.30 Â± 1.84 / 35.23 Â± 2.39@@44.297946425251396,25.29 Â± 2.39 / 52.64 Â± 2.91@@25.28993722264351,68.47 Â± 2.44 / 42.15 Â± 1.82@@68.47457704294217,66.25 Â± 0.09 / 16.45 Â± 0.08@@66.25453100918094,34.70 Â± 0.64 / 51.04 Â± 0.49@@34.702364216265494,28.48 Â± 2.20 / 45.09 Â± 1.92@@28.48056381517444,14.4.0@@140400,14.4.0@@140400,14.4.0@@140400,14.4.0@@140400,14.4.0@@140400,15.0.0@@150000,15.0.0@@150000
ğŸ§ ,<a href='https://huggingface.co/tiiuae/falcon-11B'>tiiuae/falcon-11B (few-shot)</a>,2.34@@2.34,11102822400.0,65024.0,8192.0,âœ“,âœ—,93.19 Â± 0.63 / 96.58 Â± 0.32@@93.18878132902725,50.25 Â± 1.92 / 48.42 Â± 1.98@@50.24598734675075,33.10 Â± 3.08 / 62.78 Â± 3.29@@33.10251916982961,47.12 Â± 8.60 / 21.59 Â± 7.52@@47.120827467239316,65.29 Â± 0.41 / 17.24 Â± 0.65@@65.28950273117516,29.04 Â± 1.15 / 46.08 Â± 0.82@@29.040519164968696,27.77 Â± 2.47 / 44.56 Â± 2.51@@27.769947066073392,15.1.0@@150100,15.1.0@@150100,15.1.0@@150100,15.1.0@@150100,15.1.0@@150100,15.1.0@@150100,15.1.0@@150100
ğŸ§ ,<a href='https://huggingface.co/google/gemma-7b'>google/gemma-7b (few-shot)</a>,2.35@@2.35,8537680896.0,256000.0,8192.0,âœ“,âœ—,90.30 Â± 1.71 / 94.95 Â± 0.95@@90.30145043187176,31.04 Â± 3.37 / 29.50 Â± 3.02@@31.035181452629125,21.05 Â± 5.42 / 49.72 Â± 5.70@@21.046209882142776,72.99 Â± 1.81 / 47.39 Â± 1.25@@72.99098486273252,66.50 Â± 0.95 / 22.19 Â± 1.40@@66.50150126952212,41.12 Â± 1.58 / 54.37 Â± 1.54@@41.11612284915747,26.38 Â± 1.70 / 40.69 Â± 1.66@@26.37677444846872,15.1.0@@150100,15.1.0@@150100,15.1.0@@150100,15.1.0@@150100,15.1.0@@150100,15.1.0@@150100,15.1.0@@150100
ğŸ“,<a href='https://huggingface.co/BSC-LT/salamandra-7b-instruct'>BSC-LT/salamandra-7b-instruct (few-shot)</a>,2.45@@2.45,7768117248.0,256000.0,8192.0,âœ“,âœ—,94.13 Â± 0.52 / 97.06 Â± 0.26@@94.12784285347675,47.20 Â± 2.06 / 40.71 Â± 2.56@@47.2000702741673,14.32 Â± 1.73 / 56.48 Â± 0.95@@14.315544557741317,73.15 Â± 1.15 / 46.41 Â± 0.82@@73.14696328579106,66.69 Â± 0.17 / 19.99 Â± 0.35@@66.68529315036722,23.52 Â± 0.77 / 40.47 Â± 0.65@@23.5240098244882,17.37 Â± 1.87 / 36.42 Â± 1.40@@17.369220558369936,14.4.0@@140400,14.4.0@@140400,14.4.0@@140400,14.4.0@@140400,14.4.0@@140400,14.4.0@@140400,14.4.0@@140400
ğŸ§ ,<a href='https://huggingface.co/meta-llama/Llama-2-13b-hf'>meta-llama/Llama-2-13b-hf (few-shot)</a>,2.49@@2.49,13015866880.0,32000.0,4096.0,âœ“,âœ—,91.53 Â± 1.37 / 95.64 Â± 0.75@@91.53238803746152,50.45 Â± 2.39 / 49.33 Â± 2.58@@50.4491413092836,13.39 Â± 4.37 / 44.91 Â± 6.75@@13.390038476683126,73.23 Â± 1.28 / 46.86 Â± 0.75@@73.2298143534687,65.69 Â± 1.13 / 20.37 Â± 1.42@@65.68837368977256,23.58 Â± 1.71 / 42.15 Â± 1.43@@23.582331543843623,11.38 Â± 1.89 / 32.29 Â± 1.69@@11.384032340033034,14.4.0@@140400,14.4.0@@140400,14.4.0@@140400,14.4.0@@140400,14.4.0@@140400,14.4.0@@140400,14.4.0@@140400
ğŸ§ ,<a href='https://huggingface.co/occiglot/occiglot-7b-eu5'>occiglot/occiglot-7b-eu5 (few-shot)</a>,2.50@@2.50,7241732096.0,32000.0,4096.0,âœ“,âœ—,94.68 Â± 0.72 / 97.32 Â± 0.37@@94.68067586975094,46.81 Â± 1.38 / 44.71 Â± 1.54@@46.805862359086525,19.58 Â± 2.62 / 55.28 Â± 3.00@@19.575781173643293,71.16 Â± 1.77 / 46.24 Â± 1.65@@71.15846554160504,66.53 Â± 0.78 / 22.14 Â± 1.13@@66.5276955004083,21.82 Â± 1.12 / 39.08 Â± 0.95@@21.820265892058487,8.54 Â± 1.61 / 30.63 Â± 1.27@@8.539381436626917,15.0.0@@150000,15.0.0@@150000,15.0.0@@150000,15.0.0@@150000,15.0.0@@150000,15.0.0@@150000,15.0.0@@150000
ğŸ“,<a href='https://huggingface.co/meta-llama/Llama-3.2-3B-Instruct'>meta-llama/Llama-3.2-3B-Instruct (few-shot)</a>,2.51@@2.51,3212749824.0,128256.0,131072.0,âœ—,âœ—,92.31 Â± 0.42 / 96.15 Â± 0.21@@92.31339437601294,44.15 Â± 1.99 / 34.83 Â± 1.97@@44.149248200922464,15.42 Â± 2.16 / 42.57 Â± 2.28@@15.41619350561628,61.01 Â± 1.57 / 33.01 Â± 1.21@@61.006471846620684,66.35 Â± 0.10 / 18.29 Â± 0.15@@66.35223404562566,29.13 Â± 0.91 / 46.86 Â± 0.68@@29.133634626081857,23.67 Â± 1.33 / 42.48 Â± 1.06@@23.669853053554775,15.1.0@@150100,15.1.0@@150100,15.1.0@@150100,15.1.0@@150100,15.1.0@@150100,15.1.0@@150100,15.1.0@@150100
ğŸ“,<a href='https://huggingface.co/mistralai/Mistral-7B-Instruct-v0.1'>mistralai/Mistral-7B-Instruct-v0.1 (few-shot)</a>,2.55@@2.55,7241732096.0,32000.0,4096.0,âœ“,âœ—,89.35 Â± 0.73 / 94.62 Â± 0.39@@89.34888045735735,43.43 Â± 1.68 / 38.76 Â± 2.03@@43.43139710680389,19.60 Â± 2.60 / 55.93 Â± 2.34@@19.598016176860057,63.97 Â± 2.71 / 36.17 Â± 1.14@@63.97336433814404,65.97 Â± 0.16 / 17.15 Â± 0.58@@65.97423053055536,21.98 Â± 0.93 / 40.87 Â± 0.69@@21.984493387577523,16.62 Â± 1.32 / 35.35 Â± 1.08@@16.622694552659077,15.1.0@@150100,15.1.0@@150100,15.1.0@@150100,15.1.0@@150100,15.1.0@@150100,15.1.0@@150100,15.1.0@@150100
ğŸ“,<a href='https://huggingface.co/mistralai/Mistral-7B-Instruct-v0.2'>mistralai/Mistral-7B-Instruct-v0.2 (few-shot)</a>,2.59@@2.59,7241732096.0,32000.0,32768.0,âœ—,âœ—,91.74 Â± 0.72 / 95.85 Â± 0.36@@91.73548377185587,40.08 Â± 2.01 / 34.66 Â± 2.19@@40.081759801740965,23.37 Â± 1.44 / 61.44 Â± 0.72@@23.368859540066623,50.77 Â± 3.05 / 19.81 Â± 2.99@@50.76946820889627,62.39 Â± 0.59 / 7.66 Â± 1.29@@62.385505531856325,28.42 Â± 1.35 / 44.45 Â± 1.14@@28.422205271681815,24.29 Â± 1.01 / 40.58 Â± 0.99@@24.2921154624584,15.1.0@@150100,15.1.0@@150100,15.1.0@@150100,15.1.0@@150100,15.1.0@@150100,15.1.0@@150100,15.1.0@@150100
ğŸ“,<a href='https://huggingface.co/occiglot/occiglot-7b-eu5-instruct'>occiglot/occiglot-7b-eu5-instruct (few-shot)</a>,2.60@@2.60,7241748480.0,32002.0,4096.0,âœ—,âœ—,94.34 Â± 0.45 / 97.17 Â± 0.23@@94.34327696449947,48.84 Â± 1.66 / 44.24 Â± 1.86@@48.83937775653878,28.77 Â± 3.07 / 62.19 Â± 2.66@@28.77417302007002,40.45 Â± 1.01 / 0.08 Â± 0.05@@40.44845419546138,65.95 Â± 0.14 / 18.60 Â± 0.32@@65.95115294010611,22.58 Â± 1.32 / 40.99 Â± 1.11@@22.5791404778728,11.31 Â± 1.71 / 32.53 Â± 1.45@@11.3125761106833,15.0.0@@150000,15.0.0@@150000,15.0.0@@150000,15.0.0@@150000,15.0.0@@150000,15.0.0@@150000,15.0.0@@150000
ğŸ§ ,<a href='https://huggingface.co/BSC-LT/salamandra-7b'>BSC-LT/salamandra-7b (few-shot)</a>,2.63@@2.63,7768117248.0,256000.0,8192.0,âœ“,âœ—,94.11 Â± 0.78 / 97.03 Â± 0.40@@94.11464963138846,45.34 Â± 1.91 / 42.85 Â± 1.89@@45.341434427329794,11.69 Â± 1.87 / 53.21 Â± 1.67@@11.688248418236197,67.56 Â± 1.74 / 42.43 Â± 1.31@@67.55620423760367,66.42 Â± 0.69 / 21.77 Â± 1.12@@66.4242980669951,18.88 Â± 0.60 / 38.00 Â± 0.54@@18.876527646272187,5.74 Â± 1.44 / 28.01 Â± 1.06@@5.7378374831957135,14.4.0@@140400,14.4.0@@140400,14.4.0@@140400,14.4.0@@140400,14.4.0@@140400,14.4.0@@140400,14.4.0@@140400
ğŸ“,<a href='https://huggingface.co/OpenLLM-France/Lucie-7B-Instruct-human-data'>OpenLLM-France/Lucie-7B-Instruct-human-data (few-shot)</a>,2.66@@2.66,6706960384.0,65024.0,32000.0,âœ“,âœ—,93.13 Â± 0.71 / 96.50 Â± 0.38@@93.13421174773356,39.45 Â± 1.50 / 39.08 Â± 1.58@@39.45217856680873,11.24 Â± 1.33 / 48.30 Â± 1.68@@11.244940690419906,73.99 Â± 0.34 / 47.06 Â± 0.43@@73.98927299798795,67.57 Â± 0.38 / 24.33 Â± 0.64@@67.56813086831244,8.29 Â± 0.57 / 31.03 Â± 0.41@@8.292545017630612,11.71 Â± 1.08 / 32.89 Â± 0.89@@11.708794465128953,14.4.0@@140400,14.4.0@@140400,14.4.0@@140400,14.4.0@@140400,14.4.0@@140400,14.4.0@@140400,14.4.0@@140400
ğŸ“,<a href='https://huggingface.co/ibm-granite/granite-3.0-3b-a800m-instruct'>ibm-granite/granite-3.0-3b-a800m-instruct (few-shot)</a>,2.67@@2.67,3374295552.0,49155.0,4096.0,âœ“,âœ—,90.96 Â± 2.48 / 95.40 Â± 1.30@@90.96446059726058,42.24 Â± 1.72 / 33.17 Â± 1.66@@42.237775105336425,5.21 Â± 1.56 / 42.58 Â± 4.32@@5.2124240382229,68.38 Â± 0.86 / 39.82 Â± 1.04@@68.38035462399563,66.45 Â± 0.14 / 20.80 Â± 0.26@@66.44655389740365,18.33 Â± 1.02 / 38.10 Â± 0.88@@18.331610472379634,15.03 Â± 1.24 / 34.85 Â± 1.10@@15.026577669987123,15.1.0@@150100,15.1.0@@150100,15.1.0@@150100,15.1.0@@150100,15.1.0@@150100,15.1.0@@150100,15.1.0@@150100
ğŸ§ ,<a href='https://huggingface.co/ibm-granite/granite-8b-code-base-4k'>ibm-granite/granite-8b-code-base-4k (few-shot)</a>,2.71@@2.71,8054910976.0,49152.0,4096.0,âœ“,âœ—,87.95 Â± 0.72 / 93.93 Â± 0.39@@87.94526007740858,59.55 Â± 1.49 / 58.06 Â± 1.55@@59.54874775676616,9.85 Â± 2.04 / 50.02 Â± 2.51@@9.85215152711091,66.28 Â± 2.13 / 41.27 Â± 1.35@@66.28206211697099,64.10 Â± 1.15 / 17.81 Â± 1.27@@64.10343282012036,10.95 Â± 1.13 / 33.02 Â± 0.81@@10.948295296708913,4.43 Â± 1.65 / 27.62 Â± 1.18@@4.433759152044852,15.1.0@@150100,15.1.0@@150100,15.1.0@@150100,15.1.0@@150100,15.1.0@@150100,15.1.0@@150100,15.1.0@@150100
ğŸ“,<a href='https://huggingface.co/ibm-granite/granite-8b-code-instruct-4k'>ibm-granite/granite-8b-code-instruct-4k (few-shot)</a>,2.72@@2.72,8054910976.0,49152.0,4096.0,âœ“,âœ—,84.81 Â± 2.73 / 92.25 Â± 1.39@@84.80970257512273,54.51 Â± 1.83 / 51.46 Â± 2.39@@54.512261738260314,15.14 Â± 1.82 / 55.51 Â± 2.03@@15.13558112730204,61.23 Â± 1.69 / 36.77 Â± 1.15@@61.23463166214931,64.83 Â± 0.52 / 17.14 Â± 0.50@@64.83004974812502,11.20 Â± 1.37 / 31.48 Â± 1.16@@11.201125599396917,4.62 Â± 0.48 / 27.42 Â± 0.35@@4.622256929270774,15.1.0@@150100,15.1.0@@150100,15.1.0@@150100,15.1.0@@150100,15.1.0@@150100,15.1.0@@150100,15.1.0@@150100
ğŸ§ ,<a href='https://huggingface.co/norallm/normistral-11b-warm'>norallm/normistral-11b-warm (few-shot)</a>,2.73@@2.73,11429893120.0,51200.0,1024000.0,âœ“,âœ—,91.38 Â± 0.78 / 95.65 Â± 0.40@@91.38251106917153,55.92 Â± 1.32 / 50.35 Â± 2.28@@55.916992925121136,3.71 Â± 1.79 / 43.42 Â± 3.95@@3.7110815533252612,69.41 Â± 1.48 / 43.92 Â± 1.08@@69.41068022362239,64.36 Â± 0.96 / 17.65 Â± 0.88@@64.35728535492672,10.55 Â± 1.08 / 32.73 Â± 0.72@@10.545716006545325,6.97 Â± 2.09 / 29.05 Â± 1.38@@6.966636088913019,15.0.0@@150000,15.0.0@@150000,15.0.0@@150000,15.0.0@@150000,15.0.0@@150000,15.0.0@@150000,15.0.0@@150000
ğŸ“,OpenLLM-France/Lucie-7B-Instruct (few-shot)</a>,2.75@@2.75,6706960384.0,65024.0,32000.0,âœ—,âœ—,93.67 Â± 0.54 / 96.81 Â± 0.28@@93.66635679650966,37.18 Â± 1.35 / 34.94 Â± 1.85@@37.183440354335254,13.67 Â± 1.33 / 54.82 Â± 1.39@@13.669092832675018,67.66 Â± 1.14 / 41.06 Â± 0.86@@67.65969731773598,66.42 Â± 0.10 / 17.81 Â± 0.64@@66.421469138877,9.18 Â± 0.75 / 31.25 Â± 0.75@@9.180016690972352,5.23 Â± 1.32 / 28.11 Â± 0.74@@5.234424861846394,14.3.0.dev0@@140300,14.3.0.dev0@@140300,14.3.0.dev0@@140300,14.3.0.dev0@@140300,14.3.0.dev0@@140300,14.3.0.dev0@@140300,14.3.0.dev0@@140300
ğŸ“,<a href='https://huggingface.co/openGPT-X/Teuken-7B-instruct-research-v0.4'>openGPT-X/Teuken-7B-instruct-research-v0.4 (few-shot)</a>,2.76@@2.76,7452725248.0,250680.0,4096.0,âœ—,âœ—,92.67 Â± 0.92 / 96.31 Â± 0.48@@92.66775069403437,42.30 Â± 1.46 / 26.74 Â± 1.70@@42.30184132895244,1.00 Â± 1.12 / 33.79 Â± 0.41@@1.0044594053287412,65.38 Â± 1.30 / 38.36 Â± 0.83@@65.38179242166434,66.36 Â± 0.09 / 17.50 Â± 0.22@@66.36040952143958,14.28 Â± 1.50 / 34.86 Â± 1.11@@14.279381184969628,11.00 Â± 1.60 / 31.32 Â± 1.09@@10.997393288111953,15.1.0@@150100,15.1.0@@150100,15.1.0@@150100,15.1.0@@150100,15.1.0@@150100,15.1.0@@150100,15.1.0@@150100
ğŸ“,<a href='https://huggingface.co/infly/OpenCoder-8B-Instruct'>infly/OpenCoder-8B-Instruct (few-shot)</a>,2.85@@2.85,7771262976.0,96640.0,8192.0,âœ“,âœ—,81.38 Â± 2.16 / 90.29 Â± 1.34@@81.3818036213544,48.54 Â± 1.86 / 41.91 Â± 2.01@@48.53866551652388,11.69 Â± 2.16 / 51.91 Â± 3.44@@11.691143827565483,58.80 Â± 2.06 / 30.69 Â± 2.90@@58.79614497740052,64.86 Â± 0.27 / 16.24 Â± 0.57@@64.86262409365736,7.81 Â± 2.72 / 29.11 Â± 2.28@@7.810796153215041,4.31 Â± 1.63 / 27.78 Â± 0.82@@4.312084698126927,14.4.0@@140400,14.4.0@@140400,14.4.0@@140400,14.4.0@@140400,14.4.0@@140400,14.4.0@@140400,14.4.0@@140400
ğŸ§ ,<a href='https://huggingface.co/ibm-granite/granite-3.0-3b-a800m-base'>ibm-granite/granite-3.0-3b-a800m-base (few-shot)</a>,2.85@@2.85,3374286336.0,49152.0,4096.0,âœ“,âœ—,93.84 Â± 0.54 / 96.90 Â± 0.28@@93.835107190666,34.72 Â± 3.89 / 30.53 Â± 2.52@@34.723659930115666,6.50 Â± 2.04 / 48.32 Â± 3.84@@6.500669244016491,64.80 Â± 0.96 / 37.99 Â± 0.78@@64.79854247323172,64.80 Â± 1.37 / 19.31 Â± 1.94@@64.79667543899268,11.66 Â± 1.07 / 32.92 Â± 0.88@@11.658715461633868,11.06 Â± 1.16 / 30.99 Â± 0.80@@11.064316841813856,15.1.0@@150100,15.1.0@@150100,15.1.0@@150100,15.1.0@@150100,15.1.0@@150100,15.1.0@@150100,15.1.0@@150100
ğŸ§ ,<a href='https://huggingface.co/Qwen/Qwen2.5-Math-7B'>Qwen/Qwen2.5-Math-7B (few-shot)</a>,2.87@@2.87,7615616512.0,152064.0,4096.0,âœ“,âœ—,88.38 Â± 0.89 / 94.13 Â± 0.47@@88.3786195316308,45.59 Â± 1.57 / 41.94 Â± 2.04@@45.588034388198395,7.67 Â± 3.01 / 39.92 Â± 3.76@@7.665825037700433,32.60 Â± 3.59 / 7.25 Â± 3.37@@32.5959112425638,61.94 Â± 0.98 / 14.25 Â± 1.08@@61.93840030144202,31.40 Â± 1.03 / 47.45 Â± 0.88@@31.403329700939945,16.52 Â± 1.99 / 36.82 Â± 1.70@@16.51562769497724,15.1.0@@150100,15.1.0@@150100,15.1.0@@150100,15.1.0@@150100,15.1.0@@150100,15.1.0@@150100,15.1.0@@150100
ğŸ“,<a href='https://huggingface.co/openGPT-X/Teuken-7B-instruct-commercial-v0.4'>openGPT-X/Teuken-7B-instruct-commercial-v0.4 (few-shot)</a>,2.92@@2.92,7452725248.0,250680.0,4096.0,âœ“,âœ—,79.50 Â± 4.50 / 88.53 Â± 2.83@@79.49628839873792,36.71 Â± 1.46 / 25.25 Â± 1.87@@36.711617659845,0.22 Â± 0.43 / 33.37 Â± 0.27@@0.21930477306603716,55.78 Â± 3.04 / 31.24 Â± 2.60@@55.7770158744522,67.39 Â± 0.15 / 21.51 Â± 0.17@@67.39319420157699,12.71 Â± 0.96 / 33.59 Â± 0.65@@12.708304470065777,11.11 Â± 0.89 / 31.26 Â± 0.81@@11.113864818217342,15.2.0.dev0@@150200,15.2.0.dev0@@150200,15.2.0.dev0@@150200,15.2.0.dev0@@150200,15.1.0@@150100,15.1.0@@150100,15.1.0@@150100
ğŸ§ ,<a href='https://huggingface.co/TrustLLMeu/baseline-7-8b_2-3t-tokens_llama'>TrustLLMeu/baseline-7-8b_2-3t-tokens_llama (few-shot)</a>,2.92@@2.92,7799574528.0,100096.0,4096.0,âœ“,âœ—,91.81 Â± 0.61 / 95.88 Â± 0.32@@91.8104201678748,45.30 Â± 2.43 / 43.23 Â± 2.59@@45.29698992742016,0.33 Â± 1.42 / 33.92 Â± 0.59@@0.3288892906402213,63.46 Â± 1.55 / 40.30 Â± 1.16@@63.45728252899054,64.78 Â± 1.27 / 19.36 Â± 1.37@@64.78124153072713,5.86 Â± 1.05 / 27.41 Â± 1.01@@5.863735751579989,1.11 Â± 1.54 / 25.62 Â± 0.92@@1.1103311282451738,15.0.0@@150000,15.0.0@@150000,15.0.0@@150000,15.0.0@@150000,15.0.0.dev0@@150000,15.0.0.dev0@@150000,15.0.0.dev0@@150000
ğŸ§ ,<a href='https://huggingface.co/TrustLLMeu/baseline-7-8b_1t-tokens_llama'>TrustLLMeu/baseline-7-8b_1t-tokens_llama (few-shot)</a>,3.00@@3.00,7799574528.0,100096.0,4096.0,âœ“,âœ—,91.02 Â± 0.74 / 95.46 Â± 0.40@@91.0222316709019,43.85 Â± 1.98 / 42.97 Â± 1.97@@43.84682739649614,2.37 Â± 1.42 / 34.99 Â± 1.23@@2.368357569245149,58.60 Â± 1.57 / 37.21 Â± 1.38@@58.59666987167414,64.29 Â± 1.01 / 17.91 Â± 1.16@@64.28655056573916,1.48 Â± 0.53 / 24.09 Â± 0.50@@1.484103087519436,-0.24 Â± 1.11 / 25.32 Â± 0.50@@-0.24235534179376456,15.0.0.dev0@@150000,15.1.0@@150100,15.1.0@@150100,15.1.0@@150100,15.1.0@@150100,15.1.0@@150100,15.1.0@@150100
ğŸ“,<a href='https://huggingface.co/HuggingFaceTB/SmolLM2-1.7B-Instruct'>HuggingFaceTB/SmolLM2-1.7B-Instruct (few-shot)</a>,3.10@@3.10,1711376384.0,49152.0,8192.0,âœ“,âœ—,85.81 Â± 0.85 / 92.80 Â± 0.47@@85.80555242432291,26.15 Â± 5.81 / 23.15 Â± 3.17@@26.14778290742622,4.73 Â± 2.37 / 34.98 Â± 1.95@@4.734291672146653,52.23 Â± 1.40 / 26.85 Â± 0.80@@52.2321923053543,64.51 Â± 0.14 / 15.30 Â± 0.18@@64.50731700111646,8.28 Â± 1.03 / 30.54 Â± 0.82@@8.28272824229537,5.71 Â± 1.44 / 28.21 Â± 0.95@@5.714485500117515,15.1.0@@150100,15.1.0@@150100,15.1.0@@150100,15.1.0@@150100,15.1.0@@150100,15.1.0@@150100,15.1.0@@150100
ğŸ§ ,<a href='https://huggingface.co/HuggingFaceTB/SmolLM2-1.7B'>HuggingFaceTB/SmolLM2-1.7B (few-shot)</a>,3.11@@3.11,1711376384.0,49152.0,8192.0,âœ“,âœ—,89.40 Â± 0.91 / 94.62 Â± 0.50@@89.39854130212396,35.20 Â± 2.03 / 30.35 Â± 1.94@@35.196352071240625,4.76 Â± 1.49 / 41.50 Â± 3.95@@4.764605376721623,44.34 Â± 1.88 / 26.51 Â± 1.27@@44.33697380961637,62.68 Â± 1.20 / 16.26 Â± 1.20@@62.68126625131117,9.18 Â± 1.01 / 30.52 Â± 0.84@@9.175353921512045,4.18 Â± 1.31 / 26.63 Â± 0.65@@4.17872310344307,15.1.0@@150100,15.1.0@@150100,15.1.0@@150100,15.1.0@@150100,15.1.0@@150100,15.1.0@@150100,15.1.0@@150100
ğŸ“,<a href='https://ollama.com/library/gemma3'>ollama_chat/gemma3:1b (few-shot)</a>,3.11@@3.11,,,,âœ“,âœ—,75.28 Â± 4.07 / 85.99 Â± 2.69@@75.28370500605533,26.92 Â± 1.41 / 20.21 Â± 0.81@@26.920399886466654,11.80 Â± 0.97 / 53.82 Â± 1.38@@11.804559540276102,46.30 Â± 1.26 / 24.28 Â± 1.09@@46.30007746029212,65.38 Â± 0.10 / 15.13 Â± 0.26@@65.37586902006296,7.59 Â± 0.92 / 29.91 Â± 0.82@@7.59438554966024,5.83 Â± 0.90 / 28.17 Â± 0.69@@5.8272464890022375,15.2.0.dev0@@150200,15.2.0.dev0@@150200,15.2.0.dev0@@150200,15.3.1@@150301,15.3.1@@150301,15.3.1@@150301,15.3.1@@150301
ğŸ“,<a href='https://huggingface.co/BSC-LT/salamandra-2b-instruct'>BSC-LT/salamandra-2b-instruct (few-shot)</a>,3.12@@3.12,2253490176.0,256000.0,8192.0,âœ“,âœ—,83.41 Â± 2.17 / 91.28 Â± 1.26@@83.4133346911679,31.20 Â± 2.27 / 30.19 Â± 2.40@@31.199794557944386,-1.10 Â± 1.31 / 34.12 Â± 0.80@@-1.0992894905922213,63.61 Â± 0.81 / 35.05 Â± 0.94@@63.60619526215753,64.67 Â± 0.65 / 17.76 Â± 1.07@@64.67309222294716,1.37 Â± 1.03 / 25.87 Â± 1.01@@1.3699361257424394,1.33 Â± 1.00 / 25.24 Â± 0.69@@1.3288272207125815,14.4.0@@140400,14.4.0@@140400,14.4.0@@140400,14.4.0@@140400,14.4.0@@140400,14.4.0@@140400,14.4.0@@140400
ğŸ§ ,<a href='https://huggingface.co/infly/OpenCoder-8B-Base'>infly/OpenCoder-8B-Base (few-shot)</a>,3.22@@3.22,7771263040.0,96640.0,8192.0,âœ“,âœ—,84.15 Â± 0.69 / 92.03 Â± 0.34@@84.15254340320354,48.58 Â± 2.25 / 42.72 Â± 2.85@@48.5829808362518,3.82 Â± 1.44 / 49.83 Â± 1.53@@3.8172674662335018,33.24 Â± 2.14 / 0.28 Â± 0.15@@33.237264100859704,58.94 Â± 1.40 / 13.15 Â± 1.03@@58.94088328815996,7.27 Â± 1.66 / 29.24 Â± 1.37@@7.271400294590061,4.14 Â± 1.74 / 27.37 Â± 1.00@@4.138456218960713,14.4.0@@140400,14.4.0@@140400,14.4.0@@140400,15.0.0@@150000,15.0.0@@150000,15.0.0@@150000,15.0.0@@150000
ğŸ§ ,<a href='https://huggingface.co/LumiOpen/Viking-13B'>LumiOpen/Viking-13B (few-shot)</a>,3.23@@3.23,14030361600.0,131072.0,4096.0,âœ“,âœ—,82.50 Â± 1.79 / 90.62 Â± 1.09@@82.4984178936538,31.99 Â± 3.92 / 28.10 Â± 3.12@@31.98816304200832,4.89 Â± 1.17 / 49.15 Â± 1.13@@4.885375761600559,46.04 Â± 2.19 / 27.99 Â± 1.24@@46.040975975285605,63.06 Â± 0.49 / 15.24 Â± 0.57@@63.06223767634946,0.16 Â± 1.50 / 23.79 Â± 0.54@@0.16468789241931275,0.05 Â± 1.18 / 25.49 Â± 0.47@@0.04789839304102494,15.1.0@@150100,15.1.0@@150100,15.1.0@@150100,15.1.0@@150100,15.1.0@@150100,15.1.0@@150100,15.1.0@@150100
ğŸ“,<a href='https://huggingface.co/google/gemma-7b-it'>google/gemma-7b-it (few-shot)</a>,3.25@@3.25,8537680896.0,256000.0,8192.0,âœ—,âœ—,56.71 Â± 13.06 / 71.80 Â± 10.30@@56.71035018686747,47.78 Â± 2.95 / 45.94 Â± 3.10@@47.77926179734057,12.17 Â± 1.62 / 49.92 Â± 3.50@@12.168694651536722,20.66 Â± 2.66 / 2.54 Â± 1.01@@20.661927036722837,61.41 Â± 0.70 / 13.00 Â± 0.75@@61.41125254478539,11.53 Â± 0.96 / 30.76 Â± 1.30@@11.53276799614376,6.89 Â± 1.71 / 28.09 Â± 0.94@@6.893574976539056,15.0.0@@150000,15.0.0@@150000,15.0.0.dev0@@150000,15.0.0.dev0@@150000,15.0.0.dev0@@150000,15.0.0.dev0@@150000,15.0.0.dev0@@150000
ğŸ“,<a href='https://huggingface.co/utter-project/EuroLLM-1.7B-Instruct'>utter-project/EuroLLM-1.7B-Instruct (few-shot)</a>,3.31@@3.31,1656850432.0,128000.0,4096.0,âœ“,âœ—,48.50 Â± 13.72 / 65.80 Â± 11.10@@48.50038281104913,24.44 Â± 2.92 / 23.07 Â± 2.83@@24.438033601089217,2.86 Â± 1.39 / 40.64 Â± 3.86@@2.8563683303594747,56.95 Â± 2.28 / 31.82 Â± 1.01@@56.95141983976936,65.72 Â± 0.41 / 19.12 Â± 0.72@@65.71633642393863,0.08 Â± 0.68 / 24.53 Â± 0.34@@0.08322406268239828,0.84 Â± 0.75 / 25.20 Â± 0.41@@0.8417874916143483,15.1.0@@150100,15.1.0@@150100,15.1.0@@150100,15.1.0@@150100,14.4.0@@140400,14.4.0@@140400,14.4.0@@140400
ğŸ§ ,<a href='https://huggingface.co/OpenLLM-France/Lucie-7B'>OpenLLM-France/Lucie-7B (few-shot)</a>,3.38@@3.38,6706960384.0,65024.0,32000.0,âœ“,âœ—,92.08 Â± 1.06 / 95.93 Â± 0.57@@92.08343704297157,33.49 Â± 1.79 / 32.90 Â± 1.94@@33.493901244639524,5.68 Â± 1.20 / 41.54 Â± 2.91@@5.683264881676484,33.69 Â± 1.48 / 0.12 Â± 0.03@@33.694693153167634,56.74 Â± 2.78 / 12.35 Â± 2.82@@56.741216710070155,1.32 Â± 1.05 / 26.76 Â± 0.70@@1.3166028324985302,1.06 Â± 0.63 / 25.53 Â± 0.51@@1.062837571971504,14.3.0.dev0@@140300,14.3.0.dev0@@140300,14.3.0.dev0@@140300,14.3.0.dev0@@140300,14.3.0.dev0@@140300,14.3.0.dev0@@140300,14.3.0.dev0@@140300
ğŸ§ ,<a href='https://huggingface.co/utter-project/EuroLLM-1.7B'>utter-project/EuroLLM-1.7B (few-shot)</a>,3.39@@3.39,,128000.0,4096.0,âœ“,âœ—,67.54 Â± 11.53 / 80.00 Â± 8.65@@67.54353031454264,25.98 Â± 2.34 / 25.71 Â± 2.32@@25.97862201908091,1.17 Â± 1.20 / 40.07 Â± 4.64@@1.1670496942052757,52.01 Â± 3.18 / 31.37 Â± 1.63@@52.013086562341286,61.47 Â± 1.12 / 15.35 Â± 1.16@@61.470880190900054,-1.43 Â± 1.24 / 23.32 Â± 0.63@@-1.4301675237150944,-0.14 Â± 1.00 / 24.88 Â± 0.74@@-0.1352916879121072,15.1.0@@150100,15.1.0@@150100,15.1.0@@150100,15.1.0@@150100,15.1.0@@150100,15.1.0@@150100,15.1.0@@150100
ğŸ§ ,<a href='https://huggingface.co/BSC-LT/salamandra-2b'>BSC-LT/salamandra-2b (few-shot)</a>,3.40@@3.40,2253490176.0,256000.0,8192.0,âœ“,âœ—,85.85 Â± 2.62 / 92.72 Â± 1.51@@85.84793119442763,28.07 Â± 3.24 / 27.43 Â± 3.34@@28.06645983828312,3.08 Â± 1.52 / 41.62 Â± 3.93@@3.078543219943266,53.13 Â± 3.53 / 31.89 Â± 2.06@@53.13241287547483,58.37 Â± 2.29 / 13.73 Â± 1.41@@58.37357604759745,-0.03 Â± 1.08 / 23.95 Â± 0.67@@-0.02654055839221077,-1.16 Â± 0.99 / 24.17 Â± 0.91@@-1.1643170428174667,14.4.0@@140400,14.4.0@@140400,14.4.0@@140400,14.4.0@@140400,14.4.0@@140400,14.4.0@@140400,14.4.0@@140400
ğŸ“,<a href='https://huggingface.co/timpal0l/Mistral-7B-v0.1-flashback-v2'>timpal0l/Mistral-7B-v0.1-flashback-v2 (few-shot)</a>,3.40@@3.40,7241732096.0,32000.0,4096.0,âœ“,âœ—,64.51 Â± 10.51 / 77.75 Â± 8.17@@64.50774066868676,43.82 Â± 1.87 / 36.94 Â± 2.62@@43.81868722253181,0.00 Â± 0.00 / 33.30 Â± 0.27@@0.0,24.62 Â± 3.19 / 0.05 Â± 0.03@@24.618917423934622,61.03 Â± 1.11 / 13.40 Â± 0.62@@61.02757741406094,3.64 Â± 1.79 / 25.63 Â± 0.66@@3.6414377758122147,0.47 Â± 1.02 / 26.37 Â± 0.86@@0.47060828503028024,15.1.0@@150100,15.1.0@@150100,15.1.0@@150100,15.1.0@@150100,15.1.0@@150100,15.1.0@@150100,15.1.0@@150100
ğŸ§ ,<a href='https://huggingface.co/ibm-granite/granite-3b-code-base-2k'>ibm-granite/granite-3b-code-base-2k (few-shot)</a>,3.57@@3.57,3482503680.0,49152.0,2048.0,âœ“,âœ—,8.35 Â± 13.44 / 40.21 Â± 9.67@@8.354482573464722,54.52 Â± 1.55 / 53.48 Â± 1.76@@54.524200795101216,3.60 Â± 1.69 / 41.37 Â± 4.72@@3.6013738323412015,58.70 Â± 1.41 / 36.72 Â± 0.90@@58.703305063951646,55.47 Â± 3.57 / 15.12 Â± 1.41@@55.4698989863391,3.97 Â± 1.02 / 27.54 Â± 0.82@@3.9705179758155675,4.34 Â± 0.73 / 27.86 Â± 0.60@@4.336623296529429,15.2.0.dev0@@150200,15.2.0.dev0@@150200,15.2.0.dev0@@150200,15.2.0.dev0@@150200,15.2.0.dev0@@150200,15.2.0.dev0@@150200,15.2.0.dev0@@150200
ğŸ“,<a href='https://huggingface.co/ibm-granite/granite-3b-code-instruct-2k'>ibm-granite/granite-3b-code-instruct-2k (few-shot)</a>,3.64@@3.64,3482503680.0,49152.0,2048.0,âœ“,âœ—,0.00 Â± 0.00 / 34.41 Â± 0.31@@0.0,49.37 Â± 2.79 / 48.55 Â± 2.64@@49.37180134064775,5.09 Â± 2.70 / 48.71 Â± 2.76@@5.092479193265243,56.31 Â± 0.97 / 32.85 Â± 0.54@@56.309574642750704,55.28 Â± 3.42 / 14.83 Â± 0.98@@55.2834007612546,5.09 Â± 0.98 / 27.42 Â± 0.78@@5.086904320881084,4.14 Â± 1.17 / 27.70 Â± 1.15@@4.136692410016279,15.1.0@@150100,15.1.0@@150100,15.2.0.dev0@@150200,15.2.0.dev0@@150200,15.2.0.dev0@@150200,15.2.0.dev0@@150200,15.2.0.dev0@@150200
ğŸ§ ,<a href='https://huggingface.co/microsoft/phi-2'>microsoft/phi-2 (few-shot)</a>,3.66@@3.66,2779683840.0,51200.0,2048.0,âœ“,âœ—,7.56 Â± 12.23 / 39.73 Â± 8.97@@7.560898607426332,39.83 Â± 1.81 / 38.37 Â± 2.13@@39.833461355346486,3.19 Â± 2.29 / 46.88 Â± 3.35@@3.1917813903806143,55.92 Â± 1.85 / 34.80 Â± 0.85@@55.92357745367965,55.50 Â± 3.42 / 14.14 Â± 1.22@@55.502378444653,9.43 Â± 0.94 / 30.02 Â± 0.93@@9.427658504913133,4.63 Â± 0.99 / 26.84 Â± 0.72@@4.629060605114941,15.0.0@@150000,15.0.0@@150000,15.0.0@@150000,15.0.0@@150000,15.0.0@@150000,15.0.0@@150000,15.0.0@@150000
ğŸ“,<a href='https://huggingface.co/Qwen/Qwen2.5-Math-1.5B'>Qwen/Qwen2.5-Math-1.5B (few-shot)</a>,3.67@@3.67,1543714304.0,151936.0,4096.0,âœ“,âœ—,54.36 Â± 8.27 / 73.28 Â± 7.01@@54.36278063186235,25.83 Â± 4.46 / 23.06 Â± 4.53@@25.82946770409426,2.12 Â± 1.53 / 34.35 Â± 1.32@@2.1203793190786633,13.01 Â± 0.56 / 0.02 Â± 0.02@@13.012425576494795,56.74 Â± 2.53 / 10.07 Â± 1.18@@56.74076318071457,10.52 Â± 0.78 / 32.02 Â± 0.62@@10.523452449356284,3.63 Â± 1.17 / 27.92 Â± 0.79@@3.626788665851045,15.1.0@@150100,15.1.0@@150100,15.1.0@@150100,15.1.0@@150100,15.1.0@@150100,15.1.0@@150100,15.1.0@@150100
ğŸ“,<a href='https://huggingface.co/infly/OpenCoder-1.5B-Instruct'>infly/OpenCoder-1.5B-Instruct (few-shot)</a>,3.75@@3.75,1905650880.0,96640.0,4096.0,âœ—,âœ—,11.34 Â± 7.98 / 40.30 Â± 5.23@@11.340768549560892,42.89 Â± 1.63 / 41.13 Â± 1.37@@42.88951411234979,1.22 Â± 1.93 / 39.83 Â± 3.34@@1.223628621199224,31.22 Â± 0.91 / 14.62 Â± 1.12@@31.2183152750273,60.10 Â± 0.61 / 12.05 Â± 0.33@@60.09988376783439,0.06 Â± 1.45 / 23.75 Â± 1.00@@0.05964019139561254,0.53 Â± 1.41 / 25.16 Â± 0.80@@0.5286653968093136,14.4.0@@140400,14.4.0@@140400,14.4.0@@140400,14.4.0@@140400,14.4.0@@140400,14.4.0@@140400,14.4.0@@140400
ğŸ“,<a href='https://huggingface.co/croissantllm/CroissantLLMChat-v0.1'>croissantllm/CroissantLLMChat-v0.1 (few-shot)</a>,3.85@@3.85,1345431552.0,32002.0,2048.0,âœ—,âœ—,-1.64 Â± 1.96 / 38.62 Â± 3.53@@-1.643655299598279,21.33 Â± 5.64 / 21.21 Â± 5.41@@21.33001852560313,0.00 Â± 0.00 / 33.30 Â± 0.27@@0.0,33.89 Â± 2.17 / 12.35 Â± 1.79@@33.88933380013453,64.82 Â± 0.43 / 16.20 Â± 0.62@@64.81689265288878,-1.17 Â± 0.75 / 23.35 Â± 0.54@@-1.165450129756897,-0.30 Â± 0.81 / 24.55 Â± 0.90@@-0.30290771531829563,15.0.0@@150000,15.0.0@@150000,15.0.0@@150000,15.0.0@@150000,15.0.0@@150000,15.0.0@@150000,15.0.0@@150000
ğŸ§ ,<a href='https://huggingface.co/croissantllm/CroissantLLMBase'>croissantllm/CroissantLLMBase (few-shot)</a>,3.93@@3.93,,32000.0,2048.0,âœ“,âœ—,32.85 Â± 14.64 / 56.15 Â± 12.12@@32.85255838229023,29.87 Â± 6.04 / 29.78 Â± 5.81@@29.868953386548235,1.53 Â± 1.05 / 42.38 Â± 4.01@@1.5274161991308544,30.91 Â± 2.08 / 0.41 Â± 0.14@@30.909737942427352,51.74 Â± 0.60 / 9.70 Â± 0.19@@51.73807680723257,-0.26 Â± 1.18 / 24.27 Â± 0.83@@-0.25594974189123076,0.92 Â± 1.16 / 25.73 Â± 0.75@@0.9234097146669676,15.0.0@@150000,15.0.0@@150000,15.0.0@@150000,15.0.0@@150000,15.0.0@@150000,15.0.0@@150000,15.0.0@@150000
ğŸ§ ,<a href='https://huggingface.co/PleIAs/Pleias-350m-Preview'>PleIAs/Pleias-350m-Preview (few-shot)</a>,3.98@@3.98,353424384.0,65536.0,2048.0,âœ“,âœ—,14.11 Â± 9.43 / 47.34 Â± 6.34@@14.108851939034642,34.07 Â± 3.25 / 32.71 Â± 3.59@@34.07456038394495,-1.82 Â± 1.14 / 38.02 Â± 3.12@@-1.8230880567642427,23.31 Â± 1.70 / 10.98 Â± 1.57@@23.310815545918565,54.83 Â± 1.52 / 11.23 Â± 0.67@@54.83482793715666,-2.86 Â± 1.11 / 22.51 Â± 0.70@@-2.862164528882877,-1.12 Â± 1.06 / 24.04 Â± 0.62@@-1.117087444393677,15.1.0@@150100,15.1.0@@150100,15.1.0@@150100,15.1.0@@150100,15.1.0@@150100,15.1.0@@150100,15.1.0@@150100
ğŸ§ ,<a href='https://huggingface.co/PleIAs/Pleias-Pico'>PleIAs/Pleias-Pico (few-shot)</a>,4.20@@4.20,353424384.0,65536.0,2048.0,âœ“,âœ—,10.56 Â± 8.59 / 46.89 Â± 7.21@@10.563439075625816,28.21 Â± 3.31 / 27.73 Â± 3.27@@28.214063851378572,-0.06 Â± 1.47 / 41.04 Â± 3.81@@-0.058162901614069486,22.60 Â± 1.34 / 9.06 Â± 1.66@@22.59869925360749,52.04 Â± 0.86 / 9.12 Â± 0.32@@52.0366446438129,-1.82 Â± 1.26 / 23.05 Â± 0.71@@-1.815130748319668,0.66 Â± 0.92 / 25.04 Â± 0.58@@0.6586919225257133,15.1.0@@150100,15.1.0@@150100,15.1.0@@150100,15.1.0@@150100,15.1.0@@150100,15.1.0@@150100,15.1.0@@150100
ğŸ§ ,<a href='https://huggingface.co/infly/OpenCoder-1.5B-Base'>infly/OpenCoder-1.5B-Base (few-shot)</a>,4.47@@4.47,1905650960.0,96640.0,4096.0,âœ“,âœ—,-1.42 Â± 0.78 / 37.30 Â± 2.54@@-1.424955388728338,7.18 Â± 5.15 / 7.44 Â± 4.75@@7.181180490324583,0.66 Â± 1.11 / 37.54 Â± 4.14@@0.6579703684896019,13.99 Â± 0.76 / 0.08 Â± 0.07@@13.99352368717268,51.30 Â± 1.13 / 8.38 Â± 0.48@@51.29841247646254,-0.01 Â± 1.12 / 24.70 Â± 0.98@@-0.008893416997894782,0.67 Â± 1.47 / 25.40 Â± 1.09@@0.6676896938319564,14.4.0@@140400,14.4.0@@140400,14.4.0@@140400,15.0.0@@150000,15.0.0@@150000,15.0.0@@150000,15.0.0@@150000
ğŸ§ ,<a href='https://huggingface.co/alea-institute/kl3m-003-3.7b'>alea-institute/kl3m-003-3.7b (few-shot)</a>,4.93@@4.93,3691382784.0,32768.0,4096.0,âœ“,âœ—,-0.51 Â± 1.26 / 37.10 Â± 2.76@@-0.5069210383866359,0.00 Â± 0.00 / 0.00 Â± 0.00@@0.0,-0.59 Â± 0.59 / 36.21 Â± 2.57@@-0.585455111783329,2.45 Â± 1.07 / 0.01 Â± 0.02@@2.4488380072356617,41.64 Â± 1.24 / 7.81 Â± 0.49@@41.635728297405876,1.27 Â± 1.23 / 25.52 Â± 1.07@@1.2688020089598784,-0.09 Â± 1.23 / 24.72 Â± 1.08@@-0.0872139688112445,14.4.0@@140400,14.4.0@@140400,14.4.0@@140400,14.4.0@@140400,14.4.0@@140400,14.4.0@@140400,14.4.0@@140400
ğŸ”,<a href='https://huggingface.co/sentence-transformers/quora-distilbert-multilingual'>sentence-transformers/quora-distilbert-multilingual</a>,-@@100,134734080.0,119547.0,512.0,âœ“,âœ—,70.12 Â± 0.96 / 85.00 Â± 0.47@@70.12019272243123,63.20 Â± 1.66 / 63.20 Â± 1.68@@63.20367828310055,-0.57 Â± 1.36 / 44.78 Â± 3.00@@-0.5727075064965975,7.17 Â± 0.47 / 1.78 Â± 0.21@@7.174966455328847,-@@-1,-1.78 Â± 1.28 / 23.46 Â± 0.98@@-1.7753768567444346,1.28 Â± 0.76 / 26.05 Â± 0.57@@1.2806085938552516,15.2.0.dev0@@150200,15.2.0.dev0@@150200,15.2.0.dev0@@150200,15.2.0.dev0@@150200,-@@0,15.2.0.dev0@@150200,15.2.0.dev0@@150200
ğŸ”,<a href='https://huggingface.co/sentence-transformers/paraphrase-xlm-r-multilingual-v1'>sentence-transformers/paraphrase-xlm-r-multilingual-v1</a>,-@@100,278044162.0,250002.0,512.0,âœ“,âœ—,77.01 Â± 1.36 / 88.45 Â± 0.68@@77.01297308262808,66.08 Â± 1.43 / 65.96 Â± 1.50@@66.08093056850943,1.27 Â± 1.59 / 44.62 Â± 3.28@@1.2693055066523633,6.02 Â± 1.18 / 1.32 Â± 0.29@@6.022021742493552,-@@-1,0.83 Â± 1.28 / 25.50 Â± 1.01@@0.8320835878164538,4.64 Â± 1.52 / 28.52 Â± 1.15@@4.641829368357634,15.2.0.dev0@@150200,15.2.0.dev0@@150200,15.2.0.dev0@@150200,15.2.0.dev0@@150200,-@@0,15.2.0.dev0@@150200,15.2.0.dev0@@150200
ğŸ”,<a href='https://huggingface.co/sentence-transformers/paraphrase-multilingual-MiniLM-L12-v2'>sentence-transformers/paraphrase-multilingual-MiniLM-L12-v2</a>,-@@100,117654272.0,250037.0,512.0,âœ“,âœ—,71.47 Â± 1.50 / 85.68 Â± 0.77@@71.46995202431192,55.17 Â± 1.93 / 55.13 Â± 1.98@@55.16786021833464,-0.08 Â± 1.14 / 48.10 Â± 1.15@@-0.08014348411226674,8.08 Â± 0.24 / 1.40 Â± 0.25@@8.083913370223616,-@@-1,-1.42 Â± 0.98 / 23.75 Â± 0.75@@-1.4187033797028532,1.98 Â± 0.57 / 26.53 Â± 0.42@@1.9841990228878286,15.2.0.dev0@@150200,15.2.0.dev0@@150200,15.2.0.dev0@@150200,15.2.0.dev0@@150200,-@@0,15.2.0.dev0@@150200,15.2.0.dev0@@150200
ğŸ”,<a href='https://huggingface.co/sentence-transformers/distiluse-base-multilingual-cased'>sentence-transformers/distiluse-base-multilingual-cased</a>,-@@100,134734080.0,119547.0,512.0,âœ“,âœ—,63.24 Â± 1.69 / 81.54 Â± 0.83@@63.241307075669354,51.01 Â± 1.27 / 50.63 Â± 1.43@@51.01457848268212,0.09 Â± 1.67 / 46.58 Â± 1.41@@0.08856924806074278,4.85 Â± 0.71 / 0.92 Â± 0.19@@4.849391182582728,-@@-1,-@@-1,-@@-1,15.2.0.dev0@@150200,15.2.0.dev0@@150200,15.2.0.dev0@@150200,15.2.0.dev0@@150200,-@@0,-@@0,-@@0
ğŸ”,<a href='https://huggingface.co/sentence-transformers/distiluse-base-multilingual-cased-v2'>sentence-transformers/distiluse-base-multilingual-cased-v2</a>,-@@100,134734080.0,119547.0,512.0,âœ“,âœ—,63.24 Â± 1.69 / 81.54 Â± 0.83@@63.241307075669354,50.99 Â± 1.28 / 50.60 Â± 1.41@@50.992498052969395,0.09 Â± 1.67 / 46.58 Â± 1.41@@0.08856924806074278,4.84 Â± 0.67 / 0.93 Â± 0.16@@4.839591544126069,-@@-1,-@@-1,-@@-1,15.2.0.dev0@@150200,15.2.0.dev0@@150200,15.2.0.dev0@@150200,15.2.0.dev0@@150200,-@@0,-@@0,-@@0
ğŸ”,<a href='https://huggingface.co/FacebookAI/xlm-roberta-large'>FacebookAI/xlm-roberta-large</a>,-@@100,561192082.0,250002.0,512.0,âœ“,âœ—,89.83 Â± 0.94 / 94.87 Â± 0.50@@89.83260637670315,75.58 Â± 0.64 / 74.74 Â± 0.64@@75.58449115315453,15.85 Â± 13.06 / 49.72 Â± 10.55@@15.853809685222883,61.94 Â± 0.91 / 37.67 Â± 0.83@@61.94171274745256,-@@-1,-@@-1,1.93 Â± 1.31 / 26.47 Â± 1.00@@1.9291156262984963,14.4.0@@140400,14.4.0@@140400,14.4.0@@140400,14.4.0@@140400,-@@0,-@@0,14.4.0@@140400
ğŸ”,<a href='https://huggingface.co/sentence-transformers/distilbert-multilingual-nli-stsb-quora-ranking'>sentence-transformers/distilbert-multilingual-nli-stsb-quora-ranking</a>,-@@100,134734080.0,119547.0,512.0,âœ“,âœ—,70.12 Â± 0.96 / 85.00 Â± 0.47@@70.12019272243123,63.19 Â± 1.68 / 63.19 Â± 1.70@@63.194054251621836,-0.57 Â± 1.36 / 44.78 Â± 3.00@@-0.5727075064965975,7.08 Â± 0.52 / 1.76 Â± 0.23@@7.082294313098122,-@@-1,-1.55 Â± 1.08 / 23.63 Â± 0.83@@-1.551707284337594,1.13 Â± 1.03 / 25.93 Â± 0.78@@1.1325466027010815,15.2.0.dev0@@150200,15.2.0.dev0@@150200,15.2.0.dev0@@150200,15.2.0.dev0@@150200,-@@0,15.2.0.dev0@@150200,15.2.0.dev0@@150200
ğŸ”,<a href='https://huggingface.co/Geotrend/distilbert-base-25lang-cased'>Geotrend/distilbert-base-25lang-cased</a>,-@@100,108867577.0,84985.0,512.0,âœ“,âœ—,57.60 Â± 1.93 / 78.71 Â± 0.99@@57.59949495464637,69.12 Â± 0.84 / 68.72 Â± 0.81@@69.12462198325015,16.61 Â± 8.72 / 54.73 Â± 6.76@@16.611974239875913,14.25 Â± 1.41 / 6.23 Â± 0.86@@14.246743594713838,-@@-1,-0.36 Â± 1.08 / 24.56 Â± 0.83@@-0.3643953588338866,1.57 Â± 0.86 / 26.18 Â± 0.66@@1.571532260095232,15.2.0.dev0@@150200,15.2.0.dev0@@150200,15.2.0.dev0@@150200,15.2.0.dev0@@150200,-@@0,15.2.0.dev0@@150200,15.2.0.dev0@@150200
ğŸ“,<a href='https://ollama.com/library/gemma3'>ollama_chat/gemma3:4b (few-shot)</a>,-@@100,,,,âœ“,âœ—,92.08 Â± 0.53 / 96.02 Â± 0.27@@92.07540726273216,54.17 Â± 1.28 / 49.52 Â± 1.32@@54.16658776370282,31.04 Â± 1.84 / 63.18 Â± 1.28@@31.040304630927096,59.83 Â± 1.13 / 29.71 Â± 1.01@@59.83354810698531,-@@-1,-@@-1,-@@-1,15.3.1@@150301,15.3.1@@150301,15.3.1@@150301,15.3.1@@150301,-@@0,-@@0,-@@0
ğŸ”,<a href='https://huggingface.co/EuroBERT/EuroBERT-210m'>EuroBERT/EuroBERT-210m</a>,-@@100,212358146.0,128256.0,8192.0,âœ“,âœ—,74.88 Â± 4.55 / 87.09 Â± 2.48@@74.8828145787207,-@@-1,33.20 Â± 3.97 / 66.18 Â± 1.91@@33.200722341903536,-@@-1,-@@-1,-@@-1,-@@-1,15.2.0.dev0@@150200,-@@0,15.2.0.dev0@@150200,-@@0,-@@0,-@@0,-@@0
ğŸ”,<a href='https://huggingface.co/setu4993/LaBSE'>setu4993/LaBSE</a>,-@@100,470927360.0,501153.0,512.0,âœ“,âœ—,83.85 Â± 1.39 / 91.82 Â± 0.76@@83.84720757995811,76.11 Â± 1.04 / 75.23 Â± 1.17@@76.11480374990478,23.77 Â± 16.69 / 61.37 Â± 8.23@@23.765115385882417,47.42 Â± 2.16 / 27.54 Â± 1.49@@47.41759504090483,-@@-1,0.87 Â± 0.99 / 25.38 Â± 0.76@@0.874103240998549,3.13 Â± 1.16 / 27.37 Â± 0.87@@3.13499000908698,14.4.0@@140400,14.4.0@@140400,14.4.0@@140400,14.4.0@@140400,-@@0,14.4.0@@140400,14.4.0@@140400
ğŸ”,<a href='https://huggingface.co/sentence-transformers/stsb-xlm-r-multilingual'>sentence-transformers/stsb-xlm-r-multilingual</a>,-@@100,278044162.0,250002.0,512.0,âœ“,âœ—,75.41 Â± 0.81 / 87.68 Â± 0.41@@75.40519035909715,64.19 Â± 1.73 / 64.01 Â± 1.83@@64.18692167324375,1.83 Â± 0.97 / 50.18 Â± 0.95@@1.829527143273525,7.39 Â± 0.42 / 1.73 Â± 0.26@@7.392777388991843,-@@-1,0.08 Â± 1.50 / 24.99 Â± 1.16@@0.08196252356063585,1.59 Â± 1.10 / 26.25 Â± 0.83@@1.5940699269729421,15.2.0.dev0@@150200,15.2.0.dev0@@150200,15.2.0.dev0@@150200,15.2.0.dev0@@150200,-@@0,15.2.0.dev0@@150200,15.2.0.dev0@@150200
ğŸ”,<a href='https://huggingface.co/EuropeanParliament/EUBERT'>EuropeanParliament/EUBERT</a>,-@@100,93990500.0,65636.0,512.0,âœ“,âœ—,40.30 Â± 2.62 / 69.70 Â± 1.41@@40.30100653293491,47.50 Â± 1.49 / 46.57 Â± 1.50@@47.49767128090882,3.59 Â± 2.08 / 51.15 Â± 1.09@@3.5934356814048813,26.27 Â± 1.46 / 12.19 Â± 0.82@@26.267946804109535,-@@-1,-0.21 Â± 1.02 / 24.87 Â± 0.78@@-0.21237895987455965,0.58 Â± 1.02 / 25.46 Â± 0.77@@0.5790933007395053,15.2.0.dev0@@150200,15.2.0.dev0@@150200,15.2.0.dev0@@150200,15.2.0.dev0@@150200,-@@0,15.2.0.dev0@@150200,15.2.0.dev0@@150200
ğŸ”,<a href='https://huggingface.co/sentence-transformers/distiluse-base-multilingual-cased-v1'>sentence-transformers/distiluse-base-multilingual-cased-v1</a>,-@@100,134734080.0,119547.0,512.0,âœ“,âœ—,62.84 Â± 0.83 / 81.28 Â± 0.47@@62.83829209636493,0.00 Â± 0.00 / 0.00 Â± 0.00@@0.0,0.52 Â± 1.28 / 44.28 Â± 1.80@@0.5194897722534864,4.37 Â± 0.94 / 0.50 Â± 0.17@@4.370320518484911,-@@-1,-2.16 Â± 0.96 / 22.93 Â± 0.62@@-2.156629648027848,1.38 Â± 1.45 / 26.15 Â± 1.02@@1.3763796186005526,15.2.0.dev0@@150200,15.2.0.dev0@@150200,15.2.0.dev0@@150200,15.2.0.dev0@@150200,-@@0,15.2.0.dev0@@150200,15.2.0.dev0@@150200
ğŸ”,<a href='https://huggingface.co/ZurichNLP/unsup-simcse-xlm-roberta-base'>ZurichNLP/unsup-simcse-xlm-roberta-base</a>,-@@100,277453570.0,250002.0,514.0,âœ“,âœ—,80.77 Â± 0.55 / 90.33 Â± 0.30@@80.76905753550862,69.61 Â± 1.03 / 69.22 Â± 1.11@@69.60853612026038,2.29 Â± 1.76 / 45.05 Â± 3.45@@2.292048323989063,34.99 Â± 1.59 / 17.97 Â± 1.31@@34.99342352767575,-@@-1,0.64 Â± 1.01 / 25.40 Â± 0.76@@0.6426489817931617,1.11 Â± 0.68 / 25.89 Â± 0.53@@1.1086453639456697,15.2.0.dev0@@150200,15.2.0.dev0@@150200,15.2.0.dev0@@150200,15.2.0.dev0@@150200,-@@0,15.2.0.dev0@@150200,15.2.0.dev0@@150200
ğŸ”,<a href='https://huggingface.co/microsoft/xlm-align-base'>microsoft/xlm-align-base</a>,-@@100,278045186.0,250002.0,514.0,âœ“,âœ—,82.87 Â± 1.06 / 91.36 Â± 0.52@@82.87246537485248,70.50 Â± 1.04 / 69.64 Â± 1.09@@70.50205056710115,3.17 Â± 3.97 / 47.69 Â± 4.45@@3.1651443087202336,38.21 Â± 1.77 / 20.63 Â± 1.23@@38.2098143587519,-@@-1,0.44 Â± 1.01 / 25.20 Â± 0.76@@0.436898545862204,0.12 Â± 1.23 / 25.13 Â± 0.92@@0.1206019468194253,15.2.0.dev0@@150200,15.2.0.dev0@@150200,15.2.0.dev0@@150200,15.2.0.dev0@@150200,-@@0,15.2.0.dev0@@150200,15.2.0.dev0@@150200
ğŸ”,<a href='https://huggingface.co/Twitter/twhin-bert-large'>Twitter/twhin-bert-large</a>,-@@100,561713298.0,250002.0,512.0,âœ“,âœ—,73.42 Â± 7.08 / 86.37 Â± 3.81@@73.42286548340098,74.36 Â± 1.64 / 73.31 Â± 1.55@@74.35875224370588,9.90 Â± 8.38 / 47.36 Â± 7.86@@9.895024007205393,23.04 Â± 8.87 / 12.30 Â± 5.72@@23.03997154916346,-@@-1,0.90 Â± 0.54 / 25.71 Â± 0.40@@0.9000468763751395,0.79 Â± 1.26 / 25.61 Â± 0.94@@0.7935784463033927,15.2.0.dev0@@150200,15.2.0.dev0@@150200,15.2.0.dev0@@150200,15.2.0.dev0@@150200,-@@0,15.2.0.dev0@@150200,15.2.0.dev0@@150200
ğŸ”,<a href='https://huggingface.co/Twitter/twhin-bert-base'>Twitter/twhin-bert-base</a>,-@@100,279080594.0,250002.0,512.0,âœ“,âœ—,68.41 Â± 3.58 / 84.10 Â± 1.83@@68.41471847823051,71.62 Â± 1.37 / 71.10 Â± 1.34@@71.62041399556541,4.11 Â± 3.75 / 46.13 Â± 4.83@@4.109528677612197,9.74 Â± 0.76 / 4.00 Â± 0.62@@9.738275814919767,-@@-1,-0.96 Â± 1.31 / 24.31 Â± 0.98@@-0.9573483797418082,0.95 Â± 1.07 / 25.70 Â± 0.80@@0.9463281076212212,15.2.0.dev0@@150200,15.2.0.dev0@@150200,15.2.0.dev0@@150200,15.2.0.dev0@@150200,-@@0,15.2.0.dev0@@150200,15.2.0.dev0@@150200
ğŸ”,<a href='https://huggingface.co/almanach/camembert-base'>almanach/camembert-base</a>,-@@100,111246085.0,32005.0,512.0,âœ“,âœ—,89.86 Â± 0.53 / 94.92 Â± 0.27@@89.85862005880661,0.00 Â± 0.00 / 0.00 Â± 0.00@@0.0,30.76 Â± 17.30 / 59.27 Â± 11.30@@30.758581107899452,31.70 Â± 2.56 / 12.04 Â± 1.30@@31.695661322038696,-@@-1,-@@-1,1.88 Â± 0.46 / 26.46 Â± 0.37@@1.8792578549215864,14.4.0@@140400,14.4.0@@140400,14.4.0@@140400,14.4.0@@140400,-@@0,-@@0,14.4.0@@140400
ğŸ”,<a href='https://huggingface.co/almanach/camembert-large'>almanach/camembert-large</a>,-@@100,336695557.0,32005.0,512.0,âœ“,âœ—,92.68 Â± 0.73 / 96.33 Â± 0.37@@92.6816946641476,75.15 Â± 1.25 / 74.82 Â± 1.50@@75.14984671094336,60.80 Â± 14.71 / 79.83 Â± 7.36@@60.801557514218786,70.51 Â± 1.17 / 42.49 Â± 1.57@@70.50878577309233,-@@-1,-@@-1,5.81 Â± 5.82 / 29.37 Â± 4.37@@5.810112037001567,14.4.0@@140400,14.4.0@@140400,14.4.0@@140400,14.4.0@@140400,-@@0,-@@0,14.4.0@@140400
ğŸ”,<a href='https://huggingface.co/almanach/camembertv2-base'>almanach/camembertv2-base</a>,-@@100,111635713.0,32768.0,1024.0,âœ“,âœ—,90.12 Â± 0.75 / 95.01 Â± 0.41@@90.11560167899366,77.86 Â± 1.21 / 77.54 Â± 1.16@@77.85692757514,69.19 Â± 2.41 / 83.74 Â± 1.66@@69.18504084583714,45.09 Â± 3.46 / 25.17 Â± 2.62@@45.08822085793147,-@@-1,0.57 Â± 1.27 / 24.96 Â± 1.00@@0.5721265452636728,5.04 Â± 1.89 / 28.86 Â± 1.42@@5.041779188631449,14.4.0@@140400,14.4.0@@140400,14.4.0@@140400,14.4.0@@140400,-@@0,14.4.0@@140400,14.4.0@@140400
ğŸ”,<a href='https://huggingface.co/cardiffnlp/twitter-xlm-roberta-base'>cardiffnlp/twitter-xlm-roberta-base</a>,-@@100,278045186.0,250002.0,514.0,âœ“,âœ—,54.37 Â± 17.69 / 73.56 Â± 13.36@@54.37245333893376,66.19 Â± 1.62 / 66.08 Â± 1.52@@66.19245076862931,12.00 Â± 7.44 / 49.77 Â± 7.44@@12.001167474834004,8.11 Â± 0.40 / 2.44 Â± 0.37@@8.111597753889502,-@@-1,-0.02 Â± 1.16 / 24.96 Â± 0.87@@-0.017067024376819107,0.42 Â± 0.53 / 25.39 Â± 0.39@@0.4210874891916914,15.2.0.dev0@@150200,15.2.0.dev0@@150200,15.2.0.dev0@@150200,15.2.0.dev0@@150200,-@@0,15.2.0.dev0@@150200,15.2.0.dev0@@150200
ğŸ”,<a href='https://huggingface.co/dbmdz/bert-base-historic-multilingual-cased'>dbmdz/bert-base-historic-multilingual-cased</a>,-@@100,111243522.0,32000.0,512.0,âœ“,âœ—,59.18 Â± 12.34 / 77.74 Â± 9.57@@59.18467778118342,70.31 Â± 0.91 / 69.89 Â± 0.82@@70.3086035929153,6.40 Â± 5.47 / 50.99 Â± 3.33@@6.402077731115565,30.47 Â± 1.34 / 14.39 Â± 1.07@@30.47294264181387,-@@-1,-0.20 Â± 1.02 / 24.82 Â± 0.78@@-0.1978514946085722,1.84 Â± 1.23 / 26.37 Â± 0.92@@1.8381329864692548,15.2.0.dev0@@150200,15.2.0.dev0@@150200,15.2.0.dev0@@150200,15.2.0.dev0@@150200,-@@0,15.2.0.dev0@@150200,15.2.0.dev0@@150200
ğŸ”,<a href='https://huggingface.co/dbmdz/bert-tiny-historic-multilingual-cased'>dbmdz/bert-tiny-historic-multilingual-cased</a>,-@@100,4624642.0,32000.0,512.0,âœ“,âœ—,4.89 Â± 6.63 / 41.70 Â± 6.98@@4.890768876590691,0.00 Â± 0.00 / 0.00 Â± 0.00@@0.0,0.15 Â± 1.27 / 37.71 Â± 3.52@@0.14792754817265308,6.70 Â± 0.39 / 0.14 Â± 0.07@@6.696086020448095,-@@-1,-1.32 Â± 1.09 / 24.00 Â± 0.78@@-1.3210637831574736,1.75 Â± 0.71 / 26.34 Â± 0.56@@1.7520969194243063,15.2.0.dev0@@150200,15.2.0.dev0@@150200,15.2.0.dev0@@150200,15.2.0.dev0@@150200,-@@0,15.2.0.dev0@@150200,15.2.0.dev0@@150200
ğŸ¤”,<a href='https://huggingface.co/deepseek-ai/DeepSeek-R1-Distill-Llama-8B'>deepseek-ai/DeepSeek-R1-Distill-Llama-8B (few-shot)</a>,-@@100,8030261248.0,128256.0,131072.0,âœ“,âœ—,83.06 Â± 3.26 / 91.18 Â± 1.97@@83.06440976670902,44.03 Â± 2.25 / 42.64 Â± 2.32@@44.03390271811601,12.79 Â± 1.80 / 55.80 Â± 0.82@@12.787392979449963,40.70 Â± 1.24 / 16.88 Â± 1.43@@40.7008472840367,58.73 Â± 0.20 / 3.22 Â± 0.09@@58.729887707449954,-0.25 Â± 0.49 / 26.46 Â± 0.77@@-0.2502554491021281,-@@-1,15.0.0@@150000,15.0.0@@150000,15.0.0@@150000,15.0.0@@150000,15.0.0@@150000,15.1.0@@150100,-@@0
ğŸ”,fresh-electra-small,-@@100,13738755.0,32000.0,128.0,âœ“,âœ—,17.58 Â± 13.25 / 48.75 Â± 11.91@@17.582263863510427,16.34 Â± 1.71 / 15.89 Â± 1.72@@16.336348715074507,0.15 Â± 0.29 / 34.35 Â± 1.94@@0.1483672607611241,0.00 Â± 0.00 / 0.00 Â± 0.00@@0.0,-@@-1,2.44 Â± 1.00 / 27.01 Â± 0.72@@2.4432469441397795,0.09 Â± 0.78 / 25.09 Â± 0.57@@0.08587262483914637,15.2.0.dev0@@150200,15.2.0.dev0@@150200,15.2.0.dev0@@150200,15.2.0.dev0@@150200,-@@0,15.2.0.dev0@@150200,15.2.0.dev0@@150200
ğŸ”,fresh-xlm-roberta-base,-@@100,278885778.0,250002.0,512.0,âœ“,âœ—,12.64 Â± 10.12 / 44.61 Â± 9.50@@12.64017535080628,22.07 Â± 3.39 / 21.62 Â± 3.46@@22.067878455925158,0.66 Â± 1.56 / 40.53 Â± 3.91@@0.6552232688414006,0.03 Â± 0.04 / 0.00 Â± 0.00@@0.025082384132276,-@@-1,0.32 Â± 1.59 / 25.31 Â± 1.18@@0.3168663835401381,-0.09 Â± 0.72 / 24.93 Â± 0.53@@-0.0910846996396636,15.2.0.dev0@@150200,15.2.0.dev0@@150200,15.2.0.dev0@@150200,15.2.0.dev0@@150200,-@@0,15.2.0.dev0@@150200,15.2.0.dev0@@150200
ğŸ§ ,<a href='https://huggingface.co/HPLT/gpt-13b-nordic-prerelease'>HPLT/gpt-13b-nordic-prerelease (few-shot)</a>,-@@100,14030361600.0,131072.0,4096.0,âœ“,âœ—,85.48 Â± 1.60 / 92.47 Â± 0.97@@85.48061896549066,40.03 Â± 1.90 / 37.31 Â± 2.66@@40.03104149664375,-@@-1,-@@-1,-@@-1,-@@-1,-@@-1,14.4.0@@140400,14.4.0@@140400,-@@0,-@@0,-@@0,-@@0,-@@0
ğŸ“,<a href='https://huggingface.co/google/gemma-2b-it'>google/gemma-2b-it (few-shot)</a>,-@@100,2506172416.0,256000.0,8192.0,âœ—,âœ—,81.15 Â± 2.54 / 90.05 Â± 1.67@@81.1523432332092,-@@-1,-@@-1,-@@-1,-@@-1,-@@-1,-@@-1,15.0.0@@150000,-@@0,-@@0,-@@0,-@@0,-@@0,-@@0
ğŸ”,<a href='https://huggingface.co/google/rembert'>google/rembert</a>,-@@100,575922690.0,250300.0,512.0,âœ“,âœ—,91.09 Â± 0.93 / 95.51 Â± 0.48@@91.0886418865999,70.89 Â± 1.07 / 69.84 Â± 1.26@@70.88952674411937,33.58 Â± 12.41 / 65.26 Â± 7.18@@33.57723845188617,61.62 Â± 2.71 / 37.62 Â± 2.27@@61.616345740036834,-@@-1,-@@-1,7.21 Â± 8.10 / 30.45 Â± 6.05@@7.214791562209423,14.4.0@@140400,14.4.0@@140400,14.4.0@@140400,14.4.0@@140400,-@@0,-@@0,14.4.0@@140400
ğŸ“,<a href='https://huggingface.co/Qwen/Qwen2.5-72B-Instruct'>Qwen/Qwen2.5-72B-Instruct (few-shot)</a>,-@@100,72706203648.0,152064.0,32768.0,âœ“,âœ—,94.65 Â± 0.67 / 97.30 Â± 0.34@@94.64933095305197,-@@-1,-@@-1,-@@-1,-@@-1,-@@-1,-@@-1,15.3.1@@150301,-@@0,-@@0,-@@0,-@@0,-@@0,-@@0
ğŸ§ ,<a href='https://huggingface.co/PleIAs/Pleias-Nano'>PleIAs/Pleias-Nano (few-shot)</a>,-@@100,1195468800.0,65536.0,2048.0,âœ“,âœ—,26.72 Â± 13.98 / 50.22 Â± 11.03@@26.72297042947521,-@@-1,-@@-1,-@@-1,-@@-1,-@@-1,-@@-1,15.1.0@@150100,-@@0,-@@0,-@@0,-@@0,-@@0,-@@0
ğŸ§ ,<a href='https://huggingface.co/PleIAs/Pleias-3b-Preview'>PleIAs/Pleias-3b-Preview (few-shot)</a>,-@@100,3211926528.0,65536.0,4096.0,âœ“,âœ—,64.50 Â± 7.04 / 79.82 Â± 5.42@@64.50274487494679,-@@-1,-@@-1,-@@-1,-@@-1,-@@-1,-@@-1,15.1.0@@150100,-@@0,-@@0,-@@0,-@@0,-@@0,-@@0
ğŸ§ ,<a href='https://huggingface.co/PleIAs/Pleias-1.2b-Preview'>PleIAs/Pleias-1.2b-Preview (few-shot)</a>,-@@100,1195468800.0,65536.0,2048.0,âœ“,âœ—,48.67 Â± 16.04 / 71.33 Â± 10.31@@48.667996809108125,-@@-1,-@@-1,-@@-1,-@@-1,-@@-1,-@@-1,15.1.0@@150100,-@@0,-@@0,-@@0,-@@0,-@@0,-@@0
ğŸ”,<a href='https://huggingface.co/intfloat/multilingual-e5-base'>intfloat/multilingual-e5-base</a>,-@@100,278044162.0,250002.0,512.0,âœ“,âœ—,86.21 Â± 1.11 / 93.04 Â± 0.57@@86.20887697650934,73.47 Â± 1.10 / 73.17 Â± 1.11@@73.46605209206099,24.57 Â± 11.71 / 61.11 Â± 5.96@@24.567787837601887,43.65 Â± 1.10 / 24.27 Â± 0.79@@43.64949622194371,-@@-1,-@@-1,0.57 Â± 1.46 / 25.45 Â± 1.09@@0.5664905020242648,14.4.0@@140400,14.4.0@@140400,14.4.0@@140400,14.4.0@@140400,-@@0,-@@0,14.4.0@@140400
ğŸ”,<a href='https://huggingface.co/intfloat/multilingual-e5-large-instruct'>intfloat/multilingual-e5-large-instruct</a>,-@@100,559890432.0,250002.0,512.0,âœ“,âœ—,0.00 Â± 0.00 / 34.41 Â± 0.31@@0.0,0.00 Â± 0.00 / 0.00 Â± 0.00@@0.0,0.00 Â± 0.00 / 33.36 Â± 0.27@@0.0,0.00 Â± 0.00 / 0.00 Â± 0.00@@0.0,-@@-1,0.00 Â± 0.00 / 23.56 Â± 0.54@@0.0,0.00 Â± 0.00 / 25.41 Â± 0.48@@0.0,15.2.0.dev0@@150200,15.2.0.dev0@@150200,15.2.0.dev0@@150200,15.2.0.dev0@@150200,-@@0,15.2.0.dev0@@150200,15.2.0.dev0@@150200
ğŸ”,<a href='https://huggingface.co/intfloat/multilingual-e5-large'>intfloat/multilingual-e5-large</a>,-@@100,559890946.0,250002.0,512.0,âœ“,âœ—,91.79 Â± 0.66 / 95.88 Â± 0.34@@91.78965504311687,75.33 Â± 1.44 / 74.66 Â± 1.51@@75.32976121187735,24.57 Â± 14.02 / 60.55 Â± 7.47@@24.56755213622626,59.55 Â± 2.28 / 34.93 Â± 2.05@@59.55309740612397,-@@-1,0.74 Â± 1.29 / 25.57 Â± 0.95@@0.7364353140503971,0.94 Â± 1.89 / 25.68 Â± 1.41@@0.936117881444809,15.2.0.dev0@@150200,15.2.0.dev0@@150200,15.2.0.dev0@@150200,15.2.0.dev0@@150200,-@@0,15.2.0.dev0@@150200,15.2.0.dev0@@150200
ğŸ“,<a href='https://huggingface.co/meta-llama/Llama-2-7b-chat-hf'>meta-llama/Llama-2-7b-chat-hf (few-shot)</a>,-@@100,6738417664.0,32000.0,4096.0,âœ“,âœ—,78.00 Â± 5.56 / 87.65 Â± 3.64@@77.99578953292354,37.83 Â± 1.58 / 27.55 Â± 1.59@@37.827284923816016,-@@-1,-@@-1,-@@-1,-@@-1,-@@-1,15.1.0@@150100,15.1.0@@150100,-@@0,-@@0,-@@0,-@@0,-@@0
ğŸ§ ,<a href='https://huggingface.co/MaLA-LM/emma-500-llama2-7b'>MaLA-LM/emma-500-llama2-7b (few-shot)</a>,-@@100,6738415616.0,32000.0,4096.0,âœ“,âœ—,89.51 Â± 0.86 / 94.66 Â± 0.48@@89.5111573809858,44.92 Â± 1.78 / 44.15 Â± 1.87@@44.91520870119231,5.17 Â± 1.82 / 39.00 Â± 2.06@@5.168570064395919,70.79 Â± 1.31 / 45.73 Â± 1.00@@70.78601142205503,-@@-1,-@@-1,-@@-1,15.2.0.dev0@@150200,15.2.0.dev0@@150200,15.2.0.dev0@@150200,15.2.0.dev0@@150200,-@@0,-@@0,-@@0
ğŸ”,<a href='https://huggingface.co/microsoft/mdeberta-v3-base'>microsoft/mdeberta-v3-base</a>,-@@100,278810882.0,251000.0,512.0,âœ“,âœ—,86.09 Â± 0.96 / 93.00 Â± 0.49@@86.08816029222822,70.03 Â± 1.49 / 69.24 Â± 1.46@@70.02803638939768,49.83 Â± 5.07 / 74.27 Â± 2.41@@49.82771392695269,24.97 Â± 9.00 / 13.13 Â± 5.39@@24.971800403331503,-@@-1,0.16 Â± 1.34 / 25.08 Â± 1.00@@0.15724067703490788,2.85 Â± 4.58 / 27.13 Â± 3.43@@2.8461526252948723,15.0.0@@150000,15.0.0@@150000,15.0.0.dev0@@150000,15.0.0.dev0@@150000,-@@0,15.0.0.dev0@@150000,15.0.0.dev0@@150000
ğŸ§ ,<a href='https://huggingface.co/google/gemma-2b'>google/gemma-2b (few-shot)</a>,-@@100,2506172416.0,256000.0,8192.0,âœ“,âœ—,89.48 Â± 1.58 / 94.57 Â± 0.87@@89.48338366636379,-@@-1,-@@-1,-@@-1,-@@-1,-@@-1,-@@-1,15.0.0@@150000,-@@0,-@@0,-@@0,-@@0,-@@0,-@@0
ğŸ§ ,<a href='https://huggingface.co/01-ai/Yi-1.5-9B'>01-ai/Yi-1.5-9B (few-shot)</a>,-@@100,8829407232.0,64000.0,4096.0,âœ“,âœ—,-@@-1,55.15 Â± 1.82 / 47.25 Â± 1.89@@55.15427854375338,-@@-1,73.97 Â± 1.70 / 47.68 Â± 0.98@@73.9657570403581,65.62 Â± 1.18 / 20.47 Â± 1.56@@65.6223558037891,-@@-1,-@@-1,-@@0,15.1.0@@150100,-@@0,15.1.0@@150100,15.1.0@@150100,-@@0,-@@0
