model,rank,parameters,vocabulary_size,context,speed,generative_type,commercial,merge,allocine,eltec,scala_fr,fquad,allocine_version,eltec_version,scala_fr_version,fquad_version
almanach/camembert-large,1.15,336695557.0,32005.0,512,8427.24,ğŸ”,âœ“,âœ—,92.68 Â± 0.73 / 96.33 Â± 0.37@@92.6816946641476,75.15 Â± 1.25 / 74.82 Â± 1.50@@75.14984671094336,60.80 Â± 14.71 / 79.83 Â± 7.36@@60.801557514218786,70.51 Â± 1.17 / 42.49 Â± 1.57@@70.50878577309233,14.4.0@@140400,14.4.0@@140400,14.4.0@@140400,14.4.0@@140400
almanach/camembertv2-base,1.48,111635713.0,32768.0,1024,11739.19,ğŸ”,âœ“,âœ—,90.12 Â± 0.75 / 95.01 Â± 0.41@@90.11560167899366,77.86 Â± 1.21 / 77.54 Â± 1.16@@77.85692757514,69.19 Â± 2.41 / 83.74 Â± 1.66@@69.18504084583714,45.09 Â± 3.46 / 25.17 Â± 2.62@@45.08822085793147,14.4.0@@140400,14.4.0@@140400,14.4.0@@140400,14.4.0@@140400
"gpt-4o-2024-05-13 (zero-shot, val)",1.6,,200019.0,8191,882.4,ğŸ“,âœ“,âœ—,93.73 Â± 1.52 / 96.80 Â± 0.78@@93.72906818377155,67.03 Â± 2.75 / 51.31 Â± 3.47@@67.03442480301506,45.51 Â± 2.97 / 68.41 Â± 1.52@@45.50621073397135,67.96 Â± 0.79 / 34.76 Â± 1.21@@67.95571208193444,14.3.0.dev0@@140300,14.3.0.dev0@@140300,14.3.0.dev0@@140300,14.3.0.dev0@@140300
"claude-3-5-sonnet-20241022 (zero-shot, val)",1.73,,,200000,168.2,ğŸ“,âœ“,âœ—,89.83 Â± 1.71 / 94.71 Â± 0.91@@89.82825055562304,73.35 Â± 3.04 / 69.37 Â± 3.29@@73.34777277240022,41.76 Â± 3.91 / 66.85 Â± 1.96@@41.76032575022618,62.19 Â± 0.88 / 25.82 Â± 1.00@@62.194143379333,14.3.0.dev0@@140300,14.3.0.dev0@@140300,14.3.0.dev0@@140300,14.3.0.dev0@@140300
mistralai/Mistral-Small-24B-Instruct-2501 (few-shot),1.75,23572403200.0,131072.0,32768,2350.82,ğŸ“,âœ“,âœ—,93.83 Â± 0.59 / 96.91 Â± 0.29@@93.83439200145904,70.22 Â± 1.96 / 63.83 Â± 2.81@@70.22108776521281,32.02 Â± 1.93 / 53.55 Â± 1.72@@32.02179154156769,72.43 Â± 1.36 / 42.12 Â± 1.13@@72.43162058606498,15.0.0@@150000,15.0.0@@150000,15.0.0@@150000,15.0.0@@150000
google/gemma-2-9b-it (few-shot),1.76,9241705984.0,256000.0,4096,2597.9,ğŸ“,âœ“,âœ—,94.92 Â± 0.47 / 97.46 Â± 0.23@@94.92386682495761,59.73 Â± 2.14 / 49.66 Â± 3.04@@59.73116916786958,39.39 Â± 1.38 / 63.57 Â± 1.15@@39.391670811951855,71.10 Â± 1.01 / 40.21 Â± 0.45@@71.10235409231709,14.4.0@@140400,14.4.0@@140400,14.4.0@@140400,14.4.0@@140400
speakleash/Bielik-11B-v2.3-Instruct (few-shot),1.8,11168796672.0,32128.0,32768,871.61,ğŸ“,âœ“,âœ“,94.36 Â± 0.30 / 97.16 Â± 0.15@@94.36474849130548,62.20 Â± 1.93 / 56.14 Â± 2.51@@62.202069538708905,35.77 Â± 1.94 / 65.80 Â± 1.28@@35.77411705928728,74.61 Â± 0.61 / 43.94 Â± 0.81@@74.61002130420515,15.1.0@@150100,15.1.0@@150100,15.1.0@@150100,15.1.0@@150100
google/gemma-2-9b (few-shot),1.82,9241705984.0,256000.0,4096,919.55,ğŸ§ ,âœ“,âœ—,93.70 Â± 0.73 / 96.80 Â± 0.39@@93.69932444322441,61.04 Â± 2.09 / 56.12 Â± 2.20@@61.04241290840159,34.85 Â± 1.75 / 63.87 Â± 1.65@@34.85064903281647,73.05 Â± 1.78 / 44.63 Â± 1.28@@73.05424390754195,14.4.0@@140400,14.4.0@@140400,14.4.0@@140400,14.4.0@@140400
"gpt-4-1106-preview (zero-shot, val)",1.87,,100256.0,8191,589.23,ğŸ“,âœ“,âœ—,91.75 Â± 1.52 / 95.75 Â± 0.80@@91.75365150915043,56.74 Â± 2.93 / 42.40 Â± 2.43@@56.73858778721732,40.20 Â± 3.56 / 66.53 Â± 1.74@@40.202115079837704,68.23 Â± 1.22 / 34.95 Â± 1.78@@68.23357985732049,14.3.0.dev0@@140300,14.3.0.dev0@@140300,14.3.0.dev0@@140300,14.3.0.dev0@@140300
google/rembert,1.87,575920384.0,250300.0,512,5179.84,ğŸ”,âœ“,âœ—,91.09 Â± 0.93 / 95.51 Â± 0.48@@91.0886418865999,70.89 Â± 1.07 / 69.84 Â± 1.26@@70.88952674411937,33.58 Â± 12.41 / 65.26 Â± 7.18@@33.57723845188617,61.62 Â± 2.71 / 37.62 Â± 2.27@@61.616345740036834,14.4.0@@140400,14.4.0@@140400,14.4.0@@140400,14.4.0@@140400
allenai/Llama-3.1-Tulu-3-8B-SFT (few-shot),1.89,8030326784.0,128264.0,131072,7210.36,ğŸ“,âœ“,âœ—,93.76 Â± 0.43 / 96.86 Â± 0.22@@93.76292083363738,53.17 Â± 2.08 / 52.36 Â± 2.23@@53.16736281144896,41.10 Â± 1.94 / 67.27 Â± 1.69@@41.0987403133974,71.97 Â± 2.42 / 43.47 Â± 1.66@@71.96652232521497,15.1.0@@150100,15.1.0@@150100,15.1.0@@150100,15.1.0@@150100
"gpt-4-0613 (zero-shot, val)",1.9,,100256.0,8191,478.94,ğŸ“,âœ“,âœ—,95.46 Â± 1.14 / 97.70 Â± 0.57@@95.46115731503131,54.01 Â± 2.05 / 33.09 Â± 1.65@@54.01262943489746,34.37 Â± 3.38 / 65.35 Â± 1.55@@34.37187518615205,73.01 Â± 0.97 / 41.46 Â± 1.50@@73.01430486164448,14.3.0.dev0@@140300,14.3.0.dev0@@140300,14.3.0.dev0@@140300,14.3.0.dev0@@140300
nvidia/mistral-nemo-minitron-8b-base (few-shot),1.92,8414105600.0,131072.0,8192,1203.56,ğŸ§ ,âœ“,âœ—,92.51 Â± 0.68 / 96.17 Â± 0.36@@92.51066222684115,58.36 Â± 2.11 / 53.88 Â± 2.00@@58.35821189566144,30.60 Â± 1.94 / 60.68 Â± 2.08@@30.596351874733312,73.29 Â± 1.59 / 47.51 Â± 1.11@@73.28998293209054,14.3.0.dev0@@140300,14.3.0.dev0@@140300,14.3.0.dev0@@140300,14.3.0.dev0@@140300
meta-llama/Llama-3.1-8B (few-shot),1.92,8030261248.0,128256.0,131072,1481.56,ğŸ§ ,âœ“,âœ—,92.16 Â± 0.79 / 95.98 Â± 0.42@@92.16471236547743,57.60 Â± 2.49 / 55.45 Â± 2.32@@57.60051802470581,30.98 Â± 1.59 / 62.94 Â± 2.58@@30.978757285518142,74.36 Â± 1.83 / 48.69 Â± 1.42@@74.3614369682979,14.3.0.dev0@@140300,14.3.0.dev0@@140300,14.3.0.dev0@@140300,14.3.0.dev0@@140300
allenai/Llama-3.1-Tulu-3-8B-DPO (few-shot),1.92,8030326784.0,128264.0,131072,7205.86,ğŸ“,âœ“,âœ—,93.41 Â± 0.55 / 96.67 Â± 0.28@@93.41074146786474,48.96 Â± 1.83 / 47.23 Â± 1.94@@48.96027125164727,43.80 Â± 2.23 / 71.09 Â± 1.27@@43.80495962314992,69.92 Â± 2.32 / 41.07 Â± 1.44@@69.92383030704566,15.1.0@@150100,15.1.0@@150100,15.1.0@@150100,15.1.0@@150100
tiiuae/Falcon3-10B-Base (few-shot),1.93,10305653760.0,131072.0,32768,1068.74,ğŸ§ ,âœ“,âœ—,93.22 Â± 0.70 / 96.54 Â± 0.37@@93.21918674679938,52.33 Â± 1.96 / 51.24 Â± 2.03@@52.32677843992325,32.97 Â± 2.93 / 65.95 Â± 1.29@@32.9708994160015,74.82 Â± 2.12 / 47.81 Â± 1.63@@74.82395474883927,15.1.0@@150100,15.1.0@@150100,15.1.0@@150100,15.1.0@@150100
"gpt-4o-mini-2024-07-18 (zero-shot, val)",1.96,,200019.0,8191,862.54,ğŸ“,âœ“,âœ—,88.50 Â± 1.32 / 93.98 Â± 0.72@@88.50295398743432,50.74 Â± 1.79 / 32.49 Â± 1.22@@50.74136601961949,41.36 Â± 3.43 / 67.51 Â± 1.65@@41.35637358748562,68.91 Â± 1.10 / 35.74 Â± 1.47@@68.91149307619521,14.3.0.dev0@@140300,14.3.0.dev0@@140300,14.3.0.dev0@@140300,14.3.0.dev0@@140300
allenai/Llama-3.1-Tulu-3.1-8B (few-shot),1.97,8030326784.0,128264.0,131072,3364.57,ğŸ§ ,âœ“,âœ—,93.83 Â± 0.46 / 96.90 Â± 0.24@@93.82905700572593,49.92 Â± 2.30 / 47.18 Â± 2.30@@49.91569453413636,41.73 Â± 2.11 / 68.18 Â± 1.74@@41.72884056707414,67.10 Â± 1.62 / 36.35 Â± 1.31@@67.10465441889318,15.1.0@@150100,15.1.0@@150100,15.1.0@@150100,15.1.0@@150100
upstage/SOLAR-10.7B-v1.0 (few-shot),1.98,10731524096.0,32000.0,4096,929.16,ğŸ§ ,âœ“,âœ—,93.91 Â± 0.40 / 96.91 Â± 0.20@@93.91443947174487,59.02 Â± 1.81 / 55.75 Â± 1.52@@59.02319266231161,24.08 Â± 4.32 / 54.10 Â± 5.30@@24.082285781667014,77.54 Â± 1.05 / 48.92 Â± 1.04@@77.54028957854254,15.0.0@@150000,15.0.0@@150000,15.0.0@@150000,15.0.0@@150000
CohereForAI/c4ai-command-r7b-12-2024 (few-shot),2.0,8028033024.0,256000.0,4096,2713.55,ğŸ“,âœ—,âœ—,92.56 Â± 0.75 / 96.24 Â± 0.39@@92.56278525820049,53.91 Â± 2.41 / 40.73 Â± 2.59@@53.90768109879757,31.72 Â± 3.09 / 62.86 Â± 2.22@@31.716399154984785,71.42 Â± 1.35 / 42.56 Â± 0.78@@71.41738222542246,14.4.0@@140400,14.4.0@@140400,14.4.0@@140400,14.4.0@@140400
allenai/Llama-3.1-Tulu-3-8B (few-shot),2.0,8030326784.0,128264.0,131072,7235.06,ğŸ“,âœ“,âœ—,93.29 Â± 0.53 / 96.61 Â± 0.27@@93.28618526159497,47.25 Â± 1.86 / 45.54 Â± 2.04@@47.25091502058797,43.58 Â± 2.09 / 70.91 Â± 1.16@@43.579676333093154,68.66 Â± 2.61 / 40.71 Â± 1.61@@68.65616964643839,15.1.0@@150100,15.1.0@@150100,15.1.0@@150100,15.1.0@@150100
Nexusflow/Starling-LM-7B-beta (few-shot),2.04,7241748480.0,32002.0,4096,1990.47,ğŸ“,âœ—,âœ—,93.84 Â± 0.48 / 96.91 Â± 0.24@@93.84234581481303,52.03 Â± 1.51 / 37.86 Â± 2.27@@52.028028788610335,31.69 Â± 1.59 / 62.45 Â± 1.42@@31.692332755442802,71.90 Â± 0.58 / 38.13 Â± 0.96@@71.90480229198204,14.3.0.dev0@@140300,14.3.0.dev0@@140300,14.3.0.dev0@@140300,14.3.0.dev0@@140300
tiiuae/Falcon3-7B-Base (few-shot),2.04,7455550464.0,131072.0,32768,2982.07,ğŸ§ ,âœ“,âœ—,93.15 Â± 0.79 / 96.53 Â± 0.40@@93.1540050231105,50.56 Â± 1.92 / 46.39 Â± 2.24@@50.55806069977036,36.47 Â± 3.67 / 66.66 Â± 2.44@@36.470911336593005,69.44 Â± 2.62 / 43.51 Â± 1.85@@69.44319879988234,14.4.0@@140400,14.4.0@@140400,14.4.0@@140400,14.4.0@@140400
senseable/WestLake-7B-v2 (few-shot),2.05,7241732096.0,32000.0,4096,3612.97,ğŸ§ ,âœ—,âœ—,91.64 Â± 1.36 / 95.69 Â± 0.74@@91.63982487860564,54.69 Â± 1.97 / 51.14 Â± 1.56@@54.69243126080079,31.87 Â± 2.90 / 63.41 Â± 1.74@@31.871066803768883,68.13 Â± 2.48 / 36.69 Â± 1.36@@68.13484010524601,15.0.0@@150000,15.0.0@@150000,15.0.0@@150000,15.0.0@@150000
FacebookAI/xlm-roberta-large,2.07,561192082.0,250002.0,512,8459.71,ğŸ”,âœ“,âœ—,89.83 Â± 0.94 / 94.87 Â± 0.50@@89.83260637670315,75.58 Â± 0.64 / 74.74 Â± 0.64@@75.58449115315453,15.85 Â± 13.06 / 49.72 Â± 10.55@@15.853809685222883,61.94 Â± 0.91 / 37.67 Â± 0.83@@61.94171274745256,14.4.0@@140400,14.4.0@@140400,14.4.0@@140400,14.4.0@@140400
NousResearch/DeepHermes-3-Llama-3-8B-Preview (few-shot),2.08,8030261248.0,128256.0,131072,2406.04,ğŸ“,âœ“,âœ—,93.52 Â± 0.29 / 96.74 Â± 0.15@@93.5150590050902,52.56 Â± 2.64 / 49.04 Â± 2.67@@52.559852491019065,31.48 Â± 2.52 / 63.06 Â± 3.39@@31.48492748509433,68.62 Â± 1.38 / 37.82 Â± 0.98@@68.6235782510224,15.1.0@@150100,15.1.0@@150100,15.1.0@@150100,15.1.0@@150100
CohereForAI/aya-expanse-8b (few-shot),2.08,8028033024.0,256000.0,8192,1341.64,ğŸ§ ,âœ—,âœ—,95.33 Â± 0.44 / 97.66 Â± 0.22@@95.33281217518945,49.10 Â± 3.13 / 34.00 Â± 2.16@@49.10348231396558,32.60 Â± 1.47 / 65.66 Â± 0.99@@32.59617478175841,69.30 Â± 1.02 / 40.25 Â± 0.50@@69.29501756558915,14.3.0.dev0@@140300,14.3.0.dev0@@140300,14.3.0.dev0@@140300,14.3.0.dev0@@140300
mistralai/Mistral-7B-v0.3 (few-shot),2.09,7248023552.0,32768.0,32768,2953.41,ğŸ§ ,âœ“,âœ—,94.49 Â± 0.70 / 97.23 Â± 0.36@@94.49183676497256,51.03 Â± 2.01 / 49.75 Â± 2.04@@51.029304853815574,26.13 Â± 1.39 / 61.72 Â± 0.76@@26.13276389201879,70.83 Â± 2.00 / 44.91 Â± 1.64@@70.83025650963611,15.1.0@@150100,15.1.0@@150100,15.1.0@@150100,15.1.0@@150100
utter-project/EuroLLM-9B (few-shot),2.13,9152319488.0,128000.0,4096,2383.62,ğŸ§ ,âœ“,âœ—,93.97 Â± 0.45 / 96.97 Â± 0.22@@93.96752988135762,48.47 Â± 2.33 / 42.64 Â± 1.45@@48.474704169515945,25.81 Â± 3.71 / 52.83 Â± 4.69@@25.808178886735895,71.25 Â± 1.48 / 43.59 Â± 0.67@@71.25278333386704,15.0.0@@150000,15.0.0@@150000,15.0.0@@150000,15.0.0@@150000
mistralai/Mistral-7B-v0.1 (few-shot),2.14,7241732096.0,32000.0,4096,2943.8,ğŸ§ ,âœ“,âœ—,93.07 Â± 0.77 / 96.49 Â± 0.40@@93.07393188825223,50.27 Â± 1.78 / 48.27 Â± 1.97@@50.26825122326629,27.64 Â± 1.98 / 62.45 Â± 1.15@@27.641122005508667,71.88 Â± 1.70 / 46.57 Â± 1.39@@71.8756965987271,15.0.0@@150000,15.0.0@@150000,15.0.0@@150000,15.0.0@@150000
microsoft/mdeberta-v3-base,2.15,278809344.0,251000.0,512,7688.88,ğŸ”,âœ“,âœ—,86.09 Â± 0.96 / 93.00 Â± 0.49@@86.08816029222822,70.03 Â± 1.49 / 69.24 Â± 1.46@@70.02803638939768,49.83 Â± 5.07 / 74.27 Â± 2.41@@49.82771392695269,24.97 Â± 9.00 / 13.13 Â± 5.39@@24.971800403331503,15.0.0@@150000,15.0.0@@150000,15.0.0.dev0@@150000,15.0.0.dev0@@150000
meta-llama/Llama-3.1-8B-Instruct (few-shot),2.2,8030261248.0,128256.0,131072,2989.9,ğŸ“,âœ“,âœ—,93.55 Â± 0.59 / 96.76 Â± 0.30@@93.5546986952189,51.78 Â± 2.71 / 46.76 Â± 3.00@@51.78214978097677,26.04 Â± 2.26 / 52.60 Â± 2.82@@26.04419069783833,64.96 Â± 0.96 / 32.46 Â± 0.97@@64.96111291761213,15.1.0@@150100,15.1.0@@150100,15.1.0@@150100,15.1.0@@150100
allenai/OLMo-2-1124-13B (few-shot),2.23,13716198400.0,100352.0,4096,1463.93,ğŸ§ ,âœ“,âœ—,95.61 Â± 0.43 / 97.80 Â± 0.22@@95.61058422641162,51.04 Â± 2.07 / 47.64 Â± 1.82@@51.04190857698517,13.99 Â± 5.18 / 41.49 Â± 4.54@@13.985595540257222,76.02 Â± 0.70 / 48.07 Â± 0.40@@76.01928726195821,15.0.0@@150000,15.0.0@@150000,15.0.0@@150000,15.0.0@@150000
setu4993/LaBSE,2.25,470927360.0,501153.0,512,14378.88,ğŸ”,âœ“,âœ—,83.85 Â± 1.39 / 91.82 Â± 0.76@@83.84720757995811,76.11 Â± 1.04 / 75.23 Â± 1.17@@76.11480374990478,23.77 Â± 16.69 / 61.37 Â± 8.23@@23.765115385882417,47.42 Â± 2.16 / 27.54 Â± 1.49@@47.41759504090483,14.4.0@@140400,14.4.0@@140400,14.4.0@@140400,14.4.0@@140400
ibm-granite/granite-3.0-8b-instruct (few-shot),2.28,8170848256.0,49155.0,4096,1279.43,ğŸ“,âœ“,âœ—,90.89 Â± 1.35 / 95.41 Â± 0.68@@90.89197425628399,41.68 Â± 1.94 / 36.17 Â± 2.06@@41.67692713046488,28.03 Â± 3.02 / 60.49 Â± 2.94@@28.032492807259583,72.23 Â± 1.59 / 45.98 Â± 1.11@@72.22658944641292,14.3.0.dev0@@140300,14.3.0.dev0@@140300,14.3.0.dev0@@140300,14.3.0.dev0@@140300
intfloat/multilingual-e5-base,2.31,278044162.0,250002.0,512,13783.97,ğŸ”,âœ“,âœ—,86.21 Â± 1.11 / 93.04 Â± 0.57@@86.20887697650934,73.47 Â± 1.10 / 73.17 Â± 1.11@@73.46605209206099,24.57 Â± 11.71 / 61.11 Â± 5.96@@24.567787837601887,43.65 Â± 1.10 / 24.27 Â± 0.79@@43.64949622194371,14.4.0@@140400,14.4.0@@140400,14.4.0@@140400,14.4.0@@140400
occiglot/occiglot-7b-eu5 (few-shot),2.32,7241732096.0,32000.0,4096,2943.39,ğŸ§ ,âœ“,âœ—,94.68 Â± 0.72 / 97.32 Â± 0.37@@94.68067586975094,46.81 Â± 1.38 / 44.71 Â± 1.54@@46.805862359086525,19.58 Â± 2.62 / 55.28 Â± 3.00@@19.575781173643293,71.16 Â± 1.77 / 46.24 Â± 1.65@@71.15846554160504,15.0.0@@150000,15.0.0@@150000,15.0.0@@150000,15.0.0@@150000
utter-project/EuroLLM-9B-Instruct (few-shot),2.33,9152319488.0,128000.0,4096,954.97,ğŸ“,âœ—,âœ—,92.98 Â± 0.43 / 96.47 Â± 0.22@@92.98014102403954,44.30 Â± 1.84 / 35.23 Â± 2.39@@44.297946425251396,25.29 Â± 2.39 / 52.64 Â± 2.91@@25.28993722264351,68.47 Â± 2.44 / 42.15 Â± 1.82@@68.47457704294217,14.4.0@@140400,14.4.0@@140400,14.4.0@@140400,14.4.0@@140400
mistralai/Ministral-8B-Instruct-2410 (few-shot),2.36,8019808256.0,131072.0,32768,1300.24,ğŸ“,âœ“,âœ—,92.81 Â± 0.61 / 96.35 Â± 0.32@@92.8057637098911,59.05 Â± 1.64 / 53.26 Â± 1.85@@59.04966634080745,7.82 Â± 2.13 / 34.92 Â± 0.70@@7.821174029648437,69.74 Â± 1.40 / 40.14 Â± 0.88@@69.73908441681951,15.0.0@@150000,14.3.0.dev0@@140300,14.3.0.dev0@@140300,14.3.0.dev0@@140300
meta-llama/Llama-2-13b-hf (few-shot),2.37,13015866880.0,32000.0,4096,939.56,ğŸ§ ,âœ“,âœ—,91.53 Â± 1.37 / 95.64 Â± 0.75@@91.53238803746152,50.45 Â± 2.39 / 49.33 Â± 2.58@@50.4491413092836,13.39 Â± 4.37 / 44.91 Â± 6.75@@13.390038476683126,73.23 Â± 1.28 / 46.86 Â± 0.75@@73.2298143534687,14.4.0@@140400,14.4.0@@140400,14.4.0@@140400,14.4.0@@140400
BSC-LT/salamandra-7b-instruct (few-shot),2.37,7768117248.0,256000.0,8192,3958.96,ğŸ“,âœ“,âœ—,94.13 Â± 0.52 / 97.06 Â± 0.26@@94.12784285347675,47.20 Â± 2.06 / 40.71 Â± 2.56@@47.2000702741673,14.32 Â± 1.73 / 56.48 Â± 0.95@@14.315544557741317,73.15 Â± 1.15 / 46.41 Â± 0.82@@73.14696328579106,14.4.0@@140400,14.4.0@@140400,14.4.0@@140400,14.4.0@@140400
google/gemma-7b (few-shot),2.46,8537680896.0,256000.0,8192,1298.32,ğŸ§ ,âœ“,âœ—,90.30 Â± 1.71 / 94.95 Â± 0.95@@90.30145043187176,31.04 Â± 3.37 / 29.50 Â± 3.02@@31.035181452629125,21.05 Â± 5.42 / 49.72 Â± 5.70@@21.046209882142776,72.99 Â± 1.81 / 47.39 Â± 1.25@@72.99098486273252,15.1.0@@150100,15.1.0@@150100,15.1.0@@150100,15.1.0@@150100
BSC-LT/salamandra-7b (few-shot),2.46,7768117248.0,256000.0,8192,3123.97,ğŸ§ ,âœ“,âœ—,94.11 Â± 0.78 / 97.03 Â± 0.40@@94.11464963138846,45.34 Â± 1.91 / 42.85 Â± 1.89@@45.341434427329794,11.69 Â± 1.87 / 53.21 Â± 1.67@@11.688248418236197,67.56 Â± 1.74 / 42.43 Â± 1.31@@67.55620423760367,14.4.0@@140400,14.4.0@@140400,14.4.0@@140400,14.4.0@@140400
norallm/normistral-11b-warm (few-shot),2.49,11429893120.0,51200.0,1024000,2500.58,ğŸ§ ,âœ“,âœ—,91.38 Â± 0.78 / 95.65 Â± 0.40@@91.38251106917153,55.92 Â± 1.32 / 50.35 Â± 2.28@@55.916992925121136,3.71 Â± 1.79 / 43.42 Â± 3.95@@3.7110815533252612,69.41 Â± 1.48 / 43.92 Â± 1.08@@69.41068022362239,15.0.0@@150000,15.0.0@@150000,15.0.0@@150000,15.0.0@@150000
OpenLLM-France/Lucie-7B-Instruct-human-data (few-shot),2.55,6706960384.0,65024.0,32000,3349.98,ğŸ“,âœ“,âœ—,93.13 Â± 0.71 / 96.50 Â± 0.38@@93.13421174773356,39.45 Â± 1.50 / 39.08 Â± 1.58@@39.45217856680873,11.24 Â± 1.33 / 48.30 Â± 1.68@@11.244940690419906,73.99 Â± 0.34 / 47.06 Â± 0.43@@73.98927299798795,14.4.0@@140400,14.4.0@@140400,14.4.0@@140400,14.4.0@@140400
"claude-3-5-haiku-20241022 (zero-shot, val)",2.57,,,200000,199.99,ğŸ“,âœ“,âœ—,53.45 Â± 2.44 / 76.07 Â± 1.28@@53.45477678268298,65.75 Â± 2.00 / 54.78 Â± 2.17@@65.75374226916762,18.01 Â± 4.70 / 44.72 Â± 2.66@@18.008900031386986,61.90 Â± 0.77 / 23.91 Â± 1.34@@61.8970767929211,14.3.0.dev0@@140300,14.3.0.dev0@@140300,14.3.0.dev0@@140300,14.3.0.dev0@@140300
occiglot/occiglot-7b-eu5-instruct (few-shot),2.58,7241748480.0,32002.0,4096,4838.43,ğŸ“,âœ—,âœ—,94.34 Â± 0.45 / 97.17 Â± 0.23@@94.34327696449947,48.84 Â± 1.66 / 44.24 Â± 1.86@@48.83937775653878,28.77 Â± 3.07 / 62.19 Â± 2.66@@28.77417302007002,40.45 Â± 1.01 / 0.08 Â± 0.05@@40.44845419546138,15.0.0@@150000,15.0.0@@150000,15.0.0@@150000,15.0.0@@150000
meta-llama/Llama-3.2-3B-Instruct (few-shot),2.59,3212749824.0,128256.0,131072,2101.25,ğŸ“,âœ—,âœ—,92.17 Â± 0.57 / 96.08 Â± 0.28@@92.16637971273587,44.47 Â± 1.91 / 34.88 Â± 2.02@@44.474054603845246,15.38 Â± 1.18 / 42.64 Â± 1.58@@15.384493833839388,61.03 Â± 1.55 / 33.02 Â± 1.19@@61.02860039956461,14.3.0.dev0@@140300,14.3.0.dev0@@140300,14.4.0@@140400,14.4.0@@140400
mistralai/Mistral-7B-Instruct-v0.2 (few-shot),2.62,7241732096.0,32000.0,32768,2356.01,ğŸ“,âœ—,âœ—,91.74 Â± 0.72 / 95.85 Â± 0.36@@91.73548377185587,40.08 Â± 2.01 / 34.66 Â± 2.19@@40.081759801740965,23.37 Â± 1.44 / 61.44 Â± 0.72@@23.368859540066623,50.77 Â± 3.05 / 19.81 Â± 2.99@@50.76946820889627,15.1.0@@150100,15.1.0@@150100,15.1.0@@150100,15.1.0@@150100
OpenLLM-France/Lucie-7B-Instruct (few-shot),2.62,6706960384.0,65024.0,32000,3346.44,ğŸ“,âœ—,âœ—,93.67 Â± 0.54 / 96.81 Â± 0.28@@93.66635679650966,37.18 Â± 1.35 / 34.94 Â± 1.85@@37.183440354335254,13.67 Â± 1.33 / 54.82 Â± 1.39@@13.669092832675018,67.66 Â± 1.14 / 41.06 Â± 0.86@@67.65969731773598,14.3.0.dev0@@140300,14.3.0.dev0@@140300,14.3.0.dev0@@140300,14.3.0.dev0@@140300
infly/OpenCoder-8B-Instruct (few-shot),2.68,7771262976.0,96640.0,8192,3009.29,ğŸ“,âœ“,âœ—,81.38 Â± 2.16 / 90.29 Â± 1.34@@81.3818036213544,48.54 Â± 1.86 / 41.91 Â± 2.01@@48.53866551652388,11.69 Â± 2.16 / 51.91 Â± 3.44@@11.691143827565483,58.80 Â± 2.06 / 30.69 Â± 2.90@@58.79614497740052,14.4.0@@140400,14.4.0@@140400,14.4.0@@140400,14.4.0@@140400
TrustLLMeu/baseline-7-8b_2-3t-tokens_llama (few-shot),2.74,7799574528.0,100096.0,4096,1394.74,ğŸ§ ,âœ“,âœ—,91.81 Â± 0.61 / 95.88 Â± 0.32@@91.8104201678748,45.30 Â± 2.43 / 43.23 Â± 2.59@@45.29698992742016,0.33 Â± 1.42 / 33.92 Â± 0.59@@0.3288892906402213,63.46 Â± 1.55 / 40.30 Â± 1.16@@63.45728252899054,15.0.0@@150000,15.0.0@@150000,15.0.0@@150000,15.0.0@@150000
TrustLLMeu/baseline-7-8b_1t-tokens_llama (few-shot),2.83,7799574528.0,100096.0,4096,1416.09,ğŸ§ ,âœ“,âœ—,91.02 Â± 0.74 / 95.46 Â± 0.40@@91.0222316709019,43.85 Â± 1.98 / 42.97 Â± 1.97@@43.84682739649614,2.37 Â± 1.42 / 34.99 Â± 1.23@@2.368357569245149,58.60 Â± 1.57 / 37.21 Â± 1.38@@58.59666987167414,15.0.0.dev0@@150000,15.1.0@@150100,15.1.0@@150100,15.1.0@@150100
BSC-LT/salamandra-2b-instruct (few-shot),3.07,2253490176.0,256000.0,8192,10891.84,ğŸ“,âœ“,âœ—,83.41 Â± 2.17 / 91.28 Â± 1.26@@83.4133346911679,31.20 Â± 2.27 / 30.19 Â± 2.40@@31.199794557944386,-1.10 Â± 1.31 / 34.12 Â± 0.80@@-1.0992894905922213,63.61 Â± 0.81 / 35.05 Â± 0.94@@63.60619526215753,14.4.0@@140400,14.4.0@@140400,14.4.0@@140400,14.4.0@@140400
Qwen/Qwen2.5-Math-7B (few-shot),3.1,7615616512.0,152064.0,4096,1522.74,ğŸ§ ,âœ“,âœ—,88.38 Â± 0.89 / 94.13 Â± 0.47@@88.3786195316308,45.59 Â± 1.57 / 41.94 Â± 2.04@@45.588034388198395,7.67 Â± 3.01 / 39.92 Â± 3.76@@7.665825037700433,32.60 Â± 3.59 / 7.25 Â± 3.37@@32.5959112425638,15.1.0@@150100,15.1.0@@150100,15.1.0@@150100,15.1.0@@150100
HuggingFaceTB/SmolLM2-1.7B (few-shot),3.15,1711376384.0,49152.0,8192,2616.53,ğŸ§ ,âœ“,âœ—,89.55 Â± 0.91 / 94.70 Â± 0.50@@89.55004579755072,35.23 Â± 2.12 / 30.62 Â± 2.09@@35.22927594987493,3.78 Â± 2.57 / 41.36 Â± 4.09@@3.778165909320011,44.47 Â± 1.81 / 26.68 Â± 1.34@@44.47279953415778,14.4.0@@140400,14.4.0@@140400,14.4.0@@140400,14.4.0@@140400
infly/OpenCoder-8B-Base (few-shot),3.16,7771263040.0,96640.0,8192,2978.18,ğŸ§ ,âœ“,âœ—,84.15 Â± 0.69 / 92.03 Â± 0.34@@84.15254340320354,48.58 Â± 2.25 / 42.72 Â± 2.85@@48.5829808362518,3.82 Â± 1.44 / 49.83 Â± 1.53@@3.8172674662335018,33.24 Â± 2.14 / 0.28 Â± 0.15@@33.237264100859704,14.4.0@@140400,14.4.0@@140400,14.4.0@@140400,15.0.0@@150000
BSC-LT/salamandra-2b (few-shot),3.17,2253490176.0,256000.0,8192,7146.49,ğŸ§ ,âœ“,âœ—,85.85 Â± 2.62 / 92.72 Â± 1.51@@85.84793119442763,28.07 Â± 3.24 / 27.43 Â± 3.34@@28.06645983828312,3.08 Â± 1.52 / 41.62 Â± 3.93@@3.078543219943266,53.13 Â± 3.53 / 31.89 Â± 2.06@@53.13241287547483,14.4.0@@140400,14.4.0@@140400,14.4.0@@140400,14.4.0@@140400
HuggingFaceTB/SmolLM2-1.7B-Instruct (few-shot),3.22,1711376384.0,49152.0,8192,2631.13,ğŸ“,âœ“,âœ—,86.34 Â± 0.81 / 93.09 Â± 0.44@@86.3376537839694,26.14 Â± 5.76 / 22.87 Â± 3.21@@26.13786583743544,3.68 Â± 2.25 / 34.76 Â± 1.40@@3.684044174465785,52.44 Â± 1.41 / 27.03 Â± 0.84@@52.444802482755826,14.4.0@@140400,14.4.0@@140400,14.4.0@@140400,14.4.0@@140400
OpenLLM-France/Lucie-7B (few-shot),3.27,6706960384.0,65024.0,32000,1471.32,ğŸ§ ,âœ“,âœ—,92.08 Â± 1.06 / 95.93 Â± 0.57@@92.08343704297157,33.49 Â± 1.79 / 32.90 Â± 1.94@@33.493901244639524,5.68 Â± 1.20 / 41.54 Â± 2.91@@5.683264881676484,33.69 Â± 1.48 / 0.12 Â± 0.03@@33.694693153167634,14.3.0.dev0@@140300,14.3.0.dev0@@140300,14.3.0.dev0@@140300,14.3.0.dev0@@140300
google/gemma-7b-it (few-shot),3.37,8537680896.0,256000.0,8192,1314.23,ğŸ“,âœ—,âœ—,56.71 Â± 13.06 / 71.80 Â± 10.30@@56.71035018686747,47.78 Â± 2.95 / 45.94 Â± 3.10@@47.77926179734057,12.17 Â± 1.62 / 49.92 Â± 3.50@@12.168694651536722,20.66 Â± 2.66 / 2.54 Â± 1.01@@20.661927036722837,15.0.0@@150000,15.0.0@@150000,15.0.0.dev0@@150000,15.0.0.dev0@@150000
almanach/camembert-base,3.42,111246085.0,32005.0,512,15470.03,ğŸ”,âœ“,âœ—,89.86 Â± 0.53 / 94.92 Â± 0.27@@89.85862005880661,0.00 Â± 0.00 / 0.00 Â± 0.00@@0.0,30.76 Â± 17.30 / 59.27 Â± 11.30@@30.758581107899452,31.70 Â± 2.56 / 12.04 Â± 1.30@@31.695661322038696,14.4.0@@140400,14.4.0@@140400,14.4.0@@140400,14.4.0@@140400
utter-project/EuroLLM-1.7B (few-shot),3.45,,128000.0,4096,2755.85,ğŸ§ ,âœ“,âœ—,66.87 Â± 11.45 / 79.57 Â± 8.65@@66.87115100968784,25.17 Â± 2.96 / 24.88 Â± 2.95@@25.17046257176861,0.90 Â± 1.15 / 39.58 Â± 4.31@@0.8971126427214494,52.08 Â± 3.19 / 31.47 Â± 1.64@@52.07786308583773,14.4.0@@140400,14.4.0@@140400,14.4.0@@140400,14.4.0@@140400
utter-project/EuroLLM-1.7B-Instruct (few-shot),3.46,1656850432.0,128000.0,4096,6288.34,ğŸ“,âœ“,âœ—,47.33 Â± 14.26 / 64.92 Â± 11.54@@47.32631521625706,24.34 Â± 2.85 / 23.16 Â± 2.71@@24.33727193733953,2.56 Â± 0.99 / 39.21 Â± 3.15@@2.5630092774934887,57.08 Â± 2.26 / 31.89 Â± 1.17@@57.07933384933972,14.4.0@@140400,14.4.0@@140400,14.4.0@@140400,14.4.0@@140400
microsoft/phi-2 (few-shot),3.72,2779683840.0,51200.0,2048,6084.61,ğŸ§ ,âœ“,âœ—,7.56 Â± 12.23 / 39.73 Â± 8.97@@7.560898607426332,39.83 Â± 1.81 / 38.37 Â± 2.13@@39.833461355346486,3.19 Â± 2.29 / 46.88 Â± 3.35@@3.1917813903806143,55.92 Â± 1.85 / 34.80 Â± 0.85@@55.92357745367965,15.0.0@@150000,15.0.0@@150000,15.0.0@@150000,15.0.0@@150000
Qwen/Qwen2.5-Math-1.5B (few-shot),3.97,1543714304.0,151936.0,4096,2371.7,ğŸ“,âœ“,âœ—,54.36 Â± 8.27 / 73.28 Â± 7.01@@54.36278063186235,25.83 Â± 4.46 / 23.06 Â± 4.53@@25.82946770409426,2.12 Â± 1.53 / 34.35 Â± 1.32@@2.1203793190786633,13.01 Â± 0.56 / 0.02 Â± 0.02@@13.012425576494795,15.1.0@@150100,15.1.0@@150100,15.1.0@@150100,15.1.0@@150100
croissantllm/CroissantLLMBase (few-shot),4.01,,32000.0,2048,8062.12,ğŸ§ ,âœ“,âœ—,32.85 Â± 14.64 / 56.15 Â± 12.12@@32.85255838229023,29.87 Â± 6.04 / 29.78 Â± 5.81@@29.868953386548235,1.53 Â± 1.05 / 42.38 Â± 4.01@@1.5274161991308544,30.91 Â± 2.08 / 0.41 Â± 0.14@@30.909737942427352,15.0.0@@150000,15.0.0@@150000,15.0.0@@150000,15.0.0@@150000
infly/OpenCoder-1.5B-Instruct (few-shot),4.06,1905650880.0,96640.0,4096,7719.75,ğŸ“,âœ—,âœ—,11.34 Â± 7.98 / 40.30 Â± 5.23@@11.340768549560892,42.89 Â± 1.63 / 41.13 Â± 1.37@@42.88951411234979,1.22 Â± 1.93 / 39.83 Â± 3.34@@1.223628621199224,31.22 Â± 0.91 / 14.62 Â± 1.12@@31.2183152750273,14.4.0@@140400,14.4.0@@140400,14.4.0@@140400,14.4.0@@140400
croissantllm/CroissantLLMChat-v0.1 (few-shot),4.52,1345431552.0,32002.0,2048,8110.63,ğŸ“,âœ—,âœ—,-1.64 Â± 1.96 / 38.62 Â± 3.53@@-1.643655299598279,21.33 Â± 5.64 / 21.21 Â± 5.41@@21.33001852560313,0.00 Â± 0.00 / 33.30 Â± 0.27@@0.0,33.89 Â± 2.17 / 12.35 Â± 1.79@@33.88933380013453,15.0.0@@150000,15.0.0@@150000,15.0.0@@150000,15.0.0@@150000
infly/OpenCoder-1.5B-Base (few-shot),4.99,1905650960.0,96640.0,4096,7718.23,ğŸ§ ,âœ“,âœ—,-1.42 Â± 0.78 / 37.30 Â± 2.54@@-1.424955388728338,7.18 Â± 5.15 / 7.44 Â± 4.75@@7.181180490324583,0.66 Â± 1.11 / 37.54 Â± 4.14@@0.6579703684896019,13.99 Â± 0.76 / 0.08 Â± 0.07@@13.99352368717268,14.4.0@@140400,14.4.0@@140400,14.4.0@@140400,15.0.0@@150000
alea-institute/kl3m-003-3.7b (few-shot),5.3,3691382784.0,32768.0,4096,1561.54,ğŸ§ ,âœ“,âœ—,-0.51 Â± 1.26 / 37.10 Â± 2.76@@-0.5069210383866359,0.00 Â± 0.00 / 0.00 Â± 0.00@@0.0,-0.59 Â± 0.59 / 36.21 Â± 2.57@@-0.585455111783329,2.45 Â± 1.07 / 0.01 Â± 0.02@@2.4488380072356617,14.4.0@@140400,14.4.0@@140400,14.4.0@@140400,14.4.0@@140400
