model,rank,parameters,vocabulary_size,context,speed,generative_type,commercial,merge,sb10k,germeval,scala_de,germanquad,mlsum,mmlu_de,hellaswag_de,sb10k_version,germeval_version,scala_de_version,germanquad_version,mlsum_version,mmlu_de_version,hellaswag_de_version
"gpt-4-0613 (few-shot, val)",1.43,,100256.0,8191,597.21,ğŸ“,âœ“,âœ—,64.91 Â± 1.86 / 75.96 Â± 1.59@@64.91257402693122,69.48 Â± 2.32 / 54.66 Â± 2.17@@69.48239576837592,50.23 Â± 4.16 / 74.54 Â± 2.10@@50.23227730494245,65.14 Â± 1.53 / 33.17 Â± 1.86@@65.1417695670447,66.35 Â± 0.59 / 19.81 Â± 1.46@@66.35269063292071,71.92 Â± 2.22 / 78.79 Â± 1.65@@71.91833845800203,82.85 Â± 1.48 / 86.99 Â± 1.12@@82.85084880299148,12.10.0@@121000,12.10.0@@121000,12.10.0@@121000,12.10.0@@121000,12.10.0@@121000,12.10.0@@121000,12.10.0@@121000
meta-llama/Llama-3.1-405B-Instruct-FP8 (few-shot),1.48,405868625920.0,128256.0,131072,798.95,ğŸ“,âœ“,âœ—,60.79 Â± 2.05 / 71.73 Â± 2.13@@60.794760719563676,72.87 Â± 1.32 / 69.43 Â± 1.71@@72.86589359944499,50.25 Â± 1.78 / 74.33 Â± 0.79@@50.25058296892384,57.73 Â± 1.57 / 28.34 Â± 1.37@@57.73285136059347,66.17 Â± 0.18 / 18.11 Â± 0.49@@66.1689644503349,74.98 Â± 0.83 / 81.27 Â± 0.62@@74.9792269309681,83.48 Â± 1.05 / 87.58 Â± 0.78@@83.47822346124985,14.0.4@@140004,14.0.4@@140004,14.0.4@@140004,14.0.4@@140004,14.0.4@@140004,14.0.4@@140004,14.0.4@@140004
"gpt-4-1106-preview (few-shot, val)",1.53,,100256.0,128000,575.52,ğŸ“,âœ“,âœ—,60.47 Â± 2.94 / 72.79 Â± 1.90@@60.467737255664524,68.94 Â± 2.50 / 44.89 Â± 2.85@@68.94076215879583,51.26 Â± 4.94 / 74.76 Â± 2.45@@51.2645155867854,58.77 Â± 1.50 / 30.04 Â± 1.30@@58.7698796895814,63.62 Â± 0.65 / 13.08 Â± 0.87@@63.61933819949627,73.80 Â± 2.03 / 80.31 Â± 1.54@@73.80023149105646,83.93 Â± 2.38 / 87.85 Â± 1.80@@83.92698631376965,12.10.2@@121002,12.6.1@@120601,12.10.2@@121002,12.6.1@@120601,12.6.1@@120601,12.10.2@@121002,12.10.2@@121002
Qwen/QwQ-32B-Preview (few-shot),1.53,32763876352.0,152064.0,32768,2258.16,ğŸ“,âœ“,âœ—,59.33 Â± 2.00 / 69.45 Â± 2.43@@59.33207630361497,70.66 Â± 1.22 / 61.82 Â± 2.45@@70.65803419654804,54.53 Â± 2.50 / 76.97 Â± 1.30@@54.53463360294288,62.45 Â± 2.73 / 32.66 Â± 1.90@@62.44706436125497,65.00 Â± 0.76 / 16.07 Â± 1.83@@65.00497606946738,67.84 Â± 0.70 / 75.71 Â± 0.55@@67.83693711008856,79.00 Â± 1.09 / 83.96 Â± 0.86@@79.00054150822541,14.0.4@@140004,14.0.4@@140004,14.0.4@@140004,14.0.4@@140004,14.0.4@@140004,14.0.4@@140004,14.0.4@@140004
Qwen/Qwen2.5-72B-Instruct (few-shot),1.57,72706203648.0,152064.0,32768,1218.79,ğŸ“,âœ“,âœ—,58.78 Â± 1.77 / 72.15 Â± 1.29@@58.77969178733906,68.94 Â± 0.70 / 51.96 Â± 2.24@@68.93730784094552,52.66 Â± 1.92 / 75.17 Â± 0.93@@52.656509560841,57.71 Â± 0.89 / 27.62 Â± 0.83@@57.711617346045934,63.32 Â± 0.06 / 12.00 Â± 0.10@@63.315395377139794,70.49 Â± 0.48 / 77.80 Â± 0.36@@70.48824390101835,81.41 Â± 0.90 / 85.98 Â± 0.68@@81.41288599238597,14.0.4@@140004,14.0.4@@140004,14.0.4@@140004,14.0.4@@140004,14.0.4@@140004,14.0.4@@140004,14.0.4@@140004
"gpt-4o-2024-05-13 (few-shot, val)",1.59,,200019.0,127997,916.47,ğŸ“,âœ“,âœ—,54.82 Â± 2.19 / 68.42 Â± 1.67@@54.82448611019911,69.99 Â± 1.63 / 45.58 Â± 2.42@@69.98869223074664,43.66 Â± 5.67 / 64.64 Â± 4.65@@43.662816547392225,60.77 Â± 1.11 / 30.06 Â± 1.04@@60.767892046811255,63.80 Â± 0.60 / 13.87 Â± 1.05@@63.79538898705505,74.13 Â± 1.60 / 80.59 Â± 1.22@@74.13099851276101,88.18 Â± 1.79 / 91.13 Â± 1.34@@88.18135391289523,12.10.2@@121002,12.10.0@@121000,12.10.2@@121002,12.10.0@@121000,12.10.0@@121000,12.10.2@@121002,12.10.2@@121002
meta-llama/Llama-3.1-70B-Instruct (few-shot),1.61,70553706496.0,128256.0,131072,1408.67,ğŸ“,âœ“,âœ—,59.87 Â± 1.63 / 72.22 Â± 1.34@@59.87180899186365,72.11 Â± 1.42 / 54.20 Â± 2.19@@72.11344587142233,46.82 Â± 1.39 / 72.14 Â± 0.64@@46.818774866667376,57.19 Â± 1.78 / 30.64 Â± 1.27@@57.18794817687186,66.20 Â± 0.16 / 18.95 Â± 0.43@@66.19527631002711,68.80 Â± 0.65 / 76.52 Â± 0.52@@68.79828639271886,73.49 Â± 1.15 / 79.81 Â± 0.87@@73.48628206491257,14.0.3@@140003,14.0.3@@140003,14.0.3@@140003,14.0.3@@140003,14.0.3@@140003,14.0.3@@140003,14.0.3@@140003
meta-llama/Meta-Llama-3-70B (few-shot),1.65,70553706496.0,128256.0,8192,1298.94,ğŸ§ ,âœ“,âœ—,60.32 Â± 2.25 / 72.88 Â± 1.80@@60.31527154138102,70.86 Â± 1.31 / 61.11 Â± 1.66@@70.86395479777215,44.69 Â± 3.77 / 71.60 Â± 2.01@@44.69452745165646,69.34 Â± 3.15 / 40.49 Â± 2.26@@69.34009811419052,70.23 Â± 1.14 / 30.30 Â± 2.78@@70.22672620681988,62.06 Â± 0.86 / 71.52 Â± 0.68@@62.059115634430505,56.43 Â± 2.88 / 66.28 Â± 2.33@@56.4303924506688,14.3.0@@140300,14.3.0@@140300,14.3.0@@140300,14.3.0@@140300,14.3.0@@140300,14.3.0@@140300,14.3.0@@140300
meta-llama/Llama-3.3-70B-Instruct (few-shot),1.66,70553706496.0,128256.0,131072,1353.36,ğŸ“,âœ“,âœ—,60.55 Â± 2.01 / 72.05 Â± 1.69@@60.55111609054907,70.47 Â± 1.16 / 51.68 Â± 2.18@@70.47087136213494,50.13 Â± 1.53 / 72.87 Â± 0.69@@50.12609349542648,47.44 Â± 1.06 / 20.42 Â± 0.81@@47.438164300462816,65.20 Â± 0.10 / 15.59 Â± 0.30@@65.19848886906402,69.32 Â± 0.80 / 76.95 Â± 0.62@@69.3238899719786,78.33 Â± 0.90 / 83.58 Â± 0.69@@78.33130610309766,14.0.3@@140003,14.0.3@@140003,14.0.3@@140003,14.0.3@@140003,14.0.3@@140003,14.0.3@@140003,14.0.3@@140003
mistralai/Mistral-Small-24B-Instruct-2501 (few-shot),1.66,23572403200.0,131072.0,32768,2350.82,ğŸ“,âœ“,âœ—,62.27 Â± 1.50 / 74.77 Â± 0.99@@62.27003264621972,69.51 Â± 0.97 / 50.79 Â± 2.35@@69.51014051569467,44.01 Â± 1.53 / 64.50 Â± 1.51@@44.01057995114118,58.96 Â± 1.41 / 29.71 Â± 1.12@@58.96244534409682,63.98 Â± 0.06 / 12.42 Â± 0.23@@63.97570830362383,60.41 Â± 0.74 / 70.32 Â± 0.56@@60.41437665193591,82.04 Â± 1.03 / 86.48 Â± 0.78@@82.04024522766883,15.0.0@@150000,15.0.0@@150000,15.0.0@@150000,15.0.0@@150000,15.0.0@@150000,15.0.0@@150000,15.0.0@@150000
"claude-3-5-sonnet-20241022 (zero-shot, val)",1.71,,,200000,168.2,ğŸ“,âœ“,âœ—,61.59 Â± 4.13 / 73.65 Â± 2.62@@61.58658055321175,61.83 Â± 1.50 / 46.40 Â± 1.54@@61.83423106162673,46.40 Â± 3.16 / 69.51 Â± 1.58@@46.39784450587477,48.70 Â± 1.26 / 23.77 Â± 1.57@@48.70257815871887,62.69 Â± 0.14 / 10.95 Â± 0.17@@62.68868249375373,80.32 Â± 2.37 / 85.27 Â± 1.75@@80.31539634105043,76.14 Â± 1.44 / 81.95 Â± 1.11@@76.13909981559975,14.0.3@@140003,14.0.3@@140003,14.0.3@@140003,14.0.3@@140003,14.0.3@@140003,14.4.0@@140400,14.4.0@@140400
google/gemma-2-27b-it (few-shot),1.72,27227128320.0,256000.0,8193,1516.14,ğŸ“,âœ“,âœ—,60.28 Â± 1.75 / 73.37 Â± 1.43@@60.28338822042555,64.13 Â± 1.65 / 55.46 Â± 2.00@@64.13035420467052,46.69 Â± 1.99 / 71.96 Â± 0.73@@46.68983310266803,59.38 Â± 1.85 / 28.54 Â± 1.38@@59.375625523816666,67.87 Â± 0.99 / 24.26 Â± 2.65@@67.86773069936316,59.43 Â± 0.82 / 69.41 Â± 0.61@@59.42844749811316,71.59 Â± 1.49 / 78.30 Â± 1.23@@71.58855022903636,13.0.0@@130000,13.0.0@@130000,13.0.0@@130000,13.0.0@@130000,13.0.0@@130000,13.0.0@@130000,13.0.0@@130000
"gpt-4-1106-preview (zero-shot, val)",1.73,,100256.0,8191,589.23,ğŸ“,âœ“,âœ—,58.67 Â± 2.30 / 71.20 Â± 1.34@@58.67498601180713,57.47 Â± 2.20 / 36.29 Â± 1.91@@57.472105243004656,54.55 Â± 3.18 / 75.08 Â± 1.71@@54.55179176537751,53.97 Â± 1.74 / 27.02 Â± 1.33@@53.97190574925811,62.91 Â± 0.22 / 11.70 Â± 0.28@@62.909054348710924,70.02 Â± 2.68 / 77.46 Â± 1.98@@70.01569944824222,71.44 Â± 2.04 / 77.85 Â± 1.67@@71.43775603028719,14.0.3@@140003,14.0.3@@140003,14.0.3@@140003,14.0.3@@140003,14.0.3@@140003,14.4.0@@140400,14.4.0@@140400
ThatsGroes/gemma-2-27b-it-FP8-Dynamic (few-shot),1.8,28410968576.0,256000.0,4096,3632.83,ğŸ“,âœ“,âœ—,58.02 Â± 1.62 / 71.81 Â± 1.10@@58.017066369477476,73.31 Â± 1.01 / 59.78 Â± 2.14@@73.30796171508706,45.12 Â± 0.99 / 70.92 Â± 0.38@@45.11553810732359,55.19 Â± 1.27 / 24.67 Â± 1.03@@55.192970661533025,64.40 Â± 0.06 / 15.05 Â± 0.16@@64.3992993660504,58.70 Â± 0.65 / 68.95 Â± 0.50@@58.699589385938346,68.90 Â± 1.33 / 76.26 Â± 1.04@@68.90028308885101,14.0.4@@140004,14.0.4@@140004,14.0.4@@140004,14.0.4@@140004,14.0.4@@140004,14.0.4@@140004,14.0.4@@140004
"152334H/miqu-1-70b-sf (few-shot, val)",1.81,68976648192.0,32000.0,32762,2126.22,ğŸ§ ,âœ“,âœ—,59.80 Â± 2.15 / 71.98 Â± 1.46@@59.7977148593109,65.19 Â± 2.58 / 56.17 Â± 3.57@@65.19321558357251,41.86 Â± 5.44 / 69.70 Â± 2.31@@41.86087804053001,63.19 Â± 2.48 / 25.51 Â± 3.79@@63.1897220103535,66.80 Â± 0.76 / 20.65 Â± 1.59@@66.79917494533584,55.18 Â± 3.35 / 66.48 Â± 2.49@@55.18272938926827,61.68 Â± 3.07 / 70.78 Â± 2.37@@61.68148438297156,12.7.0@@120700,12.7.0@@120700,12.7.0@@120700,12.7.0@@120700,12.7.0@@120700,12.7.0@@120700,12.7.0@@120700
meta-llama/Meta-Llama-3-70B-instruct (few-shot),1.81,70553706496.0,128256.0,8192,1194.24,ğŸ“,âœ“,âœ—,57.01 Â± 2.12 / 68.89 Â± 1.90@@57.00950123610471,70.25 Â± 1.06 / 52.70 Â± 1.99@@70.249110891914,43.89 Â± 1.59 / 70.99 Â± 0.71@@43.88846507856757,53.04 Â± 1.25 / 25.06 Â± 0.90@@53.04468068575632,65.23 Â± 0.08 / 15.97 Â± 0.20@@65.22795949014835,62.58 Â± 0.73 / 71.94 Â± 0.55@@62.58362464604957,67.00 Â± 1.16 / 74.97 Â± 0.88@@66.9986429856533,14.3.0@@140300,14.3.0@@140300,14.3.0@@140300,14.3.0@@140300,14.3.0@@140300,14.3.0@@140300,14.3.0@@140300
"gpt-4o-mini-2024-07-18 (few-shot, val)",1.83,,200019.0,8191,784.26,ğŸ“,âœ“,âœ—,55.16 Â± 3.05 / 69.81 Â± 1.96@@55.16261613398308,65.51 Â± 1.91 / 48.61 Â± 3.73@@65.5067918613168,44.60 Â± 3.19 / 67.35 Â± 2.53@@44.59600720867293,59.67 Â± 2.67 / 21.87 Â± 3.80@@59.665187753342465,63.50 Â± 0.20 / 11.55 Â± 0.36@@63.50314440205693,60.83 Â± 2.50 / 70.31 Â± 1.91@@60.8334105453497,67.98 Â± 3.25 / 75.39 Â± 2.59@@67.97737264108534,14.0.0@@140000,14.0.0@@140000,14.0.0@@140000,14.0.0@@140000,14.0.1@@140001,14.0.1@@140001,14.0.1@@140001
"gpt-4o-2024-05-13 (zero-shot, val)",1.83,,200019.0,8191,882.4,ğŸ“,âœ“,âœ—,50.12 Â± 2.00 / 65.79 Â± 1.25@@50.11558801595113,67.18 Â± 1.47 / 35.10 Â± 1.57@@67.18415261993218,44.98 Â± 4.97 / 71.63 Â± 2.39@@44.97916532644493,55.19 Â± 1.49 / 27.01 Â± 1.67@@55.18821067954887,63.10 Â± 0.20 / 11.09 Â± 0.30@@63.10349731473253,71.12 Â± 2.03 / 78.48 Â± 1.48@@71.11678747008095,71.01 Â± 1.68 / 77.97 Â± 1.29@@71.00794703531503,14.0.3@@140003,14.0.3@@140003,14.0.3@@140003,14.0.3@@140003,14.0.3@@140003,14.4.0@@140400,14.4.0@@140400
"meta-llama/Llama-2-70b-hf (few-shot, val)",1.9,68976653312.0,32000.0,4094,1891.65,ğŸ§ ,âœ“,âœ—,58.17 Â± 2.51 / 71.34 Â± 1.62@@58.17138387529942,63.71 Â± 2.43 / 57.08 Â± 2.70@@63.70602201230007,36.33 Â± 5.00 / 64.51 Â± 3.38@@36.32790697346121,69.62 Â± 2.81 / 36.06 Â± 2.89@@69.62311555414969,69.82 Â± 1.03 / 30.79 Â± 2.46@@69.82134647550993,46.44 Â± 2.49 / 59.88 Â± 1.74@@46.43701892852672,48.89 Â± 2.85 / 61.33 Â± 2.06@@48.88655560702998,12.7.0@@120700,12.7.0@@120700,12.7.0@@120700,12.7.0@@120700,12.7.0@@120700,12.7.0@@120700,12.7.0@@120700
google/gemma-2-9b (few-shot),1.91,9241705984.0,256000.0,4096,919.55,ğŸ§ ,âœ“,âœ—,58.04 Â± 4.86 / 69.00 Â± 5.42@@58.03731736363093,61.25 Â± 1.60 / 49.50 Â± 2.71@@61.2481181157784,36.70 Â± 4.69 / 67.05 Â± 2.73@@36.70103797385799,65.15 Â± 3.87 / 38.17 Â± 2.82@@65.15377818962034,69.33 Â± 1.05 / 28.27 Â± 2.23@@69.33250173853594,53.08 Â± 0.95 / 64.75 Â± 0.75@@53.08243727057206,47.80 Â± 4.37 / 59.56 Â± 3.38@@47.803886068786525,14.4.0@@140400,14.4.0@@140400,14.4.0@@140400,14.4.0@@140400,14.4.0@@140400,14.4.0@@140400,14.4.0@@140400
mistralai/Mistral-Nemo-Instruct-2407 (few-shot),1.93,12247782400.0,131072.0,1024001,7094.98,ğŸ“,âœ“,âœ—,57.70 Â± 2.68 / 71.63 Â± 1.94@@57.70457326303007,66.27 Â± 1.13 / 49.86 Â± 1.62@@66.26898367648408,35.54 Â± 4.25 / 60.12 Â± 5.53@@35.541622142856795,66.90 Â± 2.58 / 34.45 Â± 1.61@@66.8970580297417,68.65 Â± 1.15 / 25.16 Â± 2.66@@68.64727949243388,47.05 Â± 1.12 / 60.01 Â± 0.86@@47.05404741438189,52.68 Â± 3.39 / 63.07 Â± 2.88@@52.68443896887439,13.0.0@@130000,13.0.0@@130000,13.0.0@@130000,13.0.0@@130000,13.0.0@@130000,13.0.0@@130000,13.0.0@@130000
google/gemma-2-9b-it (few-shot),1.95,9241705984.0,256000.0,4096,2597.9,ğŸ“,âœ“,âœ—,55.65 Â± 1.99 / 67.97 Â± 1.80@@55.65215912372427,63.31 Â± 0.99 / 45.03 Â± 1.92@@63.308976528274144,44.59 Â± 1.56 / 68.05 Â± 1.34@@44.58905666453748,57.04 Â± 1.70 / 27.89 Â± 0.82@@57.04248339013257,64.44 Â± 0.08 / 16.78 Â± 0.22@@64.43982811717433,52.96 Â± 0.54 / 64.70 Â± 0.41@@52.9552367040799,61.31 Â± 1.01 / 70.84 Â± 0.73@@61.31180778927996,14.4.0@@140400,14.4.0@@140400,14.4.0@@140400,14.4.0@@140400,14.4.0@@140400,14.4.0@@140400,14.4.0@@140400
upstage/SOLAR-10.7B-v1.0 (few-shot),1.97,10731524096.0,32000.0,4096,929.16,ğŸ§ ,âœ“,âœ—,55.01 Â± 4.02 / 67.03 Â± 4.05@@55.01059334315922,67.50 Â± 1.02 / 54.52 Â± 2.18@@67.50387963469974,33.04 Â± 2.84 / 64.15 Â± 2.14@@33.040378779227595,68.04 Â± 1.99 / 37.74 Â± 1.44@@68.03825239610782,68.69 Â± 0.86 / 27.58 Â± 1.91@@68.69457537715789,37.60 Â± 1.05 / 53.11 Â± 0.83@@37.599657136411366,60.89 Â± 1.78 / 69.79 Â± 1.41@@60.89354367424402,15.0.0@@150000,15.0.0@@150000,15.0.0@@150000,15.0.0@@150000,15.0.0@@150000,15.0.0@@150000,15.0.0@@150000
CohereForAI/c4ai-command-r-08-2024 (few-shot),1.97,32296476672.0,256000.0,131072,1909.17,ğŸ“,âœ—,âœ—,56.20 Â± 2.11 / 69.68 Â± 1.83@@56.195593403403436,68.62 Â± 1.15 / 49.68 Â± 3.91@@68.61935897898704,43.36 Â± 1.37 / 67.19 Â± 2.03@@43.3612351224457,57.50 Â± 1.84 / 28.50 Â± 1.00@@57.496157222576755,64.52 Â± 0.06 / 13.88 Â± 0.25@@64.52333725785138,50.16 Â± 1.00 / 62.25 Â± 0.74@@50.159575889591224,51.13 Â± 2.01 / 62.67 Â± 1.67@@51.13425835693507,14.0.4@@140004,14.0.4@@140004,14.0.4@@140004,14.0.4@@140004,14.0.4@@140004,14.0.4@@140004,14.0.4@@140004
"gpt-4o-mini-2024-07-18 (zero-shot, val)",1.98,,200019.0,8191,862.54,ğŸ“,âœ“,âœ—,52.66 Â± 3.86 / 68.10 Â± 2.51@@52.66326601152189,59.19 Â± 1.52 / 30.16 Â± 1.22@@59.18868848090011,46.66 Â± 4.45 / 72.82 Â± 2.13@@46.6646082120858,51.63 Â± 1.54 / 26.02 Â± 1.78@@51.628073373077925,63.30 Â± 0.18 / 11.78 Â± 0.24@@63.30387816298752,58.21 Â± 2.60 / 68.09 Â± 2.09@@58.20576715499654,65.19 Â± 2.42 / 73.28 Â± 1.95@@65.19440624605667,14.0.1@@140001,14.0.1@@140001,14.0.1@@140001,14.0.1@@140001,14.0.1@@140001,14.0.3@@140003,14.0.3@@140003
skole-gpt-mixtral (few-shot),2.0,,32000.0,32768,3582.66,ğŸ§ ,âœ“,âœ—,59.45 Â± 1.95 / 72.95 Â± 1.33@@59.45077398827585,57.82 Â± 1.85 / 43.22 Â± 2.36@@57.819625577908674,36.75 Â± 2.58 / 67.88 Â± 1.50@@36.75194706483712,63.95 Â± 2.83 / 33.55 Â± 2.29@@63.95436068184076,69.37 Â± 0.84 / 28.13 Â± 2.16@@69.36994879157282,50.96 Â± 0.60 / 63.17 Â± 0.44@@50.96413571182439,39.28 Â± 2.50 / 52.23 Â± 2.22@@39.27930943564898,13.0.0@@130000,13.0.0@@130000,13.0.0@@130000,13.0.0@@130000,13.0.0@@130000,13.0.0@@130000,13.0.0@@130000
allenai/Llama-3.1-Tulu-3-8B-SFT (few-shot),2.09,8030326784.0,128264.0,131072,7210.36,ğŸ“,âœ“,âœ—,56.81 Â± 1.63 / 70.76 Â± 1.13@@56.81133881334134,63.59 Â± 1.40 / 55.27 Â± 1.92@@63.594306182366466,35.97 Â± 2.26 / 66.49 Â± 1.61@@35.97348092837768,65.15 Â± 2.36 / 35.94 Â± 1.51@@65.15301067651279,67.28 Â± 0.45 / 24.08 Â± 1.21@@67.27504027818213,36.69 Â± 0.87 / 52.29 Â± 0.67@@36.689149862797805,42.57 Â± 1.24 / 56.08 Â± 1.00@@42.57309129900996,15.1.0@@150100,15.1.0@@150100,15.1.0@@150100,15.1.0@@150100,15.1.0@@150100,15.1.0@@150100,15.1.0@@150100
nvidia/Llama-3.1-Nemotron-70B-Instruct-HF (few-shot),2.11,70553706496.0,128256.0,131072,1207.76,ğŸ“,âœ“,âœ—,57.07 Â± 1.62 / 70.61 Â± 1.27@@57.06644624884558,61.98 Â± 0.95 / 33.82 Â± 1.10@@61.98453255213347,45.61 Â± 1.62 / 71.65 Â± 0.69@@45.60521510390416,54.36 Â± 1.28 / 24.89 Â± 0.88@@54.363741579447904,43.28 Â± 0.70 / 1.38 Â± 0.31@@43.27964406387764,66.68 Â± 0.93 / 74.94 Â± 0.72@@66.68215944244513,75.48 Â± 1.28 / 81.42 Â± 1.00@@75.4754078836579,14.0.4@@140004,14.0.4@@140004,14.0.4@@140004,14.0.4@@140004,14.0.4@@140004,14.0.4@@140004,14.0.4@@140004
mistralai/Mixtral-8x7B-Instruct-v0.1 (few-shot),2.12,46702792704.0,32000.0,32768,5535.32,ğŸ“,âœ“,âœ—,52.18 Â± 1.33 / 65.98 Â± 1.66@@52.184459855366846,58.07 Â± 0.94 / 40.30 Â± 1.75@@58.072369056184236,41.45 Â± 1.66 / 68.13 Â± 0.98@@41.4454263492041,59.41 Â± 2.41 / 26.87 Â± 1.60@@59.41314740693783,64.10 Â± 0.11 / 13.39 Â± 0.19@@64.10002057324164,47.93 Â± 0.83 / 60.80 Â± 0.60@@47.92823729161331,51.72 Â± 1.42 / 63.09 Â± 1.17@@51.71562238575742,14.0.4@@140004,14.0.4@@140004,14.0.4@@140004,14.0.4@@140004,14.0.4@@140004,14.0.4@@140004,14.0.4@@140004
"VAGOsolutions/SauerkrautLM-7b-HerO (few-shot, val)",2.12,7241748480.0,32002.0,32768,2476.59,ğŸ“,âœ—,âœ“,60.22 Â± 2.99 / 72.76 Â± 2.10@@60.219377430712974,59.70 Â± 2.05 / 50.40 Â± 2.63@@59.69769987519056,35.99 Â± 4.53 / 67.21 Â± 2.14@@35.99207665999587,65.65 Â± 3.10 / 29.68 Â± 3.29@@65.64514419553842,66.73 Â± 0.80 / 21.40 Â± 1.87@@66.72682460746728,30.53 Â± 2.51 / 47.62 Â± 1.82@@30.531107696133752,45.02 Â± 2.33 / 57.93 Â± 1.79@@45.017129245536616,12.6.1@@120601,12.6.1@@120601,12.6.1@@120601,12.6.1@@120601,12.6.1@@120601,12.6.1@@120601,12.6.1@@120601
"mlabonne/NeuralBeagle14-7B (few-shot, val)",2.12,7241732096.0,32000.0,4096,2409.53,ğŸ“,âœ—,âœ“,59.60 Â± 2.81 / 72.42 Â± 1.83@@59.5986176786633,64.81 Â± 3.03 / 53.01 Â± 3.41@@64.81486075772725,27.06 Â± 4.53 / 63.33 Â± 2.30@@27.060221727834033,60.93 Â± 2.99 / 25.22 Â± 3.84@@60.92866909086659,67.31 Â± 1.05 / 24.72 Â± 2.95@@67.31009172159247,35.84 Â± 2.16 / 51.64 Â± 1.56@@35.84233332386256,49.13 Â± 2.71 / 61.68 Â± 2.03@@49.12684239783046,9.3.2@@90302,9.3.2@@90302,9.3.2@@90302,12.5.2@@120502,9.3.2@@90302,9.3.2@@90302,9.3.2@@90302
"gpt-3.5-turbo-0613 (few-shot, val)",2.13,,100256.0,4095,920.94,ğŸ“,âœ“,âœ—,55.50 Â± 2.58 / 68.96 Â± 2.00@@55.49674021270927,61.50 Â± 2.96 / 46.22 Â± 3.41@@61.50011793347039,38.96 Â± 4.39 / 68.89 Â± 2.54@@38.959387802324855,56.58 Â± 1.78 / 30.20 Â± 1.59@@56.58210374548528,64.90 Â± 0.22 / 15.99 Â± 0.32@@64.9038778594695,35.39 Â± 3.89 / 51.41 Â± 2.98@@35.39266940581881,56.88 Â± 2.50 / 66.76 Â± 2.02@@56.88041381145326,<9.2.0@@0,<9.2.0@@0,<9.2.0@@0,<9.2.0@@0,<9.2.0@@0,<9.2.0@@0,<9.2.0@@0
"cstr/Spaetzle-v8-7b (few-shot, val)",2.15,7241732096.0,32000.0,32768,5979.63,ğŸ“,âœ—,âœ“,61.34 Â± 1.90 / 72.98 Â± 1.30@@61.3436686386225,58.90 Â± 2.30 / 45.55 Â± 3.30@@58.89744118073557,31.58 Â± 4.39 / 65.51 Â± 2.23@@31.58090891288191,60.88 Â± 3.31 / 24.91 Â± 3.98@@60.87810466531605,67.25 Â± 1.06 / 22.95 Â± 2.64@@67.24968404392712,34.62 Â± 2.20 / 50.43 Â± 1.52@@34.61545858894636,48.70 Â± 2.47 / 61.05 Â± 1.79@@48.7018556852616,12.5.2@@120502,12.5.2@@120502,12.5.2@@120502,12.5.2@@120502,12.5.2@@120502,12.5.2@@120502,12.5.2@@120502
allenai/Llama-3.1-Tulu-3-8B-DPO (few-shot),2.17,8030326784.0,128264.0,131072,7205.86,ğŸ“,âœ“,âœ—,58.72 Â± 1.43 / 72.16 Â± 0.99@@58.72488568133194,61.86 Â± 1.33 / 52.59 Â± 1.69@@61.86151382389807,33.79 Â± 2.65 / 65.04 Â± 1.66@@33.79146263633,62.01 Â± 2.13 / 33.19 Â± 1.18@@62.01063158959365,64.13 Â± 0.09 / 12.78 Â± 0.23@@64.12707878480433,37.05 Â± 0.89 / 52.65 Â± 0.66@@37.05094461175099,42.89 Â± 1.31 / 56.62 Â± 0.99@@42.8930628708343,15.1.0@@150100,15.1.0@@150100,15.1.0@@150100,15.1.0@@150100,15.1.0@@150100,15.1.0@@150100,15.1.0@@150100
CohereForAI/c4ai-command-r7b-12-2024 (few-shot),2.19,8028033024.0,256000.0,4096,2713.55,ğŸ“,âœ—,âœ—,51.16 Â± 2.34 / 63.29 Â± 2.54@@51.15853551502371,62.93 Â± 1.26 / 44.32 Â± 2.98@@62.93204376707165,31.51 Â± 1.78 / 65.58 Â± 0.98@@31.50969067596608,63.21 Â± 1.83 / 32.09 Â± 1.23@@63.209592323978576,64.78 Â± 0.14 / 14.61 Â± 0.50@@64.77558207814582,44.36 Â± 1.51 / 58.14 Â± 1.19@@44.36366851700149,43.99 Â± 1.29 / 57.14 Â± 1.04@@43.99375566133938,14.4.0@@140400,14.4.0@@140400,14.4.0@@140400,14.4.0@@140400,14.4.0@@140400,14.4.0@@140400,14.4.0@@140400
"mlabonne/AlphaMonarch-7B (few-shot, val)",2.19,7241732096.0,32000.0,4096,2410.16,ğŸ“,âœ—,âœ“,59.80 Â± 3.18 / 72.32 Â± 2.23@@59.7988505659691,63.36 Â± 2.68 / 51.59 Â± 3.44@@63.35623027757757,22.98 Â± 8.11 / 60.88 Â± 3.98@@22.975038873165722,57.36 Â± 2.94 / 20.96 Â± 3.59@@57.361849154151514,67.58 Â± 1.11 / 24.69 Â± 2.94@@67.57705179508775,36.08 Â± 1.55 / 51.68 Â± 1.14@@36.084156417670606,47.99 Â± 2.87 / 60.55 Â± 2.08@@47.98842296969797,12.5.2@@120502,12.5.2@@120502,12.5.2@@120502,12.5.2@@120502,12.5.2@@120502,12.5.2@@120502,12.5.2@@120502
mistralai/Mixtral-8x7B-v0.1 (few-shot),2.19,46702792704.0,32000.0,32768,2362.92,ğŸ§ ,âœ“,âœ—,55.30 Â± 4.28 / 67.32 Â± 5.07@@55.30297123868596,59.10 Â± 1.24 / 46.00 Â± 3.08@@59.10205284472239,37.84 Â± 4.60 / 67.45 Â± 2.49@@37.84202193864097,66.85 Â± 2.48 / 38.50 Â± 1.79@@66.85396204539563,64.23 Â± 1.65 / 18.85 Â± 2.99@@64.23003417738073,47.89 Â± 0.67 / 60.86 Â± 0.50@@47.89172223400609,28.53 Â± 3.75 / 44.58 Â± 2.73@@28.529882360387404,14.0.4@@140004,14.0.4@@140004,14.0.4@@140004,14.3.0@@140300,14.0.4@@140004,14.0.4@@140004,14.0.4@@140004
mistralai/Ministral-8B-Instruct-2410 (few-shot),2.19,8019808256.0,131072.0,32768,1300.24,ğŸ“,âœ“,âœ—,50.99 Â± 2.22 / 66.76 Â± 1.53@@50.988397324136706,60.50 Â± 1.22 / 40.72 Â± 1.61@@60.50104585357996,30.86 Â± 1.37 / 53.78 Â± 1.61@@30.855761109440667,58.26 Â± 1.93 / 30.53 Â± 1.21@@58.26291496449984,64.03 Â± 0.05 / 12.90 Â± 0.19@@64.033859820629,39.61 Â± 0.90 / 54.41 Â± 0.67@@39.610984786040916,60.04 Â± 1.94 / 69.43 Â± 1.54@@60.03634295752461,15.0.0@@150000,14.1.2@@140102,14.1.2@@140102,14.1.2@@140102,14.1.2@@140102,14.1.2@@140102,14.1.2@@140102
microsoft/Phi-3-mini-128k-instruct (few-shot),2.22,3821079552.0,32064.0,130817,7311.73,ğŸ“,âœ“,âœ—,53.05 Â± 2.34 / 65.57 Â± 1.92@@53.0473481315552,55.36 Â± 0.81 / 36.14 Â± 1.96@@55.36134334785822,23.08 Â± 1.54 / 58.65 Â± 2.04@@23.08126650888706,62.02 Â± 2.17 / 31.55 Â± 1.09@@62.017083127439335,67.33 Â± 0.98 / 24.07 Â± 2.44@@67.3260842030868,39.57 Â± 0.74 / 54.67 Â± 0.56@@39.568737461333384,51.26 Â± 0.93 / 63.03 Â± 0.69@@51.261279182946964,12.9.1@@120901,12.9.1@@120901,12.9.1@@120901,12.9.1@@120901,12.10.0@@121000,12.10.0@@121000,12.10.0@@121000
mgoin/Nemotron-4-340B-Instruct-hf-FP8 (few-shot),2.22,341029195776.0,256000.0,4096,1904.18,ğŸ“,âœ“,âœ—,43.41 Â± 7.58 / 60.96 Â± 6.31@@43.41153551070893,50.17 Â± 7.37 / 32.80 Â± 4.21@@50.17253824232715,40.59 Â± 9.15 / 63.58 Â± 7.55@@40.59208673641266,43.00 Â± 6.51 / 19.75 Â± 2.91@@42.99706779144642,60.34 Â± 1.55 / 10.97 Â± 0.78@@60.34482386916352,52.07 Â± 8.24 / 62.36 Â± 7.80@@52.07213198774052,74.99 Â± 6.86 / 80.52 Â± 5.91@@74.98817632057452,14.0.4@@140004,14.0.4@@140004,14.0.4@@140004,14.0.4@@140004,14.0.4@@140004,14.0.4@@140004,14.0.4@@140004
VAGOsolutions/SauerkrautLM-7b-LaserChat (few-shot),2.23,7241748480.0,32002.0,4096,4413.12,ğŸ“,âœ—,âœ—,49.59 Â± 1.99 / 65.96 Â± 1.43@@49.591448476679346,62.37 Â± 0.98 / 39.99 Â± 2.90@@62.37216257579373,35.57 Â± 1.53 / 66.87 Â± 0.69@@35.567362747024376,63.96 Â± 1.35 / 31.74 Â± 0.72@@63.96496833676157,64.55 Â± 0.08 / 14.48 Â± 0.22@@64.54898871001205,34.68 Â± 0.90 / 50.71 Â± 0.72@@34.68318301059366,49.51 Â± 1.27 / 61.62 Â± 1.04@@49.51196638298971,14.1.2@@140102,14.1.2@@140102,14.1.2@@140102,14.1.2@@140102,14.1.2@@140102,14.1.2@@140102,14.1.2@@140102
meta-llama/Meta-Llama-3-8B-Instruct (few-shot),2.23,8030261248.0,128256.0,8192,1483.24,ğŸ“,âœ“,âœ—,58.33 Â± 2.83 / 69.31 Â± 3.16@@58.33009119510121,68.18 Â± 0.95 / 57.72 Â± 1.15@@68.17949972167253,29.12 Â± 3.17 / 63.60 Â± 1.63@@29.11590240510815,56.42 Â± 3.34 / 28.68 Â± 1.99@@56.42456096789046,65.23 Â± 0.49 / 16.56 Â± 0.94@@65.23125253021135,38.44 Â± 0.81 / 53.38 Â± 0.60@@38.44476711105737,37.69 Â± 1.00 / 51.24 Â± 0.73@@37.68517942432436,12.6.1@@120601,12.6.1@@120601,12.6.1@@120601,12.6.1@@120601,12.6.1@@120601,12.6.1@@120601,12.6.1@@120601
CohereForAI/aya-expanse-8b (few-shot),2.24,8028033024.0,256000.0,8192,1341.64,ğŸ§ ,âœ—,âœ—,55.39 Â± 1.97 / 69.86 Â± 1.34@@55.38905702578034,59.95 Â± 1.43 / 39.14 Â± 2.24@@59.95259719492469,30.59 Â± 1.76 / 64.21 Â± 1.65@@30.59356669769825,57.13 Â± 1.35 / 26.94 Â± 1.06@@57.13147132462584,66.11 Â± 0.37 / 18.21 Â± 0.62@@66.11432316582068,38.63 Â± 1.03 / 54.04 Â± 0.73@@38.63055791996542,48.53 Â± 1.17 / 61.25 Â± 0.85@@48.52571676451272,14.1.2@@140102,14.1.2@@140102,14.1.2@@140102,14.1.2@@140102,14.1.2@@140102,14.1.2@@140102,14.1.2@@140102
meta-llama/Llama-3.1-8B-Instruct (few-shot),2.25,8030261248.0,128256.0,131072,1478.39,ğŸ“,âœ“,âœ—,58.15 Â± 2.40 / 70.81 Â± 1.86@@58.15072052377417,62.03 Â± 1.17 / 45.31 Â± 1.89@@62.03496007176953,30.18 Â± 1.92 / 63.41 Â± 1.19@@30.180595208248356,52.41 Â± 1.48 / 26.48 Â± 0.98@@52.4081733360174,64.68 Â± 0.10 / 15.03 Â± 0.29@@64.68349723756546,39.36 Â± 0.79 / 54.48 Â± 0.57@@39.35759414519748,47.21 Â± 1.02 / 60.39 Â± 0.77@@47.21001883471636,14.1.2@@140102,14.1.2@@140102,14.1.2@@140102,14.1.2@@140102,14.1.2@@140102,14.1.2@@140102,14.1.2@@140102
"meta-llama/Llama-2-70b-chat-hf (few-shot, val)",2.25,68976653312.0,32000.0,3841,1979.03,ğŸ“,âœ“,âœ—,53.16 Â± 3.17 / 64.24 Â± 3.42@@53.15918544837521,62.39 Â± 2.72 / 50.86 Â± 2.31@@62.38876935209804,31.81 Â± 5.15 / 62.15 Â± 4.02@@31.806546514840633,60.53 Â± 2.92 / 28.99 Â± 2.22@@60.52571952622617,66.98 Â± 0.87 / 22.66 Â± 2.41@@66.98304048972204,35.72 Â± 3.05 / 51.99 Â± 2.09@@35.71567976576431,35.26 Â± 3.73 / 50.59 Â± 3.17@@35.26037914424963,12.7.0@@120700,12.7.0@@120700,12.7.0@@120700,12.7.0@@120700,12.7.0@@120700,12.7.0@@120700,12.7.0@@120700
VAGOsolutions/FC-SauerkrautLM-7b-beta (few-shot),2.25,,32002.0,8192,2159.73,ğŸ“,âœ—,âœ—,53.39 Â± 1.89 / 67.16 Â± 1.65@@53.39098730357208,56.70 Â± 1.55 / 41.89 Â± 2.00@@56.70007633278112,35.64 Â± 1.50 / 66.83 Â± 0.97@@35.63956144031367,67.00 Â± 1.27 / 34.22 Â± 1.43@@67.00244870032161,64.79 Â± 0.22 / 17.18 Â± 0.74@@64.79407844482921,32.85 Â± 0.79 / 49.55 Â± 0.59@@32.84814126287916,39.00 Â± 2.60 / 53.77 Â± 2.03@@38.995869041986936,12.6.1@@120601,12.6.1@@120601,12.6.1@@120601,12.6.1@@120601,12.6.1@@120601,12.6.1@@120601,12.6.1@@120601
senseable/WestLake-7B-v2 (few-shot),2.25,7241732096.0,32000.0,4096,3612.97,ğŸ§ ,âœ—,âœ—,51.30 Â± 2.74 / 67.22 Â± 1.82@@51.30324858394183,63.14 Â± 1.14 / 48.66 Â± 2.16@@63.13555044986552,27.37 Â± 2.62 / 62.13 Â± 2.04@@27.369870318940727,60.57 Â± 3.15 / 26.63 Â± 2.27@@60.56523808177191,67.28 Â± 0.82 / 22.57 Â± 2.23@@67.27714935375843,34.50 Â± 0.62 / 50.56 Â± 0.48@@34.50073748014732,44.13 Â± 1.77 / 57.54 Â± 1.41@@44.12838858888189,15.0.0@@150000,15.0.0@@150000,15.0.0@@150000,15.0.0@@150000,15.0.0@@150000,15.0.0@@150000,15.0.0@@150000
allenai/Llama-3.1-Tulu-3-8B (few-shot),2.26,8030326784.0,128264.0,131072,7235.06,ğŸ“,âœ“,âœ—,57.48 Â± 1.43 / 71.27 Â± 0.99@@57.48444931461819,60.26 Â± 1.10 / 50.61 Â± 1.36@@60.25540006267603,32.28 Â± 2.50 / 63.31 Â± 1.86@@32.279127593948004,57.32 Â± 2.49 / 31.88 Â± 1.53@@57.32440683726603,64.34 Â± 0.10 / 13.27 Â± 0.30@@64.34059534585685,37.02 Â± 0.61 / 52.64 Â± 0.48@@37.02444932817974,42.78 Â± 1.10 / 56.49 Â± 0.85@@42.777996846122605,15.1.0@@150100,15.1.0@@150100,15.1.0@@150100,15.1.0@@150100,15.1.0@@150100,15.1.0@@150100,15.1.0@@150100
Nexusflow/Starling-LM-7B-beta (few-shot),2.28,7241748480.0,32002.0,4096,1990.47,ğŸ“,âœ—,âœ—,51.38 Â± 2.17 / 67.66 Â± 1.45@@51.37962853100986,61.37 Â± 1.04 / 36.06 Â± 2.27@@61.36681578413737,35.58 Â± 1.85 / 66.99 Â± 0.83@@35.58426347069072,57.67 Â± 3.05 / 19.98 Â± 3.87@@57.66780254869032,63.64 Â± 0.06 / 12.60 Â± 0.12@@63.64246047771302,33.87 Â± 0.63 / 49.89 Â± 0.56@@33.870540919757985,48.46 Â± 1.55 / 60.82 Â± 1.32@@48.46337172297236,14.1.2@@140102,14.1.2@@140102,14.1.2@@140102,14.3.0@@140300,14.1.2@@140102,14.1.2@@140102,14.1.2@@140102
meta-llama/Meta-Llama-3-8B (few-shot),2.29,8030261248.0,128256.0,8192,1476.79,ğŸ§ ,âœ“,âœ—,56.40 Â± 3.89 / 70.17 Â± 2.91@@56.39798623214466,56.00 Â± 1.94 / 43.49 Â± 2.05@@56.00445780353881,22.01 Â± 5.17 / 56.97 Â± 3.54@@22.009649110034122,65.83 Â± 1.61 / 37.50 Â± 1.29@@65.82935166041547,68.92 Â± 0.99 / 26.93 Â± 2.01@@68.92055847631127,38.12 Â± 0.75 / 53.52 Â± 0.56@@38.116612201669916,31.37 Â± 1.37 / 47.65 Â± 1.09@@31.36834600535395,12.6.1@@120601,12.6.1@@120601,12.6.1@@120601,14.3.0@@140300,12.6.1@@120601,12.6.1@@120601,12.6.1@@120601
occiglot/occiglot-7b-de-en-instruct (few-shot),2.29,7241748480.0,32002.0,32768,1584.3,ğŸ“,âœ—,âœ—,55.91 Â± 2.49 / 70.31 Â± 1.76@@55.90622601805325,55.76 Â± 1.16 / 40.04 Â± 3.21@@55.755962151697794,22.47 Â± 3.37 / 56.77 Â± 3.69@@22.473823401796896,66.86 Â± 2.33 / 35.95 Â± 1.89@@66.85626657818639,68.08 Â± 0.49 / 25.46 Â± 1.45@@68.07789067956037,33.77 Â± 0.86 / 49.44 Â± 0.57@@33.774059353581634,33.15 Â± 1.86 / 48.23 Â± 1.64@@33.154163470304034,12.3.1@@120301,12.5.2@@120502,12.3.1@@120301,12.4.0@@120400,12.4.0@@120400,12.3.1@@120301,12.3.1@@120301
CohereForAI/c4ai-command-r-v01 (few-shot),2.29,34980831232.0,256000.0,8192,1919.22,ğŸ“,âœ—,âœ—,53.90 Â± 1.12 / 65.63 Â± 1.62@@53.89500671084255,62.43 Â± 0.91 / 43.18 Â± 2.22@@62.425923321807645,29.68 Â± 3.64 / 62.39 Â± 2.81@@29.68334134200753,50.25 Â± 1.61 / 19.35 Â± 3.19@@50.250860891736004,64.80 Â± 0.12 / 14.58 Â± 0.34@@64.80316512272111,41.22 Â± 0.72 / 55.63 Â± 0.54@@41.224316656371926,46.05 Â± 1.33 / 59.27 Â± 1.10@@46.05047560303414,14.0.4@@140004,14.0.4@@140004,14.0.4@@140004,14.0.4@@140004,14.1.1@@140101,14.1.1@@140101,14.1.1@@140101
nvidia/mistral-nemo-minitron-8b-base (few-shot),2.3,8414105600.0,131072.0,8192,1203.56,ğŸ§ ,âœ“,âœ—,50.22 Â± 5.25 / 58.77 Â± 6.76@@50.22415566267853,59.82 Â± 2.10 / 47.76 Â± 2.63@@59.82414088070779,30.43 Â± 3.65 / 61.43 Â± 3.32@@30.425487380840316,67.81 Â± 3.04 / 38.73 Â± 2.48@@67.80680366386511,62.56 Â± 1.20 / 14.72 Â± 2.03@@62.556094768151524,43.09 Â± 0.66 / 56.95 Â± 0.53@@43.09049958140374,33.40 Â± 3.57 / 46.78 Â± 3.16@@33.398692904091796,14.1.1@@140101,14.1.1@@140101,14.1.1@@140101,14.3.0@@140300,14.1.1@@140101,14.1.1@@140101,14.1.1@@140101
meta-llama/Llama-3.1-8B (few-shot),2.3,8030261248.0,128256.0,131072,1481.56,ğŸ§ ,âœ“,âœ—,53.07 Â± 5.08 / 65.56 Â± 5.50@@53.07091006569896,59.26 Â± 1.57 / 46.42 Â± 1.96@@59.26363093636048,23.98 Â± 5.67 / 57.04 Â± 5.86@@23.98373507885357,66.48 Â± 1.82 / 38.08 Â± 1.67@@66.47520398487032,68.52 Â± 1.23 / 26.32 Â± 2.69@@68.52284561668057,36.78 Â± 1.02 / 52.28 Â± 0.78@@36.77997976506558,30.36 Â± 2.52 / 47.04 Â± 2.07@@30.362143321182323,14.4.0.dev0@@140400,15.0.0@@150000,15.0.0@@150000,14.3.0@@140300,15.0.0@@150000,15.0.0@@150000,15.0.0@@150000
tiiuae/Falcon3-10B-Base (few-shot),2.32,10305653760.0,131072.0,32768,1068.74,ğŸ§ ,âœ“,âœ—,54.94 Â± 3.41 / 68.58 Â± 2.75@@54.93671288225104,57.18 Â± 1.62 / 50.45 Â± 2.15@@57.17956171235088,25.56 Â± 2.26 / 59.84 Â± 2.95@@25.556397813615156,66.78 Â± 2.71 / 37.70 Â± 1.94@@66.77517525682585,67.77 Â± 1.39 / 26.13 Â± 3.18@@67.77293996099615,35.89 Â± 0.85 / 51.65 Â± 0.65@@35.886930746079734,26.75 Â± 1.25 / 43.83 Â± 1.11@@26.751879034674896,15.1.0@@150100,15.1.0@@150100,15.1.0@@150100,15.1.0@@150100,15.1.0@@150100,15.1.0@@150100,15.1.0@@150100
"claude-3-5-haiku-20241022 (zero-shot, val)",2.35,,,200000,199.99,ğŸ“,âœ“,âœ—,43.73 Â± 2.53 / 61.91 Â± 1.47@@43.72599917521225,55.59 Â± 1.42 / 31.16 Â± 1.29@@55.58591429448778,23.74 Â± 3.03 / 45.75 Â± 2.40@@23.739427194626344,50.29 Â± 1.55 / 21.36 Â± 1.42@@50.288165143906575,62.97 Â± 0.16 / 11.18 Â± 0.21@@62.97142509836704,51.77 Â± 2.26 / 63.67 Â± 1.68@@51.77290604293281,54.63 Â± 1.54 / 65.04 Â± 1.31@@54.62690767643307,14.0.2@@140002,14.0.3@@140003,14.0.3@@140003,14.0.3@@140003,14.0.3@@140003,14.4.0@@140400,14.4.0@@140400
NorwAI/NorwAI-Mixtral-8x7B-instruct (few-shot),2.35,46997647360.0,67993.0,32768,9015.47,ğŸ“,âœ“,âœ—,53.33 Â± 4.66 / 64.05 Â± 6.18@@53.3346134262866,56.14 Â± 1.69 / 44.49 Â± 3.25@@56.14005707218202,29.49 Â± 6.46 / 59.01 Â± 6.80@@29.490388962928467,55.32 Â± 2.95 / 18.49 Â± 4.03@@55.31608377831111,64.84 Â± 1.06 / 21.23 Â± 1.72@@64.83641395774612,44.31 Â± 0.88 / 57.84 Â± 0.67@@44.3127015333042,30.72 Â± 4.07 / 46.97 Â± 3.37@@30.721570367009132,14.0.4@@140004,14.0.4@@140004,14.0.4@@140004,14.0.4@@140004,14.0.4@@140004,14.0.4@@140004,14.0.4@@140004
nvidia/mistral-nemo-minitron-8b-instruct (few-shot),2.36,8414105600.0,131072.0,8192,3160.57,ğŸ“,âœ“,âœ—,53.77 Â± 2.21 / 66.24 Â± 2.25@@53.77119565388428,60.69 Â± 1.19 / 45.82 Â± 1.42@@60.688768786120015,38.53 Â± 2.04 / 65.65 Â± 2.18@@38.53362925787777,32.27 Â± 3.90 / 0.00 Â± 0.00@@32.27125980120019,62.73 Â± 0.12 / 9.78 Â± 0.11@@62.72956366170547,45.91 Â± 0.75 / 59.44 Â± 0.55@@45.910613004054326,47.37 Â± 2.99 / 59.38 Â± 2.38@@47.37399230937444,14.1.1@@140101,14.1.1@@140101,14.1.1@@140101,14.1.1@@140101,14.1.1@@140101,14.1.1@@140101,14.1.1@@140101
ibm-granite/granite-3.0-8b-instruct (few-shot),2.36,8170848256.0,49155.0,4096,1279.43,ğŸ“,âœ“,âœ—,55.48 Â± 2.67 / 69.91 Â± 1.90@@55.48054763366531,54.68 Â± 1.38 / 46.36 Â± 2.67@@54.67835158965225,26.89 Â± 0.86 / 62.51 Â± 0.48@@26.889713580505703,62.30 Â± 2.09 / 31.27 Â± 1.89@@62.299921382642864,66.33 Â± 0.75 / 20.58 Â± 1.77@@66.33494859241182,33.98 Â± 0.82 / 50.12 Â± 0.65@@33.976302449535964,34.59 Â± 1.42 / 49.13 Â± 1.25@@34.58567954591471,13.0.0@@130000,13.0.0@@130000,13.0.0@@130000,13.0.0@@130000,13.0.0@@130000,13.0.0@@130000,13.0.0@@130000
tiiuae/Falcon3-7B-Instruct (few-shot),2.37,7455550464.0,131072.0,32768,2978.29,ğŸ“,âœ“,âœ—,55.48 Â± 2.33 / 69.78 Â± 1.63@@55.483691492607655,59.26 Â± 0.97 / 47.04 Â± 1.65@@59.255811165036846,27.63 Â± 1.88 / 63.27 Â± 0.93@@27.633299411659618,62.66 Â± 1.20 / 31.89 Â± 0.96@@62.66164923615817,64.27 Â± 0.28 / 15.83 Â± 0.69@@64.26832256576745,34.76 Â± 1.09 / 50.85 Â± 0.91@@34.76151784508357,33.11 Â± 1.44 / 49.30 Â± 1.11@@33.114899038694276,14.3.0@@140300,14.3.0@@140300,14.3.0@@140300,14.3.0@@140300,14.3.0@@140300,14.3.0@@140300,14.3.0@@140300
alpindale/Mistral-7B-v0.2-hf (few-shot),2.4,7241732096.0,32000.0,32768,1841.12,ğŸ§ ,âœ“,âœ—,52.49 Â± 2.16 / 67.50 Â± 1.61@@52.49244584281427,55.32 Â± 1.55 / 48.33 Â± 1.45@@55.31796859366261,24.34 Â± 2.29 / 59.66 Â± 2.93@@24.33885681119369,59.96 Â± 3.89 / 31.54 Â± 3.00@@59.95938347537642,68.98 Â± 1.14 / 28.30 Â± 2.36@@68.98403231767588,35.12 Â± 0.59 / 51.23 Â± 0.46@@35.1202355917885,28.89 Â± 1.81 / 45.85 Â± 1.47@@28.885397225257847,12.5.2@@120502,12.5.2@@120502,12.5.2@@120502,12.5.2@@120502,12.5.2@@120502,12.5.2@@120502,12.5.2@@120502
VAGOsolutions/SauerkrautLM-Gemma-7b (few-shot),2.4,8537680896.0,256000.0,8190,1409.5,ğŸ§ ,âœ—,âœ—,52.78 Â± 4.59 / 66.87 Â± 4.26@@52.77910726147381,41.41 Â± 2.64 / 26.93 Â± 1.92@@41.408550782373155,27.75 Â± 1.14 / 63.54 Â± 0.69@@27.745722875890888,58.33 Â± 3.45 / 29.24 Â± 2.44@@58.325937105515365,66.11 Â± 1.41 / 22.22 Â± 3.65@@66.10842299836804,42.38 Â± 0.74 / 56.56 Â± 0.55@@42.38384406650863,44.47 Â± 2.47 / 56.41 Â± 2.21@@44.47083950234319,12.10.0@@121000,12.10.0@@121000,12.10.0@@121000,12.10.0@@121000,12.10.0@@121000,12.10.0@@121000,12.10.0@@121000
NorwAI/NorwAI-Mixtral-8x7B (few-shot),2.41,46997647360.0,67993.0,32768,2368.15,ğŸ§ ,âœ“,âœ—,54.57 Â± 4.98 / 68.40 Â± 4.08@@54.56815542776617,57.26 Â± 1.41 / 42.54 Â± 2.77@@57.25546343812658,26.52 Â± 4.63 / 59.83 Â± 5.12@@26.52419423969758,65.09 Â± 1.93 / 35.74 Â± 1.36@@65.09051825783466,61.10 Â± 0.91 / 14.12 Â± 1.59@@61.09847786341561,43.30 Â± 1.06 / 57.22 Â± 0.87@@43.29946115005619,23.82 Â± 3.21 / 41.16 Â± 2.65@@23.816412730603925,14.0.4@@140004,14.0.4@@140004,14.0.4@@140004,14.3.0@@140300,14.0.4@@140004,14.0.4@@140004,14.0.4@@140004
mistralai/Mistral-7B-v0.3 (few-shot),2.42,7248023552.0,32768.0,32768,1424.11,ğŸ§ ,âœ“,âœ—,52.58 Â± 2.42 / 67.52 Â± 1.82@@52.57990806705317,55.41 Â± 1.45 / 48.39 Â± 1.46@@55.408346360532626,24.10 Â± 2.12 / 59.47 Â± 2.92@@24.09688176683389,60.03 Â± 3.81 / 31.52 Â± 2.95@@60.025886840287434,68.96 Â± 1.13 / 28.26 Â± 2.32@@68.96329156355932,35.06 Â± 0.54 / 51.20 Â± 0.43@@35.06194220273595,28.85 Â± 1.70 / 45.83 Â± 1.39@@28.850102438521468,12.10.4@@121004,12.10.4@@121004,12.10.4@@121004,12.10.5@@121005,12.10.5@@121005,12.10.4@@121004,12.10.4@@121004
utter-project/EuroLLM-9B (few-shot),2.42,9152319488.0,128000.0,4096,2383.62,ğŸ§ ,âœ“,âœ—,51.39 Â± 3.26 / 67.17 Â± 2.18@@51.38811041590454,49.84 Â± 2.64 / 40.85 Â± 3.31@@49.841035061268926,33.22 Â± 2.26 / 63.39 Â± 2.64@@33.22000976218511,63.69 Â± 2.18 / 36.96 Â± 1.83@@63.688461941442974,68.24 Â± 0.94 / 25.56 Â± 2.30@@68.24104665822233,32.79 Â± 0.65 / 49.23 Â± 0.62@@32.794319459255604,23.35 Â± 1.28 / 39.63 Â± 1.32@@23.34717064980387,15.0.0@@150000,15.0.0@@150000,15.0.0@@150000,15.0.0@@150000,15.0.0@@150000,15.0.0@@150000,15.0.0@@150000
occiglot/occiglot-7b-de-en (few-shot),2.45,7241732096.0,32000.0,32768,1992.22,ğŸ§ ,âœ“,âœ—,54.96 Â± 2.69 / 69.64 Â± 2.09@@54.95798872302782,48.11 Â± 2.01 / 39.66 Â± 3.29@@48.11300153938244,21.57 Â± 4.18 / 55.63 Â± 4.56@@21.57298252482614,61.33 Â± 3.41 / 31.49 Â± 3.11@@61.33125831845064,68.88 Â± 0.67 / 27.13 Â± 1.71@@68.88467840355588,32.39 Â± 0.86 / 49.12 Â± 0.62@@32.39049131075041,29.84 Â± 1.54 / 46.53 Â± 1.31@@29.844803819758297,12.3.1@@120301,12.3.2@@120302,12.3.1@@120301,12.3.1@@120301,12.3.1@@120301,12.3.1@@120301,12.3.1@@120301
seedboxai/KafkaLM-7B-German-V0.1-DPO (few-shot),2.47,7241732096.0,32000.0,4096,6069.58,ğŸ“,âœ—,âœ—,52.57 Â± 1.74 / 61.25 Â± 2.84@@52.56905249624688,48.92 Â± 2.76 / 38.62 Â± 2.42@@48.92456544743994,20.74 Â± 3.20 / 56.59 Â± 3.27@@20.74124989493739,62.31 Â± 2.13 / 32.87 Â± 1.83@@62.31329226072256,68.88 Â± 0.80 / 27.84 Â± 2.07@@68.88361064702622,31.38 Â± 0.94 / 48.36 Â± 0.62@@31.380559606057602,29.83 Â± 1.76 / 46.77 Â± 1.39@@29.832974055419125,12.3.2@@120302,12.5.2@@120502,12.3.2@@120302,12.4.0@@120400,12.4.0@@120400,12.3.2@@120302,12.3.2@@120302
seedboxai/KafkaLM-7B-German-V0.1 (few-shot),2.47,7241732096.0,32000.0,32768,6065.17,ğŸ§ ,âœ“,âœ—,52.51 Â± 1.72 / 61.27 Â± 2.77@@52.5124647101248,48.35 Â± 2.96 / 38.58 Â± 2.35@@48.354990290355076,20.36 Â± 3.59 / 56.14 Â± 3.61@@20.364143731574778,62.19 Â± 2.05 / 32.88 Â± 1.78@@62.18567242242496,68.82 Â± 0.81 / 27.89 Â± 2.09@@68.82212489115773,31.36 Â± 0.96 / 48.34 Â± 0.63@@31.36201501257777,29.98 Â± 1.64 / 46.82 Â± 1.33@@29.978947762340635,12.3.2@@120302,12.5.2@@120502,12.3.2@@120302,12.3.2@@120302,12.3.2@@120302,12.3.2@@120302,12.3.2@@120302
allenai/OLMo-2-1124-13B (few-shot),2.49,13716198400.0,100352.0,4096,1463.93,ğŸ§ ,âœ“,âœ—,43.37 Â± 3.88 / 58.65 Â± 4.20@@43.366841562679916,52.70 Â± 2.62 / 39.17 Â± 2.18@@52.698877114801356,29.03 Â± 3.25 / 59.33 Â± 4.84@@29.028687754710987,68.39 Â± 0.83 / 38.69 Â± 0.98@@68.38659795794493,67.57 Â± 0.91 / 25.20 Â± 1.90@@67.56590555625735,30.87 Â± 0.87 / 47.85 Â± 0.60@@30.86699313227165,21.83 Â± 1.87 / 40.64 Â± 1.63@@21.827065303770603,15.0.0@@150000,15.0.0@@150000,15.0.0@@150000,15.0.0@@150000,15.0.0@@150000,15.0.0@@150000,15.0.0@@150000
"mayflowergmbh/Wiedervereinigung-7b-dpo (few-shot, val)",2.5,7241732096.0,32000.0,32768,2374.27,ğŸ“,âœ—,âœ“,51.92 Â± 3.19 / 67.12 Â± 2.11@@51.918522806257286,52.17 Â± 2.87 / 40.26 Â± 2.43@@52.16797454822305,29.06 Â± 5.04 / 62.77 Â± 2.22@@29.064526819671766,50.41 Â± 3.79 / 14.59 Â± 2.77@@50.41063686462529,63.78 Â± 0.48 / 15.45 Â± 0.60@@63.7811288307421,35.38 Â± 1.08 / 51.48 Â± 0.84@@35.377892796052556,34.16 Â± 3.12 / 49.73 Â± 2.20@@34.16456548651045,12.1.0@@120100,12.5.2@@120502,12.1.0@@120100,12.4.0@@120400,12.4.0@@120400,12.1.0@@120100,12.1.0@@120100
utter-project/EuroLLM-9B-Instruct (few-shot),2.51,9152319488.0,128000.0,4096,954.97,ğŸ“,âœ—,âœ—,53.06 Â± 2.86 / 67.05 Â± 2.21@@53.062741990182325,51.68 Â± 1.20 / 32.77 Â± 1.73@@51.67702601063559,26.94 Â± 3.57 / 55.96 Â± 4.65@@26.941661613274814,58.19 Â± 3.38 / 32.40 Â± 2.34@@58.18521418854501,64.03 Â± 0.05 / 13.07 Â± 0.14@@64.03127831305028,32.99 Â± 0.74 / 49.57 Â± 0.58@@32.98685110074935,28.54 Â± 2.46 / 43.71 Â± 2.66@@28.540516383175067,14.4.0@@140400,14.4.0@@140400,14.4.0@@140400,14.4.0@@140400,14.4.0@@140400,15.0.0@@150000,15.0.0@@150000
ibm-granite/granite-3.0-8b-base (few-shot),2.51,8170835968.0,49152.0,4096,2514.59,ğŸ§ ,âœ“,âœ—,57.84 Â± 3.59 / 71.20 Â± 2.77@@57.83730211324494,50.43 Â± 1.80 / 41.26 Â± 3.08@@50.43357147487588,22.58 Â± 5.59 / 53.17 Â± 6.23@@22.583035494418677,54.99 Â± 1.75 / 27.96 Â± 1.39@@54.99327308808938,65.08 Â± 1.62 / 20.35 Â± 3.02@@65.07838694640668,35.21 Â± 1.13 / 51.21 Â± 0.96@@35.210468793671374,26.48 Â± 1.04 / 43.71 Â± 0.74@@26.482440200162927,14.1.2@@140102,14.1.2@@140102,14.1.2@@140102,14.1.2@@140102,14.1.2@@140102,14.1.2@@140102,14.1.2@@140102
mistralai/Mistral-7B-Instruct-v0.2 (few-shot),2.52,7241732096.0,32000.0,32768,2356.01,ğŸ“,âœ—,âœ—,47.69 Â± 2.35 / 64.93 Â± 1.71@@47.69391012906866,55.10 Â± 1.35 / 41.89 Â± 1.61@@55.09898751104125,24.14 Â± 2.09 / 60.83 Â± 1.63@@24.144462076801197,57.64 Â± 1.89 / 23.93 Â± 2.11@@57.63964683732426,67.51 Â± 0.71 / 22.63 Â± 1.73@@67.51092500126106,26.06 Â± 1.65 / 44.13 Â± 1.29@@26.063038507241785,31.09 Â± 1.35 / 47.48 Â± 0.98@@31.093992994607976,12.9.0@@120900,12.9.0@@120900,12.9.0@@120900,12.9.0@@120900,12.9.0@@120900,12.9.0@@120900,12.9.0@@120900
tiiuae/Falcon3-7B-Base (few-shot),2.53,7455550464.0,131072.0,32768,2982.07,ğŸ§ ,âœ“,âœ—,56.08 Â± 3.69 / 68.98 Â± 3.46@@56.082969674895175,53.66 Â± 1.01 / 43.16 Â± 2.77@@53.66451789340761,21.31 Â± 2.89 / 57.46 Â± 3.23@@21.309908606180887,60.10 Â± 2.37 / 32.31 Â± 1.84@@60.09743138301506,66.47 Â± 1.16 / 22.98 Â± 2.14@@66.46873851990676,29.80 Â± 0.83 / 46.31 Â± 0.70@@29.7971897813495,18.41 Â± 1.32 / 37.33 Â± 1.10@@18.406836967410538,14.3.0@@140300,14.3.0@@140300,14.3.0@@140300,14.4.0@@140400,14.4.0@@140400,14.4.0@@140400,14.4.0@@140400
neuralmagic/Sparse-Llama-3.1-8B-2of4 (few-shot),2.55,8030261248.0,128256.0,131072,2996.46,ğŸ§ ,âœ“,âœ—,50.44 Â± 2.55 / 62.82 Â± 2.61@@50.442661455776005,40.63 Â± 2.51 / 38.86 Â± 1.98@@40.634773435336655,10.79 Â± 1.67 / 40.21 Â± 2.83@@10.788271183446252,61.01 Â± 1.78 / 34.67 Â± 1.48@@61.0128262179036,69.06 Â± 1.32 / 29.21 Â± 3.24@@69.06155744625721,31.77 Â± 0.71 / 48.72 Â± 0.47@@31.774052391921664,41.12 Â± 1.38 / 53.80 Â± 1.47@@41.1178963989128,13.2.0@@130200,13.2.0@@130200,13.2.0@@130200,13.2.0@@130200,13.2.0@@130200,13.2.0@@130200,13.2.0@@130200
google/gemma-7b (few-shot),2.56,8537680896.0,256000.0,8192,1298.32,ğŸ§ ,âœ“,âœ—,50.49 Â± 4.09 / 66.17 Â± 3.08@@50.48765493684687,39.33 Â± 1.50 / 34.35 Â± 1.57@@39.32962153776166,21.91 Â± 2.26 / 51.48 Â± 2.56@@21.91351712188013,64.52 Â± 2.97 / 36.67 Â± 2.36@@64.51588110890296,68.20 Â± 1.42 / 26.96 Â± 3.44@@68.20185817712627,37.72 Â± 1.14 / 50.11 Â± 1.29@@37.72021151923168,17.07 Â± 3.11 / 32.64 Â± 2.60@@17.065595639679255,15.1.0@@150100,15.1.0@@150100,15.1.0@@150100,15.1.0@@150100,15.1.0@@150100,15.1.0@@150100,15.1.0@@150100
seedboxai/KafkaLM-13B-German-V0.1-DPO (few-shot),2.56,13015864320.0,32000.0,7937,788.62,ğŸ“,âœ—,âœ—,49.73 Â± 2.78 / 63.68 Â± 2.80@@49.73004813379607,52.45 Â± 2.98 / 47.91 Â± 2.37@@52.452143228820326,20.72 Â± 4.25 / 53.77 Â± 5.69@@20.717161138323647,60.07 Â± 5.86 / 30.18 Â± 4.61@@60.068393009906195,68.97 Â± 0.69 / 26.66 Â± 1.82@@68.96781383053167,27.71 Â± 0.66 / 45.34 Â± 0.63@@27.706007351248875,21.44 Â± 2.29 / 40.21 Â± 1.74@@21.44074450896025,12.10.4@@121004,12.7.0@@120700,12.7.0@@120700,12.7.0@@120700,12.10.0@@121000,12.10.0@@121000,12.10.0@@121000
DiscoResearch/Llama3-German-8B (few-shot),2.56,8030261248.0,128256.0,8192,2382.55,ğŸ§ ,âœ“,âœ—,58.32 Â± 1.14 / 70.24 Â± 0.99@@58.32313078051998,54.34 Â± 2.04 / 46.23 Â± 2.24@@54.340380251359164,25.70 Â± 5.38 / 58.58 Â± 4.44@@25.704317053622383,35.35 Â± 1.23 / 0.50 Â± 0.11@@35.35325516233607,62.61 Â± 1.58 / 13.97 Â± 1.64@@62.607381947600516,38.63 Â± 0.90 / 53.83 Â± 0.67@@38.62986386019886,33.51 Â± 2.18 / 49.52 Â± 1.89@@33.50959926238879,13.0.0@@130000,13.0.0@@130000,13.0.0@@130000,13.0.0@@130000,13.0.0@@130000,13.0.0@@130000,13.0.0@@130000
mistralai/Mistral-7B-v0.1 (few-shot),2.57,7241732096.0,32000.0,4096,2943.8,ğŸ§ ,âœ“,âœ—,49.22 Â± 5.12 / 63.00 Â± 5.25@@49.217043507162224,56.20 Â± 1.66 / 45.80 Â± 2.99@@56.20263580198074,22.74 Â± 4.08 / 58.63 Â± 3.27@@22.74349153171978,60.87 Â± 2.11 / 34.01 Â± 1.59@@60.869213800049025,67.41 Â± 0.97 / 24.31 Â± 1.95@@67.40993874045671,29.24 Â± 0.81 / 46.65 Â± 0.70@@29.23657905998099,13.78 Â± 0.98 / 34.53 Â± 0.87@@13.784073091205453,15.0.0@@150000,15.0.0@@150000,15.0.0@@150000,15.0.0@@150000,15.0.0@@150000,15.0.0@@150000,15.0.0@@150000
RuterNorway/Llama-2-13b-chat-norwegian (few-shot),2.58,13015866880.0,32000.0,4096,951.99,ğŸ“,âœ—,âœ—,49.75 Â± 2.02 / 62.41 Â± 3.30@@49.752545043169434,57.02 Â± 1.39 / 47.95 Â± 2.09@@57.02460763827817,19.80 Â± 3.22 / 52.76 Â± 5.45@@19.800491093859375,57.65 Â± 2.01 / 27.86 Â± 2.01@@57.65421559197961,66.83 Â± 0.91 / 23.62 Â± 2.07@@66.83409451521584,25.99 Â± 1.00 / 44.39 Â± 0.75@@25.98971854655164,24.90 Â± 1.40 / 43.26 Â± 1.22@@24.896452694180965,12.9.0@@120900,12.9.0@@120900,12.9.0@@120900,12.9.0@@120900,12.9.0@@120900,12.9.0@@120900,12.9.0@@120900
google/gemma-2-2b-it (few-shot),2.63,2614341888.0,256000.0,8193,5373.87,ğŸ“,âœ“,âœ—,46.23 Â± 2.32 / 63.45 Â± 1.57@@46.23207675370692,37.31 Â± 2.28 / 31.09 Â± 2.10@@37.30668383587808,23.26 Â± 1.16 / 60.73 Â± 0.24@@23.26109648831407,59.66 Â± 2.10 / 28.01 Â± 1.95@@59.65734470118976,66.35 Â± 0.99 / 21.43 Â± 2.27@@66.34997890665545,30.11 Â± 1.02 / 47.48 Â± 0.79@@30.11364736421959,35.25 Â± 0.64 / 50.80 Â± 0.55@@35.25163255902562,13.0.0@@130000,13.0.0@@130000,13.0.0@@130000,13.0.0@@130000,13.0.0@@130000,13.0.0@@130000,13.0.0@@130000
timpal0l/Mistral-7B-v0.1-flashback-v2 (few-shot),2.64,7241732096.0,32000.0,32768,5053.68,ğŸ“,âœ“,âœ—,54.79 Â± 3.53 / 68.79 Â± 3.00@@54.78581538326887,50.66 Â± 1.53 / 39.89 Â± 2.43@@50.66059280087608,20.17 Â± 1.69 / 58.67 Â± 1.13@@20.172648157651157,54.38 Â± 5.91 / 27.86 Â± 4.70@@54.380611162481145,65.53 Â± 1.07 / 19.46 Â± 1.48@@65.53088293105247,27.04 Â± 1.04 / 44.99 Â± 0.77@@27.044406208874825,17.47 Â± 3.26 / 36.70 Â± 2.93@@17.473937133867228,12.5.3@@120503,12.5.3@@120503,12.5.3@@120503,12.5.3@@120503,12.5.3@@120503,12.5.3@@120503,12.5.3@@120503
meta-llama/Llama-3.2-3B-Instruct (few-shot),2.64,3212749824.0,128256.0,131072,2101.25,ğŸ“,âœ—,âœ—,50.52 Â± 2.29 / 62.39 Â± 2.63@@50.52255373362997,55.52 Â± 2.07 / 46.18 Â± 2.32@@55.51946141781826,9.87 Â± 2.95 / 42.20 Â± 3.60@@9.870092045640924,47.02 Â± 5.20 / 20.20 Â± 3.28@@47.01952804620667,66.40 Â± 0.98 / 21.21 Â± 2.33@@66.39575266468455,33.58 Â± 0.41 / 50.27 Â± 0.28@@33.57912453067149,28.97 Â± 1.01 / 46.45 Â± 0.80@@28.971696355038766,13.0.0@@130000,13.0.0@@130000,13.0.0@@130000,13.0.0@@130000,13.0.0@@130000,13.0.0@@130000,13.0.0@@130000
mistralai/Mistral-7B-Instruct-v0.1 (few-shot),2.67,7241732096.0,32000.0,32766,633.64,ğŸ“,âœ“,âœ—,47.26 Â± 3.14 / 63.48 Â± 2.94@@47.26022433125436,47.19 Â± 3.74 / 33.02 Â± 2.09@@47.18996225101183,22.32 Â± 1.78 / 56.73 Â± 4.00@@22.32045559874783,54.61 Â± 4.44 / 24.36 Â± 3.78@@54.61470026854452,67.75 Â± 1.10 / 25.91 Â± 2.95@@67.75273576320615,26.79 Â± 1.01 / 44.58 Â± 0.85@@26.79486169135662,20.33 Â± 1.63 / 39.63 Â± 1.09@@20.328358458965695,12.9.0@@120900,12.9.0@@120900,12.9.0@@120900,12.9.0@@120900,12.9.0@@120900,12.9.0@@120900,12.9.0@@120900
01-ai/Yi-1.5-6B (few-shot),2.68,6061035520.0,64000.0,4097,2867.41,ğŸ§ ,âœ“,âœ—,47.12 Â± 4.20 / 59.69 Â± 4.45@@47.123117429815174,48.20 Â± 1.57 / 39.04 Â± 2.38@@48.20250254500421,12.39 Â± 1.39 / 45.13 Â± 3.93@@12.38808922153824,57.48 Â± 4.51 / 30.50 Â± 3.67@@57.481120982620645,65.48 Â± 1.73 / 22.72 Â± 3.33@@65.4808249288908,30.83 Â± 1.40 / 48.12 Â± 1.03@@30.834278529816007,24.90 Â± 1.67 / 43.21 Â± 1.49@@24.902846680315253,13.0.0@@130000,13.0.0@@130000,13.0.0@@130000,13.0.0@@130000,13.0.0@@130000,13.0.0@@130000,13.0.0@@130000
DiscoResearch/DiscoLM_German_7b_v1 (few-shot),2.7,7241748480.0,32002.0,32768,1971.88,ğŸ“,âœ—,âœ—,48.67 Â± 3.85 / 59.21 Â± 4.18@@48.67019722596051,42.39 Â± 2.43 / 32.42 Â± 1.53@@42.38931001280834,8.72 Â± 2.15 / 43.37 Â± 3.69@@8.721803143644605,66.54 Â± 2.34 / 36.12 Â± 2.35@@66.53988859452184,68.47 Â± 1.27 / 26.03 Â± 3.68@@68.46551690425258,23.99 Â± 1.15 / 41.69 Â± 0.96@@23.990016382969728,20.76 Â± 1.28 / 38.13 Â± 1.29@@20.757025013927887,12.0.0@@120000,12.5.2@@120502,12.1.0@@120100,12.4.0@@120400,12.4.0@@120400,12.1.0@@120100,12.1.0@@120100
CohereForAI/aya-23-8B (few-shot),2.7,8028033024.0,256000.0,8192,2706.96,ğŸ§ ,âœ—,âœ—,47.79 Â± 3.34 / 64.03 Â± 2.90@@47.79454839840555,51.20 Â± 4.11 / 41.29 Â± 2.80@@51.196765700688005,18.04 Â± 1.40 / 54.89 Â± 2.23@@18.03542777376656,55.85 Â± 1.72 / 29.46 Â± 1.12@@55.8524807609679,62.58 Â± 0.45 / 15.06 Â± 0.66@@62.57747143361485,24.21 Â± 0.88 / 42.71 Â± 0.85@@24.213042384940696,30.55 Â± 3.52 / 45.97 Â± 3.24@@30.551938487930087,14.1.2@@140102,14.1.2@@140102,14.1.2@@140102,14.1.2@@140102,14.1.2@@140102,14.1.2@@140102,14.1.2@@140102
occiglot/occiglot-7b-eu5 (few-shot),2.73,7241732096.0,32000.0,4096,2943.39,ğŸ§ ,âœ“,âœ—,43.62 Â± 2.95 / 59.52 Â± 2.28@@43.61766123651143,51.89 Â± 1.17 / 45.94 Â± 1.48@@51.886258536766015,21.41 Â± 2.04 / 55.06 Â± 3.66@@21.40614044646026,60.11 Â± 5.95 / 32.34 Â± 4.84@@60.114812699266864,68.48 Â± 0.84 / 26.25 Â± 2.14@@68.47938238002826,23.56 Â± 0.83 / 40.61 Â± 1.11@@23.561408063953102,10.12 Â± 1.64 / 31.29 Â± 1.11@@10.121871157512679,15.0.0@@150000,15.0.0@@150000,15.0.0@@150000,15.0.0@@150000,15.0.0@@150000,15.0.0@@150000,15.0.0@@150000
meta-llama/Llama-3.2-3B (few-shot),2.73,3212749824.0,128256.0,131073,3713.14,ğŸ§ ,âœ“,âœ—,54.65 Â± 1.58 / 65.94 Â± 2.42@@54.64538405602152,49.85 Â± 1.96 / 41.04 Â± 2.44@@49.850921214751175,3.17 Â± 5.20 / 36.54 Â± 5.71@@3.1682922915014906,58.09 Â± 4.16 / 29.37 Â± 3.48@@58.09460096729737,67.96 Â± 1.38 / 25.30 Â± 2.54@@67.96492108573148,29.56 Â± 0.63 / 46.21 Â± 0.55@@29.55848106448172,16.15 Â± 1.34 / 35.40 Â± 1.27@@16.1542730650179,13.0.0@@130000,13.0.0@@130000,13.0.0@@130000,13.0.0@@130000,13.0.0@@130000,13.0.0@@130000,13.0.0@@130000
ibm-granite/granite-3.0-2b-base (few-shot),2.74,2533525504.0,49152.0,4097,10186.88,ğŸ§ ,âœ“,âœ—,34.61 Â± 3.47 / 44.53 Â± 3.65@@34.60633258316098,45.81 Â± 1.27 / 39.33 Â± 2.24@@45.8062300515917,16.19 Â± 3.33 / 54.43 Â± 3.53@@16.185924940349416,57.52 Â± 4.47 / 28.25 Â± 4.10@@57.51957201335598,67.90 Â± 0.72 / 26.38 Â± 1.63@@67.89845180945122,28.28 Â± 0.88 / 46.06 Â± 0.73@@28.279445971906846,28.25 Â± 2.23 / 45.60 Â± 2.02@@28.247354937916636,13.0.0@@130000,13.0.0@@130000,13.0.0@@130000,13.0.0@@130000,13.0.0@@130000,13.0.0@@130000,13.0.0@@130000
ibm-granite/granite-3.0-2b-instruct (few-shot),2.74,2634201088.0,49155.0,4097,10193.87,ğŸ“,âœ“,âœ—,44.95 Â± 3.84 / 62.77 Â± 2.82@@44.94721491384374,53.30 Â± 0.87 / 47.62 Â± 1.30@@53.30006236024274,18.67 Â± 1.83 / 57.35 Â± 3.01@@18.668838733241362,58.38 Â± 1.45 / 28.10 Â± 1.17@@58.376531129682085,65.95 Â± 0.58 / 20.96 Â± 1.39@@65.95183747427654,23.84 Â± 0.97 / 42.69 Â± 0.79@@23.835466527830114,16.86 Â± 1.12 / 35.87 Â± 1.30@@16.860528114948735,13.0.0@@130000,13.0.0@@130000,13.0.0@@130000,13.0.0@@130000,13.0.0@@130000,13.0.0@@130000,13.0.0@@130000
meta-llama/Llama-2-13b-hf (few-shot),2.75,13015866880.0,32000.0,4096,939.56,ğŸ§ ,âœ“,âœ—,43.02 Â± 4.51 / 58.04 Â± 3.57@@43.02258658543945,52.09 Â± 2.33 / 47.26 Â± 2.33@@52.09466201667799,17.11 Â± 2.01 / 52.86 Â± 1.83@@17.10640690440694,63.81 Â± 1.82 / 34.80 Â± 1.45@@63.81253979450179,67.96 Â± 1.64 / 26.29 Â± 3.60@@67.96169865338015,23.26 Â± 0.97 / 42.11 Â± 0.82@@23.260705660736175,9.57 Â± 1.09 / 31.11 Â± 1.03@@9.566498649727329,14.3.0@@140300,14.3.0@@140300,14.3.0@@140300,14.3.0@@140300,14.3.0@@140300,14.4.0@@140400,14.4.0@@140400
BSC-LT/salamandra-7b-instruct (few-shot),2.75,7768117248.0,256000.0,8192,3958.96,ğŸ“,âœ“,âœ—,41.00 Â± 3.16 / 53.07 Â± 2.66@@41.00188588276373,51.75 Â± 1.81 / 39.61 Â± 2.69@@51.74671922949881,17.11 Â± 2.22 / 54.39 Â± 2.18@@17.105974248306556,59.97 Â± 1.74 / 31.91 Â± 1.24@@59.97421639821265,66.37 Â± 0.21 / 20.40 Â± 0.48@@66.3727235236729,24.76 Â± 0.88 / 40.71 Â± 0.78@@24.757340700732907,17.72 Â± 1.67 / 36.48 Â± 1.10@@17.715901527647056,14.4.0@@140400,14.4.0@@140400,14.4.0@@140400,14.4.0@@140400,14.4.0@@140400,14.4.0@@140400,14.4.0@@140400
ibm-granite/granite-8b-code-base-4k (few-shot),2.76,8054910976.0,49152.0,4096,2312.61,ğŸ§ ,âœ“,âœ—,49.75 Â± 2.44 / 65.93 Â± 1.66@@49.75472228514735,59.07 Â± 0.78 / 51.00 Â± 2.06@@59.073237671006915,14.71 Â± 2.21 / 53.75 Â± 3.07@@14.7052302731848,56.14 Â± 2.53 / 29.45 Â± 2.13@@56.14175008074657,67.78 Â± 1.54 / 26.66 Â± 3.40@@67.78008192719426,16.39 Â± 1.29 / 37.35 Â± 0.95@@16.39125304375776,10.68 Â± 1.41 / 32.52 Â± 1.35@@10.682806248864747,13.0.0@@130000,13.0.0@@130000,13.0.0@@130000,13.0.0@@130000,13.0.0@@130000,13.0.0@@130000,13.0.0@@130000
microsoft/Phi-3-mini-4k-instruct (few-shot),2.78,3821079552.0,32064.0,2047,8681.12,ğŸ“,âœ“,âœ—,51.72 Â± 2.44 / 65.74 Â± 2.10@@51.722256606350506,59.14 Â± 1.40 / 43.16 Â± 2.75@@59.142441468431464,33.78 Â± 2.17 / 65.03 Â± 1.74@@33.78169194192168,53.54 Â± 2.38 / 24.82 Â± 1.35@@53.54284205364115,41.45 Â± 11.63 / 10.13 Â± 2.62@@41.4545593848743,38.78 Â± 0.85 / 53.77 Â± 0.65@@38.784570768013005,22.32 Â± 9.88 / 39.90 Â± 7.49@@22.320859781331574,14.1.2@@140102,14.1.2@@140102,14.1.2@@140102,14.1.2@@140102,14.1.2@@140102,14.1.2@@140102,14.1.2@@140102
meta-llama/Llama-2-7b-chat-hf (few-shot),2.81,6738417664.0,32000.0,4096,2643.05,ğŸ“,âœ“,âœ—,46.52 Â± 2.85 / 63.64 Â± 2.10@@46.51536574895513,50.09 Â± 1.33 / 38.59 Â± 1.66@@50.08757303332649,15.23 Â± 1.71 / 55.08 Â± 1.88@@15.23402241849507,56.07 Â± 3.76 / 25.54 Â± 3.58@@56.06971763741136,67.62 Â± 0.89 / 23.52 Â± 2.43@@67.62141326718847,20.12 Â± 1.13 / 39.48 Â± 1.02@@20.116124170268222,13.98 Â± 1.56 / 34.07 Â± 1.30@@13.975918026852693,12.9.0@@120900,12.9.0@@120900,12.10.0@@121000,12.10.0@@121000,12.10.0@@121000,12.10.0@@121000,12.10.0@@121000
ibm-granite/granite-3.0-3b-a800m-instruct (few-shot),2.82,3374295552.0,49155.0,4096,10246.27,ğŸ“,âœ“,âœ—,48.28 Â± 4.28 / 64.07 Â± 3.81@@48.27795680237245,47.31 Â± 1.67 / 31.36 Â± 2.00@@47.305427758211884,14.08 Â± 1.29 / 52.67 Â± 2.70@@14.084880879635167,55.92 Â± 4.76 / 28.37 Â± 4.07@@55.91778049149516,61.97 Â± 1.94 / 19.06 Â± 1.18@@61.973848147899844,22.99 Â± 0.83 / 41.98 Â± 0.66@@22.988181892431932,20.06 Â± 1.95 / 38.69 Â± 1.78@@20.058275976273492,13.0.0@@130000,13.0.0@@130000,13.0.0@@130000,13.0.0@@130000,13.0.0@@130000,13.0.0@@130000,13.0.0@@130000
occiglot/occiglot-7b-eu5-instruct (few-shot),2.83,7241748480.0,32002.0,4096,4838.43,ğŸ“,âœ—,âœ—,43.50 Â± 2.83 / 62.17 Â± 1.86@@43.49669538201672,52.84 Â± 1.64 / 38.75 Â± 2.09@@52.84493409993003,26.53 Â± 3.34 / 57.13 Â± 3.89@@26.534499778695743,43.03 Â± 2.12 / 0.21 Â± 0.10@@43.02947110937134,64.64 Â± 0.31 / 17.28 Â± 0.78@@64.64075816227705,25.72 Â± 1.25 / 43.67 Â± 1.00@@25.715478880968323,10.13 Â± 1.04 / 30.86 Â± 0.87@@10.12550326819228,15.0.0@@150000,15.0.0@@150000,15.0.0@@150000,15.0.0@@150000,15.0.0@@150000,15.0.0@@150000,15.0.0@@150000
Qwen/Qwen1.5-4B-Chat (few-shot),2.85,3950369280.0,151936.0,32768,4347.23,ğŸ“,âœ—,âœ—,41.52 Â± 3.53 / 57.69 Â± 3.35@@41.523491276495285,42.08 Â± 1.65 / 36.90 Â± 2.00@@42.08443395224488,12.78 Â± 3.75 / 46.43 Â± 5.48@@12.777858384718927,59.90 Â± 2.80 / 29.35 Â± 2.51@@59.89874425221346,65.56 Â± 1.65 / 20.45 Â± 2.68@@65.56330275961955,23.76 Â± 0.70 / 42.77 Â± 0.56@@23.761883814257594,20.92 Â± 1.16 / 40.56 Â± 0.86@@20.923668075234854,10.0.1@@100001,12.5.2@@120502,12.1.0@@120100,12.5.2@@120502,12.1.0@@120100,12.1.0@@120100,12.1.0@@120100
meta-llama/Llama-2-7b-hf (few-shot),2.85,6738417664.0,32000.0,3841,930.05,ğŸ“,âœ“,âœ—,50.21 Â± 2.43 / 65.81 Â± 1.82@@50.21144189812969,43.02 Â± 1.93 / 32.69 Â± 1.98@@43.01730582474434,15.79 Â± 2.35 / 53.25 Â± 4.45@@15.791721745722745,55.54 Â± 6.14 / 28.57 Â± 5.09@@55.54457214121901,68.68 Â± 0.96 / 26.95 Â± 1.81@@68.68097657788894,18.38 Â± 1.36 / 38.12 Â± 1.19@@18.37786603383775,8.45 Â± 1.86 / 30.07 Â± 1.49@@8.445413598689315,12.8.0@@120800,12.8.0@@120800,12.8.0@@120800,12.8.0@@120800,12.9.0@@120900,12.9.0@@120900,12.9.0@@120900
ibm-granite/granite-8b-code-instruct-4k (few-shot),2.9,8054910976.0,49152.0,4096,5616.81,ğŸ“,âœ“,âœ—,43.62 Â± 3.18 / 59.82 Â± 2.70@@43.61514136442328,54.45 Â± 1.17 / 42.36 Â± 2.59@@54.451488283792195,15.24 Â± 1.87 / 55.49 Â± 2.89@@15.239847273717306,51.82 Â± 2.70 / 26.00 Â± 2.28@@51.81586291373022,66.68 Â± 1.30 / 24.80 Â± 3.14@@66.68170563061722,15.81 Â± 1.07 / 36.18 Â± 0.94@@15.806444291989463,9.60 Â± 1.12 / 31.31 Â± 1.02@@9.601356926698742,13.0.0@@130000,13.0.0@@130000,13.0.0@@130000,13.0.0@@130000,13.0.0@@130000,13.0.0@@130000,13.0.0@@130000
BSC-LT/salamandra-7b (few-shot),2.92,7768117248.0,256000.0,8192,3123.97,ğŸ§ ,âœ“,âœ—,40.21 Â± 4.64 / 55.82 Â± 4.71@@40.210360113358725,43.33 Â± 4.39 / 38.63 Â± 3.57@@43.33481594364435,8.92 Â± 2.85 / 46.38 Â± 3.94@@8.916988769452825,62.71 Â± 2.29 / 34.52 Â± 1.59@@62.70524995488161,68.19 Â± 1.05 / 25.73 Â± 2.80@@68.18800618842943,19.00 Â± 1.27 / 37.86 Â± 1.15@@18.997259612169092,7.98 Â± 1.31 / 28.50 Â± 0.70@@7.978266758365865,14.4.0@@140400,14.4.0@@140400,14.4.0@@140400,14.4.0@@140400,14.4.0@@140400,14.4.0@@140400,14.4.0@@140400
TrustLLMeu/baseline-7-8b_2-3t-tokens_llama (few-shot),2.93,7799574528.0,100096.0,4096,1394.74,ğŸ§ ,âœ“,âœ—,55.46 Â± 3.52 / 67.87 Â± 3.69@@55.459140526643445,46.34 Â± 2.66 / 43.23 Â± 2.33@@46.33799343417638,9.06 Â± 1.78 / 49.28 Â± 2.39@@9.056036997923988,57.45 Â± 2.01 / 32.08 Â± 1.45@@57.44997222818974,67.98 Â± 1.00 / 24.72 Â± 2.21@@67.97958439507056,7.24 Â± 1.12 / 26.91 Â± 0.96@@7.243797379217182,1.57 Â± 1.58 / 25.38 Â± 0.63@@1.5658574362237505,15.0.0@@150000,15.0.0@@150000,15.0.0@@150000,15.0.0@@150000,15.0.0@@150000,15.0.0.dev0@@150000,15.0.0.dev0@@150000
Qwen/Qwen2.5-Math-7B (few-shot),2.93,7615616512.0,152064.0,4096,1522.74,ğŸ§ ,âœ“,âœ—,39.36 Â± 4.35 / 58.96 Â± 3.39@@39.35755773634937,47.89 Â± 0.67 / 38.80 Â± 1.58@@47.8929036358357,22.60 Â± 1.98 / 57.80 Â± 2.94@@22.597024485689804,44.04 Â± 5.71 / 17.23 Â± 6.08@@44.03810219596549,59.74 Â± 0.99 / 10.84 Â± 1.08@@59.74130080896429,30.88 Â± 1.02 / 47.50 Â± 0.88@@30.87809408672634,17.62 Â± 1.72 / 37.02 Â± 1.31@@17.61750857591047,15.1.0@@150100,15.1.0@@150100,15.1.0@@150100,15.1.0@@150100,15.1.0@@150100,15.1.0@@150100,15.1.0@@150100
ibm-granite/granite-7b-instruct (few-shot),2.94,6738481152.0,32008.0,4096,3136.16,ğŸ“,âœ“,âœ—,49.83 Â± 1.61 / 66.00 Â± 1.36@@49.83240618770671,39.38 Â± 0.94 / 30.79 Â± 1.08@@39.3848116173971,4.03 Â± 1.54 / 40.66 Â± 3.14@@4.02673783939018,58.73 Â± 1.73 / 30.20 Â± 1.18@@58.72971483177008,64.38 Â± 0.37 / 16.34 Â± 0.85@@64.38496695249341,20.76 Â± 0.96 / 40.07 Â± 0.71@@20.75964119737749,20.66 Â± 1.25 / 40.16 Â± 1.09@@20.66188884469165,13.0.0@@130000,13.2.0@@130200,13.2.0@@130200,13.2.0@@130200,13.2.0@@130200,13.2.0@@130200,13.2.0@@130200
allenai/OLMo-1.7-7B-hf (few-shot),2.96,6888095744.0,50304.0,4096,3371.43,ğŸ§ ,âœ“,âœ—,49.42 Â± 4.33 / 61.57 Â± 5.43@@49.41724996485181,39.41 Â± 2.30 / 36.17 Â± 2.32@@39.41321294417375,6.02 Â± 2.53 / 46.41 Â± 4.35@@6.023123121435451,54.92 Â± 5.38 / 27.69 Â± 4.39@@54.921685800104925,66.75 Â± 0.68 / 23.16 Â± 0.88@@66.75121403881349,20.77 Â± 0.92 / 39.29 Â± 0.91@@20.765383147620025,10.47 Â± 1.51 / 31.09 Â± 1.36@@10.47027732947422,12.10.4@@121004,12.10.5@@121005,12.10.4@@121004,12.10.5@@121005,12.10.5@@121005,12.10.4@@121004,12.10.4@@121004
tiiuae/Falcon3-3B-Instruct (few-shot),2.97,3227655168.0,131072.0,32768,6467.85,ğŸ“,âœ“,âœ—,32.54 Â± 3.75 / 53.72 Â± 3.13@@32.53953194888793,51.10 Â± 1.28 / 31.78 Â± 2.03@@51.09771483934955,20.42 Â± 1.32 / 58.79 Â± 0.81@@20.420560848528968,50.70 Â± 1.42 / 26.11 Â± 0.69@@50.69548202847043,63.52 Â± 0.32 / 16.65 Â± 0.84@@63.52469849676709,20.16 Â± 0.82 / 40.03 Â± 0.61@@20.159997842549945,13.97 Â± 1.38 / 35.27 Â± 1.05@@13.972166477030584,14.3.0@@140300,14.3.0@@140300,14.3.0@@140300,14.3.0@@140300,14.3.0@@140300,14.3.0@@140300,14.3.0@@140300
meta-llama/Llama-2-13b-chat-hf (few-shot),2.97,13015866880.0,32000.0,4096,1719.8,ğŸ“,âœ“,âœ—,46.03 Â± 2.45 / 60.44 Â± 2.21@@46.03037860653898,47.79 Â± 1.79 / 34.14 Â± 1.21@@47.79439295368512,24.70 Â± 1.82 / 59.87 Â± 1.46@@24.704731573270404,51.82 Â± 1.14 / 24.08 Â± 0.51@@51.82131556144368,63.59 Â± 0.16 / 12.42 Â± 0.18@@63.58625158725773,12.50 Â± 1.55 / 32.07 Â± 1.11@@12.502398980440525,4.33 Â± 1.63 / 26.10 Â± 0.86@@4.328757535569689,14.3.0@@140300,14.3.0@@140300,14.3.0@@140300,14.3.0@@140300,14.3.0@@140300,14.3.0@@140300,14.3.0@@140300
google/gemma-2-2b (few-shot),3.02,2614341888.0,256000.0,8193,5235.32,ğŸ§ ,âœ“,âœ—,50.36 Â± 2.83 / 60.36 Â± 3.45@@50.364607261432795,19.69 Â± 4.71 / 19.53 Â± 3.13@@19.693394293742585,9.07 Â± 2.41 / 44.45 Â± 4.37@@9.072018269286524,53.36 Â± 6.20 / 27.06 Â± 4.74@@53.360130349259805,68.52 Â± 1.47 / 26.96 Â± 3.01@@68.51698879589094,26.50 Â± 0.89 / 44.19 Â± 0.75@@26.500398538069785,9.36 Â± 1.35 / 30.60 Â± 1.18@@9.356177243748249,13.0.0@@130000,13.0.0@@130000,13.0.0@@130000,13.0.0@@130000,13.0.0@@130000,13.0.0@@130000,13.0.0@@130000
OpenLLM-France/Lucie-7B-Instruct-human-data (few-shot),3.02,6706960384.0,65024.0,32000,3349.98,ğŸ“,âœ“,âœ—,51.07 Â± 2.65 / 65.54 Â± 2.02@@51.07073813981107,35.97 Â± 2.81 / 31.14 Â± 2.08@@35.97064063626906,9.52 Â± 1.17 / 51.30 Â± 2.77@@9.517895333149276,59.99 Â± 0.86 / 31.02 Â± 0.72@@59.99295226048697,64.72 Â± 0.29 / 19.51 Â± 0.42@@64.7231164452387,9.12 Â± 1.36 / 30.44 Â± 0.67@@9.117454661821398,11.41 Â± 1.07 / 31.50 Â± 0.84@@11.412946613580258,14.4.0@@140400,14.4.0@@140400,14.4.0@@140400,14.4.0@@140400,14.4.0@@140400,14.4.0@@140400,14.4.0@@140400
norallm/normistral-11b-warm (few-shot),3.04,11429893120.0,51200.0,1024000,2500.58,ğŸ§ ,âœ“,âœ—,42.54 Â± 3.72 / 59.45 Â± 3.65@@42.54067109741263,53.27 Â± 1.83 / 42.10 Â± 1.58@@53.26575450862659,4.45 Â± 1.14 / 41.45 Â± 3.35@@4.445656321172932,58.56 Â± 1.74 / 31.01 Â± 1.41@@58.56451415279396,63.34 Â± 1.95 / 17.29 Â± 2.28@@63.341896425481536,14.25 Â± 1.12 / 35.27 Â± 0.77@@14.249105265347433,5.58 Â± 1.26 / 28.06 Â± 0.73@@5.582574624919796,15.0.0@@150000,15.0.0@@150000,15.0.0@@150000,15.0.0@@150000,15.0.0@@150000,15.0.0@@150000,15.0.0@@150000
Qwen/Qwen1.5-4B (few-shot),3.05,3950369280.0,151936.0,32768,3247.86,ğŸ“,âœ“,âœ—,39.91 Â± 3.29 / 53.66 Â± 3.20@@39.913297789635656,31.52 Â± 2.96 / 29.20 Â± 1.88@@31.519307791291908,3.27 Â± 2.51 / 34.30 Â± 1.29@@3.2679483041244723,57.60 Â± 3.34 / 27.55 Â± 3.12@@57.60171500324901,65.88 Â± 1.25 / 21.37 Â± 1.87@@65.88144896930316,21.32 Â± 1.14 / 40.66 Â± 0.96@@21.32264101083365,21.35 Â± 0.89 / 40.77 Â± 0.65@@21.348786447405928,10.0.1@@100001,12.5.2@@120502,12.1.0@@120100,12.1.0@@120100,12.1.0@@120100,12.1.0@@120100,12.1.0@@120100
OpenLLM-France/Lucie-7B-Instruct (few-shot),3.06,6706960384.0,65024.0,32000,3346.44,ğŸ“,âœ—,âœ—,50.21 Â± 2.22 / 64.37 Â± 1.96@@50.205806790500475,37.31 Â± 1.60 / 28.21 Â± 1.19@@37.312746225678936,11.93 Â± 3.27 / 46.19 Â± 3.84@@11.932837223383725,56.73 Â± 1.57 / 27.00 Â± 0.84@@56.73484812132134,64.36 Â± 0.09 / 14.10 Â± 0.30@@64.3554064912314,8.02 Â± 1.04 / 28.56 Â± 0.73@@8.016155258009125,6.05 Â± 1.72 / 28.39 Â± 1.40@@6.052291878807982,14.4.0@@140400,14.4.0@@140400,14.4.0@@140400,14.4.0@@140400,14.4.0@@140400,14.4.0@@140400,14.4.0@@140400
infly/OpenCoder-8B-Instruct (few-shot),3.06,7771262976.0,96640.0,8192,3009.29,ğŸ“,âœ“,âœ—,45.10 Â± 3.19 / 62.08 Â± 2.06@@45.09653089222715,49.66 Â± 1.50 / 36.29 Â± 2.98@@49.65875623285012,14.86 Â± 1.95 / 55.93 Â± 1.45@@14.856223183060841,53.11 Â± 0.96 / 25.31 Â± 1.21@@53.11135447520441,62.66 Â± 0.71 / 12.89 Â± 0.77@@62.660688033065526,7.69 Â± 2.92 / 28.36 Â± 2.65@@7.694140405612608,3.95 Â± 1.28 / 27.23 Â± 1.03@@3.954235969120347,14.4.0@@140400,14.4.0@@140400,14.4.0@@140400,14.4.0@@140400,14.4.0@@140400,14.4.0@@140400,14.4.0@@140400
ibm-granite/granite-3.0-3b-a800m-base (few-shot),3.06,3374286336.0,49152.0,4096,10504.04,ğŸ§ ,âœ“,âœ—,31.86 Â± 3.60 / 42.96 Â± 3.98@@31.86417162042089,40.61 Â± 2.18 / 28.49 Â± 2.11@@40.60659832232467,5.36 Â± 3.96 / 37.83 Â± 4.03@@5.358092169590969,47.72 Â± 4.74 / 25.99 Â± 3.85@@47.72085237244266,66.77 Â± 0.94 / 23.71 Â± 1.90@@66.76865739980713,22.17 Â± 1.05 / 41.55 Â± 0.85@@22.168132337844753,22.61 Â± 1.75 / 41.16 Â± 1.46@@22.612769562809333,13.0.0@@130000,13.0.0@@130000,13.0.0@@130000,13.0.0@@130000,13.0.0@@130000,13.0.0@@130000,13.0.0@@130000
TrustLLMeu/baseline-7-8b_1t-tokens_llama (few-shot),3.07,7799574528.0,100096.0,4096,1416.09,ğŸ§ ,âœ“,âœ—,55.07 Â± 5.27 / 68.94 Â± 4.70@@55.066724725821025,40.67 Â± 2.89 / 38.33 Â± 2.52@@40.670226911264265,8.07 Â± 2.21 / 49.88 Â± 3.68@@8.071730402944802,54.37 Â± 1.75 / 30.03 Â± 1.45@@54.37196754735614,67.46 Â± 1.07 / 23.09 Â± 2.60@@67.46118306837161,1.23 Â± 1.13 / 24.30 Â± 1.28@@1.2319929952097386,-0.01 Â± 0.94 / 24.61 Â± 0.43@@-0.006653472194537956,15.0.0.dev0@@150000,15.1.0@@150100,15.1.0@@150100,15.1.0@@150100,15.1.0@@150100,15.1.0@@150100,15.1.0@@150100
01-ai/Yi-6B (few-shot),3.09,6061035520.0,64000.0,4094,6435.34,ğŸ§ ,âœ“,âœ—,52.66 Â± 2.45 / 67.63 Â± 1.87@@52.65606822982106,0.00 Â± 0.00 / 0.00 Â± 0.00@@0.0,7.33 Â± 2.53 / 37.69 Â± 2.51@@7.326390630686594,57.13 Â± 2.48 / 30.05 Â± 1.59@@57.12990438280268,66.09 Â± 1.28 / 23.20 Â± 2.54@@66.08597280384856,30.33 Â± 0.78 / 47.68 Â± 0.54@@30.326153918034905,22.89 Â± 1.14 / 41.15 Â± 1.08@@22.89024065804411,12.10.0@@121000,12.10.0@@121000,12.10.0@@121000,12.10.0@@121000,12.10.0@@121000,12.10.0@@121000,12.10.0@@121000
ibm-granite/granite-7b-base (few-shot),3.1,6738415616.0,32000.0,2048,4405.37,ğŸ§ ,âœ“,âœ—,46.00 Â± 3.63 / 61.88 Â± 2.94@@46.000328978690376,37.68 Â± 1.26 / 33.74 Â± 1.78@@37.67506111288546,0.83 Â± 0.84 / 33.38 Â± 0.28@@0.8306581808268604,53.15 Â± 4.26 / 26.65 Â± 4.01@@53.15167471612316,64.14 Â± 0.38 / 18.78 Â± 0.63@@64.139963008638,18.12 Â± 0.96 / 37.66 Â± 1.06@@18.123224066065053,9.92 Â± 2.59 / 31.17 Â± 1.75@@9.922626609691152,12.10.5@@121005,12.10.5@@121005,12.10.5@@121005,12.10.5@@121005,12.10.5@@121005,12.10.8@@121008,12.10.8@@121008
stabilityai/stablelm-2-1_6b (few-shot),3.17,1644515328.0,100352.0,4096,7258.53,ğŸ§ ,âœ“,âœ—,51.01 Â± 2.18 / 65.35 Â± 2.23@@51.01232810784935,34.81 Â± 2.51 / 30.33 Â± 2.95@@34.8130060377248,0.00 Â± 0.00 / 33.34 Â± 0.31@@0.0,49.38 Â± 4.65 / 25.40 Â± 3.91@@49.38392587941455,63.53 Â± 2.45 / 17.65 Â± 2.20@@63.52727605990367,11.23 Â± 0.71 / 33.23 Â± 0.76@@11.232267176535046,7.25 Â± 1.63 / 29.15 Â± 1.35@@7.247280591485004,12.10.8@@121008,12.10.8@@121008,12.10.8@@121008,12.10.8@@121008,12.10.8@@121008,12.10.8@@121008,12.10.8@@121008
tiiuae/Falcon3-3B-Base (few-shot),3.2,3227655168.0,131072.0,32768,6469.55,ğŸ§ ,âœ“,âœ—,39.89 Â± 6.03 / 57.79 Â± 4.93@@39.887955779802056,44.18 Â± 2.32 / 37.51 Â± 2.84@@44.180784548268655,9.80 Â± 2.10 / 47.69 Â± 2.96@@9.796651215032186,42.33 Â± 2.60 / 22.21 Â± 1.54@@42.32651668115064,63.97 Â± 1.54 / 20.53 Â± 2.35@@63.96604652545648,16.15 Â± 0.86 / 36.40 Â± 0.72@@16.151917284343583,3.19 Â± 1.44 / 26.64 Â± 0.91@@3.1870190364594966,14.3.0@@140300,14.3.0@@140300,14.3.0@@140300,14.3.0@@140300,14.3.0@@140300,14.3.0@@140300,14.3.0@@140300
openGPT-X/Teuken-7B-instruct-research-v0.4 (few-shot),3.24,7452725248.0,250680.0,4096,1253.66,ğŸ“,âœ—,âœ—,23.60 Â± 3.12 / 34.73 Â± 3.27@@23.596737663292643,39.39 Â± 2.50 / 23.55 Â± 1.34@@39.391007042565676,7.68 Â± 1.29 / 36.93 Â± 0.75@@7.684342664409269,52.63 Â± 1.81 / 25.30 Â± 0.79@@52.625401429030966,63.84 Â± 0.15 / 12.84 Â± 0.30@@63.844875338982085,14.99 Â± 1.10 / 33.86 Â± 1.26@@14.986351430724081,14.99 Â± 1.43 / 33.86 Â± 1.03@@14.985007890992708,14.0.4@@140004,14.0.4@@140004,14.0.4@@140004,14.0.4@@140004,14.0.4@@140004,14.0.4@@140004,14.0.4@@140004
ibm-granite/granite-3b-code-instruct-2k (few-shot),3.25,3482503680.0,49152.0,2048,9058.91,ğŸ“,âœ“,âœ—,35.17 Â± 4.48 / 51.15 Â± 4.55@@35.17139230136217,49.16 Â± 2.12 / 40.34 Â± 2.81@@49.158786897120834,9.79 Â± 2.06 / 50.77 Â± 3.64@@9.789630363919526,45.90 Â± 3.03 / 22.48 Â± 2.59@@45.9004992158757,60.81 Â± 0.38 / 15.92 Â± 0.54@@60.8068540043314,6.89 Â± 0.76 / 28.82 Â± 0.69@@6.892653333146661,4.79 Â± 0.91 / 28.40 Â± 0.78@@4.79314220399113,13.0.0@@130000,13.0.0@@130000,13.0.0@@130000,13.0.0@@130000,13.0.0@@130000,13.0.0@@130000,13.0.0@@130000
Rijgersberg/GEITje-7B (few-shot),3.26,7241732096.0,32000.0,32766,5886.57,ğŸ§ ,âœ“,âœ—,47.67 Â± 2.82 / 60.09 Â± 3.28@@47.66710339241405,0.00 Â± 0.00 / 0.00 Â± 0.00@@0.0,9.67 Â± 2.79 / 46.35 Â± 4.48@@9.671126881673525,53.16 Â± 4.52 / 26.23 Â± 3.79@@53.161970655992874,65.42 Â± 0.61 / 18.57 Â± 0.70@@65.41842974620522,19.03 Â± 1.34 / 36.86 Â± 1.84@@19.03197937384164,9.87 Â± 1.98 / 30.31 Â± 1.95@@9.87003340098642,12.10.0@@121000,12.10.0@@121000,12.10.0@@121000,12.10.0@@121000,12.10.0@@121000,12.10.0@@121000,12.10.0@@121000
meta-llama/Llama-3.2-1B-Instruct (few-shot),3.29,1235814400.0,128256.0,131073,7435.78,ğŸ“,âœ“,âœ—,38.26 Â± 2.34 / 55.52 Â± 2.66@@38.26324355053652,42.51 Â± 1.31 / 37.05 Â± 1.59@@42.513790887331815,5.48 Â± 1.36 / 48.23 Â± 2.44@@5.478018146272548,41.82 Â± 3.29 / 19.43 Â± 3.10@@41.81763705546451,60.81 Â± 1.75 / 13.79 Â± 2.22@@60.80597714681062,16.06 Â± 1.35 / 36.96 Â± 0.92@@16.057389381993598,6.64 Â± 0.55 / 29.12 Â± 0.60@@6.6447924686966235,13.0.0@@130000,13.0.0@@130000,13.0.0@@130000,13.0.0@@130000,13.0.0@@130000,13.0.0@@130000,13.0.0@@130000
OpenLLM-France/Lucie-7B (few-shot),3.33,6706960384.0,65024.0,32000,1471.32,ğŸ§ ,âœ“,âœ—,48.09 Â± 4.87 / 60.42 Â± 5.39@@48.089941455977225,36.75 Â± 1.99 / 31.97 Â± 1.93@@36.75401277378923,12.39 Â± 1.87 / 54.33 Â± 1.63@@12.386505169967084,31.31 Â± 2.07 / 0.29 Â± 0.06@@31.313828320896913,61.04 Â± 3.08 / 18.55 Â± 4.05@@61.04147161153378,2.19 Â± 1.01 / 26.02 Â± 0.93@@2.1931100419689304,4.68 Â± 1.87 / 26.76 Â± 1.04@@4.684402156439846,14.4.0@@140400,14.4.0@@140400,14.4.0@@140400,14.4.0@@140400,14.4.0@@140400,14.4.0@@140400,14.4.0@@140400
VAGOsolutions/SauerkrautLM-Gemma-2b (few-shot),3.37,2506172416.0,256000.0,8192,3607.49,ğŸ§ ,âœ—,âœ—,44.84 Â± 2.70 / 57.27 Â± 3.65@@44.84006920984214,12.21 Â± 2.76 / 11.93 Â± 2.08@@12.214285919920867,2.02 Â± 2.19 / 37.47 Â± 3.26@@2.02447060489077,49.79 Â± 2.96 / 24.59 Â± 2.70@@49.78766615968787,62.87 Â± 2.44 / 18.13 Â± 1.20@@62.86537722720823,16.35 Â± 0.62 / 36.72 Â± 0.48@@16.34837874945359,8.93 Â± 0.99 / 30.43 Â± 0.75@@8.927840452276474,12.6.1@@120601,12.6.1@@120601,12.6.1@@120601,12.6.1@@120601,12.6.1@@120601,12.6.1@@120601,12.6.1@@120601
utter-project/EuroLLM-1.7B-Instruct (few-shot),3.39,1656850432.0,128000.0,4096,6288.34,ğŸ“,âœ“,âœ—,43.18 Â± 2.89 / 58.22 Â± 3.50@@43.18125424270113,28.49 Â± 2.30 / 24.73 Â± 1.76@@28.492955226941874,2.92 Â± 1.40 / 44.65 Â± 3.51@@2.915989494769158,48.47 Â± 3.57 / 23.26 Â± 3.37@@48.474892594027985,64.64 Â± 0.93 / 17.38 Â± 1.77@@64.63542435507406,2.60 Â± 0.88 / 26.76 Â± 0.79@@2.600759309516893,1.46 Â± 1.09 / 26.00 Â± 0.95@@1.4637025975693607,13.1.0@@130100,13.1.0@@130100,13.1.0@@130100,13.1.0@@130100,13.1.0@@130100,13.1.0@@130100,13.1.0@@130100
google/gemma-2b (few-shot),3.39,2506172416.0,256000.0,8192,6087.12,ğŸ§ ,âœ“,âœ—,43.67 Â± 4.30 / 59.81 Â± 3.69@@43.670722403953924,16.95 Â± 2.96 / 15.80 Â± 2.16@@16.948978677599598,0.77 Â± 1.22 / 33.68 Â± 0.59@@0.7675563867934571,40.68 Â± 6.34 / 17.92 Â± 4.72@@40.68334130579603,66.80 Â± 0.96 / 22.24 Â± 1.37@@66.80151636137452,12.11 Â± 0.94 / 33.12 Â± 0.90@@12.114417657645374,7.32 Â± 1.40 / 30.11 Â± 1.16@@7.322875400356171,15.0.0@@150000,12.5.2@@120502,12.1.0@@120100,12.1.0@@120100,12.1.0@@120100,12.1.0@@120100,12.1.0@@120100
Qwen/Qwen1.5-1.8B-Chat (few-shot),3.4,1836828672.0,151936.0,32768,8303.55,ğŸ“,âœ—,âœ—,36.21 Â± 3.42 / 54.82 Â± 3.32@@36.21389418972439,28.04 Â± 2.71 / 24.08 Â± 1.58@@28.037922156438928,3.12 Â± 1.42 / 46.21 Â± 2.93@@3.117107506051911,41.91 Â± 4.34 / 16.33 Â± 3.22@@41.907774586806845,61.47 Â± 1.67 / 12.62 Â± 1.40@@61.47014173671778,13.44 Â± 1.22 / 34.26 Â± 0.98@@13.441468870573683,8.31 Â± 1.08 / 31.05 Â± 0.84@@8.312212401254815,11.0.0@@110000,12.5.2@@120502,12.1.0@@120100,12.5.0@@120500,12.5.0@@120500,12.1.0@@120100,12.1.0@@120100
google/gemma-2b-it (few-shot),3.41,2506172416.0,256000.0,8192,6470.59,ğŸ“,âœ—,âœ—,26.64 Â± 2.68 / 37.53 Â± 3.50@@26.640718861367883,36.62 Â± 1.56 / 28.22 Â± 1.66@@36.615223875147,1.15 Â± 1.66 / 38.16 Â± 2.78@@1.1464113326973369,51.61 Â± 1.04 / 23.39 Â± 1.00@@51.60748819574699,63.02 Â± 2.00 / 19.54 Â± 1.33@@63.017254548612975,12.27 Â± 1.33 / 33.40 Â± 1.08@@12.265060928836032,6.57 Â± 0.74 / 28.60 Â± 0.70@@6.571841586101786,15.0.0@@150000,12.5.2@@120502,12.1.0@@120100,12.4.0@@120400,12.4.0@@120400,12.1.0@@120100,12.1.0@@120100
MaLA-LM/emma-500-llama2-7b (few-shot),3.42,6738415616.0,32000.0,4096,6275.17,ğŸ§ ,âœ“,âœ—,26.39 Â± 5.23 / 36.06 Â± 6.62@@26.38611386126862,32.33 Â± 2.48 / 30.20 Â± 1.92@@32.326104478914736,1.44 Â± 1.38 / 33.60 Â± 0.42@@1.4405787332837383,54.13 Â± 6.75 / 28.15 Â± 5.57@@54.133243317841334,58.62 Â± 3.80 / 13.54 Â± 2.20@@58.621049475696054,14.94 Â± 1.09 / 35.44 Â± 0.89@@14.943917363718123,8.70 Â± 0.96 / 31.09 Â± 0.58@@8.697447580789524,13.0.0@@130000,13.0.0@@130000,13.0.0@@130000,13.0.0@@130000,13.0.0@@130000,13.0.0@@130000,13.0.0@@130000
BSC-LT/salamandra-2b-instruct (few-shot),3.45,2253490176.0,256000.0,8192,10891.84,ğŸ“,âœ“,âœ—,42.74 Â± 3.35 / 59.30 Â± 2.75@@42.73891760783995,27.67 Â± 1.68 / 26.26 Â± 1.52@@27.671372685615953,3.20 Â± 1.94 / 44.77 Â± 2.87@@3.1956835089328046,51.22 Â± 0.99 / 21.64 Â± 1.29@@51.22160589491447,61.08 Â± 0.64 / 12.15 Â± 0.45@@61.08488966063306,0.55 Â± 1.17 / 25.74 Â± 0.92@@0.5456979000490856,1.20 Â± 1.00 / 25.00 Â± 0.74@@1.2029424711098617,14.4.0@@140400,14.4.0@@140400,14.4.0@@140400,14.4.0@@140400,14.4.0@@140400,14.4.0@@140400,14.4.0@@140400
openGPT-X/Teuken-7B-instruct-commercial-v0.4 (few-shot),3.46,7452725248.0,250680.0,4096,1437.66,ğŸ“,âœ“,âœ—,10.59 Â± 3.02 / 21.22 Â± 2.19@@10.594203037350407,38.81 Â± 2.72 / 27.14 Â± 1.94@@38.80628163103242,0.91 Â± 1.67 / 33.45 Â± 0.28@@0.9101460119786958,48.13 Â± 1.67 / 22.54 Â± 1.17@@48.128135523228664,64.28 Â± 0.13 / 14.60 Â± 0.27@@64.27949308927055,15.69 Â± 0.87 / 35.90 Â± 0.62@@15.687576040254179,14.18 Â± 2.07 / 33.42 Â± 2.12@@14.17658221406088,14.0.4@@140004,14.0.4@@140004,14.0.4@@140004,14.0.4@@140004,14.0.4@@140004,14.0.4@@140004,14.0.4@@140004
"seedboxai/KafkaLM-70B-German-V0.1 (few-shot, val)",3.46,68976648192.0,32000.0,4094,293.8,ğŸ§ ,âœ“,âœ—,-5.01 Â± 4.03 / 18.00 Â± 0.71@@-5.007832904762173,59.23 Â± 2.95 / 52.06 Â± 3.03@@59.2304018727379,3.19 Â± 4.99 / 37.63 Â± 3.16@@3.187968785819447,56.60 Â± 3.00 / 19.84 Â± 2.17@@56.595090223219074,62.42 Â± 4.28 / 22.39 Â± 3.89@@62.424940309720114,18.40 Â± 3.05 / 34.38 Â± 2.84@@18.401769128799454,1.52 Â± 1.25 / 26.80 Â± 1.34@@1.5164288743312433,12.10.0@@121000,12.10.0@@121000,12.10.0@@121000,12.10.0@@121000,12.10.0@@121000,12.10.0@@121000,12.10.0@@121000
meta-llama/Llama-3.2-1B (few-shot),3.47,1235814400.0,128256.0,131073,7577.45,ğŸ§ ,âœ“,âœ—,47.65 Â± 2.85 / 63.11 Â± 2.17@@47.65468925951744,24.79 Â± 6.48 / 22.92 Â± 5.74@@24.79320866874108,2.39 Â± 1.46 / 39.92 Â± 4.38@@2.3924698620560574,33.76 Â± 5.50 / 13.39 Â± 4.13@@33.75814639334807,61.07 Â± 4.19 / 16.72 Â± 4.33@@61.074410094879575,3.94 Â± 1.35 / 27.78 Â± 1.07@@3.9356298777975405,0.90 Â± 0.98 / 25.40 Â± 0.65@@0.9046212476003633,13.0.0@@130000,13.0.0@@130000,13.0.0@@130000,13.0.0@@130000,13.0.0@@130000,13.0.0@@130000,13.0.0@@130000
HuggingFaceTB/SmolLM2-1.7B-Instruct (few-shot),3.5,1711376384.0,49152.0,8192,2631.13,ğŸ“,âœ“,âœ—,27.03 Â± 2.54 / 42.80 Â± 3.28@@27.03405249895286,32.54 Â± 1.57 / 26.92 Â± 1.87@@32.54261748784715,8.95 Â± 1.62 / 51.86 Â± 2.23@@8.949246582342873,39.18 Â± 2.13 / 18.38 Â± 1.26@@39.177336826931494,59.91 Â± 0.84 / 16.05 Â± 0.61@@59.912621380935896,12.30 Â± 1.16 / 32.60 Â± 1.27@@12.299148249754674,6.28 Â± 1.36 / 27.82 Â± 1.17@@6.279448825689064,13.1.0@@130100,13.1.0@@130100,13.1.0@@130100,13.1.0@@130100,13.1.0@@130100,13.1.0@@130100,13.1.0@@130100
ibm-granite/granite-3.0-1b-a400m-instruct (few-shot),3.51,1334628352.0,49155.0,4096,7964.03,ğŸ“,âœ“,âœ—,40.65 Â± 2.11 / 58.49 Â± 1.94@@40.65103355235788,36.56 Â± 2.08 / 25.71 Â± 1.73@@36.55747365126938,4.68 Â± 1.88 / 45.72 Â± 3.59@@4.683338711490396,39.53 Â± 0.90 / 19.45 Â± 0.59@@39.533268045639836,57.01 Â± 0.95 / 10.04 Â± 0.58@@57.01126413885505,4.68 Â± 1.02 / 27.76 Â± 0.87@@4.684131014059785,0.48 Â± 0.63 / 24.59 Â± 0.59@@0.478734337251271,13.2.0@@130200,13.2.0@@130200,13.2.0@@130200,13.2.0@@130200,13.2.0@@130200,13.2.0@@130200,13.2.0@@130200
HuggingFaceTB/SmolLM2-1.7B (few-shot),3.53,1711376384.0,49152.0,8192,2616.53,ğŸ§ ,âœ“,âœ—,19.69 Â± 2.50 / 29.00 Â± 2.22@@19.690240655883283,28.67 Â± 3.31 / 25.27 Â± 2.68@@28.67326092101652,5.07 Â± 0.89 / 47.60 Â± 2.39@@5.06829918394567,38.33 Â± 2.91 / 18.43 Â± 2.31@@38.325122702713756,64.25 Â± 1.99 / 18.90 Â± 2.50@@64.24855514269439,15.15 Â± 0.67 / 35.75 Â± 0.46@@15.149548766632378,6.23 Â± 0.96 / 28.39 Â± 0.87@@6.229997661989619,13.1.0@@130100,13.1.0@@130100,13.1.0@@130100,13.1.0@@130100,13.1.0@@130100,13.1.0@@130100,13.1.0@@130100
BSC-LT/salamandra-2b (few-shot),3.53,2253490176.0,256000.0,8192,7146.49,ğŸ§ ,âœ“,âœ—,42.44 Â± 7.27 / 57.86 Â± 5.41@@42.4379338844265,22.99 Â± 3.06 / 22.44 Â± 2.90@@22.993145896984654,2.32 Â± 1.34 / 43.55 Â± 3.55@@2.3167927540685316,47.58 Â± 2.15 / 23.75 Â± 1.69@@47.58167162762127,59.69 Â± 3.10 / 13.83 Â± 1.64@@59.68990527493588,-0.40 Â± 0.97 / 22.55 Â± 0.47@@-0.40263715077495377,-0.40 Â± 0.74 / 24.50 Â± 0.66@@-0.4029267750943289,14.4.0@@140400,14.4.0@@140400,14.4.0@@140400,14.4.0@@140400,14.4.0@@140400,14.4.0@@140400,14.4.0@@140400
Qwen/Qwen1.5-1.8B (few-shot),3.54,1836828672.0,151936.0,32768,5665.51,ğŸ“,âœ“,âœ—,38.30 Â± 2.90 / 56.94 Â± 2.83@@38.29591995186602,9.23 Â± 4.86 / 10.43 Â± 3.83@@9.226741333450192,0.39 Â± 1.17 / 33.47 Â± 0.34@@0.39272420941132097,41.61 Â± 3.00 / 16.67 Â± 3.02@@41.61392278193661,61.74 Â± 1.58 / 14.71 Â± 1.12@@61.73939102431177,13.65 Â± 1.17 / 33.35 Â± 0.91@@13.650072769112715,8.86 Â± 0.99 / 30.21 Â± 0.77@@8.860738819140007,10.0.1@@100001,12.5.2@@120502,12.1.0@@120100,12.1.0@@120100,12.1.0@@120100,12.1.0@@120100,12.1.0@@120100
ibm-granite/granite-3b-code-base-2k (few-shot),3.55,3482503680.0,49152.0,2048,2731.51,ğŸ§ ,âœ“,âœ—,41.72 Â± 4.07 / 60.45 Â± 3.07@@41.719418971495045,49.38 Â± 2.20 / 42.66 Â± 3.24@@49.38032393482918,7.67 Â± 1.52 / 46.66 Â± 3.23@@7.670661766480011,30.21 Â± 3.80 / 13.70 Â± 2.43@@30.205326200589063,45.88 Â± 3.36 / 8.30 Â± 1.98@@45.88138284794695,8.73 Â± 1.03 / 31.46 Â± 0.70@@8.729278488738096,6.18 Â± 1.33 / 29.78 Â± 1.02@@6.1829979350046855,13.0.0@@130000,13.0.0@@130000,13.0.0@@130000,13.0.0@@130000,13.0.0@@130000,13.0.0@@130000,13.0.0@@130000
LumiOpen/Viking-13B (few-shot),3.56,14030361600.0,131072.0,4096,908.37,ğŸ§ ,âœ“,âœ—,42.90 Â± 2.66 / 56.64 Â± 4.71@@42.901215598920736,34.53 Â± 1.24 / 29.89 Â± 1.96@@34.525330747619954,1.51 Â± 1.64 / 43.36 Â± 4.05@@1.5141283311369307,29.77 Â± 2.54 / 15.83 Â± 1.42@@29.773458267809236,61.40 Â± 3.15 / 14.84 Â± 2.07@@61.39512153531541,-1.84 Â± 1.09 / 23.98 Â± 0.66@@-1.838740763427003,-0.12 Â± 1.30 / 24.41 Â± 0.96@@-0.12092439910524125,12.5.2@@120502,12.5.2@@120502,12.5.2@@120502,12.5.2@@120502,12.5.2@@120502,12.5.2@@120502,12.5.2@@120502
NorwAI/NorwAI-Llama2-7B (few-shot),3.57,7033270272.0,67993.0,4096,4437.75,ğŸ§ ,âœ“,âœ—,33.48 Â± 2.83 / 47.14 Â± 4.43@@33.4800317027227,25.69 Â± 1.43 / 25.95 Â± 1.23@@25.694677842953595,3.73 Â± 1.14 / 44.43 Â± 4.17@@3.7313696743995197,35.50 Â± 3.15 / 14.82 Â± 2.69@@35.50451079611949,63.85 Â± 2.30 / 21.16 Â± 3.79@@63.85226017955574,2.96 Â± 0.44 / 26.82 Â± 0.62@@2.960385406118118,1.88 Â± 0.93 / 26.35 Â± 1.20@@1.8848416119658726,12.10.4@@121004,12.10.4@@121004,12.10.4@@121004,12.10.4@@121004,12.10.4@@121004,12.10.4@@121004,12.10.4@@121004
RuterNorway/Llama-2-7b-chat-norwegian (few-shot),3.59,,32000.0,4096,10889.7,ğŸ“,âœ—,âœ—,33.61 Â± 5.06 / 49.68 Â± 5.74@@33.61398926516793,27.22 Â± 1.38 / 24.48 Â± 1.76@@27.224836132346088,0.45 Â± 0.91 / 35.24 Â± 3.71@@0.44764317293568434,45.50 Â± 3.33 / 20.44 Â± 3.29@@45.49710317130971,60.50 Â± 0.63 / 13.71 Â± 0.75@@60.49814456957392,-0.10 Â± 0.93 / 25.16 Â± 1.17@@-0.0985026791306063,-1.00 Â± 1.03 / 24.94 Â± 1.00@@-1.0004715620488578,12.10.0@@121000,9.3.1@@90301,9.3.1@@90301,12.5.2@@120502,12.4.0@@120400,9.3.1@@90301,9.3.1@@90301
google/gemma-7b-it (few-shot),3.59,8537680896.0,256000.0,8192,1314.23,ğŸ“,âœ—,âœ—,13.68 Â± 6.50 / 32.46 Â± 6.25@@13.678507377225536,45.38 Â± 1.62 / 35.91 Â± 1.35@@45.37835035137746,12.95 Â± 1.37 / 54.95 Â± 1.37@@12.949397932644526,28.80 Â± 1.85 / 3.28 Â± 0.63@@28.79641819451795,59.63 Â± 0.56 / 9.84 Â± 0.80@@59.6348590508569,10.44 Â± 1.92 / 29.92 Â± 1.79@@10.439504538987155,4.50 Â± 1.05 / 27.72 Â± 1.20@@4.499589814647002,15.0.0@@150000,15.0.0@@150000,15.0.0.dev0@@150000,15.0.0.dev0@@150000,15.0.0.dev0@@150000,15.0.0.dev0@@150000,15.0.0.dev0@@150000
tiiuae/Falcon3-1B-Instruct (few-shot),3.6,1669408768.0,131072.0,8192,9270.37,ğŸ“,âœ“,âœ—,22.27 Â± 4.97 / 36.09 Â± 3.66@@22.27420947851876,32.54 Â± 1.23 / 30.63 Â± 1.12@@32.54205947484002,7.18 Â± 1.13 / 51.77 Â± 1.56@@7.180816040545598,38.07 Â± 0.76 / 16.72 Â± 0.88@@38.07412502535393,58.08 Â± 0.37 / 10.60 Â± 0.37@@58.08246258966392,6.57 Â± 1.03 / 29.10 Â± 0.93@@6.574951162860162,5.16 Â± 1.64 / 28.12 Â± 1.34@@5.156424086657914,14.1.2@@140102,14.1.2@@140102,14.1.2@@140102,14.1.2@@140102,14.1.2@@140102,14.1.2@@140102,14.1.2@@140102
infly/OpenCoder-8B-Base (few-shot),3.6,7771263040.0,96640.0,8192,2978.18,ğŸ§ ,âœ“,âœ—,15.78 Â± 7.79 / 26.06 Â± 5.97@@15.775427836861109,51.48 Â± 1.31 / 33.74 Â± 2.31@@51.478060880694954,3.33 Â± 1.75 / 40.15 Â± 3.42@@3.325292300521576,33.40 Â± 1.62 / 0.31 Â± 0.40@@33.39853087136028,57.17 Â± 4.32 / 11.31 Â± 1.99@@57.1659296155849,7.37 Â± 1.20 / 27.86 Â± 1.16@@7.372620533248004,2.38 Â± 1.31 / 25.80 Â± 0.72@@2.3811615645530924,14.4.0@@140400,14.4.0@@140400,14.4.0@@140400,15.0.0@@150000,15.0.0@@150000,15.0.0@@150000,15.0.0@@150000
AI-Sweden-Models/gpt-sw3-20b-instruct (few-shot),3.6,20918423552.0,64000.0,1793,1830.86,ğŸ“,âœ“,âœ—,43.35 Â± 3.81 / 60.49 Â± 3.18@@43.35308727757587,24.35 Â± 1.72 / 21.90 Â± 0.85@@24.347373322389736,2.38 Â± 1.21 / 37.27 Â± 1.09@@2.38025411466886,34.68 Â± 3.15 / 15.56 Â± 2.24@@34.67632057229228,57.47 Â± 0.69 / 14.10 Â± 0.73@@57.46758211607812,4.67 Â± 0.91 / 27.88 Â± 0.81@@4.665723294784916,1.77 Â± 1.29 / 25.47 Â± 0.78@@1.774573303456647,12.7.0@@120700,12.7.0@@120700,12.7.0@@120700,12.7.0@@120700,12.7.0@@120700,12.7.0@@120700,12.7.0@@120700
NorwAI/NorwAI-Mistral-7B (few-shot),3.61,7536586752.0,67993.0,4065,3034.67,ğŸ§ ,âœ“,âœ—,43.88 Â± 3.42 / 61.04 Â± 2.69@@43.8768060451545,19.29 Â± 5.77 / 20.20 Â± 3.59@@19.29108990508462,5.63 Â± 1.32 / 49.95 Â± 1.54@@5.628748514936151,36.47 Â± 2.53 / 17.02 Â± 2.10@@36.46799349301518,54.94 Â± 1.06 / 14.92 Â± 1.40@@54.93807433616894,5.89 Â± 0.78 / 27.89 Â± 0.68@@5.888797504537116,4.11 Â± 0.97 / 27.05 Â± 0.97@@4.110839604883603,12.10.4@@121004,12.10.4@@121004,12.10.4@@121004,12.10.4@@121004,12.10.4@@121004,12.10.4@@121004,12.10.4@@121004
utter-project/EuroLLM-1.7B (few-shot),3.66,,128000.0,4096,2755.85,ğŸ§ ,âœ“,âœ—,34.09 Â± 6.70 / 52.47 Â± 4.92@@34.089465300297654,26.26 Â± 1.86 / 26.04 Â± 1.74@@26.259443433184167,0.75 Â± 1.90 / 35.82 Â± 2.53@@0.7516048915072346,40.39 Â± 2.00 / 20.25 Â± 1.39@@40.392043313844695,58.23 Â± 1.23 / 10.93 Â± 1.70@@58.232462277956074,0.13 Â± 0.92 / 23.07 Â± 0.65@@0.13345160001816045,-0.16 Â± 1.17 / 24.89 Â± 0.80@@-0.15919570879746547,14.1.2@@140102,14.2.0.dev0@@140200,14.2.0.dev0@@140200,14.3.0@@140300,14.2.0.dev0@@140200,14.2.0.dev0@@140200,14.2.0.dev0@@140200
ibm-granite/granite-3.0-1b-a400m-base (few-shot),3.69,1384956928.0,49152.0,4096,7808.38,ğŸ§ ,âœ“,âœ—,34.66 Â± 3.73 / 44.27 Â± 4.29@@34.656000729782754,19.94 Â± 4.65 / 19.11 Â± 3.71@@19.940276651628587,0.70 Â± 1.06 / 33.46 Â± 0.38@@0.6977009310617195,31.39 Â± 2.73 / 14.66 Â± 2.25@@31.39394084179913,61.26 Â± 1.64 / 14.93 Â± 1.37@@61.26439231324184,-0.48 Â± 1.78 / 22.64 Â± 1.11@@-0.47986983782951365,0.28 Â± 0.88 / 25.12 Â± 0.77@@0.2845582724276165,13.2.0@@130200,13.2.0@@130200,13.2.0@@130200,13.2.0@@130200,13.2.0@@130200,13.2.0@@130200,13.2.0@@130200
"DiscoResearch/DiscoLM-70b (few-shot, val)",3.77,68977172480.0,32032.0,8190,291.23,ğŸ“,âœ—,âœ—,27.56 Â± 3.62 / 47.04 Â± 4.06@@27.56330553938669,62.16 Â± 2.83 / 48.46 Â± 3.31@@62.157217758590924,0.59 Â± 1.16 / 32.41 Â± 0.74@@0.5928648611999251,4.44 Â± 0.39 / 0.00 Â± 0.00@@4.43607693184811,52.77 Â± 0.13 / 4.84 Â± 0.05@@52.773827073397115,4.04 Â± 2.64 / 22.46 Â± 1.78@@4.0413324793341605,7.33 Â± 5.87 / 28.83 Â± 3.05@@7.32912579514344,12.10.0@@121000,12.10.0@@121000,12.10.0@@121000,12.10.0@@121000,12.10.0@@121000,12.10.0@@121000,12.10.0@@121000
Qwen/Qwen1.5-0.5B (few-shot),3.86,619570176.0,151936.0,32768,11371.34,ğŸ“,âœ“,âœ—,10.64 Â± 5.31 / 26.79 Â± 4.73@@10.636394556950039,27.34 Â± 1.95 / 24.46 Â± 1.25@@27.335087353067085,0.33 Â± 1.20 / 35.20 Â± 2.45@@0.32731730884704635,27.38 Â± 2.49 / 11.81 Â± 2.10@@27.38156568132078,59.71 Â± 2.14 / 12.23 Â± 1.08@@59.70873582889909,6.34 Â± 1.10 / 29.19 Â± 0.75@@6.336933083881643,2.94 Â± 0.65 / 27.16 Â± 0.61@@2.939378806874069,10.0.1@@100001,12.5.2@@120502,12.1.0@@120100,12.1.0@@120100,12.1.0@@120100,12.1.0@@120100,12.1.0@@120100
allenai/OLMo-7B (few-shot),3.91,6888095744.0,50280.0,2049,5402.86,ğŸ§ ,âœ“,âœ—,49.77 Â± 2.81 / 64.87 Â± 2.42@@49.77332425638881,30.85 Â± 4.69 / 24.38 Â± 3.10@@30.854483370175878,2.67 Â± 1.77 / 41.55 Â± 4.54@@2.6712125377917153,12.70 Â± 2.66 / 4.09 Â± 1.94@@12.703190416271031,42.64 Â± 0.22 / 4.37 Â± 0.10@@42.64360441498866,1.94 Â± 0.76 / 26.86 Â± 0.44@@1.9428202719600627,1.24 Â± 0.75 / 25.78 Â± 0.82@@1.23775628309914,12.5.2@@120502,12.5.2@@120502,12.5.2@@120502,12.5.2@@120502,12.5.2@@120502,12.5.2@@120502,12.5.2@@120502
PleIAs/Pleias-3b-Preview (few-shot),3.94,3211926528.0,65536.0,4096,6513.19,ğŸ§ ,âœ“,âœ—,7.41 Â± 5.97 / 23.37 Â± 5.40@@7.411576543403611,23.08 Â± 4.90 / 21.68 Â± 4.10@@23.07870025754606,0.89 Â± 1.81 / 40.64 Â± 3.86@@0.8874317792065668,35.99 Â± 2.75 / 18.74 Â± 1.13@@35.99217893128364,56.57 Â± 2.63 / 11.57 Â± 1.39@@56.56725114386063,-0.63 Â± 0.62 / 23.00 Â± 0.52@@-0.6278816211659805,-0.17 Â± 1.38 / 24.60 Â± 0.84@@-0.1720778528804985,14.1.2@@140102,14.0.4@@140004,14.1.2@@140102,14.3.0@@140300,14.0.4@@140004,14.0.4@@140004,14.0.4@@140004
PleIAs/Pleias-1.2b-Preview (few-shot),3.95,1195468800.0,65536.0,2048,10756.07,ğŸ§ ,âœ“,âœ—,21.76 Â± 5.01 / 39.73 Â± 5.21@@21.75771518216653,34.68 Â± 3.56 / 30.00 Â± 2.82@@34.679819014149395,0.85 Â± 1.86 / 38.42 Â± 3.98@@0.8481754024240803,33.22 Â± 2.38 / 16.36 Â± 0.91@@33.21777504464125,43.98 Â± 8.28 / 9.06 Â± 1.56@@43.98409479093971,0.36 Â± 1.05 / 25.80 Â± 0.69@@0.35738881332309014,1.32 Â± 0.86 / 25.98 Â± 0.61@@1.3245312394234796,14.1.2@@140102,14.0.4@@140004,14.1.2@@140102,14.3.0@@140300,14.0.4@@140004,14.0.4@@140004,14.0.4@@140004
Qwen/Qwen1.5-0.5B-Chat (few-shot),3.95,619570176.0,151936.0,32768,11740.04,ğŸ“,âœ—,âœ—,9.31 Â± 2.97 / 21.50 Â± 2.70@@9.30881761974784,24.67 Â± 0.99 / 23.98 Â± 0.73@@24.673837752993197,1.11 Â± 1.69 / 37.88 Â± 4.05@@1.1052983827188934,29.10 Â± 1.94 / 13.60 Â± 1.60@@29.096632849319853,56.42 Â± 7.64 / 11.68 Â± 1.75@@56.42430173153116,2.75 Â± 0.91 / 27.17 Â± 0.72@@2.7525062094666466,3.41 Â± 1.30 / 27.45 Â± 0.79@@3.410557732666672,11.0.0@@110000,12.5.2@@120502,12.1.0@@120100,12.5.0@@120500,12.5.0@@120500,12.1.0@@120100,12.1.0@@120100
infly/OpenCoder-1.5B-Instruct (few-shot),3.97,1905650880.0,96640.0,4096,7719.75,ğŸ“,âœ—,âœ—,10.24 Â± 5.76 / 28.06 Â± 4.23@@10.238020837650657,32.49 Â± 1.44 / 27.36 Â± 1.33@@32.485139486987684,3.79 Â± 1.76 / 39.31 Â± 3.46@@3.7933733308155597,26.63 Â± 1.45 / 10.13 Â± 1.08@@26.634453051661513,54.21 Â± 0.84 / 8.48 Â± 0.66@@54.20983541262103,1.01 Â± 1.01 / 23.40 Â± 0.76@@1.0139795168628554,-0.30 Â± 1.26 / 24.34 Â± 1.03@@-0.30290072688110475,14.4.0@@140400,14.4.0@@140400,14.4.0@@140400,14.4.0@@140400,14.4.0@@140400,14.4.0@@140400,14.4.0@@140400
HuggingFaceTB/SmolLM2-360M (few-shot),3.99,361821120.0,49152.0,8192,22023.39,ğŸ§ ,âœ“,âœ—,19.64 Â± 5.59 / 36.97 Â± 5.41@@19.641571372312455,19.94 Â± 0.96 / 18.01 Â± 0.59@@19.94153197997317,0.00 Â± 0.00 / 33.32 Â± 0.30@@0.0,20.50 Â± 1.50 / 8.78 Â± 1.33@@20.50134380973928,57.06 Â± 3.46 / 11.78 Â± 1.69@@57.06178584980079,0.32 Â± 0.94 / 22.52 Â± 0.61@@0.3159992462353037,-0.65 Â± 0.72 / 24.04 Â± 0.46@@-0.649873368951336,13.1.0@@130100,13.1.0@@130100,13.1.0@@130100,13.1.0@@130100,13.1.0@@130100,13.1.0@@130100,13.1.0@@130100
state-spaces/mamba-2.8b-hf (few-shot),3.99,2768345600.0,50280.0,32769,2721.51,ğŸ§ ,âœ“,âœ—,18.66 Â± 3.01 / 35.11 Â± 2.93@@18.662005245063817,21.96 Â± 1.53 / 18.48 Â± 1.53@@21.96004029529318,0.16 Â± 1.78 / 37.84 Â± 2.92@@0.15585253415300804,18.42 Â± 2.90 / 7.08 Â± 1.91@@18.423871587426216,56.47 Â± 2.05 / 11.00 Â± 1.46@@56.4702685453085,1.65 Â± 1.53 / 26.62 Â± 0.88@@1.6496355651864045,0.02 Â± 1.24 / 25.61 Â± 0.98@@0.017628228021147902,13.0.0@@130000,13.0.0@@130000,13.0.0@@130000,13.0.0@@130000,13.0.0@@130000,13.0.0@@130000,13.0.0@@130000
allenai/OLMo-7B-Twin-2T (few-shot),4.13,6888095744.0,50280.0,2049,5484.4,ğŸ§ ,âœ“,âœ—,28.07 Â± 6.33 / 38.61 Â± 7.42@@28.06865699329827,14.06 Â± 5.31 / 12.90 Â± 4.52@@14.058575386889984,2.31 Â± 1.88 / 44.45 Â± 4.23@@2.311342568341843,17.95 Â± 3.37 / 6.89 Â± 2.35@@17.951826906726275,43.42 Â± 0.26 / 5.42 Â± 0.11@@43.42062010502559,1.66 Â± 1.18 / 25.51 Â± 0.86@@1.656592295183691,1.50 Â± 0.90 / 26.46 Â± 0.95@@1.5039203302831368,12.5.2@@120502,12.5.2@@120502,12.5.2@@120502,12.5.2@@120502,12.5.2@@120502,12.5.2@@120502,12.5.2@@120502
Qwen/Qwen2.5-Math-1.5B (few-shot),4.17,1543714304.0,151936.0,4096,2371.7,ğŸ“,âœ“,âœ—,2.64 Â± 2.60 / 18.45 Â± 1.46@@2.6375980192632875,28.28 Â± 2.22 / 20.72 Â± 2.56@@28.277950429250353,3.15 Â± 2.26 / 41.31 Â± 5.40@@3.153030378587206,13.54 Â± 2.22 / 0.02 Â± 0.02@@13.540892822808653,48.21 Â± 2.22 / 6.47 Â± 0.88@@48.2085592916701,10.54 Â± 0.80 / 31.97 Â± 0.72@@10.543489309253932,1.83 Â± 1.52 / 27.08 Â± 0.86@@1.8293279702580985,15.1.0@@150100,15.1.0@@150100,15.1.0@@150100,15.1.0@@150100,15.1.0@@150100,15.1.0@@150100,15.1.0@@150100
PleIAs/Pleias-Nano (few-shot),4.17,1195468800.0,65536.0,2048,2519.09,ğŸ§ ,âœ“,âœ—,15.58 Â± 3.73 / 29.45 Â± 4.32@@15.578519205224364,24.32 Â± 2.91 / 22.08 Â± 1.97@@24.3218088351925,1.25 Â± 1.70 / 37.57 Â± 3.82@@1.246619504181781,22.76 Â± 3.64 / 7.68 Â± 3.07@@22.761410091875877,44.90 Â± 8.88 / 8.06 Â± 1.63@@44.89646239519061,-0.19 Â± 1.08 / 24.99 Â± 1.08@@-0.19276012726509126,1.18 Â± 0.93 / 26.03 Â± 0.59@@1.177934296065508,14.1.2@@140102,14.0.4@@140004,14.1.2@@140102,14.3.0@@140300,14.0.4@@140004,14.0.4@@140004,14.0.4@@140004
HuggingFaceTB/SmolLM2-360M-Instruct (few-shot),4.21,361821120.0,49152.0,8192,21776.98,ğŸ“,âœ“,âœ—,12.59 Â± 3.85 / 22.64 Â± 2.25@@12.593458223482795,18.77 Â± 3.96 / 18.65 Â± 3.26@@18.77122013495033,1.64 Â± 1.30 / 34.84 Â± 2.12@@1.636475768473797,21.58 Â± 1.37 / 9.27 Â± 1.07@@21.575719303569677,46.31 Â± 1.46 / 8.68 Â± 0.61@@46.312674125510966,0.84 Â± 0.81 / 22.50 Â± 0.61@@0.8363324779436601,0.01 Â± 1.07 / 24.43 Â± 0.50@@0.0072596613442970585,13.1.0@@130100,13.1.0@@130100,13.1.0@@130100,13.1.0@@130100,13.1.0@@130100,13.1.0@@130100,13.1.0@@130100
AI-Sweden-Models/gpt-sw3-20b (few-shot),4.21,20918423552.0,64000.0,2046,1875.24,ğŸ§ ,âœ“,âœ—,27.08 Â± 5.18 / 41.01 Â± 4.76@@27.07538635570177,32.40 Â± 2.53 / 25.46 Â± 2.14@@32.40401855866754,0.64 Â± 1.56 / 37.74 Â± 3.55@@0.6359172716102879,29.76 Â± 2.79 / 14.25 Â± 1.79@@29.75504554543566,27.06 Â± 10.94 / 8.21 Â± 3.42@@27.056307334423764,3.68 Â± 1.19 / 27.54 Â± 0.71@@3.6831091916820644,0.64 Â± 1.58 / 25.05 Â± 1.13@@0.6401616639495332,14.3.0@@140300,14.3.0@@140300,14.3.0@@140300,14.3.0@@140300,14.3.0@@140300,12.9.0@@120900,12.9.0@@120900
PleIAs/Pleias-350m-Preview (few-shot),4.27,353424384.0,65536.0,2048,10241.69,ğŸ§ ,âœ“,âœ—,13.90 Â± 5.43 / 30.42 Â± 6.17@@13.899059065122499,25.30 Â± 2.32 / 24.21 Â± 2.13@@25.29691152692562,-0.25 Â± 1.90 / 39.25 Â± 4.50@@-0.2530892237732616,17.73 Â± 1.91 / 7.17 Â± 0.68@@17.72752780037036,41.90 Â± 7.85 / 7.52 Â± 1.26@@41.89949282539601,-1.81 Â± 1.16 / 22.39 Â± 0.62@@-1.8092535459382477,0.00 Â± 0.84 / 24.71 Â± 0.61@@0.004726539682662987,14.1.2@@140102,14.0.4@@140004,14.1.2@@140102,14.3.0@@140300,14.0.4@@140004,14.0.4@@140004,14.0.4@@140004
PleIAs/Pleias-Pico (few-shot),4.28,353424384.0,65536.0,2048,2330.93,ğŸ§ ,âœ“,âœ—,10.99 Â± 6.72 / 27.88 Â± 6.96@@10.986481108172034,21.03 Â± 2.96 / 21.02 Â± 2.73@@21.029750830632178,0.13 Â± 1.96 / 36.48 Â± 3.10@@0.12908258998814454,12.06 Â± 1.65 / 4.44 Â± 0.48@@12.063314925054604,43.73 Â± 8.31 / 7.34 Â± 1.49@@43.73228898031812,-0.77 Â± 0.77 / 22.86 Â± 0.58@@-0.767731555573368,0.11 Â± 0.91 / 24.98 Â± 0.79@@0.1053844850611744,14.1.2@@140102,14.0.4@@140004,14.1.2@@140102,14.3.0@@140300,14.0.4@@140004,14.0.4@@140004,14.0.4@@140004
RJuro/kanelsnegl-v0.1 (few-shot),4.34,7241732096.0,32000.0,510,5847.39,ğŸ“,âœ“,âœ—,0.00 Â± 0.00 / 17.05 Â± 0.35@@0.0,0.00 Â± 0.00 / 0.00 Â± 0.00@@0.0,0.00 Â± 0.00 / 33.34 Â± 0.31@@0.0,14.17 Â± 0.79 / 0.00 Â± 0.00@@14.168128777884206,59.26 Â± 0.09 / 9.32 Â± 0.09@@59.25745593107422,1.16 Â± 0.57 / 22.46 Â± 0.56@@1.1590390263144958,0.31 Â± 0.50 / 24.18 Â± 0.53@@0.3125044896874893,12.10.0@@121000,12.10.0@@121000,12.10.0@@121000,12.10.0@@121000,12.10.0@@121000,12.10.0@@121000,12.10.0@@121000
HuggingFaceTB/SmolLM2-135M (few-shot),4.36,134515008.0,49152.0,8192,26346.08,ğŸ§ ,âœ“,âœ—,2.74 Â± 3.46 / 23.30 Â± 3.11@@2.737854847375366,16.89 Â± 1.62 / 16.63 Â± 1.80@@16.892372896060863,-0.34 Â± 1.06 / 39.21 Â± 4.13@@-0.34194231939038633,2.91 Â± 0.92 / 0.28 Â± 0.27@@2.9136602525633224,54.79 Â± 2.10 / 8.47 Â± 1.10@@54.79079283082683,-0.32 Â± 0.88 / 25.45 Â± 0.97@@-0.32049165844456456,0.18 Â± 0.99 / 25.72 Â± 0.91@@0.1767529241918879,13.1.0@@130100,13.1.0@@130100,13.1.0@@130100,13.1.0@@130100,13.1.0@@130100,13.1.0@@130100,13.1.0@@130100
allenai/OLMo-1B (few-shot),4.39,1176764416.0,50280.0,2049,8536.09,ğŸ§ ,âœ“,âœ—,21.03 Â± 6.33 / 38.33 Â± 7.79@@21.025017626614122,21.46 Â± 2.04 / 20.83 Â± 1.63@@21.462577704257093,0.13 Â± 1.48 / 43.17 Â± 4.90@@0.12632065272877677,6.02 Â± 1.37 / 0.71 Â± 0.53@@6.017154192118424,39.77 Â± 0.20 / 4.80 Â± 0.05@@39.768714147794526,-0.08 Â± 0.53 / 25.19 Â± 1.04@@-0.08262348188574925,-0.63 Â± 0.73 / 24.55 Â± 0.49@@-0.6278938977443915,12.1.0@@120100,12.5.2@@120502,12.1.0@@120100,12.1.0@@120100,12.1.0@@120100,12.1.0@@120100,12.1.0@@120100
infly/OpenCoder-1.5B-Base (few-shot),4.41,1905650960.0,96640.0,4096,7718.23,ğŸ§ ,âœ“,âœ—,1.04 Â± 2.18 / 23.30 Â± 2.67@@1.0408952568479009,23.93 Â± 2.34 / 21.47 Â± 2.08@@23.926620845815354,0.60 Â± 1.07 / 40.12 Â± 3.80@@0.6023329286255085,9.52 Â± 1.10 / 0.00 Â± 0.00@@9.524983185223078,47.09 Â± 1.67 / 5.05 Â± 0.49@@47.08932303954498,-0.47 Â± 0.88 / 23.81 Â± 0.78@@-0.46724068132375396,-0.28 Â± 1.26 / 24.85 Â± 1.00@@-0.27665072577466515,14.4.0@@140400,14.4.0@@140400,14.4.0@@140400,15.0.0@@150000,15.0.0@@150000,15.0.0@@150000,15.0.0@@150000
microsoft/phi-2 (few-shot),4.41,2779683840.0,51200.0,2048,6084.61,ğŸ§ ,âœ“,âœ—,32.54 Â± 5.51 / 51.25 Â± 4.55@@32.53650672177829,28.46 Â± 2.82 / 27.28 Â± 2.51@@28.459834659152826,1.91 Â± 1.40 / 45.12 Â± 3.48@@1.91012565527875,17.80 Â± 2.73 / 8.59 Â± 1.64@@17.795980389030063,19.78 Â± 8.63 / 5.44 Â± 2.20@@19.77946867751598,5.16 Â± 1.80 / 26.57 Â± 1.57@@5.163442540590364,0.70 Â± 0.87 / 25.08 Â± 0.40@@0.6971577943210597,15.0.0@@150000,15.0.0@@150000,15.0.0@@150000,15.0.0@@150000,15.0.0@@150000,15.0.0@@150000,15.0.0@@150000
HuggingFaceTB/SmolLM2-135M-Instruct (few-shot),4.42,134515008.0,49152.0,8192,25602.11,ğŸ“,âœ“,âœ—,2.51 Â± 1.90 / 21.27 Â± 3.22@@2.506162725778824,15.54 Â± 1.74 / 15.29 Â± 1.88@@15.542139972666638,0.36 Â± 1.07 / 39.04 Â± 3.21@@0.3571222289650153,5.69 Â± 0.96 / 1.77 Â± 0.67@@5.685341296319688,49.41 Â± 1.73 / 7.27 Â± 0.41@@49.411578047293006,-1.46 Â± 0.84 / 24.84 Â± 0.68@@-1.4586668317397684,-0.18 Â± 1.25 / 24.79 Â± 1.02@@-0.18458336405519415,13.1.0@@130100,13.1.0@@130100,13.1.0@@130100,13.1.0@@130100,13.1.0@@130100,13.1.0@@130100,13.1.0@@130100
NorwAI/NorwAI-Mistral-7B-pretrain (few-shot),4.73,7536586752.0,67993.0,4065,3023.95,ğŸ§ ,âœ“,âœ—,4.45 Â± 1.73 / 29.26 Â± 3.66@@4.452721341461699,5.80 Â± 1.56 / 5.41 Â± 1.56@@5.802044824677168,-0.48 Â± 1.33 / 43.09 Â± 3.56@@-0.4767155186314513,4.02 Â± 1.17 / 0.08 Â± 0.12@@4.024682101666608,35.92 Â± 0.71 / 3.53 Â± 0.24@@35.91994980291929,0.77 Â± 0.60 / 23.33 Â± 0.60@@0.7707908058851969,-0.34 Â± 1.16 / 24.39 Â± 0.86@@-0.33941766973811505,12.10.4@@121004,12.10.4@@121004,12.10.4@@121004,12.10.4@@121004,12.10.4@@121004,12.10.4@@121004,12.10.4@@121004
ssmits/Falcon2-5.5B-multilingual (few-shot),4.78,5465415680.0,65024.0,8192,7691.9,ğŸ§ ,âœ“,âœ“,0.00 Â± 0.00 / 17.05 Â± 0.35@@0.0,0.00 Â± 0.00 / 0.00 Â± 0.00@@0.0,0.00 Â± 0.00 / 33.34 Â± 0.31@@0.0,0.02 Â± 0.01 / 0.00 Â± 0.00@@0.02070516504797439,37.66 Â± 0.76 / 0.15 Â± 0.02@@37.65884976572124,0.87 Â± 0.51 / 24.67 Â± 0.61@@0.8709432026132278,1.95 Â± 1.33 / 25.62 Â± 0.89@@1.952076173564481,13.0.0@@130000,13.0.0@@130000,13.0.0@@130000,13.0.0@@130000,13.0.0@@130000,13.0.0@@130000,13.0.0@@130000
alea-institute/kl3m-003-3.7b (few-shot),4.91,3691382784.0,32768.0,4096,1561.54,ğŸ§ ,âœ“,âœ—,-1.01 Â± 1.46 / 19.94 Â± 1.79@@-1.011981153273442,0.00 Â± 0.00 / 0.00 Â± 0.00@@0.0,1.07 Â± 1.32 / 38.14 Â± 4.59@@1.0674143430808043,3.57 Â± 1.07 / 0.00 Â± 0.00@@3.571167801609852,26.81 Â± 6.33 / 3.52 Â± 0.72@@26.810092183586676,-0.81 Â± 0.56 / 23.27 Â± 0.54@@-0.8087481139544529,0.13 Â± 0.70 / 24.83 Â± 0.49@@0.12611778436468288,14.4.0@@140400,14.4.0@@140400,14.4.0@@140400,14.4.0@@140400,14.4.0@@140400,14.4.0@@140400,14.4.0@@140400
ai-forever/mGPT (few-shot),4.93,,100000.0,2046,11734.33,ğŸ§ ,âœ“,âœ—,0.19 Â± 1.24 / 17.20 Â± 1.22@@0.18827769140075412,0.00 Â± 0.00 / 0.00 Â± 0.00@@0.0,-0.12 Â± 0.91 / 36.65 Â± 3.92@@-0.12343624380808363,1.29 Â± 0.49 / 0.00 Â± 0.00@@1.288027428485148,29.43 Â± 1.80 / 2.35 Â± 0.59@@29.428988020590623,-0.69 Â± 0.79 / 22.79 Â± 0.51@@-0.6918855281729676,0.15 Â± 0.35 / 24.25 Â± 0.59@@0.15386636119832436,12.10.0@@121000,12.10.0@@121000,12.10.0@@121000,12.10.0@@121000,12.10.0@@121000,12.10.0@@121000,12.10.0@@121000
