model,nlu_rank,nlg_rank,parameters,vocabulary_size,context,speed,commercial,merge,hotter_and_colder_sentiment_primary,hotter_and_colder_sentiment_secondary,mim_gold_ner_primary,mim_gold_ner_secondary,scala_is_primary,scala_is_secondary,nqii_primary,nqii_secondary,rrn_primary,rrn_secondary,arc_is_primary,arc_is_secondary,winogrande_is_primary,winogrande_is_secondary,hotter_and_colder_sentiment_version,mim_gold_ner_version,scala_is_version,nqii_version,rrn_version,arc_is_version,winogrande_is_version,speed_version
"gpt-4-1106-preview (few-shot, val)",1.34,1.03,,100.0,128000,575.52,True,False,49.59,62.5,86.37,82.25,43.03,71.18,66.04,37.26,69.61,23.98,89.09,91.76,72.03,86.09,13.2.0,12.5.1,12.10.2,12.5.1,12.5.1,12.10.8,12.10.2,12.5.3
mideind/IceBERT-large,1.36,999.0,355.0,50.0,512,5676.95,True,False,49.4,65.33,85.14,84.37,59.31,78.19,49.01,12.84,,,,,,,13.3.0,0.0.0,0.0.0,0.0.0,0.0.0,0.0.0,0.0.0,0.0.0
"gpt-4o-2024-05-13 (few-shot, val)",1.41,1.05,,200.0,128000,916.47,True,False,49.86,64.51,81.19,54.02,51.1,73.25,55.46,29.64,68.25,19.22,91.27,93.4,70.85,85.55,13.2.0,12.10.0,12.10.2,12.10.0,12.10.0,12.10.8,12.10.2,12.10.0
mideind/IceBERT,1.42,999.0,124.0,50.0,512,16697.4,True,False,47.49,62.98,85.32,81.56,60.44,78.11,49.21,13.31,,,,,,,13.3.0,0.0.0,0.0.0,0.0.0,0.0.0,0.0.0,0.0.0,0.0.0
vesteinn/ScandiBERT-no-faroese,1.43,999.0,124.0,50.0,512,15435.6,True,False,48.51,64.68,83.94,84.66,58.64,78.3,48.61,25.35,,,,,,,13.3.0,0.0.0,0.0.0,0.0.0,0.0.0,0.0.0,0.0.0,0.0.0
microsoft/mdeberta-v3-base,1.45,999.0,279.0,251.0,512,20637.23,True,False,45.3,62.84,81.12,81.48,54.11,76.46,56.17,30.93,,,,,,,13.3.0,0.0.0,0.0.0,0.0.0,0.0.0,0.0.0,0.0.0,12.7.0
mideind/IceBERT-xlmr-ic3,1.47,999.0,278.0,250.0,512,11004.24,True,False,48.85,65.09,84.35,85.07,59.12,78.14,44.02,11.18,,,,,,,13.3.0,0.0.0,0.0.0,0.0.0,0.0.0,0.0.0,0.0.0,0.0.0
vesteinn/IceBERT,1.49,999.0,124.0,50.0,512,12360.45,True,False,47.37,62.42,85.34,84.8,55.88,74.91,49.21,13.31,,,,,,,13.3.0,0.0.0,0.0.0,0.0.0,0.0.0,0.0.0,0.0.0,0.0.0
vesteinn/XLMR-ENIS,1.51,999.0,124.0,50.0,512,10711.0,True,False,49.16,65.21,82.2,82.7,48.51,71.4,51.37,27.06,,,,,,,13.3.0,0.0.0,0.0.0,0.0.0,0.0.0,0.0.0,0.0.0,0.0.0
"gpt-4o-2024-05-13 (zero-shot, val)",1.53,2.75,,200.0,8191,636.59,True,False,53.43,66.07,72.85,33.36,49.26,73.99,48.73,27.36,67.01,15.62,78.98,83.91,9.83,60.62,14.0.3,14.0.3,14.0.3,14.0.3,14.0.3,14.0.3,14.0.3,14.0.3
"gpt-4o-mini-2024-07-18 (few-shot, val)",1.56,1.94,,200.0,8191,784.26,True,False,56.18,69.53,64.69,37.89,45.52,71.51,55.19,15.8,67.06,15.92,82.1,86.37,42.82,71.48,14.0.0,14.0.0,14.0.0,14.0.0,14.0.1,14.0.1,14.0.1,14.0.1
mideind/IceBERT-igc,1.65,999.0,124.0,50.0,512,12551.45,True,False,46.25,63.13,79.85,79.32,54.38,75.08,42.34,9.91,,,,,,,13.3.0,0.0.0,0.0.0,0.0.0,0.0.0,0.0.0,0.0.0,0.0.0
mideind/IceBERT-ic3,1.66,999.0,124.0,50.0,512,12118.55,True,False,49.34,64.95,85.03,85.01,45.06,67.74,42.82,10.82,,,,,,,13.3.0,0.0.0,0.0.0,0.0.0,0.0.0,0.0.0,0.0.0,0.0.0
sentence-transformers/use-cmlm-multilingual,1.7,999.0,472.0,501.0,512,30230.67,True,False,45.46,62.76,80.91,81.3,41.91,67.96,52.73,13.73,,,,,,,13.3.0,0.0.0,0.0.0,0.0.0,0.0.0,0.0.0,0.0.0,12.7.0
vesteinn/FoBERT,1.7,999.0,124.0,50.0,512,15623.28,True,False,48.45,64.8,85.04,80.51,50.78,73.1,36.98,17.76,,,,,,,13.3.0,0.0.0,0.0.0,0.0.0,0.0.0,0.0.0,0.0.0,0.0.0
"claude-3-5-sonnet-20241022 (zero-shot, val)",1.75,3.71,,,200000,192.92,True,False,51.24,65.49,61.7,41.44,52.43,73.78,47.06,22.92,66.02,15.54,15.97,23.83,5.31,59.84,14.0.3,14.0.3,14.0.3,14.0.3,14.0.3,14.0.3,14.0.3,14.0.3
setu4993/LaBSE,1.76,999.0,471.0,501.0,512,25417.61,True,False,46.4,63.25,80.45,81.01,36.92,66.07,46.17,11.75,,,,,,,13.3.0,0.0.0,0.0.0,0.0.0,0.0.0,0.0.0,0.0.0,12.7.0
google/rembert,1.76,999.0,576.0,250.0,512,11735.9,True,False,36.87,56.59,78.05,78.74,48.29,73.54,52.42,29.38,,,,,,,13.3.0,0.0.0,0.0.0,0.0.0,0.0.0,0.0.0,0.0.0,12.7.0
FacebookAI/xlm-roberta-large,1.79,999.0,561.0,250.0,512,17896.69,True,False,48.41,64.09,82.83,83.16,22.78,57.07,55.29,15.72,,,,,,,13.3.0,0.0.0,0.0.0,0.0.0,0.0.0,0.0.0,0.0.0,12.7.0
NbAiLab/nb-roberta-base-scandi-1e4,1.82,999.0,278.0,250.0,512,15073.66,True,False,48.91,64.49,81.83,82.24,51.09,73.24,33.95,6.66,,,,,,,13.3.0,0.0.0,0.0.0,0.0.0,0.0.0,0.0.0,0.0.0,0.0.0
pere/roberta-base-exp-8,1.93,999.0,278.0,250.0,512,15112.46,True,False,46.87,63.83,78.58,79.77,47.36,71.21,33.05,7.68,,,,,,,13.3.0,0.0.0,0.0.0,0.0.0,0.0.0,0.0.0,0.0.0,0.0.0
jonfd/electra-small-nordic,2.06,999.0,22.0,96.0,128,5989.23,True,False,39.05,48.07,77.4,78.58,60.64,79.2,22.61,6.51,,,,,,,13.3.0,0.0.0,0.0.0,0.0.0,0.0.0,0.0.0,0.0.0,0.0.0
intfloat/multilingual-e5-large,2.12,999.0,560.0,250.0,512,6731.95,True,False,48.52,64.38,78.43,79.3,10.78,53.28,54.2,13.79,,,,,,,13.3.0,0.0.0,0.0.0,0.0.0,0.0.0,0.0.0,0.0.0,0.0.0
intfloat/multilingual-e5-large-instruct,2.14,999.0,560.0,250.0,514,5947.27,True,False,50.1,64.91,78.32,79.7,8.11,50.71,53.59,13.93,,,,,,,13.3.0,13.0.0,13.0.0,13.0.0,0.0.0,0.0.0,0.0.0,13.0.0
pere/roberta-base-exp-32,2.14,999.0,278.0,250.0,512,15080.54,True,False,48.56,64.74,83.57,83.52,23.07,57.26,34.12,7.81,,,,,,,13.3.0,0.0.0,0.0.0,0.0.0,0.0.0,0.0.0,0.0.0,0.0.0
"gpt-4-1106-preview (zero-shot, val)",2.19,1.71,,100.0,8191,436.04,True,False,47.47,63.45,30.39,25.88,43.3,71.54,51.48,29.82,63.89,13.99,86.79,90.12,54.76,77.97,14.0.3,14.0.3,14.0.3,14.0.3,14.0.3,14.0.3,14.0.3,14.0.3
intfloat/multilingual-e5-base,2.27,999.0,278.0,250.0,512,14965.0,True,False,42.08,59.9,75.46,77.52,15.21,54.4,43.65,10.82,,,,,,,13.3.0,12.6.1,12.6.1,12.6.1,0.0.0,0.0.0,0.0.0,0.0.0
"gpt-4o-mini-2024-07-18 (zero-shot, val)",2.29,2.27,,200.0,8191,908.12,True,False,50.02,65.44,31.11,14.28,35.85,66.14,49.25,26.93,66.48,14.96,72.8,79.45,28.63,59.45,14.0.1,14.0.1,14.0.1,14.0.1,14.0.1,14.0.3,14.0.3,14.0.3
meta-llama/Meta-Llama-3-8B (few-shot),2.38,3.8,8030.0,128.0,8192,1046.19,True,False,43.85,60.58,50.45,37.62,10.82,48.66,59.26,31.94,65.22,17.53,19.93,39.95,4.52,53.43,14.0.1,14.0.1,14.0.1,14.0.1,14.0.1,14.0.2,14.0.2,14.0.2
meta-llama/Meta-Llama-3-8B-Instruct (few-shot),2.41,3.6,8030.0,128.0,8192,1040.29,True,False,38.09,54.51,60.2,40.38,9.14,49.56,58.93,28.66,67.5,18.61,17.93,38.38,5.59,54.19,14.0.1,14.0.1,14.0.1,14.0.1,14.0.2,14.0.2,14.0.2,14.0.2
meta-llama/Llama-3.1-8B (few-shot),2.43,3.77,8030.0,128.0,131072,2363.74,True,False,43.06,60.01,52.97,38.17,8.13,43.02,60.26,31.99,65.19,17.47,21.56,40.99,4.44,54.52,14.0.0,14.0.0,14.0.0,14.0.0,14.0.0,14.0.0,14.0.0,14.0.1
cardiffnlp/twitter-xlm-roberta-base,2.52,999.0,278.0,250.0,512,34475.2,True,False,35.62,55.4,72.69,73.57,28.72,60.29,31.01,8.46,,,,,,,13.3.0,0.0.0,0.0.0,0.0.0,0.0.0,0.0.0,0.0.0,12.7.0
clips/mfaq,2.53,999.0,278.0,250.0,128,5591.18,True,False,43.25,61.29,77.3,78.59,3.51,47.05,43.26,11.31,,,,,,,13.3.0,12.7.0,12.7.0,12.7.0,0.0.0,0.0.0,0.0.0,0.0.0
AI-Sweden-Models/roberta-large-1160k,2.53,999.0,355.0,50.0,512,14014.08,True,False,38.53,56.94,74.3,76.1,2.06,37.04,48.11,11.47,,,,,,,13.3.0,10.0.1,10.0.1,10.0.1,0.0.0,0.0.0,0.0.0,12.10.0
microsoft/xlm-align-base,2.54,999.0,278.0,250.0,512,14744.17,True,False,38.76,56.09,78.01,79.2,5.92,46.95,43.32,10.47,,,,,,,13.3.0,0.0.0,0.0.0,0.0.0,0.0.0,0.0.0,0.0.0,0.0.0
google-bert/bert-base-multilingual-uncased,2.55,999.0,167.0,106.0,512,13992.5,True,False,36.04,55.62,60.88,59.11,13.5,52.75,42.51,9.65,,,,,,,13.3.0,0.0.0,0.0.0,0.0.0,0.0.0,0.0.0,0.0.0,0.0.0
meta-llama/Llama-3.1-8B-Instruct (few-shot),2.59,3.51,8030.0,128.0,131072,1042.12,True,False,39.91,57.39,46.48,24.57,11.72,51.67,53.39,25.91,67.67,18.97,25.83,44.48,6.4,50.66,14.0.1,14.0.1,14.0.1,14.0.1,14.0.1,14.0.2,14.0.2,14.0.2
Geotrend/bert-base-da-cased,2.63,999.0,104.0,23.0,512,15432.35,True,False,34.81,54.59,73.81,75.02,6.23,45.4,42.39,10.57,,,,,,,13.3.0,0.0.0,0.0.0,0.0.0,0.0.0,0.0.0,0.0.0,0.0.0
Geotrend/bert-base-25lang-cased,2.67,999.0,151.0,85.0,512,13908.28,True,False,34.09,54.15,74.65,75.83,2.89,44.63,41.76,9.29,,,,,,,13.3.0,0.0.0,0.0.0,0.0.0,0.0.0,0.0.0,0.0.0,0.0.0
ZurichNLP/unsup-simcse-xlm-roberta-base,2.68,999.0,278.0,250.0,512,34520.24,True,False,46.33,62.8,75.27,76.85,3.47,47.14,32.31,7.67,,,,,,,13.3.0,12.6.1,12.6.1,12.6.1,0.0.0,0.0.0,0.0.0,12.7.0
Twitter/twhin-bert-base,2.75,999.0,279.0,250.0,512,11513.72,True,False,40.22,58.56,70.38,72.0,11.09,51.6,30.52,7.67,,,,,,,13.3.0,12.6.1,12.6.1,12.6.1,0.0.0,0.0.0,0.0.0,0.0.0
mistralai/Mistral-7B-v0.1 (few-shot),2.77,4.23,7242.0,32.0,4096,1445.59,True,False,33.2,48.48,50.69,41.9,3.97,48.88,51.14,27.11,56.76,13.19,8.71,31.51,3.21,56.74,14.0.3,14.0.3,14.0.3,14.0.3,14.0.3,14.0.3,14.0.3,14.0.3
mhenrichsen/hestenettetLM (few-shot),2.77,4.23,7242.0,32.0,4096,1395.65,True,False,33.88,49.56,50.99,41.71,3.69,49.24,51.45,27.31,56.73,13.21,8.81,31.68,3.23,56.53,14.0.3,14.0.3,14.0.3,14.0.3,14.0.3,14.0.3,14.0.3,14.0.3
microsoft/infoxlm-base,2.79,999.0,278.0,250.0,512,34735.22,True,False,33.14,51.83,77.09,78.38,1.71,42.83,37.41,8.56,,,,,,,13.3.0,0.0.0,0.0.0,0.0.0,0.0.0,0.0.0,0.0.0,12.7.0
mistralai/Mistral-7B-v0.3 (few-shot),2.85,4.26,7248.0,33.0,32768,1364.05,True,False,34.59,51.03,46.73,38.01,1.9,48.24,50.14,25.17,55.71,12.57,7.21,30.37,2.09,55.37,14.0.2,14.0.3,14.0.3,14.0.3,14.0.3,14.0.3,14.0.3,14.0.3
Nexusflow/Starling-LM-7B-beta (few-shot),2.86,4.21,7242.0,32.0,4096,1972.18,False,False,27.93,48.93,42.23,25.96,6.38,49.63,53.87,19.39,61.92,15.31,4.22,28.35,0.31,54.29,14.0.3,14.0.3,14.0.3,14.0.3,14.0.3,14.0.3,14.0.3,14.0.3
mistralai/Ministral-8B-Instruct-2410 (few-shot),2.87,3.8,8020.0,131.0,32768,929.75,True,False,24.43,39.27,47.1,22.63,7.19,44.62,54.38,28.73,66.62,17.04,21.98,40.56,0.1,55.15,14.0.0,14.0.0,14.0.0,14.0.0,14.0.1,14.0.1,14.0.1,14.0.1
Twitter/twhin-bert-large,2.89,999.0,562.0,250.0,512,9706.97,True,False,32.07,50.25,71.48,73.71,2.2,43.42,33.02,8.19,,,,,,,13.3.0,0.0.0,0.0.0,0.0.0,0.0.0,0.0.0,0.0.0,12.7.0
NbAiLab/nb-roberta-base-scandinavian,2.93,999.0,125.0,50.0,512,14050.9,True,False,35.21,53.92,69.04,71.18,3.34,44.43,30.71,7.17,,,,,,,13.3.0,0.0.0,0.0.0,0.0.0,0.0.0,0.0.0,0.0.0,0.0.0
NbAiLab/nb-sbert-base,2.93,999.0,178.0,120.0,512,17756.84,True,False,36.03,54.66,69.89,72.29,2.2,43.99,30.59,6.45,,,,,,,13.3.0,12.10.5,12.10.5,12.10.5,0.0.0,0.0.0,0.0.0,12.10.5
AI-Nordics/bert-large-swedish-cased,2.93,999.0,335.0,31.0,512,7199.47,True,False,34.76,54.95,61.64,63.94,3.26,48.6,35.42,7.79,,,,,,,13.3.0,12.7.0,12.7.0,12.7.0,0.0.0,0.0.0,0.0.0,0.0.0
AI-Sweden-Models/gpt-sw3-6.7b-v2-instruct (few-shot),2.94,4.28,7111.0,64.0,2048,1472.78,True,False,44.79,61.83,19.41,18.58,1.93,35.05,52.41,21.13,61.9,16.43,4.05,28.19,-2.29,52.6,14.0.2,14.0.2,14.0.2,14.0.2,14.0.2,14.0.3,14.0.3,14.0.3
KBLab/megatron-bert-base-swedish-cased-600k,2.94,999.0,135.0,64.0,512,15725.82,True,False,36.11,55.98,63.43,65.68,2.56,48.75,33.28,7.0,,,,,,,13.3.0,12.7.0,12.7.0,12.7.0,0.0.0,0.0.0,0.0.0,0.0.0
KBLab/megatron-bert-large-swedish-cased-165k,2.95,999.0,370.0,64.0,512,7137.91,True,False,33.92,53.84,63.35,66.01,4.94,46.79,34.05,7.02,,,,,,,13.3.0,0.0.0,0.0.0,0.0.0,0.0.0,0.0.0,0.0.0,0.0.0
sentence-transformers/stsb-xlm-r-multilingual,3.0,999.0,278.0,250.0,512,15039.9,True,False,37.79,56.1,66.23,67.76,0.04,45.96,28.66,10.04,,,,,,,13.3.0,0.0.0,0.0.0,0.0.0,0.0.0,0.0.0,0.0.0,0.0.0
KBLab/megatron-bert-base-swedish-cased-125k,3.0,999.0,135.0,64.0,512,15762.86,True,False,34.19,54.86,62.52,65.01,3.07,49.75,31.0,6.66,,,,,,,13.3.0,12.7.0,12.7.0,12.7.0,0.0.0,0.0.0,0.0.0,0.0.0
sentence-transformers/paraphrase-multilingual-mpnet-base-v2,3.0,999.0,278.0,250.0,512,15099.94,True,False,37.54,56.15,64.43,66.43,0.83,48.18,28.89,4.66,,,,,,,13.3.0,12.7.0,12.7.0,12.7.0,0.0.0,0.0.0,0.0.0,0.0.0
KennethEnevoldsen/dfm-sentence-encoder-medium,3.03,999.0,124.0,50.0,512,14997.83,True,False,36.18,56.11,64.88,67.55,-0.6,40.52,29.86,12.39,,,,,,,13.3.0,0.0.0,0.0.0,0.0.0,0.0.0,0.0.0,0.0.0,0.0.0
LumiOpen/Viking-7B (few-shot),3.03,4.49,7550.0,131.0,4096,1430.69,True,False,33.41,44.56,33.21,25.94,1.37,37.05,48.38,25.76,56.52,10.46,0.81,26.69,-3.96,49.77,14.0.3,14.0.3,14.0.3,14.0.3,14.0.3,14.0.3,14.0.3,14.0.3
KBLab/megatron-bert-large-swedish-cased-110k,3.04,999.0,370.0,64.0,512,7074.64,True,False,26.38,48.24,63.11,65.36,3.47,48.04,36.28,7.76,,,,,,,13.3.0,0.0.0,0.0.0,0.0.0,0.0.0,0.0.0,0.0.0,0.0.0
CohereForAI/aya-23-8B (few-shot),3.04,4.38,8028.0,256.0,8192,5607.73,False,False,19.77,34.4,47.16,38.6,3.84,40.06,48.25,21.75,59.16,14.91,3.7,27.71,-3.24,49.96,13.3.0,13.0.0,13.0.0,13.0.0,13.0.0,13.0.0,13.0.0,13.0.0
Geotrend/distilbert-base-25lang-cased,3.05,999.0,109.0,85.0,512,26098.8,True,False,29.56,50.69,65.76,68.15,2.08,48.68,30.96,6.81,,,,,,,13.3.0,12.6.1,12.6.1,12.6.1,0.0.0,0.0.0,0.0.0,0.0.0
KBLab/bert-base-swedish-cased-new,3.08,999.0,135.0,64.0,512,15932.9,True,False,36.4,56.2,64.61,67.19,1.15,45.33,26.53,5.29,,,,,,,13.3.0,12.7.0,12.7.0,12.7.0,0.0.0,0.0.0,0.0.0,0.0.0
sentence-transformers/paraphrase-xlm-r-multilingual-v1,3.09,999.0,278.0,250.0,512,20154.46,True,False,33.26,52.59,65.15,67.5,1.15,49.6,27.88,9.56,,,,,,,13.3.0,12.6.1,12.6.1,12.6.1,0.0.0,0.0.0,0.0.0,12.8.0
senseable/WestLake-7B-v2 (few-shot),3.09,3.93,7242.0,32.0,32768,5992.97,False,False,7.92,32.79,56.71,46.71,3.44,50.18,54.79,21.55,65.39,18.24,9.11,32.06,3.3,44.4,13.3.0,12.6.1,12.6.1,12.6.1,12.6.1,12.10.8,12.6.1,12.6.1
Geotrend/distilbert-base-en-no-cased,3.1,999.0,69.0,33.0,512,26597.05,True,False,29.48,49.66,63.84,66.44,2.15,50.19,28.73,5.23,,,,,,,13.3.0,12.7.0,12.7.0,12.7.0,0.0.0,0.0.0,0.0.0,0.0.0
sentence-transformers/quora-distilbert-multilingual,3.1,999.0,135.0,120.0,512,26458.45,True,False,33.1,52.77,63.36,65.24,1.02,47.05,27.44,6.48,,,,,,,13.3.0,0.0.0,0.0.0,0.0.0,0.0.0,0.0.0,0.0.0,0.0.0
CohereForAI/aya-expanse-8b (few-shot),3.11,3.97,8028.0,256.0,8192,5581.05,False,False,19.83,41.64,28.98,21.75,4.93,49.69,54.41,24.72,63.45,16.81,10.97,33.51,4.23,49.31,13.3.0,13.0.0,13.0.0,13.0.0,13.0.0,13.0.0,13.0.0,13.0.0
DeepPavlov/rubert-base-cased,3.11,999.0,178.0,120.0,512,15785.19,True,False,29.51,48.85,61.95,57.52,2.4,43.49,29.39,6.04,,,,,,,13.3.0,0.0.0,0.0.0,0.0.0,0.0.0,0.0.0,0.0.0,0.0.0
sentence-transformers/distilbert-multilingual-nli-stsb-quora-ranking,3.16,999.0,135.0,120.0,512,33753.4,True,False,33.1,52.77,59.15,61.27,0.8,45.59,28.02,6.14,,,,,,,13.3.0,12.6.1,12.6.1,12.6.1,0.0.0,0.0.0,0.0.0,12.8.0
HPLT/gpt-7b-nordic-prerelease (few-shot),3.16,4.6,7550.0,131.0,4096,1382.06,True,False,32.47,48.43,29.67,27.17,0.25,33.99,44.31,21.77,52.52,8.43,0.09,23.25,-0.74,54.29,14.0.3,14.0.3,14.0.3,14.0.3,14.0.3,14.0.3,14.0.3,14.0.3
sentence-transformers/paraphrase-multilingual-MiniLM-L12-v2,3.16,999.0,118.0,250.0,512,29200.68,True,False,31.32,51.09,62.44,64.98,1.91,46.54,27.48,3.69,,,,,,,13.3.0,0.0.0,0.0.0,0.0.0,0.0.0,0.0.0,0.0.0,12.8.0
flax-community/nordic-roberta-wiki,3.16,999.0,125.0,50.0,512,16226.52,True,False,29.11,49.76,63.31,65.79,2.47,49.04,25.32,5.99,,,,,,,13.3.0,0.0.0,0.0.0,0.0.0,0.0.0,0.0.0,0.0.0,0.0.0
DDSC/roberta-base-scandinavian,3.18,999.0,125.0,50.0,512,14490.87,True,False,34.36,54.32,51.53,53.86,0.89,47.82,27.71,5.19,,,,,,,13.3.0,0.0.0,0.0.0,0.0.0,0.0.0,0.0.0,0.0.0,0.0.0
Mabeck/Heidrun-Mistral-7B-chat (few-shot),3.2,999.0,7242.0,32.0,4096,1418.7,False,False,16.41,27.96,44.84,35.67,0.44,33.88,47.44,22.77,,,,,,,13.3.0,12.7.0,12.7.0,12.7.0,0.0.0,0.0.0,0.0.0,14.0.3
meta-llama/Llama-3.2-3B (few-shot),3.2,4.04,3213.0,128.0,131073,3713.14,True,False,14.86,32.9,42.04,25.31,0.0,32.97,49.31,24.07,61.8,14.5,13.79,35.23,0.25,48.1,13.3.0,13.0.0,13.0.0,13.0.0,13.0.0,13.0.0,13.0.0,13.0.0
KB/bert-base-swedish-cased,3.2,999.0,125.0,50.0,512,16181.26,True,False,28.9,51.06,60.09,55.62,1.76,44.34,28.89,5.57,,,,,,,13.3.0,0.0.0,0.0.0,0.0.0,0.0.0,0.0.0,0.0.0,0.0.0
vesteinn/DanskBERT,3.21,999.0,124.0,50.0,512,15748.62,True,False,27.24,46.85,65.29,60.81,-0.03,42.37,26.84,10.49,,,,,,,13.3.0,0.0.0,0.0.0,0.0.0,0.0.0,0.0.0,0.0.0,0.0.0
KBLab/bert-base-swedish-cased,3.22,999.0,125.0,50.0,512,16164.04,True,False,29.1,50.82,55.25,56.58,2.19,49.66,25.93,5.14,,,,,,,13.3.0,12.7.0,12.7.0,12.7.0,0.0.0,0.0.0,0.0.0,0.0.0
flax-community/swe-roberta-wiki-oscar,3.22,999.0,125.0,50.0,512,15436.87,True,False,26.59,49.97,62.23,64.45,1.45,48.21,26.85,5.52,,,,,,,13.3.0,0.0.0,0.0.0,0.0.0,0.0.0,0.0.0,0.0.0,0.0.0
MaLA-LM/emma-500-llama2-7b (few-shot),3.23,4.1,6738.0,32.0,4096,6275.17,True,False,19.61,33.96,31.81,29.47,3.63,44.49,46.83,16.72,58.72,13.71,12.62,34.51,3.43,44.56,13.3.0,13.0.0,13.0.0,13.0.0,13.0.0,13.0.0,13.0.0,13.0.0
mideind/IceBERT-mC4-is,3.24,999.0,124.0,50.0,512,12307.57,True,False,24.55,37.82,79.19,80.35,20.95,50.96,0.0,0.0,,,,,,,13.3.0,0.0.0,0.0.0,0.0.0,0.0.0,0.0.0,0.0.0,0.0.0
FacebookAI/roberta-base,3.24,999.0,125.0,50.0,512,13353.56,True,False,22.99,44.15,60.18,55.7,1.07,42.87,32.13,6.66,,,,,,,13.3.0,0.0.0,0.0.0,0.0.0,0.0.0,0.0.0,0.0.0,0.0.0
patrickvonplaten/norwegian-roberta-base,3.24,999.0,125.0,50.0,512,15698.18,True,False,26.49,46.31,60.79,56.41,1.29,44.71,26.52,6.64,,,,,,,13.3.0,0.0.0,0.0.0,0.0.0,0.0.0,0.0.0,0.0.0,0.0.0
DDSC/roberta-base-danish,3.26,999.0,125.0,50.0,512,15003.66,True,False,24.47,45.75,59.63,61.65,1.76,49.36,27.22,5.55,,,,,,,13.3.0,0.0.0,0.0.0,0.0.0,0.0.0,0.0.0,0.0.0,0.0.0
ibm-granite/granite-3.0-8b-instruct (few-shot),3.26,4.14,8171.0,49.0,4096,5090.05,True,False,9.95,30.2,42.67,35.4,1.11,34.61,49.58,22.25,63.81,16.07,5.12,27.91,0.89,53.27,13.3.0,13.0.0,13.0.0,13.0.0,13.0.0,13.0.0,13.0.0,13.0.0
pdelobelle/robbert-v2-dutch-base,3.28,999.0,117.0,40.0,512,15480.92,True,False,28.28,49.83,55.54,51.36,1.06,43.27,26.08,5.42,,,,,,,13.3.0,0.0.0,0.0.0,0.0.0,0.0.0,0.0.0,0.0.0,0.0.0
occiglot/occiglot-7b-eu5-instruct (few-shot),3.28,4.06,7242.0,32.0,32768,2087.8,False,False,14.7,36.09,40.71,34.57,0.71,36.9,45.91,20.66,65.25,19.09,5.35,28.11,0.35,51.16,13.3.0,12.5.2,12.3.1,12.4.0,12.4.0,12.10.8,12.3.1,12.3.1
"claude-3-5-haiku-20241022 (zero-shot, val)",3.3,4.01,,,200000,276.86,True,False,31.19,43.32,34.99,17.39,-10.68,33.95,46.35,23.65,66.12,15.71,9.0,20.47,0.0,59.3,14.0.2,14.0.3,14.0.3,14.0.3,14.0.3,14.0.3,14.0.3,14.0.1
mistralai/Mistral-7B-Instruct-v0.2 (few-shot),3.3,4.23,7242.0,32.0,32768,2370.41,False,False,17.64,40.55,34.8,24.03,5.46,51.42,45.06,12.66,61.79,8.78,2.88,26.4,-1.11,53.57,14.0.3,14.0.3,14.0.3,14.0.3,14.0.3,14.0.3,14.0.3,14.0.3
deepset/gbert-base,3.31,999.0,111.0,31.0,512,37267.99,True,False,21.07,43.57,56.89,52.39,-0.13,45.48,32.15,6.69,,,,,,,13.3.0,0.0.0,0.0.0,0.0.0,0.0.0,0.0.0,0.0.0,12.7.0
dbmdz/bert-base-historic-multilingual-cased,3.32,999.0,111.0,32.0,512,20046.97,True,False,24.79,45.25,56.62,59.34,-1.21,47.43,29.08,6.01,,,,,,,13.3.0,12.6.1,12.6.1,12.6.1,0.0.0,0.0.0,0.0.0,12.8.0
neuralmagic/Sparse-Llama-3.1-8B-2of4 (few-shot),3.33,4.42,8030.0,128.0,131072,2996.46,True,False,21.98,31.07,22.23,22.77,4.02,41.49,45.64,23.34,51.47,10.97,6.43,29.48,1.43,56.48,14.0.3,14.0.3,14.0.3,14.0.3,14.0.3,14.0.3,14.0.3,14.0.3
bineric/NorskGPT-Llama-7B-v0.1 (few-shot),3.33,4.3,6738.0,32.0,4096,5384.08,False,False,22.29,38.44,34.62,33.25,-0.24,33.75,43.52,18.1,61.81,15.04,3.06,28.01,-1.9,44.34,13.3.0,12.5.2,12.3.2,12.3.2,12.3.2,12.10.8,12.3.2,12.3.2
ibm-granite/granite-8b-code-base-4k (few-shot),3.33,4.16,8055.0,49.0,4096,2312.61,True,False,9.18,27.61,50.89,35.75,0.5,33.77,41.32,17.43,59.94,12.62,5.52,28.97,1.73,50.89,13.3.0,13.0.0,13.0.0,13.0.0,13.0.0,13.0.0,13.0.0,13.0.0
sentence-transformers/distiluse-base-multilingual-cased-v1,3.35,999.0,135.0,120.0,512,34041.87,True,False,35.18,55.52,45.47,47.67,1.14,48.47,21.45,1.63,,,,,,,13.3.0,12.6.1,12.6.1,12.6.1,0.0.0,0.0.0,0.0.0,12.8.0
dbmdz/bert-medium-historic-multilingual-cased,3.35,999.0,42.0,32.0,512,24291.12,True,False,22.48,44.42,58.9,62.01,0.27,43.4,27.22,5.9,,,,,,,13.3.0,0.0.0,0.0.0,0.0.0,0.0.0,0.0.0,0.0.0,0.0.0
EuropeanParliament/EUBERT,3.37,999.0,94.0,66.0,512,20070.41,True,False,36.28,56.0,29.71,28.69,2.71,49.68,27.51,6.5,,,,,,,13.3.0,12.6.1,12.6.1,12.6.1,0.0.0,0.0.0,0.0.0,0.0.0
meta-llama/Llama-2-7b-hf (few-shot),3.38,4.26,6738.0,32.0,4096,930.05,True,False,13.24,31.92,32.71,32.17,0.66,40.36,41.4,18.04,60.73,14.02,3.65,26.91,-0.0,44.93,13.3.0,9.2.0,9.2.0,12.5.1,11.0.0,12.10.8,12.1.0,12.9.0
occiglot/occiglot-7b-eu5 (few-shot),3.38,4.11,7242.0,32.0,32768,2219.46,True,False,15.49,34.45,40.08,37.15,1.59,39.93,39.67,15.98,62.55,15.26,5.98,28.18,-0.51,47.23,13.3.0,12.5.2,12.1.0,12.1.0,12.1.0,12.10.8,12.2.0,12.2.0
meta-llama/Llama-2-7b-chat-hf (few-shot),3.39,4.14,6738.0,32.0,4096,2643.05,False,False,13.59,36.87,41.1,40.54,-1.07,44.83,39.51,16.13,62.3,13.28,3.16,27.4,1.84,43.79,13.3.0,9.3.1,9.3.1,12.4.0,12.4.0,12.10.8,12.1.0,9.3.1
timpal0l/Mistral-7B-v0.1-flashback-v2 (few-shot),3.4,3.94,7242.0,32.0,32768,5053.68,True,False,16.08,34.46,36.47,30.33,2.54,50.66,38.73,18.66,63.68,16.38,5.12,28.85,8.3,57.35,13.3.0,12.5.3,12.5.3,12.5.3,12.5.3,12.10.8,12.5.3,12.5.3
01-ai/Yi-1.5-6B (few-shot),3.4,4.06,6061.0,64.0,4097,2867.41,True,False,10.58,31.23,38.15,28.1,0.98,35.86,44.2,20.39,61.23,14.45,7.59,31.07,3.44,46.89,13.3.0,13.0.0,13.0.0,13.0.0,13.0.0,13.0.0,13.0.0,13.0.0
mistralai/Mistral-7B-Instruct-v0.1 (few-shot),3.41,3.94,7242.0,32.0,32768,633.64,False,False,12.93,30.4,36.04,24.74,-0.36,33.94,42.57,18.06,62.8,15.23,5.44,28.13,6.35,50.49,13.3.0,9.3.1,9.3.1,12.4.0,12.4.0,12.10.8,12.1.0,12.9.0
sentence-transformers/distiluse-base-multilingual-cased-v2,3.41,999.0,135.0,120.0,512,33246.61,True,False,34.19,53.26,48.62,51.75,2.64,49.47,12.16,1.22,,,,,,,13.3.0,12.6.1,12.6.1,12.6.1,0.0.0,0.0.0,0.0.0,12.8.0
google/gemma-2-2b-it (few-shot),3.42,4.2,2614.0,256.0,8193,5373.87,True,False,15.24,34.96,14.79,13.03,1.1,34.67,51.72,25.42,62.67,16.91,10.76,32.34,-5.2,53.08,13.3.0,13.0.0,13.0.0,13.0.0,13.0.0,13.0.0,13.0.0,13.0.0
utter-project/EuroLLM-9B-Instruct (few-shot),3.42,4.01,9152.0,128.0,4096,5762.51,False,False,9.76,26.68,24.92,23.09,0.15,33.01,54.08,28.18,64.67,18.74,11.1,33.53,0.89,51.27,13.3.0,13.1.0,13.1.0,13.1.0,13.1.0,13.1.0,13.1.0,13.1.0
microsoft/Phi-3-mini-4k-instruct (few-shot),3.42,4.2,3821.0,32.0,4096,5224.17,True,False,14.42,37.82,33.05,29.75,0.71,34.8,39.88,17.23,60.08,13.8,2.67,27.04,2.74,53.18,13.3.0,12.10.5,12.10.5,12.10.5,12.10.5,12.10.8,12.10.5,12.10.5
3ebdola/Dialectal-Arabic-XLM-R-Base,3.43,999.0,278.0,250.0,512,12782.54,True,False,20.94,42.72,46.95,50.04,1.4,48.02,28.8,10.48,,,,,,,13.3.0,12.6.1,12.6.1,12.6.1,0.0.0,0.0.0,0.0.0,12.8.0
sentence-transformers/distiluse-base-multilingual-cased,3.44,999.0,135.0,120.0,512,19205.51,True,False,33.35,53.45,47.62,50.59,2.64,49.47,12.2,1.27,,,,,,,13.3.0,12.6.1,12.6.1,12.6.1,0.0.0,0.0.0,0.0.0,0.0.0
meta-llama/Llama-3.2-3B-Instruct (few-shot),3.46,4.04,3213.0,128.0,131073,10423.76,False,False,10.07,28.32,27.57,22.52,-1.39,34.4,50.74,22.98,62.0,14.4,13.33,35.42,0.74,50.92,13.3.0,13.0.0,13.0.0,13.0.0,13.0.0,13.0.0,13.0.0,13.0.0
ltg/norbert3-base,3.47,999.0,124.0,50.0,512,11405.28,True,False,34.62,54.1,68.22,70.95,2.41,45.21,0.0,0.0,,,,,,,13.3.0,12.7.0,12.7.0,0.0.0,0.0.0,0.0.0,0.0.0,0.0.0
TurkuNLP/bert-base-finnish-cased-v1,3.49,999.0,125.0,50.0,512,16700.86,True,False,29.13,49.85,34.58,32.1,0.55,46.24,24.32,5.07,,,,,,,13.3.0,0.0.0,0.0.0,0.0.0,0.0.0,0.0.0,0.0.0,0.0.0
microsoft/Phi-3-mini-128k-instruct (few-shot),3.5,4.24,3821.0,32.0,130819,7311.73,True,False,17.8,36.5,27.22,24.21,1.31,39.67,41.15,17.24,62.0,15.8,1.85,26.88,1.06,47.19,13.3.0,12.9.1,12.9.1,12.9.1,12.10.0,12.10.8,12.10.0,12.10.0
ibm-granite/granite-3.0-8b-base (few-shot),3.53,4.03,8171.0,49.0,4096,5116.13,True,False,2.6,15.68,37.82,32.97,-0.12,33.78,47.09,21.59,62.35,16.15,6.54,28.63,1.83,49.23,13.3.0,13.0.0,13.0.0,13.0.0,13.0.0,13.0.0,13.0.0,13.0.0
NorwAI/NorwAI-Mistral-7B (few-shot),3.53,999.0,7537.0,68.0,3969,3034.67,True,False,20.73,35.61,21.4,19.64,0.99,35.84,36.9,13.84,54.12,11.76,,,-0.68,52.11,13.3.0,12.10.4,12.10.4,12.10.4,12.10.4,0.0.0,12.10.4,12.10.5
google/gemma-2-2b (few-shot),3.55,4.16,2614.0,256.0,8193,5235.32,True,False,21.0,34.05,10.67,13.01,-0.21,33.71,43.48,20.22,59.97,13.32,10.08,32.08,1.16,51.0,13.3.0,13.0.0,13.0.0,13.0.0,13.0.0,13.0.0,13.0.0,13.0.0
ibm-granite/granite-3.0-2b-instruct (few-shot),3.56,4.3,2634.0,49.0,4097,10193.87,True,False,5.88,21.46,30.21,29.79,3.67,48.02,40.55,15.12,56.75,10.37,3.22,27.64,1.88,49.26,13.3.0,13.0.0,13.0.0,13.0.0,13.0.0,13.0.0,13.0.0,13.0.0
norallm/normistral-7b-warm-instruct (few-shot),3.56,4.24,7248.0,33.0,4096,6193.5,True,False,11.75,34.26,36.59,27.5,0.86,36.44,37.44,14.58,61.99,15.07,1.48,23.23,-0.98,56.13,13.3.0,12.7.0,12.7.0,12.7.0,12.7.0,12.10.8,12.7.0,12.6.1
ltg/norbert2,3.59,999.0,125.0,50.0,512,15523.39,True,False,30.38,52.61,28.74,28.47,3.0,47.57,19.93,3.47,,,,,,,13.3.0,0.0.0,0.0.0,0.0.0,0.0.0,0.0.0,0.0.0,0.0.0
sarnikowski/convbert-medium-small-da-cased,3.6,999.0,24.0,29.0,512,13820.64,True,False,25.34,43.29,28.16,25.72,2.05,47.8,24.09,5.37,,,,,,,13.3.0,0.0.0,0.0.0,0.0.0,0.0.0,0.0.0,0.0.0,0.0.0
ibm-granite/granite-3b-code-base-2k (few-shot),3.61,4.39,3483.0,49.0,2048,2731.51,True,False,5.15,21.1,38.52,28.84,0.0,33.69,36.06,12.94,58.58,12.91,2.11,27.8,-4.75,50.4,13.3.0,13.0.0,13.0.0,13.0.0,13.0.0,13.0.0,13.0.0,13.0.0
ibm-granite/granite-8b-code-instruct-4k (few-shot),3.64,4.55,8055.0,49.0,4096,5616.81,True,False,2.54,17.05,43.2,32.1,0.0,33.69,38.21,14.28,49.66,7.97,3.07,25.74,2.79,47.97,13.3.0,13.0.0,13.0.0,13.0.0,13.0.0,13.0.0,13.0.0,13.0.0
AI-Sweden-Models/gpt-sw3-356m-instruct (few-shot),3.65,4.09,471.0,64.0,2048,5854.62,True,False,21.09,36.73,17.79,18.12,0.08,33.73,34.77,15.04,59.45,12.89,1.06,22.59,5.69,56.71,13.3.0,12.7.0,12.7.0,12.7.0,12.7.0,12.10.8,12.7.0,12.1.0
Maltehb/aelaectra-danish-electra-small-cased,3.66,999.0,14.0,32.0,128,4592.9,True,False,19.65,34.37,35.72,37.68,0.55,33.62,21.85,4.4,,,,,,,13.3.0,12.7.0,12.7.0,12.7.0,0.0.0,0.0.0,0.0.0,12.4.0
asafaya/bert-base-arabic,3.68,999.0,111.0,32.0,512,16346.96,True,False,24.52,44.89,22.51,20.42,0.23,43.22,24.09,5.05,,,,,,,13.3.0,0.0.0,0.0.0,0.0.0,0.0.0,0.0.0,0.0.0,0.0.0
tollefj/nordavind-7b-instruct-warm (few-shot),3.68,4.24,7248.0,33.0,2048,6450.44,False,False,12.07,32.35,34.76,23.42,0.77,39.63,30.77,12.8,61.23,15.53,2.01,25.83,-0.76,53.64,13.3.0,12.5.2,12.3.2,12.4.0,12.4.0,12.10.8,12.3.2,12.3.2
KBLab/albert-base-swedish-cased-alpha,3.69,999.0,14.0,50.0,512,15925.14,True,False,17.77,38.39,42.07,43.57,0.27,48.2,20.44,7.35,,,,,,,13.3.0,0.0.0,0.0.0,0.0.0,0.0.0,0.0.0,0.0.0,0.0.0
sarnikowski/convbert-small-da-cased,3.69,999.0,13.0,29.0,512,14273.42,True,False,24.23,40.76,25.49,23.07,1.63,45.09,22.5,5.28,,,,,,,13.3.0,0.0.0,0.0.0,0.0.0,0.0.0,0.0.0,0.0.0,0.0.0
stabilityai/stablelm-2-1_6b (few-shot),3.71,999.0,1645.0,100.0,4096,7258.53,True,False,16.83,35.39,32.19,32.88,0.37,33.39,27.03,6.58,51.86,9.69,,,-5.46,45.95,13.3.0,12.10.8,12.10.8,12.10.8,12.10.8,0.0.0,12.10.8,12.10.8
meta-llama/Llama-3.2-1B-Instruct (few-shot),3.72,4.2,1236.0,128.0,131073,7435.78,False,False,6.91,27.56,33.76,32.21,-0.13,42.66,33.38,12.43,59.46,13.23,2.09,25.68,3.56,56.72,13.3.0,13.0.0,13.0.0,13.0.0,13.0.0,13.0.0,13.0.0,13.0.0
ibm-granite/granite-3.0-3b-a800m-instruct (few-shot),3.76,4.28,3374.0,49.0,4096,10246.27,True,False,5.07,27.01,23.14,23.09,0.18,33.93,36.1,14.15,60.8,10.79,2.86,26.61,-1.31,50.29,13.3.0,13.0.0,13.0.0,13.0.0,13.0.0,13.0.0,13.0.0,13.0.0
google/gemma-2b (few-shot),3.76,4.28,2506.0,256.0,8192,6087.12,True,False,16.0,35.72,8.83,9.93,0.31,45.42,37.41,16.08,60.0,13.07,2.52,26.23,0.0,56.42,13.3.0,12.5.2,12.1.0,12.1.0,12.1.0,12.10.8,12.1.0,12.1.0
dbmdz/bert-tiny-historic-multilingual-cased,3.78,999.0,5.0,32.0,512,78027.26,True,False,9.46,28.69,43.93,46.59,0.04,47.53,21.73,6.13,,,,,,,13.3.0,12.6.1,12.6.1,12.6.1,0.0.0,0.0.0,0.0.0,0.0.0
Maltehb/danish-bert-botxo,3.8,999.0,111.0,32.0,512,16091.06,True,False,22.02,45.42,12.64,11.1,0.06,47.57,27.98,4.77,,,,,,,13.3.0,0.0.0,0.0.0,0.0.0,0.0.0,0.0.0,0.0.0,0.0.0
google/gemma-2b-it (few-shot),3.8,4.36,2506.0,256.0,8192,6470.59,False,False,7.64,28.09,20.49,18.33,-0.01,46.02,37.64,10.95,59.16,9.92,0.45,22.94,0.62,56.02,13.3.0,12.5.2,12.1.0,12.4.0,12.4.0,12.10.8,12.1.0,12.1.0
alexanderfalk/danbert-small-cased,3.81,999.0,83.0,52.0,512,30013.37,True,False,29.54,50.54,12.39,11.68,1.63,43.64,16.29,1.7,,,,,,,13.3.0,0.0.0,0.0.0,0.0.0,0.0.0,0.0.0,0.0.0,0.0.0
ibm-granite/granite-3.0-2b-base (few-shot),3.81,4.28,2534.0,49.0,4097,10186.88,True,False,3.55,15.76,29.51,29.14,-0.32,33.7,34.06,12.36,59.43,13.09,2.35,27.85,0.01,45.18,13.3.0,13.0.0,13.0.0,13.0.0,13.0.0,13.0.0,13.0.0,13.0.0
HuggingFaceTB/SmolLM2-1.7B-Instruct (few-shot),3.82,4.21,1711.0,49.0,8192,15970.88,True,False,6.86,23.96,26.23,23.26,2.69,45.61,28.57,10.84,60.43,15.28,1.93,25.06,3.27,54.02,13.3.0,13.1.0,13.1.0,13.1.0,13.1.0,13.1.0,13.1.0,13.1.0
Qwen/Qwen1.5-4B-Chat (few-shot),3.83,4.19,3950.0,152.0,32768,4347.23,False,False,7.56,26.07,25.65,22.3,-0.35,44.36,32.31,14.46,62.11,14.98,4.5,28.86,-1.89,43.72,13.3.0,12.5.2,12.1.0,12.5.2,12.1.0,12.10.8,12.1.0,9.3.2
fresh-xlm-roberta-base,3.83,999.0,278.0,250.0,512,2214.08,True,False,25.25,44.4,17.34,16.43,-0.06,36.73,21.61,1.02,,,,,,,13.3.0,0.0.0,0.0.0,0.0.0,0.0.0,0.0.0,0.0.0,12.6.1
ibm-granite/granite-3b-code-instruct-2k (few-shot),3.84,4.72,3483.0,49.0,2048,9058.91,True,False,0.6,16.42,33.57,33.47,0.0,33.69,33.54,11.27,49.32,8.01,1.37,25.57,-4.04,50.55,13.3.0,13.0.0,13.0.0,13.0.0,13.0.0,13.0.0,13.0.0,13.0.0
timpal0l/Mistral-7B-v0.1-flashback-v2-instruct (few-shot),3.86,4.87,7242.0,32.0,32768,5172.48,False,False,13.57,28.38,24.98,25.35,1.18,39.01,21.32,8.52,39.94,5.18,4.83,29.14,4.7,56.56,13.3.0,12.5.2,12.3.2,12.3.2,12.3.2,12.10.8,12.3.2,12.3.2
Qwen/Qwen1.5-4B (few-shot),3.89,4.36,3950.0,152.0,32768,3247.86,True,False,5.2,22.73,15.66,15.78,-0.55,39.57,34.56,14.11,57.17,11.73,5.46,29.23,-1.71,50.88,13.3.0,12.5.2,12.1.0,12.1.0,12.1.0,12.10.8,12.1.0,12.1.0
meta-llama/Llama-3.2-1B (few-shot),3.9,4.4,1236.0,128.0,131073,7577.45,True,False,9.23,26.61,17.77,16.42,-0.35,34.29,30.75,8.15,54.21,11.06,0.71,25.4,2.88,54.45,13.3.0,13.0.0,13.0.0,13.0.0,13.0.0,13.0.0,13.0.0,13.0.0
AI-Sweden-Models/gpt-sw3-1.3b (few-shot),3.92,4.16,1445.0,64.0,2048,4607.55,True,False,3.65,18.36,1.42,3.11,0.75,45.87,45.28,23.33,64.23,15.08,0.4,23.35,0.68,50.85,13.3.0,12.7.0,12.7.0,12.7.0,12.7.0,12.10.8,12.7.0,9.3.1
HuggingFaceTB/SmolLM2-1.7B (few-shot),3.92,4.32,1711.0,49.0,8192,16248.88,True,False,8.08,27.38,20.5,18.93,0.83,45.84,28.36,10.84,57.52,13.43,3.16,26.13,-1.83,49.8,13.3.0,13.1.0,13.1.0,13.1.0,13.1.0,13.1.0,13.1.0,13.1.0
ibm-granite/granite-7b-base (few-shot),3.96,999.0,6738.0,32.0,2048,4405.37,True,False,1.82,22.89,28.06,29.1,0.1,33.7,27.33,11.07,56.42,11.91,,,-0.82,53.16,13.3.0,12.10.5,12.10.5,12.10.5,12.10.5,0.0.0,12.10.8,12.10.8
Maltehb/aelaectra-danish-electra-small-uncased,3.98,999.0,14.0,32.0,128,5995.22,True,False,25.53,39.09,30.5,30.08,3.59,46.53,0.12,0.06,,,,,,,13.3.0,0.0.0,0.0.0,0.0.0,0.0.0,0.0.0,0.0.0,0.0.0
NorwAI/NorwAI-Llama2-7B (few-shot),4.01,999.0,7033.0,68.0,3969,4437.75,True,False,7.01,24.66,9.35,9.74,1.14,35.56,30.04,7.51,51.6,10.43,,,0.47,55.99,13.3.0,12.10.4,12.10.4,12.10.4,12.10.4,0.0.0,12.10.4,12.10.5
ibm-granite/granite-3.0-3b-a800m-base (few-shot),4.01,4.44,3374.0,49.0,4096,10504.04,True,False,1.67,20.92,18.07,18.73,-0.72,33.96,30.66,12.27,56.49,8.77,0.32,24.82,1.0,51.21,13.3.0,13.0.0,13.0.0,13.0.0,13.0.0,13.0.0,13.0.0,13.0.0
utter-project/EuroLLM-1.7B-Instruct (few-shot),4.06,4.35,1657.0,128.0,4096,15008.58,True,False,6.83,31.41,13.29,14.72,0.92,42.09,24.16,7.49,56.76,9.8,0.59,23.09,1.87,49.58,13.3.0,13.1.0,13.1.0,13.1.0,13.1.0,13.1.0,13.1.0,13.1.0
Qwen/Qwen1.5-1.8B-Chat (few-shot),4.09,4.33,1837.0,152.0,32768,8303.55,False,False,6.87,28.55,14.15,14.96,0.78,44.74,23.47,7.8,57.27,10.43,1.62,25.09,1.92,50.07,13.3.0,12.5.2,12.1.0,12.5.0,12.5.0,12.10.8,12.1.0,9.3.2
ibm-granite/granite-7b-instruct (few-shot),4.1,4.41,6738.0,32.0,4096,3136.16,True,False,-0.51,18.63,19.07,20.43,0.99,39.24,25.84,9.54,59.42,10.23,0.79,24.04,-3.2,51.52,13.2.0,13.2.0,13.2.0,13.2.0,13.2.0,13.2.0,13.2.0,13.2.0
fresh-electra-small,4.11,999.0,14.0,31.0,512,7840.02,True,False,30.18,50.55,9.96,8.96,-0.1,35.81,4.48,0.12,,,,,,,13.3.0,0.0.0,0.0.0,0.0.0,0.0.0,0.0.0,0.0.0,12.8.0
Qwen/Qwen1.5-1.8B (few-shot),4.12,4.45,1837.0,152.0,32768,5665.51,True,False,5.43,25.93,12.26,12.77,0.94,40.66,20.24,6.31,55.32,8.91,3.65,26.36,1.13,52.3,13.3.0,12.5.2,12.1.0,12.1.0,12.1.0,12.10.8,12.1.0,12.1.0
ibm-granite/granite-3.0-1b-a400m-instruct (few-shot),4.13,4.44,1335.0,49.0,4096,7964.03,True,False,3.84,27.14,17.74,16.16,-1.13,44.1,24.78,7.74,58.6,10.95,-1.11,22.73,-4.23,51.91,13.2.0,13.2.0,13.2.0,13.2.0,13.2.0,13.2.0,13.2.0,13.2.0
state-spaces/mamba-2.8b-hf (few-shot),4.18,4.71,2768.0,50.0,32769,2721.51,True,False,-1.7,21.85,18.38,20.76,0.49,42.54,23.24,6.3,51.62,8.63,2.25,26.07,-6.17,52.9,13.3.0,13.0.0,13.0.0,13.0.0,13.0.0,13.0.0,13.0.0,13.0.0
RJuro/kanelsnegl-v0.2 (few-shot),4.22,4.67,7242.0,32.0,512,1373.32,True,False,4.0,25.28,23.67,23.19,0.0,33.69,14.61,0.0,50.54,3.11,0.0,22.04,0.0,56.52,13.3.0,12.7.0,12.7.0,12.7.0,12.7.0,12.10.8,12.7.0,11.0.0
Qwen/Qwen1.5-0.5B (few-shot),4.23,4.41,620.0,152.0,32768,11371.34,True,False,1.95,22.1,16.2,16.96,-0.57,41.25,16.86,3.31,56.0,10.05,1.96,25.55,0.85,52.12,13.3.0,12.5.2,12.1.0,12.1.0,12.1.0,12.10.8,12.1.0,9.3.2
HuggingFaceTB/SmolLM2-360M (few-shot),4.24,4.5,362.0,49.0,8192,22023.39,True,False,1.77,25.49,13.43,13.81,1.14,36.93,16.21,3.71,51.93,8.48,0.95,22.52,2.9,56.72,13.3.0,13.1.0,13.1.0,13.1.0,13.1.0,13.1.0,13.1.0,13.1.0
HuggingFaceTB/SmolLM2-360M-Instruct (few-shot),4.26,4.59,362.0,49.0,8192,21776.98,True,False,3.12,27.55,13.6,13.99,0.28,37.58,16.34,4.09,50.0,7.84,-0.11,22.28,2.51,51.41,13.3.0,13.1.0,13.1.0,13.1.0,13.1.0,13.1.0,13.1.0,13.1.0
Qwen/Qwen1.5-0.5B-Chat (few-shot),4.28,4.29,620.0,152.0,32768,11740.04,False,False,1.63,19.19,9.5,9.41,1.76,38.51,17.84,3.14,58.92,10.09,-1.28,24.82,1.48,53.95,13.3.0,12.5.2,12.1.0,12.5.0,12.5.0,12.10.8,12.1.0,9.3.2
ibm-granite/granite-3.0-1b-a400m-base (few-shot),4.29,4.41,1385.0,49.0,4096,7808.38,True,False,4.82,22.8,5.62,8.37,-0.2,33.73,18.58,4.94,58.01,10.21,0.78,22.17,-2.14,51.91,13.2.0,13.2.0,13.2.0,13.2.0,13.2.0,13.2.0,13.2.0,13.2.0
HuggingFaceTB/SmolLM2-135M (few-shot),4.39,4.4,135.0,49.0,8192,26346.08,True,False,2.1,23.56,14.74,16.01,-0.25,34.69,10.92,1.35,52.66,8.73,1.21,26.2,1.69,49.46,13.3.0,13.1.0,13.1.0,13.1.0,13.1.0,13.1.0,13.1.0,13.1.0
HuggingFaceTB/SmolLM2-135M-Instruct (few-shot),4.41,4.65,135.0,49.0,8192,25602.11,True,False,3.01,22.58,13.7,15.01,-0.83,32.99,10.22,0.94,50.3,7.82,1.1,25.43,-0.07,46.28,13.3.0,13.1.0,13.1.0,13.1.0,13.1.0,13.1.0,13.1.0,13.1.0
RJuro/kanelsnegl-v0.1 (few-shot),4.42,999.0,7242.0,32.0,510,5847.39,True,False,6.82,26.55,0.0,0.0,0.0,33.69,11.9,0.0,55.33,6.93,0.0,21.46,,,13.3.0,9.3.1,9.3.1,9.3.1,9.3.1,9.3.1,0.0.0,12.10.0
RuterNorway/Llama-2-7b-chat-norwegian (few-shot),4.43,4.51,,32.0,4096,10889.7,False,False,3.32,21.42,9.48,10.1,0.07,43.54,7.35,1.04,55.16,10.52,-0.8,23.89,-0.16,32.02,13.3.0,9.3.1,9.3.1,12.5.2,12.4.0,12.10.8,12.1.0,9.3.1
NorwAI/NorwAI-Mistral-7B-pretrain (few-shot),4.49,999.0,7537.0,68.0,3969,3023.95,True,False,5.2,27.61,3.69,3.66,1.24,42.67,5.14,0.29,40.18,4.07,,,-3.06,55.32,13.3.0,12.10.4,12.10.4,12.10.4,12.10.4,0.0.0,12.10.4,12.10.5
ltg/norbert,4.53,999.0,111.0,33.0,512,16280.12,True,False,-1.89,20.0,0.0,0.0,-0.03,46.72,13.5,1.68,,,,,,,13.3.0,0.0.0,0.0.0,0.0.0,0.0.0,0.0.0,0.0.0,0.0.0
NorGLM/NorGPT-369M (few-shot),4.59,4.86,,64.0,1024,19895.92,True,False,0.51,23.22,1.68,1.54,-1.38,34.41,10.05,0.08,44.02,6.35,0.15,23.95,0.28,32.09,13.3.0,12.5.2,12.5.2,12.5.2,12.5.2,12.10.8,12.5.2,12.5.2
Sigurdur/qa-icebreaker (few-shot),4.69,999.0,110.0,32.0,1024,44888.92,False,False,0.0,18.79,0.0,0.0,0.0,33.69,4.86,0.0,42.23,2.83,,,0.0,56.52,13.3.0,12.5.2,12.5.2,12.5.2,12.5.2,0.0.0,12.5.2,12.5.2
ai-forever/mGPT (few-shot),4.71,5.82,,100.0,1024,11734.33,True,False,3.82,23.71,0.0,0.0,0.0,33.69,0.05,0.0,17.11,0.96,-0.02,22.75,0.47,46.93,13.3.0,9.3.1,11.0.0,12.5.1,12.0.0,12.10.8,12.1.0,12.10.0
Sigurdur/icebreaker (few-shot),4.71,4.86,110.0,32.0,1024,48618.98,False,False,0.0,18.79,0.0,0.0,0.0,33.69,3.9,0.0,44.8,3.34,0.23,22.11,0.38,56.53,13.3.0,12.5.2,12.5.2,12.5.2,12.5.2,12.10.8,12.5.2,12.5.2
Sigurdur/icechat (few-shot),4.77,4.95,110.0,32.0,1024,49557.9,False,False,0.0,18.79,0.0,0.0,0.0,33.69,0.64,0.0,42.46,3.58,0.0,22.04,0.0,56.52,13.3.0,12.5.2,12.5.2,12.5.2,12.5.2,12.10.8,12.5.2,12.5.2
ssmits/Falcon2-5.5B-multilingual (few-shot),4.77,5.15,5465.0,65.0,8192,7691.9,True,False,0.0,18.79,0.0,0.0,0.0,33.69,0.02,0.0,36.58,0.16,-0.0,24.71,0.0,43.48,13.3.0,13.0.0,13.0.0,13.0.0,13.0.0,13.0.0,13.0.0,13.0.0
Sigurdur/jonas-hallgrimsson-gpt2 (few-shot),4.78,6.4,125.0,51.0,512,32643.73,False,False,0.0,18.79,0.0,0.0,0.0,33.69,0.0,0.0,0.0,0.0,-0.26,22.02,-0.01,55.08,13.3.0,12.5.2,12.5.2,12.5.2,12.5.2,12.10.8,12.5.2,12.5.2
01-ai/Yi-6B (few-shot),999.0,4.24,6061.0,64.0,4096,6435.34,True,False,8.76,27.75,0.0,0.0,,,40.63,16.91,60.02,14.22,4.35,28.94,0.72,52.54,13.3.0,9.3.2,0.0.0,12.5.1,12.0.0,12.10.8,12.1.0,12.10.0
google/gemma-7b (few-shot),999.0,3.69,8538.0,256.0,8192,1377.83,True,False,,,30.61,25.8,5.6,38.26,55.22,32.22,65.03,18.15,32.53,48.03,1.14,39.92,0.0.0,12.9.1,12.9.1,12.9.1,12.9.1,12.10.8,12.10.0,12.10.0
google/gemma-7b-it (few-shot),999.0,4.15,8538.0,256.0,8192,1792.03,False,False,,,37.69,34.52,3.11,48.48,43.26,18.34,63.71,16.63,7.7,28.98,-5.17,53.84,0.0.0,12.10.0,12.10.0,12.10.0,12.10.0,12.10.8,12.10.0,12.7.0
google/gemma-2-9b (few-shot),999.0,2.89,9242.0,256.0,8193,2037.53,True,False,,,30.89,24.06,5.29,35.79,58.2,32.25,67.58,21.53,55.69,66.84,17.5,58.33,0.0.0,13.0.0,13.0.0,13.0.0,13.0.0,13.0.0,13.0.0,13.0.0
google/gemma-2-9b-it (few-shot),999.0,2.72,9242.0,256.0,8193,2062.05,True,False,,,45.42,36.69,24.23,61.4,55.04,24.96,68.19,22.04,54.3,65.62,24.35,62.81,0.0.0,13.0.0,13.0.0,13.0.0,13.0.0,13.0.0,13.0.0,13.0.0
upstage/SOLAR-10.7B-v1.0 (few-shot),999.0,3.65,10732.0,32.0,4096,3780.42,True,False,,,62.08,51.09,7.58,44.38,56.6,29.66,66.11,18.74,18.75,38.96,7.64,49.4,0.0.0,12.5.3,12.5.3,12.5.3,12.5.3,12.10.8,12.5.3,12.5.3
"mlabonne/NeuralBeagle14-7B (few-shot, val)",999.0,3.68,7242.0,32.0,8192,2549.38,False,True,,,49.86,42.54,1.26,48.46,55.51,22.48,65.6,19.46,5.19,28.44,12.9,56.88,0.0.0,9.3.2,9.3.2,12.5.2,9.3.2,9.3.2,12.1.0,9.3.2
google/gemma-2-27b-it (few-shot),999.0,2.27,27227.0,256.0,8193,1516.14,True,False,,,55.48,47.46,20.1,59.68,53.76,27.18,68.83,22.98,67.22,75.44,35.27,67.79,0.0.0,13.0.0,13.0.0,13.0.0,13.0.0,13.0.0,13.0.0,13.0.0
meta-llama/Llama-2-13b-hf (few-shot),999.0,4.28,13016.0,32.0,4096,2898.43,True,False,,,36.56,34.23,1.73,45.02,46.27,21.97,63.5,16.51,5.6,29.83,-5.8,46.82,0.0.0,12.10.5,12.10.4,12.10.5,12.10.5,12.10.8,12.10.4,12.10.4
allenai/OLMo-1.7-7B-hf (few-shot),999.0,4.24,6888.0,50.0,4096,3371.43,True,False,,,27.44,23.5,1.46,41.2,39.06,17.26,58.3,14.03,2.14,25.83,2.43,55.15,0.0.0,12.10.5,12.10.4,12.10.5,12.10.5,12.10.8,12.10.4,12.10.4
skole-gpt-mixtral (few-shot),999.0,3.61,,32.0,32768,3582.66,False,False,,,42.15,33.52,4.49,47.31,56.11,27.51,66.89,19.6,19.27,39.42,9.45,54.44,0.0.0,13.0.0,13.0.0,13.0.0,13.0.0,13.0.0,13.0.0,13.0.0
mistralai/Mistral-Nemo-Instruct-2407 (few-shot),999.0,3.08,12248.0,131.0,1024001,7094.98,True,False,,,59.7,41.69,4.64,38.48,58.88,29.68,68.13,20.42,41.76,56.28,13.24,56.22,0.0.0,13.0.0,13.0.0,13.0.0,13.0.0,13.0.0,13.0.0,13.0.0
"gpt-4-0613 (few-shot, val)",999.0,1.07,,100.0,8190,597.21,True,False,,,78.67,59.54,33.65,60.56,60.12,32.25,69.21,22.5,86.32,89.65,74.02,86.8,0.0.0,12.10.0,12.10.0,12.10.0,12.10.0,12.10.8,12.10.0,12.5.3
TrustLLMeu/baseline-7-8b_1t-tokens_llama (few-shot),999.0,4.08,7800.0,100.0,4096,6196.57,True,False,,,36.02,33.67,5.05,48.46,50.31,25.83,66.77,18.38,1.7,25.02,-1.88,55.0,0.0.0,13.0.0,13.0.0,13.0.0,13.0.0,13.0.0,13.0.0,13.0.0
LumiOpen/Viking-13B (few-shot),999.0,4.34,14030.0,131.0,4097,839.52,True,False,,,26.28,22.73,2.17,48.03,45.48,22.65,62.07,11.04,-0.07,23.51,-2.92,53.55,0.0.0,12.10.5,12.10.5,12.10.5,12.10.5,12.10.8,12.10.5,12.10.5
meta-llama/Llama-2-13b-chat-hf (few-shot),999.0,4.02,13016.0,32.0,4096,2849.49,True,False,,,37.53,30.51,0.14,39.45,43.86,20.91,66.15,19.08,7.17,30.61,-0.55,47.83,0.0.0,12.11.0,12.10.4,12.11.0,12.11.0,12.11.0,12.10.4,12.10.4
"gpt-3.5-turbo-0613 (few-shot, val)",999.0,2.84,,100.0,4095,920.94,True,False,,,69.59,54.49,7.28,52.96,50.29,28.5,67.1,19.43,49.88,62.27,18.61,61.33,0.0.0,0.0.0,0.0.0,0.0.0,0.0.0,12.10.8,12.1.0,12.5.3
