model,rank,parameters,vocabulary_size,context,speed,generative_type,commercial,merge,hotter_and_colder_sentiment,mim_gold_ner,scala_is,nqii,rrn,arc_is,winogrande_is,hotter_and_colder_sentiment_version,mim_gold_ner_version,scala_is_version,nqii_version,rrn_version,arc_is_version,winogrande_is_version
"gpt-4-1106-preview (few-shot, val)",1.22,,100256.0,128000,575.52,ğŸ“,âœ“,âœ—,49.59 Â± 2.76 / 62.50 Â± 2.08@@49.593506392851815,86.37 Â± 1.19 / 82.25 Â± 2.73@@86.36652565064014,43.03 Â± 5.07 / 71.18 Â± 2.64@@43.03178569737223,66.04 Â± 1.95 / 37.26 Â± 2.60@@66.04042701437845,69.61 Â± 0.61 / 23.98 Â± 1.17@@69.61220005876385,89.09 Â± 1.59 / 91.76 Â± 1.19@@89.09496881656332,72.03 Â± 3.91 / 86.09 Â± 1.96@@72.0255858591034,13.2.0@@130200,12.5.1@@120501,12.10.2@@121002,12.5.1@@120501,12.5.1@@120501,12.10.8@@121008,12.10.2@@121002
"gpt-4o-2024-05-13 (few-shot, val)",1.27,,200019.0,128000,916.47,ğŸ“,âœ“,âœ—,49.86 Â± 5.14 / 64.51 Â± 3.68@@49.86373454028123,81.19 Â± 2.45 / 54.02 Â± 5.60@@81.19051651601443,51.10 Â± 5.09 / 73.25 Â± 3.42@@51.09616553534624,55.46 Â± 1.12 / 29.64 Â± 2.12@@55.46285685891303,68.25 Â± 0.27 / 19.22 Â± 0.51@@68.25461427331902,91.27 Â± 1.41 / 93.40 Â± 1.09@@91.2747631088083,70.85 Â± 5.98 / 85.55 Â± 3.05@@70.8477075935968,13.2.0@@130200,12.10.0@@121000,12.10.2@@121002,12.10.0@@121000,12.10.0@@121000,12.10.8@@121008,12.10.2@@121002
"gpt-4o-2024-05-13 (zero-shot, val)",1.48,,200019.0,8191,882.4,ğŸ“,âœ“,âœ—,53.43 Â± 2.20 / 66.07 Â± 1.59@@53.42962710360165,72.85 Â± 2.10 / 33.36 Â± 1.59@@72.85138353976114,49.26 Â± 4.89 / 73.99 Â± 2.32@@49.25625803571417,48.73 Â± 0.97 / 27.36 Â± 0.94@@48.730872605054536,67.01 Â± 0.08 / 15.62 Â± 0.12@@67.00745126465335,90.65 Â± 1.83 / 93.05 Â± 1.36@@90.65395255008448,57.94 Â± 3.63 / 78.75 Â± 2.03@@57.94487814896496,14.0.3@@140003,14.0.3@@140003,14.0.3@@140003,14.0.3@@140003,14.0.3@@140003,14.4.0@@140400,14.4.0@@140400
"claude-3-5-sonnet-20241022 (zero-shot, val)",1.57,,,200000,168.2,ğŸ“,âœ“,âœ—,51.24 Â± 1.69 / 65.49 Â± 1.06@@51.240288454641316,61.70 Â± 2.37 / 41.44 Â± 1.76@@61.700009401554546,52.43 Â± 2.29 / 73.78 Â± 1.09@@52.43486678104466,47.06 Â± 1.02 / 22.92 Â± 1.06@@47.0625738137382,66.02 Â± 0.13 / 15.54 Â± 0.10@@66.01940255146474,89.75 Â± 1.02 / 92.34 Â± 0.78@@89.74736909677587,62.95 Â± 3.84 / 80.94 Â± 2.12@@62.9465342867517,14.0.3@@140003,14.0.3@@140003,14.0.3@@140003,14.0.3@@140003,14.0.3@@140003,14.4.0@@140400,14.4.0@@140400
"gpt-4o-mini-2024-07-18 (few-shot, val)",1.66,,200019.0,8191,784.26,ğŸ“,âœ“,âœ—,56.18 Â± 4.37 / 69.53 Â± 2.97@@56.184939108528,64.69 Â± 1.77 / 37.89 Â± 3.23@@64.69138262912891,45.52 Â± 4.15 / 71.51 Â± 2.48@@45.51993082631073,55.19 Â± 4.14 / 15.80 Â± 6.24@@55.1948427968657,67.06 Â± 0.10 / 15.92 Â± 0.24@@67.06362736644223,82.10 Â± 1.93 / 86.37 Â± 1.50@@82.0978822110269,42.82 Â± 4.17 / 71.48 Â± 2.40@@42.820318133468106,14.0.0@@140000,14.0.0@@140000,14.0.0@@140000,14.0.0@@140000,14.0.1@@140001,14.0.1@@140001,14.0.1@@140001
meta-llama/Llama-3.1-405B-Instruct-FP8 (few-shot),1.68,405868625920.0,128256.0,131072,798.95,ğŸ“,âœ“,âœ—,53.84 Â± 1.13 / 67.24 Â± 1.23@@53.840807739280706,66.40 Â± 3.96 / 65.04 Â± 4.36@@66.39532390769143,26.22 Â± 2.28 / 57.33 Â± 2.21@@26.220781142386173,54.41 Â± 1.48 / 26.49 Â± 1.58@@54.412922461177914,69.88 Â± 0.18 / 23.58 Â± 0.58@@69.88100757705979,77.37 Â± 0.87 / 83.04 Â± 0.66@@77.36577888240642,59.56 Â± 1.97 / 79.38 Â± 1.05@@59.56338959371082,14.0.4@@140004,14.0.4@@140004,14.0.4@@140004,14.0.4@@140004,14.0.4@@140004,14.0.4@@140004,14.0.4@@140004
meta-llama/Meta-Llama-3-70B (few-shot),1.84,70553706496.0,128256.0,8192,1298.94,ğŸ§ ,âœ“,âœ—,46.73 Â± 1.83 / 59.90 Â± 2.41@@46.727553563442534,73.19 Â± 1.47 / 59.24 Â± 5.96@@73.1920004689547,20.95 Â± 2.06 / 55.90 Â± 3.93@@20.947819800309436,64.09 Â± 1.73 / 37.94 Â± 1.50@@64.08571626956692,68.72 Â± 0.34 / 21.56 Â± 0.66@@68.7224201290519,72.07 Â± 1.38 / 79.03 Â± 1.04@@72.06595349464952,46.28 Â± 2.50 / 73.26 Â± 1.41@@46.28051321953565,14.3.0@@140300,14.3.0@@140300,14.3.0@@140300,14.3.0@@140300,14.3.0@@140300,14.3.0@@140300,14.3.0@@140300
meta-llama/Llama-3.1-70B-Instruct (few-shot),1.89,70553706496.0,128256.0,131072,1408.67,ğŸ“,âœ“,âœ—,51.27 Â± 1.19 / 63.66 Â± 1.02@@51.26558381315929,69.95 Â± 2.18 / 42.88 Â± 4.51@@69.94573555523326,18.75 Â± 1.65 / 55.50 Â± 0.89@@18.752539574616918,56.29 Â± 1.87 / 30.79 Â± 1.22@@56.287285913666175,69.53 Â± 0.17 / 23.61 Â± 0.48@@69.53347126196604,75.02 Â± 0.81 / 81.25 Â± 0.60@@75.02047248440873,48.44 Â± 2.47 / 74.68 Â± 1.23@@48.444923153408304,14.0.3@@140003,14.0.3@@140003,14.0.3@@140003,14.0.3@@140003,14.0.3@@140003,14.0.3@@140003,14.0.3@@140003
"gpt-4-1106-preview (zero-shot, val)",1.95,,100256.0,8191,589.23,ğŸ“,âœ“,âœ—,47.47 Â± 3.03 / 63.45 Â± 2.13@@47.47364149050519,30.39 Â± 3.49 / 25.88 Â± 1.98@@30.387589325532318,43.30 Â± 3.41 / 71.54 Â± 1.71@@43.300839979703056,51.48 Â± 0.89 / 29.82 Â± 1.09@@51.47637192557367,63.89 Â± 0.21 / 13.99 Â± 0.19@@63.891010493971415,86.50 Â± 1.57 / 89.88 Â± 1.17@@86.50268240253759,52.98 Â± 5.09 / 77.19 Â± 2.79@@52.97505970319863,14.0.3@@140003,14.0.3@@140003,14.0.3@@140003,14.0.3@@140003,14.0.3@@140003,14.4.0@@140400,14.4.0@@140400
meta-llama/Llama-3.3-70B-Instruct (few-shot),1.96,70553706496.0,128256.0,131072,1353.36,ğŸ“,âœ“,âœ—,50.79 Â± 1.13 / 62.68 Â± 1.21@@50.792933517969395,69.04 Â± 1.73 / 41.91 Â± 4.10@@69.03882684813951,20.36 Â± 1.78 / 55.23 Â± 2.44@@20.355607231438498,49.35 Â± 1.46 / 24.56 Â± 1.12@@49.35159808956792,69.13 Â± 0.22 / 21.75 Â± 0.61@@69.1274864540901,77.24 Â± 1.01 / 82.95 Â± 0.76@@77.24202135033809,46.46 Â± 2.66 / 72.82 Â± 1.44@@46.46278020625652,14.0.3@@140003,14.0.3@@140003,14.0.3@@140003,14.0.3@@140003,14.0.3@@140003,14.0.3@@140003,14.0.3@@140003
mgoin/Nemotron-4-340B-Instruct-hf-FP8 (few-shot),2.06,341029195776.0,256000.0,4096,1904.18,ğŸ“,âœ“,âœ—,47.34 Â± 5.45 / 63.42 Â± 4.34@@47.338478205805664,37.98 Â± 7.26 / 24.63 Â± 3.82@@37.98160029138719,50.14 Â± 6.12 / 73.44 Â± 4.16@@50.13536630057537,41.01 Â± 2.32 / 16.27 Â± 1.26@@41.01468948608711,63.40 Â± 1.31 / 14.12 Â± 0.78@@63.40170022143866,79.94 Â± 1.28 / 84.95 Â± 0.97@@79.93970194981263,44.61 Â± 7.95 / 72.53 Â± 3.86@@44.60828603034667,14.0.4@@140004,14.0.4@@140004,14.0.4@@140004,14.0.4@@140004,14.0.4@@140004,14.0.4@@140004,14.0.4@@140004
Qwen/Qwen2.5-72B-Instruct (few-shot),2.11,72706203648.0,152064.0,32768,1218.79,ğŸ“,âœ“,âœ—,47.72 Â± 1.58 / 64.00 Â± 1.39@@47.72359518055118,68.54 Â± 1.33 / 42.62 Â± 3.69@@68.53814929176998,22.98 Â± 1.57 / 61.08 Â± 0.91@@22.978053297662644,55.63 Â± 0.93 / 26.72 Â± 1.78@@55.62622123320887,66.93 Â± 0.10 / 17.14 Â± 0.19@@66.93294353841338,67.74 Â± 1.27 / 75.78 Â± 0.96@@67.73859895709373,36.29 Â± 2.04 / 68.27 Â± 1.01@@36.28775322309116,14.0.4@@140004,14.0.4@@140004,14.0.4@@140004,14.0.4@@140004,14.0.4@@140004,14.0.4@@140004,14.0.4@@140004
ThatsGroes/gemma-2-27b-it-FP8-Dynamic (few-shot),2.19,28410968576.0,256000.0,4096,3632.83,ğŸ“,âœ“,âœ—,50.38 Â± 1.18 / 66.21 Â± 1.00@@50.38286933878007,67.23 Â± 2.77 / 45.61 Â± 4.86@@67.23202101522628,20.01 Â± 1.09 / 59.74 Â± 0.60@@20.007786313551705,49.26 Â± 0.93 / 21.18 Â± 1.67@@49.25584014494543,67.61 Â± 0.15 / 19.31 Â± 0.26@@67.6074138446711,66.74 Â± 1.30 / 75.07 Â± 0.99@@66.73858213476166,33.03 Â± 1.47 / 66.80 Â± 0.84@@33.03202929391924,14.0.4@@140004,14.0.4@@140004,14.0.4@@140004,14.0.4@@140004,14.0.4@@140004,14.0.4@@140004,14.0.4@@140004
meta-llama/Meta-Llama-3-70B-instruct (few-shot),2.21,70553706496.0,128256.0,8192,1194.24,ğŸ“,âœ“,âœ—,48.40 Â± 1.73 / 60.94 Â± 2.31@@48.400732694492135,63.53 Â± 1.93 / 43.19 Â± 3.89@@63.528235103660414,17.31 Â± 1.23 / 57.24 Â± 1.12@@17.311536706798364,54.02 Â± 1.65 / 26.86 Â± 1.39@@54.02460290488352,68.86 Â± 0.13 / 21.50 Â± 0.33@@68.85708986868849,60.65 Â± 1.13 / 70.48 Â± 0.85@@60.649039334717514,33.67 Â± 2.97 / 67.00 Â± 1.40@@33.66654850479388,14.3.0@@140300,14.3.0@@140300,14.3.0@@140300,14.3.0@@140300,14.3.0@@140300,14.3.0@@140300,14.3.0@@140300
"gpt-4o-mini-2024-07-18 (zero-shot, val)",2.25,,200019.0,8191,862.54,ğŸ“,âœ“,âœ—,50.02 Â± 2.61 / 65.44 Â± 1.86@@50.017722019098635,31.11 Â± 2.16 / 14.28 Â± 0.85@@31.11304167392778,35.85 Â± 1.55 / 66.14 Â± 0.82@@35.84593818358779,49.25 Â± 1.18 / 26.93 Â± 1.10@@49.25219150493962,66.48 Â± 0.12 / 14.96 Â± 0.13@@66.48135087569244,72.80 Â± 2.91 / 79.45 Â± 2.24@@72.79969915637781,28.63 Â± 7.69 / 59.45 Â± 3.75@@28.63456261852487,14.0.1@@140001,14.0.1@@140001,14.0.1@@140001,14.0.1@@140001,14.0.1@@140001,14.0.3@@140003,14.0.3@@140003
Qwen/QwQ-32B-Preview (few-shot),2.25,32763876352.0,152064.0,32768,2258.16,ğŸ“,âœ“,âœ—,48.71 Â± 1.27 / 63.98 Â± 0.90@@48.7127907539015,65.08 Â± 2.06 / 46.62 Â± 5.37@@65.08138953249541,20.51 Â± 2.32 / 57.54 Â± 3.00@@20.5138544777258,58.94 Â± 2.10 / 28.29 Â± 1.69@@58.94168682683651,65.67 Â± 0.28 / 16.58 Â± 0.37@@65.67174361844081,52.92 Â± 1.20 / 64.22 Â± 0.87@@52.92240126787334,28.01 Â± 3.54 / 64.15 Â± 1.73@@28.011238722745134,14.0.4@@140004,14.0.4@@140004,14.0.4@@140004,14.0.4@@140004,14.0.4@@140004,14.0.4@@140004,14.0.4@@140004
google/gemma-2-9b-it (few-shot),2.32,9241705984.0,256000.0,4096,2597.9,ğŸ“,âœ“,âœ—,45.46 Â± 1.18 / 62.53 Â± 0.86@@45.46196886722031,60.42 Â± 2.68 / 37.74 Â± 3.48@@60.41783291923485,23.65 Â± 1.99 / 60.04 Â± 1.47@@23.64974449407068,54.63 Â± 1.25 / 23.83 Â± 1.65@@54.629564430031664,67.19 Â± 0.20 / 19.57 Â± 0.37@@67.18629020644585,54.01 Â± 1.73 / 65.48 Â± 1.32@@54.009543061878,23.11 Â± 2.49 / 61.65 Â± 1.15@@23.11239351157675,14.4.0@@140400,14.4.0@@140400,14.4.0@@140400,14.4.0@@140400,14.4.0@@140400,14.4.0@@140400,14.4.0@@140400
nvidia/Llama-3.1-Nemotron-70B-Instruct-HF (few-shot),2.52,70553706496.0,128256.0,131072,1207.76,ğŸ“,âœ“,âœ—,51.96 Â± 0.95 / 65.42 Â± 0.94@@51.96294719767833,54.15 Â± 2.09 / 23.38 Â± 1.16@@54.14717495774195,19.63 Â± 1.76 / 56.76 Â± 1.54@@19.629574261521824,49.57 Â± 0.98 / 21.22 Â± 0.69@@49.570530540497224,43.26 Â± 0.37 / 0.69 Â± 0.28@@43.26200573646929,73.61 Â± 0.87 / 80.21 Â± 0.66@@73.60592801551128,45.29 Â± 2.50 / 72.72 Â± 1.35@@45.29188117160416,14.0.4@@140004,14.0.4@@140004,14.0.4@@140004,14.0.4@@140004,14.0.4@@140004,14.0.4@@140004,14.0.4@@140004
google/gemma-2-9b (few-shot),2.55,9241705984.0,256000.0,4096,919.55,ğŸ§ ,âœ“,âœ—,43.25 Â± 1.33 / 58.30 Â± 1.76@@43.24638238259752,57.94 Â± 1.88 / 39.93 Â± 3.74@@57.94283503143417,5.31 Â± 3.67 / 37.57 Â± 3.51@@5.312993342200388,58.34 Â± 2.14 / 32.17 Â± 1.51@@58.34099608823622,68.00 Â± 0.26 / 22.34 Â± 0.41@@67.9968738075695,53.76 Â± 1.37 / 65.26 Â± 1.00@@53.75500328172953,17.70 Â± 2.46 / 58.15 Â± 1.62@@17.701529905039962,14.4.0@@140400,14.4.0@@140400,14.4.0@@140400,14.4.0@@140400,14.4.0@@140400,14.4.0@@140400,14.4.0@@140400
meta-llama/Meta-Llama-3-8B-Instruct (few-shot),2.81,8030261248.0,128256.0,8192,1483.24,ğŸ“,âœ“,âœ—,38.09 Â± 2.38 / 54.51 Â± 2.16@@38.08631088908879,60.20 Â± 2.76 / 40.38 Â± 4.22@@60.19720322171395,9.14 Â± 0.98 / 49.56 Â± 2.11@@9.13589626536029,58.93 Â± 1.41 / 28.66 Â± 1.28@@58.93201527457982,67.50 Â± 0.21 / 18.61 Â± 0.39@@67.50480139104184,17.93 Â± 1.69 / 38.38 Â± 1.30@@17.925029473216565,5.59 Â± 1.88 / 54.19 Â± 1.33@@5.58512110472826,14.0.1@@140001,14.0.1@@140001,14.0.1@@140001,14.0.1@@140001,14.0.2@@140002,14.0.2@@140002,14.0.2@@140002
CohereForAI/c4ai-command-r-08-2024 (few-shot),2.83,32296476672.0,256000.0,131072,1909.17,ğŸ“,âœ—,âœ—,31.96 Â± 2.37 / 51.22 Â± 2.00@@31.958944480507085,62.68 Â± 1.93 / 42.03 Â± 4.30@@62.68045198163298,11.81 Â± 0.99 / 49.24 Â± 2.30@@11.813851651440626,56.00 Â± 1.68 / 30.49 Â± 1.20@@56.00331251007553,66.24 Â± 0.15 / 17.31 Â± 0.46@@66.23955146351364,21.10 Â± 0.78 / 40.19 Â± 0.62@@21.09741124363796,9.34 Â± 2.50 / 56.92 Â± 0.95@@9.34434799883686,14.0.4@@140004,14.0.4@@140004,14.0.4@@140004,14.0.4@@140004,14.0.4@@140004,14.0.4@@140004,14.0.4@@140004
meta-llama/Llama-3.1-8B (few-shot),2.88,8030261248.0,128256.0,131072,1481.56,ğŸ§ ,âœ“,âœ—,41.30 Â± 2.38 / 59.34 Â± 1.80@@41.301206246796134,52.25 Â± 1.35 / 37.72 Â± 4.69@@52.24957561587935,5.60 Â± 3.12 / 40.58 Â± 3.53@@5.601908412929181,60.14 Â± 1.49 / 31.72 Â± 2.62@@60.13985984753506,65.75 Â± 0.62 / 18.40 Â± 0.66@@65.74746410275111,21.34 Â± 1.34 / 40.83 Â± 0.99@@21.341067303672794,4.79 Â± 1.83 / 54.63 Â± 1.57@@4.78863769049947,14.4.0.dev0@@140400,15.0.0@@150000,15.0.0@@150000,14.3.0@@140300,15.0.0@@150000,15.0.0@@150000,15.0.0@@150000
nvidia/mistral-nemo-minitron-8b-base (few-shot),2.88,8414105600.0,131072.0,8192,1203.56,ğŸ§ ,âœ“,âœ—,41.80 Â± 1.57 / 59.81 Â± 1.60@@41.79681641118373,53.28 Â± 3.54 / 39.35 Â± 3.78@@53.28492345032133,11.07 Â± 2.40 / 51.96 Â± 2.62@@11.074169887842054,56.74 Â± 2.05 / 29.60 Â± 1.75@@56.73888372196232,64.08 Â± 0.66 / 16.06 Â± 0.54@@64.07598864083411,20.14 Â± 1.34 / 39.67 Â± 1.08@@20.13867172906215,3.62 Â± 2.53 / 53.63 Â± 1.06@@3.6242453218342114,14.1.1@@140101,14.1.1@@140101,14.1.1@@140101,14.3.0@@140300,14.1.1@@140101,14.1.1@@140101,14.1.1@@140101
meta-llama/Llama-3.1-8B-Instruct (few-shot),2.88,8030261248.0,128256.0,131072,1478.39,ğŸ“,âœ“,âœ—,39.91 Â± 2.35 / 57.39 Â± 1.64@@39.90817221175173,46.48 Â± 1.98 / 24.57 Â± 1.73@@46.484825286977646,11.72 Â± 1.81 / 51.67 Â± 1.45@@11.723281596232734,53.39 Â± 1.83 / 25.91 Â± 0.99@@53.38878563896999,67.67 Â± 0.21 / 18.97 Â± 0.43@@67.66541772318305,25.83 Â± 1.36 / 44.48 Â± 1.05@@25.831566582917333,6.40 Â± 3.07 / 50.66 Â± 1.69@@6.3955206592127585,14.0.1@@140001,14.0.1@@140001,14.0.1@@140001,14.0.1@@140001,14.0.1@@140001,14.0.2@@140002,14.0.2@@140002
mistralai/Mixtral-8x7B-v0.1 (few-shot),2.9,46702792704.0,32000.0,32768,2362.92,ğŸ§ ,âœ“,âœ—,39.60 Â± 2.22 / 53.52 Â± 3.54@@39.600458032016235,55.09 Â± 2.15 / 38.38 Â± 3.92@@55.09040079751231,8.23 Â± 1.55 / 49.15 Â± 2.76@@8.232718234929628,58.19 Â± 1.47 / 31.79 Â± 2.23@@58.18550272662361,63.01 Â± 1.21 / 16.91 Â± 1.01@@63.00726099230815,18.12 Â± 1.51 / 38.37 Â± 1.07@@18.118638045681376,8.15 Â± 2.10 / 56.08 Â± 1.16@@8.154811873982396,14.0.4@@140004,14.0.4@@140004,14.0.4@@140004,14.3.0@@140300,14.0.4@@140004,14.0.4@@140004,14.0.4@@140004
meta-llama/Meta-Llama-3-8B (few-shot),2.95,8030261248.0,128256.0,8192,1476.79,ğŸ§ ,âœ“,âœ—,34.68 Â± 3.74 / 53.39 Â± 3.75@@34.67500359191305,50.45 Â± 1.95 / 37.62 Â± 3.95@@50.453711334292265,8.69 Â± 2.70 / 44.84 Â± 4.03@@8.688617950323504,59.09 Â± 1.50 / 31.47 Â± 2.09@@59.09243048683676,65.22 Â± 0.77 / 17.53 Â± 0.72@@65.22327506099828,19.93 Â± 1.86 / 39.95 Â± 1.39@@19.930079006322316,4.52 Â± 2.03 / 53.43 Â± 2.36@@4.52080688916538,14.1.2@@140102,14.0.1@@140001,14.1.2@@140102,14.3.0@@140300,14.0.1@@140001,14.0.2@@140002,14.0.2@@140002
"claude-3-5-haiku-20241022 (zero-shot, val)",2.96,,,200000,199.99,ğŸ“,âœ“,âœ—,31.19 Â± 1.29 / 43.32 Â± 1.05@@31.187928379858576,34.99 Â± 2.03 / 17.39 Â± 1.24@@34.9871127314657,-10.68 Â± 2.75 / 33.95 Â± 1.08@@-10.68236964350735,46.35 Â± 1.25 / 23.65 Â± 1.16@@46.34911219616226,66.12 Â± 0.10 / 15.71 Â± 0.20@@66.11914578592405,64.82 Â± 2.83 / 73.63 Â± 2.16@@64.81761330577638,24.08 Â± 4.91 / 60.31 Â± 2.16@@24.07918767308081,14.0.2@@140002,14.0.3@@140003,14.0.3@@140003,14.0.3@@140003,14.0.3@@140003,14.4.0@@140400,14.4.0@@140400
upstage/SOLAR-10.7B-v1.0 (few-shot),3.02,10731524096.0,32000.0,4096,3780.42,ğŸ§ ,âœ“,âœ—,18.23 Â± 7.45 / 38.11 Â± 5.81@@18.22530425850613,61.42 Â± 2.78 / 52.78 Â± 3.42@@61.42215772028769,7.50 Â± 1.38 / 44.38 Â± 3.21@@7.49702186081124,56.49 Â± 1.46 / 29.34 Â± 2.59@@56.48993676768615,65.72 Â± 0.71 / 18.54 Â± 1.11@@65.72263275535079,14.72 Â± 1.30 / 35.74 Â± 0.96@@14.718328837738998,7.64 Â± 1.91 / 49.40 Â± 1.45@@7.640210460837701,15.0.0@@150000,15.0.0@@150000,15.0.0@@150000,15.0.0@@150000,15.0.0@@150000,15.0.0@@150000,12.5.3@@120503
NorwAI/NorwAI-Mixtral-8x7B-instruct (few-shot),3.09,46997647360.0,67993.0,32768,9015.47,ğŸ“,âœ“,âœ—,38.12 Â± 1.81 / 54.60 Â± 1.56@@38.1226390830324,41.84 Â± 3.14 / 24.97 Â± 2.44@@41.83876335966182,7.47 Â± 1.59 / 45.34 Â± 4.68@@7.466789193884041,52.61 Â± 1.29 / 20.87 Â± 2.65@@52.60781294103434,65.24 Â± 0.58 / 19.34 Â± 0.51@@65.24017837626161,13.41 Â± 2.29 / 35.09 Â± 1.66@@13.411434038948638,3.94 Â± 2.09 / 50.90 Â± 1.51@@3.9448982886864714,14.0.4@@140004,14.0.4@@140004,14.0.4@@140004,14.0.4@@140004,14.0.4@@140004,14.0.4@@140004,14.0.4@@140004
mistralai/Mixtral-8x7B-Instruct-v0.1 (few-shot),3.11,46702792704.0,32000.0,32768,5535.32,ğŸ“,âœ“,âœ—,23.93 Â± 4.28 / 46.14 Â± 3.72@@23.930214374453758,35.00 Â± 3.16 / 20.45 Â± 2.42@@35.0002726408423,9.69 Â± 1.44 / 52.07 Â± 1.78@@9.689127077827859,53.35 Â± 1.40 / 21.38 Â± 2.08@@53.35459302280697,64.69 Â± 0.39 / 14.44 Â± 0.78@@64.68864384602057,17.73 Â± 1.70 / 38.30 Â± 1.29@@17.73004427450148,9.06 Â± 2.52 / 54.02 Â± 1.58@@9.060881623832586,14.0.4@@140004,14.0.4@@140004,14.0.4@@140004,14.0.4@@140004,14.0.4@@140004,14.0.4@@140004,14.0.4@@140004
mistralai/Ministral-8B-Instruct-2410 (few-shot),3.13,8019808256.0,131072.0,32768,1300.24,ğŸ“,âœ“,âœ—,24.43 Â± 2.98 / 39.27 Â± 3.37@@24.42719297668369,47.10 Â± 1.90 / 22.63 Â± 2.03@@47.09945719717556,7.19 Â± 2.76 / 44.62 Â± 3.61@@7.190683473028411,54.38 Â± 2.28 / 28.73 Â± 1.45@@54.37662758480875,66.62 Â± 0.16 / 17.04 Â± 0.23@@66.62263893929776,21.98 Â± 1.25 / 40.56 Â± 1.07@@21.979237901616102,0.10 Â± 2.39 / 55.15 Â± 1.19@@0.10242448156048485,14.0.0@@140000,14.0.0@@140000,14.0.0@@140000,14.0.0@@140000,14.0.1@@140001,14.0.1@@140001,14.0.1@@140001
CohereForAI/c4ai-command-r-v01 (few-shot),3.19,34980831232.0,256000.0,8192,1919.22,ğŸ“,âœ—,âœ—,38.87 Â± 2.06 / 54.76 Â± 1.96@@38.86892411083699,42.29 Â± 2.87 / 27.16 Â± 2.06@@42.28840958675663,0.28 Â± 1.28 / 44.15 Â± 2.34@@0.28138656289882363,49.89 Â± 1.52 / 18.74 Â± 3.19@@49.886628506642644,66.07 Â± 0.16 / 17.33 Â± 0.39@@66.0665074235294,10.93 Â± 1.17 / 33.27 Â± 0.89@@10.927785189946462,4.44 Â± 3.37 / 53.49 Â± 1.46@@4.4443380316780114,14.0.4@@140004,14.0.4@@140004,14.0.4@@140004,14.0.4@@140004,14.1.1@@140101,14.1.1@@140101,14.1.1@@140101
TrustLLMeu/baseline-7-8b_2-3t-tokens_llama (few-shot),3.24,7799574528.0,100096.0,4096,2854.26,ğŸ§ ,âœ“,âœ—,22.94 Â± 4.99 / 32.06 Â± 5.76@@22.93724285908171,41.39 Â± 3.03 / 38.02 Â± 2.61@@41.388242806551304,7.05 Â± 2.73 / 50.24 Â± 2.24@@7.053880105389252,52.71 Â± 2.46 / 29.43 Â± 2.46@@52.70979237619533,68.50 Â± 0.38 / 22.28 Â± 0.75@@68.50121779745677,11.66 Â± 1.53 / 32.16 Â± 1.26@@11.660306777893572,-3.78 Â± 2.36 / 53.39 Â± 1.24@@-3.7830894023225135,14.3.0@@140300,14.3.0@@140300,14.3.0@@140300,14.3.0@@140300,14.3.0@@140300,14.3.0@@140300,14.3.0@@140300
TrustLLMeu/baseline-7-8b_1t-tokens_llama (few-shot),3.27,7799574528.0,100096.0,4096,6196.57,ğŸ§ ,âœ“,âœ—,34.09 Â± 2.66 / 47.05 Â± 3.25@@34.08894963127142,36.02 Â± 3.80 / 33.67 Â± 3.60@@36.01991123403893,5.05 Â± 2.42 / 48.46 Â± 3.52@@5.0453864326821956,50.31 Â± 4.16 / 25.83 Â± 4.24@@50.30536367825408,66.77 Â± 0.97 / 18.38 Â± 1.96@@66.77448225149419,1.70 Â± 1.74 / 25.02 Â± 1.35@@1.696486948551354,-1.88 Â± 3.84 / 55.00 Â± 1.77@@-1.8764644141821767,14.3.0@@140300,13.0.0@@130000,13.0.0@@130000,13.0.0@@130000,13.0.0@@130000,13.0.0@@130000,13.0.0@@130000
NorwAI/NorwAI-Mixtral-8x7B (few-shot),3.28,46997647360.0,67993.0,32768,2368.15,ğŸ§ ,âœ“,âœ—,34.34 Â± 3.99 / 53.29 Â± 3.80@@34.336823950936925,36.73 Â± 4.50 / 27.29 Â± 1.83@@36.7298698479567,6.57 Â± 2.18 / 46.35 Â± 4.24@@6.5663265119744105,48.61 Â± 4.18 / 22.53 Â± 5.12@@48.60590869320705,58.69 Â± 2.45 / 14.60 Â± 1.15@@58.69494213664439,12.07 Â± 1.85 / 33.86 Â± 1.36@@12.065816653237878,2.87 Â± 1.72 / 52.79 Â± 1.13@@2.8735759467676187,14.0.4@@140004,14.0.4@@140004,14.0.4@@140004,14.3.0@@140300,14.0.4@@140004,14.0.4@@140004,14.0.4@@140004
Nexusflow/Starling-LM-7B-beta (few-shot),3.29,7241748480.0,32002.0,4096,1990.47,ğŸ“,âœ—,âœ—,27.93 Â± 2.80 / 48.93 Â± 1.43@@27.925641258940036,42.23 Â± 4.22 / 25.96 Â± 4.27@@42.22990860518904,6.38 Â± 0.99 / 49.63 Â± 1.47@@6.384436436131678,53.90 Â± 1.60 / 19.41 Â± 3.40@@53.901686147358625,61.92 Â± 1.25 / 15.31 Â± 1.05@@61.9197418895783,4.22 Â± 0.83 / 28.35 Â± 0.70@@4.215609220436818,0.31 Â± 2.64 / 54.29 Â± 1.30@@0.30602715647883433,14.0.3@@140003,14.0.3@@140003,14.0.3@@140003,14.3.0@@140300,14.0.3@@140003,14.0.3@@140003,14.0.3@@140003
senseable/WestLake-7B-v2 (few-shot),3.31,7241732096.0,32000.0,32768,1856.85,ğŸ§ ,âœ—,âœ—,7.92 Â± 3.63 / 32.79 Â± 2.05@@7.918882161113136,56.71 Â± 1.98 / 46.71 Â± 5.28@@56.705224807383445,3.44 Â± 2.02 / 50.18 Â± 1.14@@3.4373379615865756,54.79 Â± 2.02 / 21.55 Â± 2.79@@54.786059669414975,65.39 Â± 0.80 / 18.24 Â± 1.00@@65.39486292138463,9.11 Â± 0.92 / 32.06 Â± 0.70@@9.106269172792606,3.30 Â± 2.81 / 44.40 Â± 1.61@@3.3037590119071973,13.3.0@@130300,12.6.1@@120601,12.6.1@@120601,12.6.1@@120601,12.6.1@@120601,12.10.8@@121008,12.6.1@@120601
infly/OpenCoder-8B-Instruct (few-shot),3.34,7771262976.0,96640.0,8192,3009.29,ğŸ“,âœ“,âœ—,28.78 Â± 2.07 / 44.40 Â± 2.73@@28.7845520809078,45.58 Â± 2.64 / 24.61 Â± 2.83@@45.581537825663595,2.32 Â± 1.93 / 47.87 Â± 2.68@@2.317063651895113,49.00 Â± 0.75 / 20.92 Â± 1.89@@48.99679735480114,64.68 Â± 0.53 / 15.68 Â± 0.47@@64.68043122760719,4.39 Â± 1.02 / 27.35 Â± 0.71@@4.39411189871171,-2.73 Â± 2.91 / 50.56 Â± 2.34@@-2.726049330857701,14.4.0@@140400,14.4.0@@140400,14.4.0@@140400,14.4.0@@140400,14.4.0@@140400,14.4.0@@140400,14.4.0@@140400
CohereForAI/aya-expanse-8b (few-shot),3.35,8028033024.0,256000.0,8192,1341.64,ğŸ§ ,âœ—,âœ—,19.83 Â± 4.76 / 41.64 Â± 3.64@@19.82796093441226,28.98 Â± 2.63 / 21.75 Â± 1.89@@28.979213526738633,4.93 Â± 1.06 / 49.69 Â± 2.65@@4.9310277773000735,54.41 Â± 1.43 / 24.72 Â± 2.22@@54.405757601425805,63.45 Â± 1.92 / 16.81 Â± 2.23@@63.454798450984526,10.97 Â± 1.13 / 33.51 Â± 0.81@@10.972114079556835,4.23 Â± 1.80 / 49.31 Â± 0.84@@4.228251618451666,13.3.0@@130300,13.0.0@@130000,13.0.0@@130000,13.0.0@@130000,13.0.0@@130000,13.0.0@@130000,13.0.0@@130000
tiiuae/Falcon3-7B-Instruct (few-shot),3.36,7455550464.0,131072.0,32768,2978.29,ğŸ“,âœ“,âœ—,17.31 Â± 2.78 / 42.56 Â± 3.07@@17.307993775945693,37.04 Â± 4.06 / 33.55 Â± 3.96@@37.04491069027315,3.91 Â± 1.77 / 50.56 Â± 1.45@@3.9146851161826675,53.18 Â± 1.42 / 26.41 Â± 1.40@@53.18191044959218,65.97 Â± 0.21 / 18.27 Â± 0.72@@65.97268340701703,8.88 Â± 1.73 / 31.40 Â± 1.20@@8.87698535500563,-0.07 Â± 2.59 / 50.54 Â± 1.10@@-0.07482252677138986,14.3.0@@140300,14.3.0@@140300,14.3.0@@140300,14.3.0@@140300,14.3.0@@140300,14.3.0@@140300,14.3.0@@140300
mhenrichsen/hestenettetLM (few-shot),3.36,7241732096.0,32000.0,4096,1150.9,ğŸ§ ,âœ“,âœ—,24.17 Â± 5.04 / 45.19 Â± 5.13@@24.172140616005336,50.99 Â± 3.49 / 41.71 Â± 4.09@@50.98531280935714,1.15 Â± 1.86 / 38.83 Â± 2.36@@1.150971894185054,51.45 Â± 2.09 / 27.31 Â± 2.99@@51.44932461291738,56.73 Â± 2.99 / 13.21 Â± 1.46@@56.73119152110303,8.81 Â± 1.12 / 31.68 Â± 0.83@@8.809054066598996,3.23 Â± 1.68 / 56.53 Â± 0.94@@3.2287306411286814,14.1.2@@140102,14.0.3@@140003,14.1.2@@140102,14.0.3@@140003,14.0.3@@140003,14.0.3@@140003,14.0.3@@140003
mistralai/Mistral-7B-v0.1 (few-shot),3.38,7241732096.0,32000.0,4096,1428.18,ğŸ§ ,âœ“,âœ—,24.38 Â± 5.21 / 44.65 Â± 5.83@@24.379715778882886,50.69 Â± 3.67 / 41.90 Â± 4.06@@50.69226019284563,1.46 Â± 1.66 / 38.73 Â± 2.27@@1.4583512213003937,51.14 Â± 2.22 / 27.11 Â± 3.11@@51.14020220593589,56.76 Â± 2.97 / 13.19 Â± 1.46@@56.76426543708658,8.71 Â± 0.95 / 31.51 Â± 0.81@@8.707273774393641,3.21 Â± 2.55 / 56.74 Â± 1.01@@3.2141636941899665,14.1.2@@140102,14.0.3@@140003,14.1.2@@140102,14.0.3@@140003,14.0.3@@140003,14.0.3@@140003,14.0.3@@140003
AI-Sweden-Models/gpt-sw3-6.7b-v2-instruct (few-shot),3.38,7111057408.0,64000.0,2048,1472.78,ğŸ“,âœ“,âœ—,44.79 Â± 1.30 / 61.83 Â± 1.22@@44.78890493646027,19.41 Â± 1.02 / 18.58 Â± 0.98@@19.40609355864093,1.93 Â± 1.59 / 35.05 Â± 1.59@@1.9270941212233752,52.41 Â± 1.47 / 21.13 Â± 3.56@@52.4133031787044,61.90 Â± 0.85 / 16.43 Â± 0.33@@61.904854424938094,4.05 Â± 1.09 / 28.19 Â± 0.81@@4.048881422641439,-2.29 Â± 4.88 / 52.60 Â± 2.17@@-2.290402962207279,14.0.2@@140002,14.0.2@@140002,14.0.2@@140002,14.0.2@@140002,14.0.2@@140002,14.0.3@@140003,14.0.3@@140003
nvidia/mistral-nemo-minitron-8b-instruct (few-shot),3.41,8414105600.0,131072.0,8192,3160.57,ğŸ“,âœ“,âœ—,10.70 Â± 1.95 / 32.23 Â± 2.92@@10.6984269623407,43.65 Â± 4.03 / 26.17 Â± 3.16@@43.646493420944296,10.77 Â± 1.76 / 53.53 Â± 1.49@@10.774040804144718,29.69 Â± 2.78 / 0.29 Â± 0.07@@29.690753858495118,65.26 Â± 0.16 / 14.88 Â± 0.16@@65.26232810138026,23.45 Â± 1.23 / 42.71 Â± 0.91@@23.454828547735268,8.35 Â± 2.49 / 54.73 Â± 1.16@@8.348798677210322,14.1.1@@140101,14.1.1@@140101,14.1.1@@140101,14.1.1@@140101,14.1.1@@140101,14.1.1@@140101,14.1.1@@140101
mistralai/Mistral-7B-v0.3 (few-shot),3.43,7248023552.0,32768.0,32768,1424.11,ğŸ§ ,âœ“,âœ—,26.28 Â± 4.82 / 46.42 Â± 4.24@@26.283967651976837,46.73 Â± 3.51 / 38.01 Â± 4.18@@46.73143028064292,1.50 Â± 1.18 / 36.24 Â± 1.65@@1.503149039276121,50.14 Â± 2.43 / 25.17 Â± 3.82@@50.139362786283414,55.71 Â± 3.49 / 12.57 Â± 1.70@@55.71377872402081,7.21 Â± 1.17 / 30.37 Â± 0.97@@7.206676937559922,2.09 Â± 2.31 / 55.37 Â± 1.42@@2.0912464565781335,14.1.2@@140102,14.0.3@@140003,14.1.2@@140102,14.0.3@@140003,14.0.3@@140003,14.0.3@@140003,14.0.3@@140003
meta-llama/Llama-3.2-3B (few-shot),3.44,3212749824.0,128256.0,131073,3713.14,ğŸ§ ,âœ“,âœ—,14.53 Â± 4.72 / 32.88 Â± 5.49@@14.534740621157743,42.04 Â± 3.53 / 25.31 Â± 1.59@@42.03932211674085,0.00 Â± 0.00 / 32.97 Â± 0.29@@0.0,49.31 Â± 4.59 / 24.07 Â± 4.63@@49.31121404646829,61.80 Â± 2.80 / 14.50 Â± 2.00@@61.79914735344937,13.79 Â± 1.55 / 35.23 Â± 1.26@@13.789330639330565,0.25 Â± 2.45 / 48.10 Â± 1.67@@0.24781478201837429,14.1.2@@140102,13.0.0@@130000,13.0.0@@130000,13.0.0@@130000,13.0.0@@130000,13.0.0@@130000,13.0.0@@130000
CohereForAI/c4ai-command-r7b-12-2024 (few-shot),3.46,8028033024.0,256000.0,4096,2713.55,ğŸ“,âœ—,âœ—,7.87 Â± 3.77 / 35.58 Â± 3.22@@7.8748506649819525,43.64 Â± 4.93 / 28.99 Â± 4.76@@43.64331880853845,1.86 Â± 1.30 / 35.54 Â± 0.91@@1.862097338367018,52.67 Â± 1.72 / 24.01 Â± 1.46@@52.67037890311643,65.87 Â± 0.30 / 17.82 Â± 0.58@@65.87361011217581,8.31 Â± 1.07 / 30.96 Â± 0.97@@8.313124533195655,0.46 Â± 1.98 / 47.86 Â± 1.40@@0.4624311983338088,14.4.0@@140400,14.4.0@@140400,14.4.0@@140400,14.4.0@@140400,14.4.0@@140400,14.4.0@@140400,14.4.0@@140400
MaLA-LM/emma-500-llama2-7b (few-shot),3.49,6738415616.0,32000.0,4096,6275.17,ğŸ§ ,âœ“,âœ—,18.33 Â± 5.09 / 30.21 Â± 5.80@@18.33274685424289,31.81 Â± 1.93 / 29.47 Â± 2.02@@31.813932524197302,3.63 Â± 1.69 / 44.49 Â± 3.89@@3.633102335902628,46.83 Â± 5.93 / 16.72 Â± 7.29@@46.82635797106985,58.72 Â± 3.28 / 13.71 Â± 1.35@@58.719401721609756,12.62 Â± 1.36 / 34.51 Â± 1.27@@12.623614092004237,3.43 Â± 2.18 / 44.56 Â± 1.09@@3.4274367866552025,14.1.2@@140102,13.0.0@@130000,13.0.0@@130000,13.0.0@@130000,13.0.0@@130000,13.0.0@@130000,13.0.0@@130000
mistralai/Mistral-7B-Instruct-v0.1 (few-shot),3.5,7241732096.0,32000.0,32768,633.64,ğŸ“,âœ“,âœ—,12.93 Â± 5.42 / 30.40 Â± 3.15@@12.927021090013064,36.04 Â± 2.59 / 24.74 Â± 2.79@@36.044602391097804,-0.36 Â± 1.36 / 33.94 Â± 0.32@@-0.35631349387701594,42.57 Â± 2.89 / 18.06 Â± 3.16@@42.569039144289135,62.80 Â± 1.69 / 15.23 Â± 1.01@@62.80483589827781,5.44 Â± 1.14 / 28.13 Â± 1.06@@5.435672677639756,6.35 Â± 2.71 / 50.49 Â± 1.57@@6.352091663630438,13.3.0@@130300,9.3.1@@90301,9.3.1@@90301,12.4.0@@120400,12.4.0@@120400,12.10.8@@121008,12.1.0@@120100
ibm-granite/granite-3.0-8b-instruct (few-shot),3.5,8170848256.0,49155.0,4096,1279.43,ğŸ“,âœ“,âœ—,9.95 Â± 3.78 / 30.20 Â± 5.91@@9.952918091622296,42.67 Â± 3.13 / 35.40 Â± 3.93@@42.67267984702904,1.11 Â± 1.45 / 34.61 Â± 0.82@@1.1112599425931236,49.58 Â± 2.19 / 22.25 Â± 2.78@@49.57946420394969,63.81 Â± 1.05 / 16.07 Â± 1.19@@63.81196856207681,5.12 Â± 1.20 / 27.91 Â± 0.90@@5.123261050096121,0.89 Â± 2.37 / 53.27 Â± 1.64@@0.88838362287685,13.3.0@@130300,13.0.0@@130000,13.0.0@@130000,13.0.0@@130000,13.0.0@@130000,13.0.0@@130000,13.0.0@@130000
tiiuae/Falcon3-7B-Base (few-shot),3.53,7455550464.0,131072.0,32768,2982.07,ğŸ§ ,âœ“,âœ—,12.41 Â± 3.08 / 29.83 Â± 4.60@@12.413477983763729,42.89 Â± 2.90 / 28.01 Â± 3.68@@42.887995636862655,-0.82 Â± 1.06 / 38.71 Â± 3.73@@-0.8156339738517487,47.97 Â± 1.90 / 21.24 Â± 3.39@@47.97290880508887,62.93 Â± 1.59 / 15.74 Â± 1.07@@62.92565427604131,5.44 Â± 1.22 / 28.79 Â± 1.02@@5.4444922375723035,2.75 Â± 1.36 / 54.01 Â± 0.47@@2.7541078299348314,14.3.0@@140300,14.3.0@@140300,14.3.0@@140300,14.4.0@@140400,14.4.0@@140400,14.4.0@@140400,14.4.0@@140400
mistralai/Mistral-7B-Instruct-v0.2 (few-shot),3.55,7241732096.0,32000.0,32768,2356.01,ğŸ“,âœ—,âœ—,17.64 Â± 3.40 / 40.55 Â± 3.17@@17.636036619611133,34.80 Â± 1.37 / 24.03 Â± 2.32@@34.79865781817776,5.46 Â± 1.31 / 51.42 Â± 1.10@@5.461219065315395,45.06 Â± 2.27 / 12.66 Â± 2.33@@45.061166132005425,61.79 Â± 0.68 / 8.78 Â± 1.49@@61.78656316915294,2.88 Â± 0.65 / 26.40 Â± 0.51@@2.8760325220167937,-1.11 Â± 3.79 / 53.57 Â± 2.07@@-1.1140664010614174,14.0.3@@140003,14.0.3@@140003,14.0.3@@140003,14.0.3@@140003,14.0.3@@140003,14.0.3@@140003,14.0.3@@140003
meta-llama/Llama-2-7b-chat-hf (few-shot),3.57,6738417664.0,32000.0,4096,2643.05,ğŸ“,âœ“,âœ—,13.59 Â± 6.27 / 36.87 Â± 4.51@@13.594942751142167,41.10 Â± 3.35 / 40.54 Â± 3.19@@41.09989217155621,-1.07 Â± 2.09 / 44.83 Â± 2.20@@-1.0666262444679535,39.51 Â± 1.98 / 16.13 Â± 2.52@@39.5064345884844,62.30 Â± 0.90 / 13.28 Â± 1.36@@62.2992222305038,3.16 Â± 0.79 / 27.40 Â± 0.79@@3.162624330185152,1.84 Â± 2.19 / 43.79 Â± 0.73@@1.8385472783320052,13.3.0@@130300,9.3.1@@90301,9.3.1@@90301,12.4.0@@120400,12.4.0@@120400,12.10.8@@121008,12.1.0@@120100
occiglot/occiglot-7b-eu5 (few-shot),3.57,7241732096.0,32000.0,4096,2943.39,ğŸ§ ,âœ“,âœ—,16.30 Â± 4.60 / 35.42 Â± 4.48@@16.29626253788,38.86 Â± 3.10 / 37.60 Â± 2.55@@38.862942094957035,3.02 Â± 1.10 / 47.66 Â± 2.87@@3.01526919135046,39.05 Â± 3.88 / 15.20 Â± 4.23@@39.047926582026,61.28 Â± 2.85 / 14.84 Â± 1.95@@61.28490684350254,3.57 Â± 0.92 / 25.48 Â± 0.69@@3.565703236586261,2.51 Â± 2.42 / 56.46 Â± 0.99@@2.509535462519836,15.0.0@@150000,15.0.0@@150000,15.0.0@@150000,15.0.0@@150000,15.0.0@@150000,15.0.0@@150000,15.0.0@@150000
ibm-granite/granite-8b-code-base-4k (few-shot),3.57,8054910976.0,49152.0,4096,2312.61,ğŸ§ ,âœ“,âœ—,9.52 Â± 4.25 / 29.57 Â± 4.96@@9.518388085451704,50.89 Â± 2.90 / 35.75 Â± 4.67@@50.893171461416856,0.50 Â± 0.94 / 33.77 Â± 0.30@@0.5012817155703455,41.32 Â± 3.18 / 17.43 Â± 3.38@@41.31598460752248,59.94 Â± 2.87 / 12.62 Â± 1.91@@59.93656588165322,5.52 Â± 1.26 / 28.97 Â± 0.97@@5.515404427940491,1.73 Â± 2.31 / 50.89 Â± 3.35@@1.7294076276450805,14.1.2@@140102,13.0.0@@130000,13.0.0@@130000,13.0.0@@130000,13.0.0@@130000,13.0.0@@130000,13.0.0@@130000
meta-llama/Llama-3.2-3B-Instruct (few-shot),3.58,3212749824.0,128256.0,131073,2101.25,ğŸ“,âœ—,âœ—,10.07 Â± 5.45 / 28.32 Â± 4.30@@10.068724226359786,27.57 Â± 1.71 / 22.52 Â± 1.18@@27.565995629234674,-1.39 Â± 1.30 / 34.40 Â± 1.96@@-1.3858481409863919,50.74 Â± 1.59 / 22.98 Â± 2.48@@50.73593648162394,62.00 Â± 1.89 / 14.40 Â± 1.93@@61.99927971727448,13.33 Â± 1.23 / 35.42 Â± 0.93@@13.333907306445075,0.74 Â± 1.09 / 50.92 Â± 0.73@@0.7416068336529283,13.3.0@@130300,13.0.0@@130000,13.0.0@@130000,13.0.0@@130000,13.0.0@@130000,13.0.0@@130000,13.0.0@@130000
occiglot/occiglot-7b-eu5-instruct (few-shot),3.6,7241748480.0,32002.0,4096,2351.43,ğŸ“,âœ—,âœ—,22.93 Â± 5.42 / 37.06 Â± 2.32@@22.92710188874548,38.59 Â± 3.54 / 26.42 Â± 4.38@@38.589949293179885,1.87 Â± 0.97 / 35.07 Â± 0.97@@1.8738985351421256,35.36 Â± 3.15 / 0.44 Â± 0.10@@35.356499535592576,65.12 Â± 0.36 / 17.18 Â± 0.77@@65.12202570243971,4.66 Â± 1.45 / 27.21 Â± 1.20@@4.65653618507167,-4.04 Â± 1.58 / 54.31 Â± 1.95@@-4.043143113495615,15.0.0@@150000,15.0.0@@150000,15.0.0@@150000,15.0.0@@150000,15.0.0@@150000,15.0.0@@150000,15.0.0@@150000
LumiOpen/Viking-7B (few-shot),3.6,7550013440.0,131072.0,4096,1430.69,ğŸ§ ,âœ“,âœ—,25.50 Â± 6.42 / 38.95 Â± 8.69@@25.501003029418502,33.21 Â± 3.20 / 25.94 Â± 2.59@@33.21129845857552,-0.08 Â± 1.20 / 39.03 Â± 2.81@@-0.08078066713068523,48.38 Â± 2.42 / 25.76 Â± 3.16@@48.38162983543542,56.52 Â± 1.61 / 10.46 Â± 0.85@@56.524989854951855,0.81 Â± 1.83 / 26.69 Â± 0.79@@0.8114372232999163,-3.96 Â± 2.24 / 49.77 Â± 3.10@@-3.956728422327148,14.1.2@@140102,14.0.3@@140003,14.1.2@@140102,14.0.3@@140003,14.0.3@@140003,14.0.3@@140003,14.0.3@@140003
google/gemma-2-2b-it (few-shot),3.6,2614341888.0,256000.0,8193,5373.87,ğŸ“,âœ“,âœ—,15.24 Â± 6.48 / 34.96 Â± 6.66@@15.236643468816116,14.79 Â± 4.70 / 13.03 Â± 2.92@@14.78761807661767,1.10 Â± 1.54 / 34.67 Â± 0.87@@1.09620380223303,51.72 Â± 1.28 / 25.42 Â± 1.09@@51.72149433495904,62.67 Â± 1.62 / 16.91 Â± 1.38@@62.672411509847734,10.76 Â± 1.56 / 32.34 Â± 1.02@@10.755074665354076,-5.20 Â± 1.82 / 53.08 Â± 0.91@@-5.200253761998052,13.3.0@@130300,13.0.0@@130000,13.0.0@@130000,13.0.0@@130000,13.0.0@@130000,13.0.0@@130000,13.0.0@@130000
01-ai/Yi-1.5-6B (few-shot),3.6,6061035520.0,64000.0,4097,2867.41,ğŸ§ ,âœ“,âœ—,5.32 Â± 3.81 / 29.01 Â± 5.16@@5.317691557937643,38.15 Â± 2.30 / 28.10 Â± 4.65@@38.15450007014853,0.98 Â± 1.44 / 35.86 Â± 1.12@@0.9806396721183941,44.20 Â± 2.72 / 20.39 Â± 3.04@@44.19767294496955,61.23 Â± 2.31 / 14.45 Â± 1.79@@61.226280573755496,7.59 Â± 1.44 / 31.07 Â± 1.05@@7.586460698225606,3.44 Â± 2.28 / 46.89 Â± 1.02@@3.4427974334576206,14.1.2@@140102,13.0.0@@130000,13.0.0@@130000,13.0.0@@130000,13.0.0@@130000,13.0.0@@130000,13.0.0@@130000
timpal0l/Mistral-7B-v0.1-flashback-v2 (few-shot),3.62,7241732096.0,32000.0,32768,5053.68,ğŸ“,âœ“,âœ—,1.84 Â± 3.02 / 23.26 Â± 3.53@@1.8367793113328712,36.47 Â± 4.24 / 30.33 Â± 3.70@@36.47162125455761,2.54 Â± 1.29 / 50.66 Â± 0.62@@2.5426235785145237,38.73 Â± 3.66 / 18.66 Â± 4.26@@38.72771971512555,63.68 Â± 1.75 / 16.38 Â± 1.24@@63.67699222115334,5.12 Â± 1.30 / 28.85 Â± 0.99@@5.11925870768992,8.30 Â± 1.28 / 57.35 Â± 0.75@@8.30020630396981,14.1.2@@140102,12.5.3@@120503,12.5.3@@120503,12.5.3@@120503,12.5.3@@120503,12.10.8@@121008,12.5.3@@120503
utter-project/EuroLLM-9B-Instruct (few-shot),3.62,9152319488.0,128000.0,4096,954.97,ğŸ“,âœ—,âœ—,4.82 Â± 3.85 / 23.94 Â± 3.68@@4.824852345441794,28.60 Â± 4.04 / 18.37 Â± 2.44@@28.598998627469786,1.09 Â± 1.30 / 38.45 Â± 1.68@@1.0875785988613087,52.18 Â± 2.63 / 26.96 Â± 1.76@@52.18223563391797,60.11 Â± 2.37 / 11.55 Â± 1.67@@60.11291410686681,8.89 Â± 1.22 / 31.98 Â± 0.91@@8.892901814074433,1.86 Â± 2.19 / 48.17 Â± 1.35@@1.8611907110459613,14.4.0@@140400,14.4.0@@140400,14.4.0@@140400,14.4.0@@140400,14.4.0@@140400,15.0.0@@150000,15.0.0@@150000
bineric/NorskGPT-Llama-7B-v0.1 (few-shot),3.63,6738415616.0,32000.0,4096,5384.08,ğŸ“,âœ—,âœ—,12.72 Â± 4.04 / 28.92 Â± 4.48@@12.722922871024176,34.62 Â± 4.64 / 33.25 Â± 4.37@@34.615981512267226,-0.24 Â± 1.43 / 33.75 Â± 0.31@@-0.2389609161683311,43.52 Â± 0.87 / 18.10 Â± 1.85@@43.521459513182336,61.81 Â± 0.98 / 15.04 Â± 0.70@@61.80741835501976,3.06 Â± 1.01 / 28.01 Â± 0.86@@3.0552369172116465,-1.90 Â± 2.28 / 44.34 Â± 1.19@@-1.9000815729792775,14.1.2@@140102,12.5.2@@120502,12.3.2@@120302,12.3.2@@120302,12.3.2@@120302,12.10.8@@121008,12.3.2@@120302
microsoft/Phi-3-mini-4k-instruct (few-shot),3.63,3821079552.0,32064.0,4096,8681.12,ğŸ“,âœ“,âœ—,14.42 Â± 3.18 / 37.82 Â± 2.65@@14.423823766624826,33.05 Â± 4.29 / 29.75 Â± 3.67@@33.04773763138834,0.71 Â± 1.18 / 34.80 Â± 0.88@@0.7130855870662056,39.88 Â± 1.59 / 17.23 Â± 2.51@@39.876071770131404,60.08 Â± 1.45 / 13.80 Â± 0.81@@60.082377252401784,2.67 Â± 1.35 / 27.04 Â± 1.07@@2.671136816201565,2.74 Â± 2.28 / 53.18 Â± 0.93@@2.7386228033720363,13.3.0@@130300,12.10.5@@121005,12.10.5@@121005,12.10.5@@121005,12.10.5@@121005,12.10.8@@121008,12.10.5@@121005
infly/OpenCoder-8B-Base (few-shot),3.65,7771263040.0,96640.0,8192,2978.18,ğŸ§ ,âœ“,âœ—,23.36 Â± 2.83 / 41.64 Â± 3.65@@23.356067668948548,44.53 Â± 3.45 / 23.20 Â± 2.81@@44.53450758118794,0.43 Â± 1.80 / 37.41 Â± 3.60@@0.43203695813881116,36.12 Â± 1.59 / 1.00 Â± 0.33@@36.12052757179682,53.66 Â± 2.50 / 11.14 Â± 1.09@@53.663916509831324,0.23 Â± 1.34 / 23.29 Â± 0.67@@0.23228357811633085,0.22 Â± 0.70 / 53.64 Â± 3.39@@0.2163535151625919,14.4.0@@140400,14.4.0@@140400,14.4.0@@140400,14.4.0@@140400,15.0.0@@150000,15.0.0@@150000,15.0.0@@150000
meta-llama/Llama-2-7b-hf (few-shot),3.65,6738417664.0,32000.0,4096,930.05,ğŸ“,âœ“,âœ—,13.24 Â± 8.29 / 31.92 Â± 6.23@@13.237465572265366,32.71 Â± 2.77 / 32.17 Â± 2.13@@32.714455579375944,0.66 Â± 1.75 / 40.36 Â± 4.19@@0.6649000227718029,41.40 Â± 3.27 / 18.04 Â± 4.05@@41.39963584826391,60.73 Â± 3.02 / 14.02 Â± 1.57@@60.728399881045334,3.65 Â± 1.33 / 26.91 Â± 1.00@@3.6472503530003086,-0.00 Â± 2.41 / 44.93 Â± 0.92@@-0.003288804092643413,13.3.0@@130300,9.2.0@@90200,9.2.0@@90200,12.5.1@@120501,11.0.0@@110000,12.10.8@@121008,12.1.0@@120100
microsoft/Phi-3-mini-128k-instruct (few-shot),3.65,3821079552.0,32064.0,130819,7311.73,ğŸ“,âœ“,âœ—,17.80 Â± 4.22 / 36.50 Â± 4.92@@17.798248072795683,27.22 Â± 3.65 / 24.21 Â± 2.67@@27.222275616896447,1.31 Â± 1.28 / 39.67 Â± 4.39@@1.3086948730062877,41.15 Â± 1.57 / 17.24 Â± 2.72@@41.14721548034484,62.00 Â± 1.66 / 15.80 Â± 1.12@@62.003778151702136,1.85 Â± 1.18 / 26.88 Â± 0.86@@1.8542103468584445,1.06 Â± 2.84 / 47.19 Â± 2.14@@1.061355748990599,13.3.0@@130300,12.9.1@@120901,12.9.1@@120901,12.9.1@@120901,12.10.0@@121000,12.10.8@@121008,12.10.0@@121000
CohereForAI/aya-23-8B (few-shot),3.66,8028033024.0,256000.0,8192,2706.96,ğŸ§ ,âœ—,âœ—,0.33 Â± 0.93 / 15.64 Â± 1.01@@0.3347535785683354,47.16 Â± 2.83 / 38.60 Â± 4.04@@47.163078622162004,3.84 Â± 1.27 / 40.06 Â± 3.79@@3.8431055151589435,48.25 Â± 2.02 / 21.75 Â± 2.21@@48.25225750231086,59.16 Â± 2.91 / 14.91 Â± 1.85@@59.15542940027081,3.70 Â± 1.01 / 27.71 Â± 0.66@@3.7036286594216192,-3.24 Â± 3.16 / 49.96 Â± 2.38@@-3.2379193557698,14.1.2@@140102,13.0.0@@130000,13.0.0@@130000,13.0.0@@130000,13.0.0@@130000,13.0.0@@130000,13.0.0@@130000
ibm-granite/granite-3.0-8b-base (few-shot),3.67,8170835968.0,49152.0,4096,2514.59,ğŸ§ ,âœ“,âœ—,-0.29 Â± 1.16 / 15.66 Â± 0.37@@-0.2905003055418643,37.82 Â± 3.63 / 32.97 Â± 3.97@@37.82427294835452,-0.12 Â± 1.31 / 33.78 Â± 0.32@@-0.12482776910743242,47.09 Â± 1.09 / 21.59 Â± 2.22@@47.0937161345287,62.35 Â± 3.34 / 16.15 Â± 1.66@@62.354157051449874,6.54 Â± 1.30 / 28.63 Â± 1.24@@6.53806028248754,1.83 Â± 3.53 / 49.23 Â± 2.07@@1.8343109587535371,14.1.2@@140102,13.0.0@@130000,13.0.0@@130000,13.0.0@@130000,13.0.0@@130000,13.0.0@@130000,13.0.0@@130000
norallm/normistral-7b-warm-instruct (few-shot),3.69,7248023552.0,32768.0,4096,6193.5,ğŸ“,âœ“,âœ—,11.75 Â± 4.91 / 34.26 Â± 5.32@@11.748409561344097,36.59 Â± 3.56 / 27.50 Â± 2.53@@36.5884237486594,0.86 Â± 2.41 / 36.44 Â± 1.27@@0.861218403858229,37.44 Â± 1.86 / 14.58 Â± 2.13@@37.440983217527744,61.99 Â± 1.16 / 15.07 Â± 0.81@@61.989236009831075,1.48 Â± 1.63 / 23.23 Â± 0.93@@1.4775106841542855,-0.98 Â± 2.63 / 56.13 Â± 0.62@@-0.9821444334749799,13.3.0@@130300,12.7.0@@120700,12.7.0@@120700,12.7.0@@120700,12.7.0@@120700,12.10.8@@121008,12.7.0@@120700
meta-llama/Llama-2-13b-hf (few-shot),3.69,13015866880.0,32000.0,4096,939.56,ğŸ§ ,âœ“,âœ—,17.12 Â± 5.18 / 34.30 Â± 6.11@@17.123546555580727,15.46 Â± 6.38 / 14.91 Â± 6.25@@15.459554344764781,1.57 Â± 1.22 / 46.04 Â± 2.51@@1.5650335532196449,46.21 Â± 2.11 / 21.41 Â± 3.19@@46.21186506893421,61.62 Â± 2.43 / 15.61 Â± 1.64@@61.61802467191592,4.12 Â± 1.60 / 28.61 Â± 1.13@@4.115892852720933,-2.36 Â± 2.84 / 47.50 Â± 2.47@@-2.3578574180569705,14.3.0@@140300,14.3.0@@140300,14.3.0@@140300,14.3.0@@140300,14.3.0@@140300,14.4.0@@140400,14.4.0@@140400
google/gemma-2-2b (few-shot),3.7,2614341888.0,256000.0,8193,5235.32,ğŸ§ ,âœ“,âœ—,12.86 Â± 6.56 / 28.74 Â± 6.46@@12.856492819807727,10.67 Â± 5.23 / 13.01 Â± 3.26@@10.670803588601817,-0.21 Â± 0.99 / 33.71 Â± 0.28@@-0.20576992548476228,43.48 Â± 2.32 / 20.22 Â± 3.01@@43.4773167861112,59.97 Â± 2.49 / 13.32 Â± 2.03@@59.965258363226894,10.08 Â± 1.82 / 32.08 Â± 1.37@@10.08316304429947,1.16 Â± 2.48 / 51.00 Â± 1.70@@1.1649480090122466,14.1.2@@140102,13.0.0@@130000,13.0.0@@130000,13.0.0@@130000,13.0.0@@130000,13.0.0@@130000,13.0.0@@130000
AI-Sweden-Models/gpt-sw3-356m-instruct (few-shot),3.73,470607872.0,64000.0,2048,5854.62,ğŸ“,âœ“,âœ—,21.09 Â± 4.78 / 36.73 Â± 5.45@@21.090312898216574,17.79 Â± 1.18 / 18.12 Â± 1.18@@17.793745995305642,0.08 Â± 0.15 / 33.73 Â± 0.26@@0.07680459391561338,34.77 Â± 1.72 / 15.04 Â± 2.53@@34.772282302487675,59.45 Â± 1.99 / 12.89 Â± 1.04@@59.45020971703343,1.06 Â± 1.26 / 22.59 Â± 0.63@@1.0614696132139587,5.69 Â± 2.26 / 56.71 Â± 0.87@@5.693906065689234,13.3.0@@130300,12.7.0@@120700,12.7.0@@120700,12.7.0@@120700,12.7.0@@120700,12.10.8@@121008,12.7.0@@120700
HPLT/gpt-7b-nordic-prerelease (few-shot),3.73,7550013440.0,131072.0,4096,1382.06,ğŸ§ ,âœ“,âœ—,26.31 Â± 7.12 / 39.72 Â± 8.86@@26.3117115797379,29.67 Â± 3.72 / 27.17 Â± 3.34@@29.672848216569264,-0.03 Â± 1.37 / 36.71 Â± 1.69@@-0.03144438848249626,44.31 Â± 1.72 / 21.77 Â± 2.71@@44.305010865837474,52.52 Â± 1.06 / 8.43 Â± 0.54@@52.522121029905975,0.09 Â± 1.89 / 23.25 Â± 0.85@@0.08979413815587231,-0.74 Â± 2.25 / 54.29 Â± 1.70@@-0.7430280538656369,14.1.2@@140102,14.0.3@@140003,14.1.2@@140102,14.0.3@@140003,14.0.3@@140003,14.0.3@@140003,14.0.3@@140003
BSC-LT/salamandra-7b (few-shot),3.75,7768117248.0,256000.0,8192,3123.97,ğŸ§ ,âœ“,âœ—,12.42 Â± 4.80 / 32.14 Â± 5.26@@12.415176319865505,22.49 Â± 7.25 / 21.76 Â± 6.66@@22.489936408668026,0.71 Â± 0.82 / 34.71 Â± 1.17@@0.7127346888913509,45.28 Â± 2.00 / 23.36 Â± 1.27@@45.27677428656582,56.79 Â± 3.35 / 12.91 Â± 1.60@@56.78508877492276,4.64 Â± 1.21 / 28.21 Â± 1.09@@4.638824450377666,-4.70 Â± 2.08 / 49.07 Â± 1.30@@-4.695086484201096,14.4.0@@140400,14.4.0@@140400,14.4.0@@140400,14.4.0@@140400,14.4.0@@140400,14.4.0@@140400,14.4.0@@140400
BSC-LT/salamandra-7b-instruct (few-shot),3.75,7768117248.0,256000.0,8192,3958.96,ğŸ“,âœ“,âœ—,-1.16 Â± 1.23 / 15.63 Â± 0.46@@-1.1632178959764725,28.81 Â± 2.47 / 26.59 Â± 3.39@@28.806394536083126,1.97 Â± 2.12 / 36.42 Â± 0.83@@1.9698731460364587,53.07 Â± 1.16 / 25.95 Â± 2.26@@53.07294862047975,64.56 Â± 0.35 / 15.14 Â± 0.53@@64.55769185879035,4.91 Â± 1.28 / 28.62 Â± 1.01@@4.912001176327106,-8.73 Â± 1.96 / 46.93 Â± 1.12@@-8.731042755885749,14.4.0@@140400,14.4.0@@140400,14.4.0@@140400,14.4.0@@140400,14.4.0@@140400,14.4.0@@140400,14.4.0@@140400
neuralmagic/Sparse-Llama-3.1-8B-2of4 (few-shot),3.75,8030261248.0,128256.0,131072,2996.46,ğŸ§ ,âœ“,âœ—,21.46 Â± 6.37 / 35.83 Â± 5.28@@21.458812559618686,22.23 Â± 2.11 / 22.77 Â± 2.37@@22.22815313126955,0.10 Â± 0.51 / 33.23 Â± 0.41@@0.1034444029690576,45.64 Â± 1.96 / 23.34 Â± 2.39@@45.64155484013827,51.47 Â± 3.70 / 10.97 Â± 1.31@@51.4747655064275,6.43 Â± 1.33 / 29.48 Â± 1.16@@6.429855911682727,1.43 Â± 2.24 / 56.48 Â± 0.99@@1.4259237146725219,14.1.2@@140102,14.0.3@@140003,14.1.2@@140102,14.0.3@@140003,14.0.3@@140003,14.0.3@@140003,14.0.3@@140003
ibm-granite/granite-3.0-2b-instruct (few-shot),3.77,2634201088.0,49155.0,4097,10193.87,ğŸ“,âœ“,âœ—,5.88 Â± 2.95 / 21.46 Â± 3.02@@5.883368273363558,30.21 Â± 4.29 / 29.79 Â± 3.81@@30.214946840233807,3.67 Â± 1.87 / 48.02 Â± 3.06@@3.666165288750238,40.55 Â± 1.13 / 15.12 Â± 1.65@@40.5450119771865,56.75 Â± 2.25 / 10.37 Â± 1.58@@56.74561150255612,3.22 Â± 0.92 / 27.64 Â± 0.84@@3.219816589844404,1.88 Â± 2.37 / 49.26 Â± 1.60@@1.8830665866521477,13.3.0@@130300,13.0.0@@130000,13.0.0@@130000,13.0.0@@130000,13.0.0@@130000,13.0.0@@130000,13.0.0@@130000
tollefj/nordavind-7b-instruct-warm (few-shot),3.78,7248023552.0,32768.0,2048,6450.44,ğŸ“,âœ—,âœ—,12.07 Â± 3.53 / 32.35 Â± 5.40@@12.073866130789346,34.76 Â± 4.42 / 23.42 Â± 2.33@@34.758335088267366,0.77 Â± 1.05 / 39.63 Â± 2.41@@0.7666971417583707,30.77 Â± 2.12 / 12.80 Â± 2.37@@30.765048401001046,61.23 Â± 1.78 / 15.53 Â± 0.95@@61.22694753634278,2.01 Â± 0.96 / 25.83 Â± 1.02@@2.006225733853989,-0.76 Â± 3.69 / 53.64 Â± 2.57@@-0.7632770739438494,13.3.0@@130300,12.5.2@@120502,12.3.2@@120302,12.4.0@@120400,12.4.0@@120400,12.10.8@@121008,12.3.2@@120302
meta-llama/Llama-3.2-1B-Instruct (few-shot),3.79,1235814400.0,128256.0,131073,7435.78,ğŸ“,âœ“,âœ—,6.91 Â± 4.60 / 27.56 Â± 4.17@@6.91212856385702,33.76 Â± 3.44 / 32.21 Â± 2.82@@33.76406720506899,-0.13 Â± 1.34 / 42.66 Â± 3.62@@-0.12535311896821058,33.38 Â± 1.39 / 12.43 Â± 2.62@@33.37522401789114,59.46 Â± 2.42 / 13.23 Â± 1.87@@59.46085617033532,2.09 Â± 1.34 / 25.68 Â± 0.67@@2.094203133024718,3.56 Â± 2.07 / 56.72 Â± 0.99@@3.5578873468256402,13.3.0@@130300,13.0.0@@130000,13.0.0@@130000,13.0.0@@130000,13.0.0@@130000,13.0.0@@130000,13.0.0@@130000
openGPT-X/Teuken-7B-instruct-research-v0.4 (few-shot),3.81,7452725248.0,250680.0,4096,1253.66,ğŸ“,âœ—,âœ—,4.30 Â± 1.28 / 19.35 Â± 2.86@@4.3044520950718335,28.74 Â± 2.37 / 19.43 Â± 1.48@@28.742732234627923,0.06 Â± 1.39 / 34.20 Â± 1.30@@0.0587580131096041,45.55 Â± 1.65 / 17.41 Â± 2.45@@45.552886372934125,60.79 Â± 0.72 / 13.13 Â± 0.60@@60.790995955176186,0.18 Â± 1.16 / 23.06 Â± 0.66@@0.17881379334569383,-1.64 Â± 2.16 / 53.50 Â± 2.67@@-1.6434553478459866,14.0.4@@140004,14.0.4@@140004,14.0.4@@140004,14.0.4@@140004,14.0.4@@140004,14.0.4@@140004,14.0.4@@140004
openGPT-X/Teuken-7B-instruct-commercial-v0.4 (few-shot),3.82,7452725248.0,250680.0,4096,1437.66,ğŸ“,âœ“,âœ—,-0.79 Â± 2.98 / 26.06 Â± 1.66@@-0.7932677192680269,26.58 Â± 1.47 / 22.13 Â± 2.38@@26.57778554877869,0.63 Â± 1.36 / 43.80 Â± 3.59@@0.6318812247750565,44.23 Â± 2.12 / 15.14 Â± 2.49@@44.22595373609237,60.84 Â± 0.65 / 13.75 Â± 0.70@@60.844096983491916,1.17 Â± 1.56 / 23.34 Â± 1.03@@1.170949889610135,-0.12 Â± 2.10 / 54.54 Â± 1.79@@-0.1223105066831382,14.0.4@@140004,14.0.4@@140004,14.0.4@@140004,14.0.4@@140004,14.0.4@@140004,14.0.4@@140004,14.0.4@@140004
infly/OpenCoder-1.5B-Instruct (few-shot),3.82,1905650880.0,96640.0,4096,7719.75,ğŸ“,âœ—,âœ—,12.83 Â± 4.40 / 29.24 Â± 2.75@@12.829089250516812,27.52 Â± 4.25 / 25.50 Â± 3.76@@27.52422387174337,0.76 Â± 1.13 / 37.37 Â± 2.24@@0.7556755484128127,31.41 Â± 1.78 / 8.84 Â± 1.15@@31.414172572836833,55.62 Â± 1.73 / 9.94 Â± 0.67@@55.61685994878645,0.96 Â± 1.34 / 24.16 Â± 1.20@@0.9588654149944288,1.57 Â± 1.82 / 53.08 Â± 3.50@@1.5682823085990143,14.4.0@@140400,14.4.0@@140400,14.4.0@@140400,14.4.0@@140400,14.4.0@@140400,14.4.0@@140400,14.4.0@@140400
ibm-granite/granite-3.0-3b-a800m-instruct (few-shot),3.83,3374295552.0,49155.0,4096,10246.27,ğŸ“,âœ“,âœ—,5.07 Â± 2.69 / 27.01 Â± 2.31@@5.0723116937999375,23.14 Â± 2.08 / 23.09 Â± 2.24@@23.137196122546456,0.18 Â± 1.67 / 33.93 Â± 0.34@@0.18404338218975777,36.10 Â± 1.65 / 14.15 Â± 2.49@@36.10220331406217,60.80 Â± 0.81 / 10.79 Â± 1.85@@60.8017198604648,2.86 Â± 1.31 / 26.61 Â± 1.04@@2.8551734661210784,-1.31 Â± 2.24 / 50.29 Â± 1.93@@-1.3132387605296092,13.3.0@@130300,13.0.0@@130000,13.0.0@@130000,13.0.0@@130000,13.0.0@@130000,13.0.0@@130000,13.0.0@@130000
meta-llama/Llama-2-13b-chat-hf (few-shot),3.84,13015866880.0,32000.0,4096,1719.8,ğŸ“,âœ“,âœ—,5.44 Â± 2.06 / 27.48 Â± 3.27@@5.440536905590335,22.18 Â± 1.53 / 17.26 Â± 1.52@@22.180589984567156,1.15 Â± 1.03 / 42.58 Â± 3.07@@1.1460400329185643,37.48 Â± 2.45 / 16.97 Â± 0.69@@37.483645469286145,59.93 Â± 1.37 / 9.01 Â± 1.63@@59.93193413683912,2.87 Â± 1.95 / 26.94 Â± 1.40@@2.8704703658934765,0.33 Â± 0.90 / 43.58 Â± 1.03@@0.3310648021626418,14.3.0@@140300,14.3.0@@140300,14.3.0@@140300,14.3.0@@140300,14.3.0@@140300,14.3.0@@140300,14.3.0@@140300
HuggingFaceTB/SmolLM2-1.7B-Instruct (few-shot),3.84,1711376384.0,49152.0,8192,2631.13,ğŸ“,âœ“,âœ—,6.86 Â± 5.25 / 23.96 Â± 4.13@@6.8643190552734366,26.23 Â± 3.53 / 23.26 Â± 2.30@@26.234562607262006,2.69 Â± 1.42 / 45.61 Â± 2.69@@2.692539056807734,28.57 Â± 2.09 / 10.84 Â± 2.59@@28.572707027036188,60.43 Â± 2.70 / 15.28 Â± 1.36@@60.43254752526991,1.93 Â± 1.38 / 25.06 Â± 1.16@@1.9349162166115472,3.27 Â± 2.97 / 54.02 Â± 1.79@@3.2674516169096237,13.3.0@@130300,13.1.0@@130100,13.1.0@@130100,13.1.0@@130100,13.1.0@@130100,13.1.0@@130100,13.1.0@@130100
ibm-granite/granite-3b-code-base-2k (few-shot),3.86,3482503680.0,49152.0,2048,2731.51,ğŸ§ ,âœ“,âœ—,4.29 Â± 3.60 / 23.24 Â± 4.11@@4.2948230067794375,38.52 Â± 3.25 / 28.84 Â± 5.49@@38.520347240151196,0.00 Â± 0.00 / 33.69 Â± 0.28@@0.0,36.06 Â± 2.17 / 12.94 Â± 2.60@@36.063253402796484,58.58 Â± 4.00 / 12.91 Â± 2.09@@58.58184312688536,2.11 Â± 1.02 / 27.80 Â± 1.02@@2.112110205059406,-4.75 Â± 2.84 / 50.40 Â± 4.21@@-4.750067821094351,14.1.2@@140102,13.0.0@@130000,13.0.0@@130000,13.0.0@@130000,13.0.0@@130000,13.0.0@@130000,13.0.0@@130000
Qwen/Qwen1.5-4B-Chat (few-shot),3.86,3950369280.0,151936.0,32768,4347.23,ğŸ“,âœ—,âœ—,7.56 Â± 4.87 / 26.07 Â± 4.12@@7.564792846740619,25.65 Â± 2.99 / 22.30 Â± 2.30@@25.647202928757984,-0.35 Â± 2.01 / 44.36 Â± 4.13@@-0.3471457858012447,32.31 Â± 1.66 / 14.46 Â± 2.66@@32.30830505111932,62.11 Â± 2.22 / 14.98 Â± 1.53@@62.11320015339879,4.50 Â± 1.47 / 28.86 Â± 1.09@@4.499304606112228,-1.89 Â± 2.66 / 43.72 Â± 0.92@@-1.8878415574210698,13.3.0@@130300,12.5.2@@120502,12.1.0@@120100,12.5.2@@120502,12.1.0@@120100,12.10.8@@121008,12.1.0@@120100
AI-Sweden-Models/gpt-sw3-1.3b (few-shot),3.87,1444532224.0,64000.0,2048,4607.55,ğŸ§ ,âœ“,âœ—,4.18 Â± 2.03 / 17.89 Â± 1.60@@4.180635117436628,1.42 Â± 1.60 / 3.11 Â± 1.85@@1.4213477442273925,0.75 Â± 0.73 / 45.87 Â± 2.20@@0.747181345017417,45.28 Â± 1.58 / 23.33 Â± 2.22@@45.275184680490916,64.23 Â± 1.78 / 15.08 Â± 2.03@@64.23191310022958,0.40 Â± 1.88 / 23.35 Â± 1.22@@0.39517823886394116,0.68 Â± 4.15 / 50.85 Â± 2.65@@0.6814219887231752,14.1.2@@140102,12.7.0@@120700,12.7.0@@120700,12.7.0@@120700,12.7.0@@120700,12.10.8@@121008,12.7.0@@120700
ibm-granite/granite-3.0-2b-base (few-shot),3.88,2533525504.0,49152.0,4097,10186.88,ğŸ§ ,âœ“,âœ—,1.70 Â± 2.98 / 16.77 Â± 2.07@@1.6975371694111083,29.51 Â± 2.44 / 29.14 Â± 2.34@@29.512727992359757,-0.32 Â± 0.63 / 33.70 Â± 0.28@@-0.3204727173244391,34.06 Â± 1.47 / 12.36 Â± 2.12@@34.06028795412214,59.43 Â± 1.83 / 13.09 Â± 1.58@@59.42747797060293,2.35 Â± 1.26 / 27.85 Â± 0.87@@2.354315206635385,0.01 Â± 2.73 / 45.18 Â± 1.36@@0.006873807813639471,14.1.2@@140102,13.0.0@@130000,13.0.0@@130000,13.0.0@@130000,13.0.0@@130000,13.0.0@@130000,13.0.0@@130000
ibm-granite/granite-8b-code-instruct-4k (few-shot),3.89,8054910976.0,49152.0,4096,5616.81,ğŸ“,âœ“,âœ—,2.54 Â± 2.60 / 17.05 Â± 2.70@@2.5402126353609416,43.20 Â± 3.61 / 32.10 Â± 3.76@@43.19735755642495,0.00 Â± 0.00 / 33.69 Â± 0.28@@0.0,38.21 Â± 2.38 / 14.28 Â± 2.94@@38.21201227676991,49.66 Â± 3.28 / 7.97 Â± 1.43@@49.65768575668335,3.07 Â± 1.66 / 25.74 Â± 1.09@@3.0744390110066355,2.79 Â± 3.13 / 47.97 Â± 1.43@@2.7888023626947698,13.3.0@@130300,13.0.0@@130000,13.0.0@@130000,13.0.0@@130000,13.0.0@@130000,13.0.0@@130000,13.0.0@@130000
google/gemma-2b (few-shot),3.89,2506172416.0,256000.0,8192,6087.12,ğŸ§ ,âœ“,âœ—,10.08 Â± 5.54 / 31.35 Â± 3.02@@10.075873138776844,8.83 Â± 5.85 / 9.93 Â± 4.70@@8.832579592779453,0.31 Â± 1.95 / 45.42 Â± 3.51@@0.3094807360775005,37.41 Â± 2.44 / 16.08 Â± 2.91@@37.41033994814932,60.00 Â± 2.62 / 13.07 Â± 1.31@@60.00036994664697,2.52 Â± 1.20 / 26.23 Â± 1.40@@2.5224644133239473,0.00 Â± 2.53 / 56.42 Â± 0.98@@0.001512253750980512,14.1.2@@140102,12.5.2@@120502,12.1.0@@120100,12.1.0@@120100,12.1.0@@120100,12.10.8@@121008,12.1.0@@120100
HuggingFaceTB/SmolLM2-1.7B (few-shot),3.93,1711376384.0,49152.0,8192,2616.53,ğŸ§ ,âœ“,âœ—,10.09 Â± 3.91 / 29.11 Â± 2.96@@10.08765498023909,20.50 Â± 4.51 / 18.93 Â± 3.84@@20.50493369345175,0.83 Â± 1.65 / 45.84 Â± 2.02@@0.8337177914373941,28.36 Â± 1.48 / 10.84 Â± 2.45@@28.362316575291423,57.52 Â± 4.61 / 13.43 Â± 2.11@@57.521606558875646,3.16 Â± 0.85 / 26.13 Â± 0.67@@3.164416504134452,-1.83 Â± 3.11 / 49.80 Â± 1.96@@-1.8264937369144851,14.1.2@@140102,13.1.0@@130100,13.1.0@@130100,13.1.0@@130100,13.1.0@@130100,13.1.0@@130100,13.1.0@@130100
Qwen/Qwen1.5-4B (few-shot),3.94,3950369280.0,151936.0,32768,3247.86,ğŸ“,âœ“,âœ—,9.17 Â± 4.79 / 31.18 Â± 2.72@@9.174447478571615,15.66 Â± 5.89 / 15.78 Â± 3.95@@15.66464854822576,-0.55 Â± 1.06 / 39.57 Â± 3.61@@-0.5486034636518964,34.56 Â± 2.38 / 14.11 Â± 3.08@@34.55836828739497,57.17 Â± 3.07 / 11.73 Â± 1.00@@57.17480521954712,5.46 Â± 1.45 / 29.23 Â± 1.11@@5.455516397962036,-1.71 Â± 3.79 / 50.88 Â± 1.29@@-1.705103667801615,14.1.2@@140102,12.5.2@@120502,12.1.0@@120100,12.1.0@@120100,12.1.0@@120100,12.10.8@@121008,12.1.0@@120100
tiiuae/Falcon3-3B-Base (few-shot),3.96,3227655168.0,131072.0,32768,6469.55,ğŸ§ ,âœ“,âœ—,0.28 Â± 1.50 / 17.73 Â± 2.29@@0.2849415381333482,25.80 Â± 6.30 / 25.67 Â± 4.09@@25.800137007858233,0.50 Â± 0.62 / 33.73 Â± 0.93@@0.4997347144164282,27.03 Â± 2.52 / 7.85 Â± 1.96@@27.02663041890589,59.70 Â± 1.14 / 12.34 Â± 0.71@@59.69613282737555,1.59 Â± 1.71 / 25.17 Â± 0.95@@1.5908477936689407,1.75 Â± 3.16 / 56.47 Â± 0.96@@1.7518041806297295,14.3.0@@140300,14.3.0@@140300,14.3.0@@140300,14.3.0@@140300,14.3.0@@140300,14.3.0@@140300,14.3.0@@140300
google/gemma-2b-it (few-shot),3.96,2506172416.0,256000.0,8192,6470.59,ğŸ“,âœ—,âœ—,-0.75 Â± 1.97 / 22.91 Â± 2.76@@-0.7505679530809751,20.49 Â± 2.30 / 18.33 Â± 1.40@@20.486093587999893,-0.01 Â± 2.13 / 46.02 Â± 2.71@@-0.014915478013560675,37.64 Â± 0.75 / 10.95 Â± 2.39@@37.64299848940366,59.16 Â± 0.96 / 9.92 Â± 1.05@@59.15747941908194,0.45 Â± 1.44 / 22.94 Â± 0.76@@0.45296441836545986,0.62 Â± 1.42 / 56.02 Â± 0.95@@0.6205533294931617,14.1.2@@140102,12.5.2@@120502,12.1.0@@120100,12.4.0@@120400,12.4.0@@120400,12.10.8@@121008,12.1.0@@120100
tiiuae/Falcon3-3B-Instruct (few-shot),3.98,3227655168.0,131072.0,32768,6467.85,ğŸ“,âœ“,âœ—,1.98 Â± 1.67 / 17.30 Â± 1.88@@1.9777921923681636,20.94 Â± 5.31 / 21.80 Â± 2.82@@20.935265168866696,1.80 Â± 1.16 / 49.31 Â± 1.25@@1.7985609732588357,29.05 Â± 1.70 / 10.46 Â± 1.54@@29.052048963390256,62.44 Â± 0.98 / 14.46 Â± 0.97@@62.44399137649452,1.23 Â± 1.15 / 26.27 Â± 0.81@@1.234070475826342,-3.43 Â± 2.20 / 46.02 Â± 0.94@@-3.425356313013643,14.3.0@@140300,14.3.0@@140300,14.3.0@@140300,14.3.0@@140300,14.3.0@@140300,14.3.0@@140300,14.3.0@@140300
meta-llama/Llama-3.2-1B (few-shot),4.02,1235814400.0,128256.0,131073,7577.45,ğŸ§ ,âœ“,âœ—,7.64 Â± 4.41 / 25.58 Â± 4.40@@7.637143601643377,17.77 Â± 6.81 / 16.42 Â± 6.19@@17.768047026662657,-0.35 Â± 1.50 / 34.29 Â± 1.64@@-0.3474789406906186,30.75 Â± 2.05 / 8.15 Â± 2.21@@30.75057040703996,54.21 Â± 3.27 / 11.06 Â± 1.56@@54.206000126723666,0.71 Â± 1.34 / 25.40 Â± 0.83@@0.714664669069069,2.88 Â± 1.84 / 54.45 Â± 2.60@@2.880840530102807,14.1.2@@140102,13.0.0@@130000,13.0.0@@130000,13.0.0@@130000,13.0.0@@130000,13.0.0@@130000,13.0.0@@130000
PleIAs/Pleias-1.2b-Preview (few-shot),4.05,1195468800.0,65536.0,2048,10756.07,ğŸ§ ,âœ“,âœ—,0.53 Â± 2.22 / 20.28 Â± 1.55@@0.5316993804716443,22.56 Â± 3.90 / 22.69 Â± 3.50@@22.56464679338533,-0.26 Â± 0.43 / 33.59 Â± 1.01@@-0.2587567122001252,31.35 Â± 2.10 / 11.80 Â± 1.82@@31.349676399424748,53.36 Â± 3.05 / 8.87 Â± 1.05@@53.361753310600754,0.36 Â± 1.59 / 23.64 Â± 0.76@@0.35556177016722773,0.24 Â± 3.00 / 55.12 Â± 1.24@@0.23515773600529222,14.1.2@@140102,14.0.4@@140004,14.1.2@@140102,14.3.0@@140300,14.0.4@@140004,14.0.4@@140004,14.0.4@@140004
ibm-granite/granite-3.0-3b-a800m-base (few-shot),4.06,3374286336.0,49152.0,4096,10504.04,ğŸ§ ,âœ“,âœ—,0.65 Â± 3.12 / 18.97 Â± 1.86@@0.64571882189982,18.07 Â± 3.62 / 18.73 Â± 2.54@@18.074401338168133,-0.72 Â± 1.22 / 33.96 Â± 0.50@@-0.7216343640401477,30.66 Â± 1.47 / 12.27 Â± 2.81@@30.659317001286286,56.49 Â± 3.33 / 8.77 Â± 1.24@@56.494120786956046,0.32 Â± 1.35 / 24.82 Â± 1.04@@0.32273312556041117,1.00 Â± 2.57 / 51.21 Â± 2.91@@0.9999674834550859,14.1.2@@140102,13.0.0@@130000,13.0.0@@130000,13.0.0@@130000,13.0.0@@130000,13.0.0@@130000,13.0.0@@130000
ibm-granite/granite-3b-code-instruct-2k (few-shot),4.06,3482503680.0,49152.0,2048,9058.91,ğŸ“,âœ“,âœ—,0.60 Â± 2.01 / 16.42 Â± 1.16@@0.5962067702471745,33.57 Â± 2.48 / 33.47 Â± 2.48@@33.56640926356079,0.00 Â± 0.00 / 33.69 Â± 0.28@@0.0,33.54 Â± 1.64 / 11.27 Â± 2.38@@33.538383281914314,49.32 Â± 3.71 / 8.01 Â± 2.04@@49.3151817942271,1.37 Â± 1.11 / 25.57 Â± 1.36@@1.366383018425726,-4.04 Â± 3.58 / 50.55 Â± 3.65@@-4.037437052298657,13.3.0@@130300,13.0.0@@130000,13.0.0@@130000,13.0.0@@130000,13.0.0@@130000,13.0.0@@130000,13.0.0@@130000
BSC-LT/salamandra-2b-instruct (few-shot),4.07,2253490176.0,256000.0,8192,10891.84,ğŸ“,âœ“,âœ—,1.04 Â± 2.73 / 19.96 Â± 2.37@@1.039311796479294,14.33 Â± 4.95 / 15.10 Â± 4.62@@14.326702406745238,1.54 Â± 0.98 / 39.99 Â± 3.48@@1.541813902383258,30.80 Â± 1.35 / 7.49 Â± 1.26@@30.801121630042246,55.97 Â± 2.01 / 9.94 Â± 0.63@@55.965628955455024,-0.20 Â± 1.34 / 25.10 Â± 1.03@@-0.20408839718491606,1.20 Â± 2.95 / 50.40 Â± 3.28@@1.2032696725471779,14.4.0@@140400,14.4.0@@140400,14.4.0@@140400,14.4.0@@140400,14.4.0@@140400,14.4.0@@140400,14.4.0@@140400
PleIAs/Pleias-3b-Preview (few-shot),4.07,3211926528.0,65536.0,4096,6513.19,ğŸ§ ,âœ“,âœ—,-0.67 Â± 2.61 / 21.03 Â± 3.38@@-0.6680436073651214,18.86 Â± 5.30 / 18.63 Â± 4.20@@18.86199576725836,-0.76 Â± 0.76 / 33.16 Â± 0.37@@-0.7556077179833927,26.37 Â± 2.54 / 7.88 Â± 1.59@@26.369846309771987,60.61 Â± 1.18 / 12.59 Â± 0.80@@60.6102804861439,-0.78 Â± 1.21 / 22.85 Â± 1.06@@-0.7832878083002582,-0.84 Â± 2.04 / 56.38 Â± 1.01@@-0.8355290174629108,14.1.2@@140102,14.0.4@@140004,14.1.2@@140102,14.3.0@@140300,14.0.4@@140004,14.0.4@@140004,14.0.4@@140004
Qwen/Qwen1.5-1.8B-Chat (few-shot),4.07,1836828672.0,151936.0,32768,8303.55,ğŸ“,âœ—,âœ—,6.87 Â± 6.27 / 28.55 Â± 3.29@@6.868625228247802,14.15 Â± 1.92 / 14.96 Â± 2.11@@14.145204731721789,0.78 Â± 1.70 / 44.74 Â± 3.57@@0.7750717862826889,23.47 Â± 1.64 / 7.80 Â± 1.32@@23.470785670812557,57.27 Â± 1.42 / 10.43 Â± 0.97@@57.26728103210916,1.62 Â± 1.18 / 25.09 Â± 1.06@@1.6201321274210503,1.92 Â± 2.32 / 50.07 Â± 2.68@@1.921961303527458,13.3.0@@130300,12.5.2@@120502,12.1.0@@120100,12.5.0@@120500,12.5.0@@120500,12.10.8@@121008,12.1.0@@120100
utter-project/EuroLLM-1.7B-Instruct (few-shot),4.07,1656850432.0,128000.0,4096,6288.34,ğŸ“,âœ“,âœ—,6.83 Â± 5.62 / 31.41 Â± 4.70@@6.829551010037892,13.29 Â± 2.33 / 14.72 Â± 2.11@@13.287603740400943,0.92 Â± 1.51 / 42.09 Â± 3.39@@0.9223621674828214,24.16 Â± 1.95 / 7.49 Â± 1.26@@24.164477102497763,56.76 Â± 2.66 / 9.80 Â± 1.05@@56.76220334280515,0.59 Â± 0.49 / 23.09 Â± 0.56@@0.586940022503146,1.87 Â± 3.67 / 49.58 Â± 3.20@@1.8712849509625828,13.3.0@@130300,13.1.0@@130100,13.1.0@@130100,13.1.0@@130100,13.1.0@@130100,13.1.0@@130100,13.1.0@@130100
ibm-granite/granite-7b-instruct (few-shot),4.08,6738481152.0,32008.0,4096,3136.16,ğŸ“,âœ“,âœ—,-0.51 Â± 3.34 / 18.63 Â± 3.02@@-0.5119745715411457,19.07 Â± 1.70 / 20.43 Â± 1.80@@19.06626477289966,0.99 Â± 1.27 / 39.24 Â± 3.43@@0.9938678381117647,25.84 Â± 1.85 / 9.54 Â± 0.94@@25.83965566518553,59.42 Â± 0.72 / 10.23 Â± 1.25@@59.4178642515908,0.79 Â± 1.16 / 24.04 Â± 0.75@@0.7880337079187076,-3.20 Â± 3.60 / 51.52 Â± 1.92@@-3.201335085100719,13.2.0@@130200,13.2.0@@130200,13.2.0@@130200,13.2.0@@130200,13.2.0@@130200,13.2.0@@130200,13.2.0@@130200
BSC-LT/salamandra-2b (few-shot),4.1,2253490176.0,256000.0,8192,7146.49,ğŸ§ ,âœ“,âœ—,4.01 Â± 4.20 / 26.50 Â± 3.67@@4.0136628741167595,15.21 Â± 6.32 / 15.07 Â± 6.33@@15.210063580567823,0.77 Â± 1.76 / 41.00 Â± 4.29@@0.7670448159637328,22.88 Â± 1.95 / 6.45 Â± 1.63@@22.876313539373207,55.44 Â± 2.78 / 10.21 Â± 0.96@@55.43857484270121,0.85 Â± 1.04 / 23.48 Â± 1.13@@0.852261867675794,0.98 Â± 1.30 / 56.48 Â± 1.03@@0.9829614732780896,14.4.0@@140400,14.4.0@@140400,14.4.0@@140400,14.4.0@@140400,14.4.0@@140400,14.4.0@@140400,14.4.0@@140400
PleIAs/Pleias-Nano (few-shot),4.11,1195468800.0,65536.0,2048,2519.09,ğŸ§ ,âœ“,âœ—,2.13 Â± 2.07 / 21.55 Â± 2.63@@2.1341350357024846,9.90 Â± 5.26 / 15.24 Â± 2.90@@9.90148759798449,0.02 Â± 1.43 / 34.31 Â± 2.24@@0.024309080830444002,31.14 Â± 1.43 / 10.57 Â± 2.44@@31.141582907984038,54.83 Â± 2.32 / 11.29 Â± 0.66@@54.827320775511915,-0.56 Â± 1.92 / 23.31 Â± 1.19@@-0.5640072560578362,1.21 Â± 2.27 / 53.67 Â± 2.22@@1.2087037429195955,14.1.2@@140102,14.0.4@@140004,14.1.2@@140102,14.3.0@@140300,14.0.4@@140004,14.0.4@@140004,14.0.4@@140004
tiiuae/Falcon3-1B-Instruct (few-shot),4.11,1669408768.0,131072.0,8192,9270.37,ğŸ“,âœ“,âœ—,6.44 Â± 2.00 / 22.24 Â± 3.62@@6.440601635099151,9.39 Â± 3.31 / 9.28 Â± 3.38@@9.386205312746606,-0.72 Â± 1.67 / 43.21 Â± 3.74@@-0.7164457539602055,21.41 Â± 2.93 / 3.34 Â± 0.98@@21.411833617838113,59.37 Â± 0.99 / 11.96 Â± 0.51@@59.3717365336488,-1.22 Â± 0.96 / 23.83 Â± 1.00@@-1.2167987572241201,4.20 Â± 2.70 / 53.16 Â± 2.28@@4.198073649022051,14.1.2@@140102,14.1.2@@140102,14.1.2@@140102,14.1.2@@140102,14.1.2@@140102,14.1.2@@140102,14.1.2@@140102
ibm-granite/granite-3.0-1b-a400m-instruct (few-shot),4.13,1334628352.0,49155.0,4096,7964.03,ğŸ“,âœ“,âœ—,3.84 Â± 4.22 / 27.14 Â± 5.28@@3.8416603900017234,17.74 Â± 3.49 / 16.16 Â± 1.89@@17.738369866267973,-1.13 Â± 1.09 / 44.10 Â± 3.57@@-1.133342643832859,24.78 Â± 1.48 / 7.74 Â± 1.43@@24.77545696610511,58.60 Â± 1.15 / 10.95 Â± 1.08@@58.60240943467942,-1.11 Â± 1.33 / 22.73 Â± 0.90@@-1.1120517689778655,-4.23 Â± 3.18 / 51.91 Â± 2.86@@-4.228600837475452,13.2.0@@130200,13.2.0@@130200,13.2.0@@130200,13.2.0@@130200,13.2.0@@130200,13.2.0@@130200,13.2.0@@130200
timpal0l/Mistral-7B-v0.1-flashback-v2-instruct (few-shot),4.18,7241732096.0,32000.0,32768,5172.48,ğŸ“,âœ“,âœ—,13.57 Â± 4.68 / 28.38 Â± 5.14@@13.573177477674397,24.98 Â± 5.71 / 25.35 Â± 4.78@@24.975483335370704,1.18 Â± 1.09 / 39.01 Â± 2.76@@1.1778193846692793,21.32 Â± 2.25 / 8.52 Â± 2.30@@21.321351510317243,39.94 Â± 9.39 / 5.18 Â± 1.53@@39.93767608277267,4.83 Â± 1.40 / 29.14 Â± 1.10@@4.826633006280368,4.70 Â± 2.96 / 56.56 Â± 0.97@@4.696631264118602,13.3.0@@130300,12.5.2@@120502,12.3.2@@120302,12.3.2@@120302,12.3.2@@120302,12.10.8@@121008,12.3.2@@120302
Qwen/Qwen1.5-0.5B-Chat (few-shot),4.18,619570176.0,151936.0,32768,11740.04,ğŸ“,âœ—,âœ—,1.63 Â± 1.45 / 19.19 Â± 0.27@@1.6260754932216193,9.50 Â± 3.17 / 9.41 Â± 3.40@@9.499557674322503,1.76 Â± 1.62 / 38.51 Â± 3.72@@1.760841610419177,17.84 Â± 2.26 / 3.14 Â± 0.71@@17.837555005528557,58.92 Â± 1.57 / 10.09 Â± 1.41@@58.92339875936159,-1.28 Â± 1.48 / 24.82 Â± 0.92@@-1.2759834553801384,1.48 Â± 3.56 / 53.95 Â± 2.45@@1.4776555974452352,13.3.0@@130300,12.5.2@@120502,12.1.0@@120100,12.5.0@@120500,12.5.0@@120500,12.10.8@@121008,12.1.0@@120100
Qwen/Qwen1.5-0.5B (few-shot),4.19,619570176.0,151936.0,32768,11371.34,ğŸ“,âœ“,âœ—,0.10 Â± 1.78 / 18.76 Â± 2.62@@0.09616252238667629,16.20 Â± 1.52 / 16.96 Â± 1.71@@16.202394901240204,-0.57 Â± 1.20 / 41.25 Â± 3.51@@-0.571815079355517,16.86 Â± 2.98 / 3.31 Â± 0.82@@16.861881004290684,56.00 Â± 3.13 / 10.05 Â± 0.73@@56.00444653769955,1.96 Â± 1.72 / 25.55 Â± 1.37@@1.9563715040186538,0.85 Â± 1.91 / 52.12 Â± 2.92@@0.8478252471002843,14.1.2@@140102,12.5.2@@120502,12.1.0@@120100,12.1.0@@120100,12.1.0@@120100,12.10.8@@121008,12.1.0@@120100
ibm-granite/granite-3.0-1b-a400m-base (few-shot),4.19,1384956928.0,49152.0,4096,7808.38,ğŸ§ ,âœ“,âœ—,4.82 Â± 4.50 / 22.80 Â± 5.16@@4.820402505547299,5.62 Â± 3.01 / 8.37 Â± 2.88@@5.624260361705984,-0.20 Â± 0.76 / 33.73 Â± 0.26@@-0.20155402551582155,18.58 Â± 2.50 / 4.94 Â± 1.33@@18.580694096134977,58.01 Â± 2.21 / 10.21 Â± 1.25@@58.011114362016095,0.78 Â± 1.22 / 22.17 Â± 0.62@@0.7776838017904788,-2.14 Â± 2.71 / 51.91 Â± 3.81@@-2.1381136396516105,13.2.0@@130200,13.2.0@@130200,13.2.0@@130200,13.2.0@@130200,13.2.0@@130200,13.2.0@@130200,13.2.0@@130200
RJuro/kanelsnegl-v0.2 (few-shot),4.23,7241732096.0,32000.0,512,1373.32,ğŸ“,âœ“,âœ—,7.76 Â± 3.65 / 29.49 Â± 4.31@@7.75755803119849,23.67 Â± 5.16 / 23.19 Â± 4.37@@23.667579172525674,0.00 Â± 0.00 / 33.69 Â± 0.28@@0.0,14.61 Â± 2.02 / 0.00 Â± 0.00@@14.610022729466914,50.54 Â± 0.14 / 3.11 Â± 0.06@@50.53884533728705,0.00 Â± 0.00 / 22.04 Â± 0.48@@0.0,0.00 Â± 0.00 / 56.52 Â± 0.89@@0.0,14.1.2@@140102,12.7.0@@120700,12.7.0@@120700,12.7.0@@120700,12.7.0@@120700,12.10.8@@121008,12.7.0@@120700
utter-project/EuroLLM-1.7B (few-shot),4.23,,128000.0,4096,2755.85,ğŸ§ ,âœ“,âœ—,4.08 Â± 5.70 / 27.53 Â± 5.10@@4.081179361942229,4.76 Â± 1.90 / 5.24 Â± 2.04@@4.75903873445883,-0.04 Â± 1.83 / 43.39 Â± 3.87@@-0.037402797638920356,20.00 Â± 1.85 / 4.65 Â± 1.40@@19.996132153483728,55.39 Â± 1.53 / 9.61 Â± 0.62@@55.38696535746567,3.01 Â± 1.12 / 23.51 Â± 1.03@@3.0107255689326644,0.05 Â± 2.35 / 53.76 Â± 2.19@@0.04757050612014556,14.1.2@@140102,14.2.0.dev0@@140200,14.2.0.dev0@@140200,14.3.0@@140300,14.2.0.dev0@@140200,14.2.0.dev0@@140200,14.2.0.dev0@@140200
HuggingFaceTB/SmolLM2-360M (few-shot),4.23,361821120.0,49152.0,8192,22023.39,ğŸ§ ,âœ“,âœ—,3.82 Â± 2.09 / 24.09 Â± 2.81@@3.82219525135271,13.43 Â± 1.36 / 13.81 Â± 1.45@@13.432680913112941,1.14 Â± 1.52 / 36.93 Â± 3.69@@1.1373777065411663,16.21 Â± 2.86 / 3.71 Â± 1.14@@16.214384060325518,51.93 Â± 3.96 / 8.48 Â± 0.87@@51.92685839283513,0.95 Â± 1.48 / 22.52 Â± 1.05@@0.9498647503150434,2.90 Â± 2.91 / 56.72 Â± 0.69@@2.8975814034497986,14.1.2@@140102,13.1.0@@130100,13.1.0@@130100,13.1.0@@130100,13.1.0@@130100,13.1.0@@130100,13.1.0@@130100
HuggingFaceTB/SmolLM2-135M (few-shot),4.25,134515008.0,49152.0,8192,26346.08,ğŸ§ ,âœ“,âœ—,3.13 Â± 3.12 / 22.51 Â± 2.62@@3.1250956465663045,14.74 Â± 2.42 / 16.01 Â± 2.04@@14.740410265619786,-0.25 Â± 0.60 / 34.69 Â± 3.02@@-0.25109139836746147,10.92 Â± 2.52 / 1.35 Â± 0.73@@10.920926432824114,52.66 Â± 3.89 / 8.73 Â± 0.71@@52.66249636915745,1.21 Â± 0.80 / 26.20 Â± 1.03@@1.2149038385446491,1.69 Â± 2.26 / 49.46 Â± 3.56@@1.6889423019915635,14.1.2@@140102,13.1.0@@130100,13.1.0@@130100,13.1.0@@130100,13.1.0@@130100,13.1.0@@130100,13.1.0@@130100
PleIAs/Pleias-350m-Preview (few-shot),4.25,353424384.0,65536.0,2048,10241.69,ğŸ§ ,âœ“,âœ—,2.38 Â± 2.00 / 21.79 Â± 2.03@@2.37526095766531,17.73 Â± 1.58 / 18.22 Â± 1.53@@17.725779861744417,-0.18 Â± 1.21 / 37.94 Â± 4.17@@-0.18459116046231183,12.52 Â± 3.09 / 1.67 Â± 0.80@@12.516527435577226,52.81 Â± 2.78 / 8.12 Â± 0.57@@52.81286322424421,0.89 Â± 1.75 / 25.64 Â± 1.59@@0.891275111114476,-1.11 Â± 3.80 / 55.19 Â± 1.68@@-1.10518997893377,14.1.2@@140102,14.0.4@@140004,14.1.2@@140102,14.3.0@@140300,14.0.4@@140004,14.0.4@@140004,14.0.4@@140004
Qwen/Qwen1.5-1.8B (few-shot),4.26,1836828672.0,151936.0,32768,5665.51,ğŸ“,âœ“,âœ—,-9.69 Â± 4.92 / 18.53 Â± 1.70@@-9.692255640951043,12.26 Â± 4.13 / 12.77 Â± 3.60@@12.2564717359214,0.94 Â± 1.34 / 40.66 Â± 3.73@@0.9391233223751004,20.24 Â± 2.02 / 6.31 Â± 1.01@@20.239927056151725,55.32 Â± 3.49 / 8.91 Â± 1.05@@55.32138133654371,3.65 Â± 1.45 / 26.36 Â± 0.92@@3.648456464443426,1.13 Â± 3.74 / 52.30 Â± 2.26@@1.1269151818909484,14.1.2@@140102,12.5.2@@120502,12.1.0@@120100,12.1.0@@120100,12.1.0@@120100,12.10.8@@121008,12.1.0@@120100
HuggingFaceTB/SmolLM2-360M-Instruct (few-shot),4.28,361821120.0,49152.0,8192,21776.98,ğŸ“,âœ“,âœ—,3.12 Â± 4.92 / 27.55 Â± 4.21@@3.119586739334935,13.60 Â± 1.50 / 13.99 Â± 1.39@@13.604288959531289,0.28 Â± 1.41 / 37.58 Â± 4.34@@0.27941118047596886,16.34 Â± 2.86 / 4.09 Â± 1.03@@16.34255240558031,50.00 Â± 3.22 / 7.84 Â± 0.71@@50.00184950593394,-0.11 Â± 0.95 / 22.28 Â± 0.83@@-0.10813055238845908,2.51 Â± 3.01 / 51.41 Â± 3.27@@2.5106951120171743,13.3.0@@130300,13.1.0@@130100,13.1.0@@130100,13.1.0@@130100,13.1.0@@130100,13.1.0@@130100,13.1.0@@130100
state-spaces/mamba-2.8b-hf (few-shot),4.29,2768345600.0,50280.0,32769,2721.51,ğŸ§ ,âœ“,âœ—,-1.70 Â± 2.31 / 21.85 Â± 2.75@@-1.6960200906729677,18.38 Â± 1.54 / 20.76 Â± 1.34@@18.3787490312579,0.49 Â± 1.54 / 42.54 Â± 4.23@@0.49316437593661927,23.24 Â± 0.99 / 6.30 Â± 2.23@@23.24439988016584,51.62 Â± 2.09 / 8.63 Â± 0.96@@51.624621043738436,2.25 Â± 1.26 / 26.07 Â± 1.15@@2.249729200075833,-6.17 Â± 1.44 / 52.90 Â± 2.42@@-6.171052560773848,13.3.0@@130300,13.0.0@@130000,13.0.0@@130000,13.0.0@@130000,13.0.0@@130000,13.0.0@@130000,13.0.0@@130000
infly/OpenCoder-1.5B-Base (few-shot),4.3,1905650960.0,96640.0,4096,7718.23,ğŸ§ ,âœ“,âœ—,1.80 Â± 3.60 / 22.69 Â± 2.96@@1.7974525679809956,8.02 Â± 3.16 / 8.81 Â± 3.17@@8.018100034226093,0.21 Â± 1.57 / 40.92 Â± 4.01@@0.20862041468609388,18.64 Â± 2.02 / 0.24 Â± 0.16@@18.641790550078188,51.58 Â± 1.80 / 8.43 Â± 0.50@@51.58390069380403,-1.04 Â± 1.50 / 24.02 Â± 1.21@@-1.0374271245839375,1.62 Â± 1.78 / 53.42 Â± 3.69@@1.6224739833501978,14.4.0@@140400,14.4.0@@140400,14.4.0@@140400,15.0.0@@150000,15.0.0@@150000,15.0.0@@150000,15.0.0@@150000
HuggingFaceTB/SmolLM2-135M-Instruct (few-shot),4.35,134515008.0,49152.0,8192,25602.11,ğŸ“,âœ“,âœ—,3.01 Â± 2.55 / 22.58 Â± 2.22@@3.0125722746984627,13.70 Â± 2.05 / 15.01 Â± 2.07@@13.695222045703156,-0.83 Â± 0.71 / 32.99 Â± 0.27@@-0.8315203691441113,10.22 Â± 2.52 / 0.94 Â± 0.54@@10.219858650488787,50.30 Â± 4.32 / 7.82 Â± 0.77@@50.301044414227356,1.10 Â± 1.16 / 25.43 Â± 1.07@@1.0966330229258032,-0.07 Â± 3.01 / 46.28 Â± 3.42@@-0.07144646844912124,13.3.0@@130300,13.1.0@@130100,13.1.0@@130100,13.1.0@@130100,13.1.0@@130100,13.1.0@@130100,13.1.0@@130100
RuterNorway/Llama-2-7b-chat-norwegian (few-shot),4.36,,32000.0,4096,10889.7,ğŸ“,âœ—,âœ—,3.32 Â± 3.76 / 21.42 Â± 3.52@@3.319706856944725,9.48 Â± 1.48 / 10.10 Â± 1.44@@9.481827481761664,0.07 Â± 1.06 / 43.54 Â± 3.63@@0.0740321303305988,7.35 Â± 3.52 / 1.04 Â± 0.96@@7.347187244553834,55.16 Â± 1.26 / 10.52 Â± 1.13@@55.16094319798868,-0.80 Â± 2.00 / 23.89 Â± 0.86@@-0.7999383246790911,-0.16 Â± 0.86 / 32.02 Â± 2.77@@-0.15511748610176768,13.3.0@@130300,9.3.1@@90301,9.3.1@@90301,12.5.2@@120502,12.4.0@@120400,12.10.8@@121008,12.1.0@@120100
PleIAs/Pleias-Pico (few-shot),4.43,353424384.0,65536.0,2048,2330.93,ğŸ§ ,âœ“,âœ—,2.17 Â± 2.73 / 22.31 Â± 3.55@@2.171430966146673,13.80 Â± 3.19 / 14.46 Â± 3.19@@13.80476491856816,-0.63 Â± 0.78 / 36.66 Â± 3.41@@-0.6316139704693582,10.78 Â± 2.69 / 1.21 Â± 0.65@@10.78293862767675,43.40 Â± 4.76 / 4.83 Â± 1.49@@43.400840985559626,1.16 Â± 0.83 / 25.72 Â± 0.93@@1.1615761652683714,1.21 Â± 4.89 / 55.31 Â± 1.38@@1.2105293961806904,14.1.2@@140102,14.0.4@@140004,14.1.2@@140102,14.3.0@@140300,14.0.4@@140004,14.0.4@@140004,14.0.4@@140004
NorGLM/NorGPT-369M (few-shot),4.54,,64000.0,1024,19895.92,ğŸ§ ,âœ“,âœ—,2.78 Â± 2.87 / 22.52 Â± 3.50@@2.7832100369999586,1.68 Â± 1.40 / 1.54 Â± 1.28@@1.681122449027004,-1.38 Â± 1.13 / 34.41 Â± 2.16@@-1.3838971163248392,10.05 Â± 2.08 / 0.08 Â± 0.09@@10.054494675474924,44.02 Â± 1.31 / 6.35 Â± 0.43@@44.02229848506977,0.15 Â± 1.45 / 23.95 Â± 1.29@@0.14850246949927762,0.28 Â± 1.39 / 32.09 Â± 2.15@@0.27903765991507573,14.1.2@@140102,12.5.2@@120502,12.5.2@@120502,12.5.2@@120502,12.5.2@@120502,12.10.8@@121008,12.5.2@@120502
Sigurdur/icebreaker (few-shot),4.61,110418432.0,32000.0,1024,48618.98,ğŸ§ ,âœ—,âœ—,2.31 Â± 2.42 / 20.87 Â± 2.00@@2.314618877223785,0.00 Â± 0.00 / 0.00 Â± 0.00@@0.0,0.00 Â± 0.00 / 33.69 Â± 0.28@@0.0,3.90 Â± 0.28 / 0.00 Â± 0.00@@3.900971543318139,44.80 Â± 0.65 / 3.34 Â± 0.08@@44.798395296529634,0.23 Â± 0.75 / 22.11 Â± 0.48@@0.23463442510743382,0.38 Â± 0.75 / 56.53 Â± 0.89@@0.3833468429701947,14.1.2@@140102,12.5.2@@120502,12.5.2@@120502,12.5.2@@120502,12.5.2@@120502,12.10.8@@121008,12.5.2@@120502
Sigurdur/icechat (few-shot),4.7,110418432.0,32000.0,1024,49557.9,ğŸ“,âœ—,âœ—,1.86 Â± 2.32 / 23.48 Â± 4.78@@1.8550733710605365,0.00 Â± 0.00 / 0.00 Â± 0.00@@0.0,0.00 Â± 0.00 / 33.69 Â± 0.28@@0.0,0.64 Â± 0.34 / 0.00 Â± 0.00@@0.6433620254142527,42.46 Â± 0.47 / 3.58 Â± 0.45@@42.45606184544158,0.00 Â± 0.00 / 22.04 Â± 0.48@@0.0,0.00 Â± 0.00 / 56.52 Â± 0.89@@0.0,14.1.2@@140102,12.5.2@@120502,12.5.2@@120502,12.5.2@@120502,12.5.2@@120502,12.10.8@@121008,12.5.2@@120502
ssmits/Falcon2-5.5B-multilingual (few-shot),4.82,5465415680.0,65024.0,8192,7691.9,ğŸ§ ,âœ“,âœ“,-1.30 Â± 1.45 / 18.79 Â± 0.29@@-1.2960044295599988,0.00 Â± 0.00 / 0.00 Â± 0.00@@0.0,0.00 Â± 0.00 / 33.69 Â± 0.28@@0.0,0.02 Â± 0.01 / 0.00 Â± 0.00@@0.017767067403701462,36.58 Â± 2.96 / 0.16 Â± 0.02@@36.58273468055995,-0.00 Â± 1.73 / 24.71 Â± 1.42@@-0.0015158392785972336,0.00 Â± 0.00 / 43.48 Â± 0.89@@0.0,14.1.2@@140102,13.0.0@@130000,13.0.0@@130000,13.0.0@@130000,13.0.0@@130000,13.0.0@@130000,13.0.0@@130000
ai-forever/mGPT (few-shot),5.08,,100000.0,1024,11734.33,ğŸ§ ,âœ“,âœ—,2.54 Â± 2.23 / 21.79 Â± 2.35@@2.5365856183476887,0.00 Â± 0.00 / 0.00 Â± 0.00@@0.0,0.00 Â± 0.00 / 33.69 Â± 0.28@@0.0,0.05 Â± 0.03 / 0.00 Â± 0.00@@0.05205857249621295,17.11 Â± 1.37 / 0.96 Â± 0.09@@17.105766392633086,-0.02 Â± 1.16 / 22.75 Â± 0.50@@-0.022038037328978195,0.47 Â± 4.14 / 46.93 Â± 3.13@@0.4737899645622356,14.1.2@@140102,9.3.1@@90301,11.0.0@@110000,12.5.1@@120501,12.0.0@@120000,12.10.8@@121008,12.1.0@@120100
Sigurdur/jonas-hallgrimsson-gpt2 (few-shot),5.4,125011200.0,51001.0,512,32643.73,ğŸ§ ,âœ—,âœ—,0.00 Â± 0.00 / 18.81 Â± 0.27@@0.0,0.00 Â± 0.00 / 0.00 Â± 0.00@@0.0,0.00 Â± 0.00 / 33.69 Â± 0.28@@0.0,0.00 Â± 0.00 / 0.00 Â± 0.00@@0.0,0.00 Â± 0.00 / 0.00 Â± 0.00@@0.0,-0.26 Â± 0.90 / 22.02 Â± 0.48@@-0.26266439593687413,-0.01 Â± 1.21 / 55.08 Â± 0.99@@-0.01471819756822361,14.1.2@@140102,12.5.2@@120502,12.5.2@@120502,12.5.2@@120502,12.5.2@@120502,12.10.8@@121008,12.5.2@@120502
