model,rank,parameters,vocabulary_size,context,speed,commercial,merge,hotter_and_colder_sentiment,mim_gold_ner,scala_is,nqii,hotter_and_colder_sentiment_version,mim_gold_ner_version,scala_is_version,nqii_version
mideind/IceBERT-large,1.35,355088384.0,50000.0,512,5676.95,✓,✗,49.40 ± 1.72 / 65.33 ± 1.43@@49.39774504242681,85.14 ± 1.31 / 84.37 ± 1.00@@85.14401121358964,59.31 ± 2.97 / 78.19 ± 1.97@@59.31120502117258,49.01 ± 3.34 / 12.84 ± 1.51@@49.00659459054426,13.3.0@@130300,<9.2.0@@0,<9.2.0@@0,<9.2.0@@0
"gpt-4-1106-preview (few-shot, val)",1.36,,100256.0,128000,575.52,✓,✗,49.59 ± 2.76 / 62.50 ± 2.08@@49.593506392851815,86.37 ± 1.19 / 82.25 ± 2.73@@86.36652565064014,43.03 ± 5.07 / 71.18 ± 2.64@@43.03178569737223,66.04 ± 1.95 / 37.26 ± 2.60@@66.04042701437845,13.2.0@@130200,12.5.1@@120501,12.10.2@@121002,12.5.1@@120501
mideind/IceBERT,1.4,124442112.0,50000.0,512,16697.4,✓,✗,47.49 ± 1.24 / 62.98 ± 1.35@@47.490084648323574,85.32 ± 1.11 / 81.56 ± 1.07@@85.31723568395891,60.44 ± 1.93 / 78.11 ± 1.40@@60.44457883849521,49.21 ± 1.36 / 13.31 ± 0.95@@49.21214291266052,13.3.0@@130300,<9.2.0@@0,<9.2.0@@0,<9.2.0@@0
vesteinn/ScandiBERT-no-faroese,1.42,124445952.0,50005.0,512,15435.6,✓,✗,48.51 ± 1.41 / 64.68 ± 1.22@@48.505590572696974,83.94 ± 1.34 / 84.66 ± 0.91@@83.93978389398322,58.64 ± 1.69 / 78.30 ± 1.26@@58.640725160064,48.61 ± 1.71 / 25.35 ± 1.34@@48.6116340644587,13.3.0@@130300,<9.2.0@@0,<9.2.0@@0,<9.2.0@@0
"gpt-4o-2024-05-13 (few-shot, val)",1.43,,200019.0,128000,916.47,✓,✗,49.86 ± 5.14 / 64.51 ± 3.68@@49.86373454028123,81.19 ± 2.45 / 54.02 ± 5.60@@81.19051651601443,51.10 ± 5.09 / 73.25 ± 3.42@@51.09616553534624,55.46 ± 1.12 / 29.64 ± 2.12@@55.46285685891303,13.2.0@@130200,12.10.0@@121000,12.10.2@@121002,12.10.0@@121000
microsoft/mdeberta-v3-base,1.44,278809344.0,251000.0,512,20637.23,✓,✗,45.30 ± 1.76 / 62.84 ± 1.27@@45.30042885634037,81.12 ± 2.02 / 81.48 ± 1.69@@81.12262059815963,54.11 ± 2.40 / 76.46 ± 1.28@@54.11140533143406,56.17 ± 1.10 / 30.93 ± 0.96@@56.16764193981005,13.3.0@@130300,<9.2.0@@0,<9.2.0@@0,<9.2.0@@0
vesteinn/IceBERT,1.47,124442112.0,50000.0,512,12360.45,✓,✗,47.37 ± 1.10 / 62.42 ± 1.46@@47.3742429798508,85.34 ± 0.66 / 84.80 ± 0.60@@85.34082024690498,55.88 ± 2.20 / 74.91 ± 1.96@@55.87520156974172,49.21 ± 1.36 / 13.31 ± 0.95@@49.21214291266052,13.3.0@@130300,<9.2.0@@0,<9.2.0@@0,<9.2.0@@0
mideind/IceBERT-xlmr-ic3,1.48,278043648.0,250002.0,512,11004.24,✓,✗,48.85 ± 1.16 / 65.09 ± 0.94@@48.85428483956059,84.35 ± 1.14 / 85.07 ± 1.09@@84.35490500463135,59.12 ± 1.94 / 78.14 ± 1.24@@59.11653941902599,44.02 ± 2.30 / 11.18 ± 1.04@@44.0159936631267,13.3.0@@130300,<9.2.0@@0,<9.2.0@@0,<9.2.0@@0
vesteinn/XLMR-ENIS,1.49,124445952.0,50005.0,512,10711.0,✓,✗,49.16 ± 1.14 / 65.21 ± 0.70@@49.15869299826373,82.20 ± 1.83 / 82.70 ± 1.41@@82.20329401824364,48.51 ± 5.94 / 71.40 ± 4.38@@48.50729265733171,51.37 ± 1.42 / 27.06 ± 1.18@@51.36745575165105,13.3.0@@130300,<9.2.0@@0,<9.2.0@@0,<9.2.0@@0
"gpt-4o-2024-05-13 (zero-shot, val)",1.53,,200019.0,8191,636.59,✓,✗,53.43 ± 2.20 / 66.07 ± 1.59@@53.42962710360165,72.85 ± 2.10 / 33.36 ± 1.59@@72.85138353976114,49.26 ± 4.89 / 73.99 ± 2.32@@49.25625803571417,48.73 ± 0.97 / 27.36 ± 0.94@@48.730872605054536,14.0.3@@140003,14.0.3@@140003,14.0.3@@140003,14.0.3@@140003
"gpt-4o-mini-2024-07-18 (few-shot, val)",1.57,,200019.0,8191,784.26,✓,✗,56.18 ± 4.37 / 69.53 ± 2.97@@56.184939108528,64.69 ± 1.77 / 37.89 ± 3.23@@64.69138262912891,45.52 ± 4.15 / 71.51 ± 2.48@@45.51993082631073,55.19 ± 4.14 / 15.80 ± 6.24@@55.1948427968657,14.0.0@@140000,14.0.0@@140000,14.0.0@@140000,14.0.0@@140000
mideind/IceBERT-igc,1.63,124442112.0,50000.0,512,12551.45,✓,✗,46.25 ± 1.38 / 63.13 ± 0.89@@46.25434559867549,79.85 ± 0.94 / 79.32 ± 0.74@@79.85143103003668,54.38 ± 3.78 / 75.08 ± 2.62@@54.37783283259895,42.34 ± 1.46 / 9.91 ± 0.65@@42.340166881301435,13.3.0@@130300,<9.2.0@@0,<9.2.0@@0,<9.2.0@@0
mideind/IceBERT-ic3,1.65,124442112.0,50000.0,512,12118.55,✓,✗,49.34 ± 1.67 / 64.95 ± 1.33@@49.336754423330355,85.03 ± 0.86 / 85.01 ± 0.93@@85.03107889552413,45.06 ± 11.13 / 67.74 ± 7.92@@45.05738524538956,42.82 ± 2.91 / 10.82 ± 1.12@@42.82248264520282,13.3.0@@130300,<9.2.0@@0,<9.2.0@@0,<9.2.0@@0
sentence-transformers/use-cmlm-multilingual,1.7,472022179.0,501153.0,512,30230.67,✓,✗,45.46 ± 1.42 / 62.76 ± 1.06@@45.45997249380476,80.91 ± 1.24 / 81.30 ± 0.97@@80.91137720085284,41.91 ± 3.45 / 67.96 ± 2.53@@41.90978679011662,52.73 ± 0.85 / 13.73 ± 0.73@@52.734897368203214,13.3.0@@130300,<9.2.0@@0,<9.2.0@@0,<9.2.0@@0
vesteinn/FoBERT,1.7,124445952.0,50005.0,512,15623.28,✓,✗,48.45 ± 1.37 / 64.80 ± 1.08@@48.45355176237122,85.04 ± 0.95 / 80.51 ± 1.10@@85.03547724351868,50.78 ± 2.21 / 73.10 ± 1.10@@50.782228368265095,36.98 ± 3.29 / 17.76 ± 2.33@@36.98136643258588,13.3.0@@130300,<9.2.0@@0,<9.2.0@@0,<9.2.0@@0
"claude-3-5-sonnet-20241022 (zero-shot, val)",1.73,,,200000,192.92,✓,✗,51.24 ± 1.69 / 65.49 ± 1.06@@51.240288454641316,61.70 ± 2.37 / 41.44 ± 1.76@@61.700009401554546,52.43 ± 2.29 / 73.78 ± 1.09@@52.43486678104466,47.06 ± 1.02 / 22.92 ± 1.06@@47.0625738137382,14.0.3@@140003,14.0.3@@140003,14.0.3@@140003,14.0.3@@140003
google/rembert,1.75,575920384.0,250300.0,512,11735.9,✓,✗,36.87 ± 3.38 / 56.59 ± 2.94@@36.86595015486748,78.05 ± 1.72 / 78.74 ± 1.41@@78.04837092601147,48.29 ± 2.59 / 73.54 ± 1.99@@48.29268541272499,52.42 ± 3.00 / 29.38 ± 1.81@@52.42418160106956,13.3.0@@130300,<9.2.0@@0,<9.2.0@@0,<9.2.0@@0
setu4993/LaBSE,1.77,470927360.0,501153.0,512,25417.61,✓,✗,46.40 ± 1.18 / 63.25 ± 0.79@@46.40096795025618,80.45 ± 1.29 / 81.01 ± 1.16@@80.44969016690857,36.92 ± 7.62 / 66.07 ± 3.89@@36.91543479321469,46.17 ± 1.42 / 11.75 ± 0.66@@46.1704373076775,13.3.0@@130300,<9.2.0@@0,<9.2.0@@0,<9.2.0@@0
NbAiLab/nb-roberta-base-scandi-1e4,1.81,278043648.0,250002.0,512,15073.66,✓,✗,48.91 ± 0.82 / 64.49 ± 1.04@@48.90538536481969,81.83 ± 1.65 / 82.24 ± 1.04@@81.82824168787528,51.09 ± 3.83 / 73.24 ± 2.23@@51.09142284696851,33.95 ± 0.75 / 6.66 ± 0.69@@33.94924834566838,13.3.0@@130300,<9.2.0@@0,<9.2.0@@0,<9.2.0@@0
meta-llama/Llama-3.1-405B-Instruct-FP8 (few-shot),1.88,405868625920.0,128256.0,131072,798.95,✓,✗,53.84 ± 1.13 / 67.24 ± 1.23@@53.840807739280706,66.40 ± 3.96 / 65.04 ± 4.36@@66.39532390769143,26.22 ± 2.28 / 57.33 ± 2.21@@26.220781142386173,54.41 ± 1.48 / 26.49 ± 1.58@@54.412922461177914,14.0.4@@140004,14.0.4@@140004,14.0.4@@140004,14.0.4@@140004
FacebookAI/xlm-roberta-large,1.89,561192082.0,250002.0,512,17896.69,✓,✗,48.41 ± 6.83 / 64.09 ± 6.26@@48.41362411112268,82.83 ± 1.09 / 83.16 ± 1.02@@82.83314017264817,22.78 ± 12.25 / 57.07 ± 8.18@@22.782032185637256,55.29 ± 1.30 / 15.72 ± 1.39@@55.285966923057245,13.3.0@@130300,<9.2.0@@0,<9.2.0@@0,<9.2.0@@0
pere/roberta-base-exp-8,1.92,278043648.0,250002.0,512,15112.46,✓,✗,46.87 ± 1.85 / 63.83 ± 1.35@@46.874193462486524,78.58 ± 1.77 / 79.77 ± 1.32@@78.58489986046557,47.36 ± 9.50 / 71.21 ± 5.03@@47.35634632194617,33.05 ± 0.90 / 7.68 ± 0.84@@33.054325295890145,13.3.0@@130300,<9.2.0@@0,<9.2.0@@0,<9.2.0@@0
meta-llama/Llama-3.1-70B-Instruct (few-shot),1.99,70553706496.0,128256.0,131072,1408.67,✓,✗,51.27 ± 1.19 / 63.66 ± 1.02@@51.26558381315929,69.95 ± 2.18 / 42.88 ± 4.51@@69.94573555523326,18.75 ± 1.65 / 55.50 ± 0.89@@18.752539574616918,56.29 ± 1.87 / 30.79 ± 1.22@@56.287285913666175,14.0.3@@140003,14.0.3@@140003,14.0.3@@140003,14.0.3@@140003
Qwen/QwQ-32B-Preview (few-shot),2.01,32763876352.0,152064.0,32768,2258.16,✓,✗,48.71 ± 1.27 / 63.98 ± 0.90@@48.7127907539015,65.08 ± 2.06 / 46.62 ± 5.37@@65.08138953249541,20.51 ± 2.32 / 57.54 ± 3.00@@20.5138544777258,58.94 ± 2.10 / 28.29 ± 1.69@@58.94168682683651,14.0.4@@140004,14.0.4@@140004,14.0.4@@140004,14.0.4@@140004
jonfd/electra-small-nordic,2.04,21943424.0,96105.0,128,5989.23,✓,✗,39.05 ± 0.81 / 48.07 ± 0.74@@39.051631353077205,77.40 ± 0.48 / 78.58 ± 0.56@@77.40385189431663,60.64 ± 1.44 / 79.20 ± 1.14@@60.63773420705996,22.61 ± 5.24 / 6.51 ± 1.69@@22.60694447945994,13.3.0@@130300,<9.2.0@@0,<9.2.0@@0,<9.2.0@@0
Qwen/Qwen2.5-72B-Instruct (few-shot),2.05,72706203648.0,152064.0,32768,1218.79,✓,✗,47.72 ± 1.58 / 64.00 ± 1.39@@47.72359518055118,68.54 ± 1.33 / 42.62 ± 3.69@@68.53814929176998,22.98 ± 1.57 / 61.08 ± 0.91@@22.978053297662644,55.63 ± 0.93 / 26.72 ± 1.78@@55.62622123320887,14.0.4@@140004,14.0.4@@140004,14.0.4@@140004,14.0.4@@140004
meta-llama/Llama-3.3-70B-Instruct (few-shot),2.13,70553706496.0,128256.0,131072,1353.36,✓,✗,50.79 ± 1.13 / 62.68 ± 1.21@@50.792933517969395,69.04 ± 1.73 / 41.91 ± 4.10@@69.03882684813951,20.36 ± 1.78 / 55.23 ± 2.44@@20.355607231438498,49.35 ± 1.46 / 24.56 ± 1.12@@49.35159808956792,14.0.3@@140003,14.0.3@@140003,14.0.3@@140003,14.0.3@@140003
mgoin/Nemotron-4-340B-Instruct-hf-FP8 (few-shot),2.13,341029195776.0,256000.0,4096,1904.18,✓,✗,47.34 ± 5.45 / 63.42 ± 4.34@@47.338478205805664,37.98 ± 7.26 / 24.63 ± 3.82@@37.98160029138719,50.14 ± 6.12 / 73.44 ± 4.16@@50.13536630057537,41.01 ± 2.32 / 16.27 ± 1.26@@41.01468948608711,14.0.4@@140004,14.0.4@@140004,14.0.4@@140004,14.0.4@@140004
intfloat/multilingual-e5-large,2.14,559890432.0,250002.0,512,6731.95,✓,✗,48.52 ± 1.18 / 64.38 ± 1.18@@48.51803408508823,78.43 ± 1.53 / 79.30 ± 1.03@@78.43397188794528,10.78 ± 7.04 / 53.28 ± 3.97@@10.778705625209128,54.20 ± 1.31 / 13.79 ± 0.96@@54.20389093400568,13.3.0@@130300,<9.2.0@@0,<9.2.0@@0,<9.2.0@@0
pere/roberta-base-exp-32,2.15,278043648.0,250002.0,512,15080.54,✓,✗,48.56 ± 1.98 / 64.74 ± 1.60@@48.56169706918127,83.57 ± 0.96 / 83.52 ± 0.76@@83.56512262004362,23.07 ± 13.28 / 57.26 ± 6.91@@23.06532891216276,34.12 ± 1.47 / 7.81 ± 1.01@@34.116959076350795,13.3.0@@130300,<9.2.0@@0,<9.2.0@@0,<9.2.0@@0
intfloat/multilingual-e5-large-instruct,2.16,559890432.0,250002.0,514,5947.27,✓,✗,50.10 ± 1.59 / 64.91 ± 2.07@@50.1009559343027,78.32 ± 1.32 / 79.70 ± 1.08@@78.31888985237286,8.11 ± 3.77 / 50.71 ± 3.73@@8.112690644152432,53.59 ± 1.62 / 13.93 ± 1.14@@53.58998251455448,13.3.0@@130300,13.0.0@@130000,13.0.0@@130000,13.0.0@@130000
ThatsGroes/gemma-2-27b-it-FP8-Dynamic (few-shot),2.17,28410968576.0,256000.0,4096,3632.83,✓,✗,50.38 ± 1.18 / 66.21 ± 1.00@@50.38286933878007,67.23 ± 2.77 / 45.61 ± 4.86@@67.23202101522628,20.01 ± 1.09 / 59.74 ± 0.60@@20.007786313551705,49.26 ± 0.93 / 21.18 ± 1.67@@49.25584014494543,14.0.4@@140004,14.0.4@@140004,14.0.4@@140004,14.0.4@@140004
"gpt-4-1106-preview (zero-shot, val)",2.2,,100256.0,8191,436.04,✓,✗,47.47 ± 3.03 / 63.45 ± 2.13@@47.47364149050519,30.39 ± 3.49 / 25.88 ± 1.98@@30.387589325532318,43.30 ± 3.41 / 71.54 ± 1.71@@43.300839979703056,51.48 ± 0.89 / 29.82 ± 1.09@@51.47637192557367,14.0.3@@140003,14.0.3@@140003,14.0.3@@140003,14.0.3@@140003
"gpt-4o-mini-2024-07-18 (zero-shot, val)",2.3,,200019.0,8191,908.12,✓,✗,50.02 ± 2.61 / 65.44 ± 1.86@@50.017722019098635,31.11 ± 2.16 / 14.28 ± 0.85@@31.11304167392778,35.85 ± 1.55 / 66.14 ± 0.82@@35.84593818358779,49.25 ± 1.18 / 26.93 ± 1.10@@49.25219150493962,14.0.1@@140001,14.0.1@@140001,14.0.1@@140001,14.0.1@@140001
nvidia/Llama-3.1-Nemotron-70B-Instruct-HF (few-shot),2.3,70553706496.0,128256.0,131072,1207.76,✓,✗,51.96 ± 0.95 / 65.42 ± 0.94@@51.96294719767833,54.15 ± 2.09 / 23.38 ± 1.16@@54.14717495774195,19.63 ± 1.76 / 56.76 ± 1.54@@19.629574261521824,49.57 ± 0.98 / 21.22 ± 0.69@@49.570530540497224,14.0.4@@140004,14.0.4@@140004,14.0.4@@140004,14.0.4@@140004
intfloat/multilingual-e5-base,2.3,278043648.0,250002.0,512,14965.0,✓,✗,42.08 ± 1.98 / 59.90 ± 1.47@@42.08452484620076,75.46 ± 1.42 / 77.52 ± 0.88@@75.45790636321797,15.21 ± 8.62 / 54.40 ± 5.57@@15.206415866776618,43.65 ± 2.51 / 10.82 ± 0.92@@43.64591839936109,13.3.0@@130300,12.6.1@@120601,12.6.1@@120601,12.6.1@@120601
meta-llama/Meta-Llama-3-8B-Instruct (few-shot),2.42,8030261248.0,128256.0,8192,1483.24,✓,✗,38.09 ± 2.38 / 54.51 ± 2.16@@38.08631088908879,60.20 ± 2.76 / 40.38 ± 4.22@@60.19720322171395,9.14 ± 0.98 / 49.56 ± 2.11@@9.13589626536029,58.93 ± 1.41 / 28.66 ± 1.28@@58.93201527457982,14.0.1@@140001,14.0.1@@140001,14.0.1@@140001,14.0.1@@140001
nvidia/mistral-nemo-minitron-8b-base (few-shot),2.43,8414105600.0,131072.0,8192,2470.07,✓,✗,41.80 ± 1.57 / 59.81 ± 1.60@@41.79681641118373,53.28 ± 3.54 / 39.35 ± 3.78@@53.28492345032133,11.07 ± 2.40 / 51.96 ± 2.62@@11.074169887842054,56.74 ± 2.05 / 29.60 ± 1.75@@56.73888372196232,14.1.1@@140101,14.1.1@@140101,14.1.1@@140101,14.3.0@@140300
meta-llama/Llama-3.1-8B (few-shot),2.46,8030261248.0,128256.0,131072,2986.18,✓,✗,41.29 ± 2.30 / 59.30 ± 1.75@@41.286268527099736,52.97 ± 1.54 / 38.17 ± 4.65@@52.96685186033103,5.95 ± 2.81 / 40.86 ± 3.68@@5.954775890138266,60.14 ± 1.49 / 31.72 ± 2.62@@60.13985984753506,14.1.2@@140102,14.0.0@@140000,14.1.2@@140102,14.3.0@@140300
mistralai/Mixtral-8x7B-v0.1 (few-shot),2.48,46702792704.0,32000.0,32768,2362.92,✓,✗,39.60 ± 2.22 / 53.52 ± 3.54@@39.600458032016235,55.09 ± 2.15 / 38.38 ± 3.92@@55.09040079751231,8.23 ± 1.55 / 49.15 ± 2.76@@8.232718234929628,58.02 ± 1.37 / 30.78 ± 2.39@@58.020013167827166,14.0.4@@140004,14.0.4@@140004,14.0.4@@140004,14.0.4@@140004
CohereForAI/c4ai-command-r-08-2024 (few-shot),2.5,32296476672.0,256000.0,131072,1909.17,✗,✗,31.96 ± 2.37 / 51.22 ± 2.00@@31.958944480507085,62.68 ± 1.93 / 42.03 ± 4.30@@62.68045198163298,11.81 ± 0.99 / 49.24 ± 2.30@@11.813851651440626,56.00 ± 1.68 / 30.49 ± 1.20@@56.00331251007553,14.0.4@@140004,14.0.4@@140004,14.0.4@@140004,14.0.4@@140004
cardiffnlp/twitter-xlm-roberta-base,2.52,278043648.0,250002.0,512,34475.2,✓,✗,35.62 ± 1.32 / 55.40 ± 1.15@@35.620352915310335,72.69 ± 0.79 / 73.57 ± 1.02@@72.68912694648321,28.72 ± 5.29 / 60.29 ± 3.57@@28.71837498447658,31.01 ± 0.72 / 8.46 ± 0.51@@31.010664141099653,13.3.0@@130300,<9.2.0@@0,<9.2.0@@0,<9.2.0@@0
microsoft/xlm-align-base,2.53,278043648.0,250002.0,512,14744.17,✓,✗,38.76 ± 2.04 / 56.09 ± 2.02@@38.76392357109243,78.01 ± 2.18 / 79.20 ± 2.10@@78.00643358647208,5.92 ± 1.91 / 46.95 ± 3.38@@5.917394637178454,43.32 ± 3.55 / 10.47 ± 1.42@@43.32425603131172,13.3.0@@130300,<9.2.0@@0,<9.2.0@@0,<9.2.0@@0
clips/mfaq,2.53,278045952.0,250005.0,128,5591.18,✓,✗,43.25 ± 1.68 / 61.29 ± 1.56@@43.25329176033256,77.30 ± 1.23 / 78.59 ± 0.96@@77.30018665361283,3.51 ± 2.33 / 47.05 ± 3.38@@3.510419839705832,43.26 ± 1.64 / 11.31 ± 0.85@@43.262147454747485,13.3.0@@130300,12.7.0@@120700,12.7.0@@120700,12.7.0@@120700
google-bert/bert-base-multilingual-uncased,2.55,167356416.0,105879.0,512,13992.5,✓,✗,36.04 ± 1.90 / 55.62 ± 1.54@@36.04081138986693,60.88 ± 1.42 / 59.11 ± 1.19@@60.877064642414794,13.50 ± 7.64 / 52.75 ± 5.19@@13.497025195994544,42.51 ± 1.87 / 9.65 ± 0.34@@42.51208290027851,13.3.0@@130300,<9.2.0@@0,<9.2.0@@0,<9.2.0@@0
AI-Sweden-Models/roberta-large-1160k,2.56,355412057.0,50265.0,512,14014.08,✓,✗,38.53 ± 2.56 / 56.94 ± 2.26@@38.53429368626835,74.30 ± 2.15 / 76.10 ± 2.10@@74.29507585000171,2.06 ± 2.43 / 37.04 ± 4.14@@2.0590087202909655,48.11 ± 0.94 / 11.47 ± 0.96@@48.11329965957778,13.3.0@@130300,10.0.1@@100001,10.0.1@@100001,10.0.1@@100001
meta-llama/Meta-Llama-3-8B (few-shot),2.56,8030261248.0,128256.0,8192,1476.79,✓,✗,34.68 ± 3.74 / 53.39 ± 3.75@@34.67500359191305,50.45 ± 1.95 / 37.62 ± 3.95@@50.453711334292265,8.69 ± 2.70 / 44.84 ± 4.03@@8.688617950323504,59.09 ± 1.50 / 31.47 ± 2.09@@59.09243048683676,14.1.2@@140102,14.0.1@@140001,14.1.2@@140102,14.3.0@@140300
meta-llama/Llama-3.1-8B-Instruct (few-shot),2.6,8030261248.0,128256.0,131072,1473.27,✓,✗,39.91 ± 2.35 / 57.39 ± 1.64@@39.90817221175173,46.48 ± 1.98 / 24.57 ± 1.73@@46.484825286977646,11.72 ± 1.81 / 51.67 ± 1.45@@11.723281596232734,53.39 ± 1.83 / 25.91 ± 0.99@@53.38878563896999,14.0.1@@140001,14.0.1@@140001,14.0.1@@140001,14.0.1@@140001
Geotrend/bert-base-da-cased,2.62,103820544.0,23150.0,512,15432.35,✓,✗,34.81 ± 1.79 / 54.59 ± 1.41@@34.807515972937225,73.81 ± 0.85 / 75.02 ± 0.89@@73.81295425744781,6.23 ± 2.63 / 45.40 ± 3.87@@6.233275821645913,42.39 ± 1.52 / 10.57 ± 1.12@@42.39049762180769,13.3.0@@130300,<9.2.0@@0,<9.2.0@@0,<9.2.0@@0
ZurichNLP/unsup-simcse-xlm-roberta-base,2.7,278043648.0,250002.0,512,34520.24,✓,✗,46.33 ± 1.12 / 62.80 ± 1.39@@46.32964871261497,75.27 ± 1.18 / 76.85 ± 0.94@@75.27262984096737,3.47 ± 1.14 / 47.14 ± 3.33@@3.4708392692601655,32.31 ± 0.81 / 7.67 ± 0.80@@32.30890206692757,13.3.0@@130300,12.6.1@@120601,12.6.1@@120601,12.6.1@@120601
Geotrend/bert-base-25lang-cased,2.71,151309824.0,84985.0,512,13908.28,✓,✗,34.09 ± 2.29 / 54.15 ± 1.21@@34.08759001083436,74.65 ± 1.65 / 75.83 ± 1.41@@74.64962471771952,2.89 ± 3.00 / 44.63 ± 4.01@@2.8867651513255055,41.76 ± 1.89 / 9.29 ± 0.66@@41.760823120076935,13.3.0@@130300,<9.2.0@@0,<9.2.0@@0,<9.2.0@@0
Twitter/twhin-bert-base,2.75,278828544.0,250002.0,512,11513.72,✓,✗,40.22 ± 1.03 / 58.56 ± 1.02@@40.21528737239788,70.38 ± 1.44 / 72.00 ± 1.13@@70.37996291329273,11.09 ± 6.94 / 51.60 ± 5.19@@11.089389159782206,30.52 ± 0.52 / 7.67 ± 0.74@@30.520069079013183,13.3.0@@130300,12.6.1@@120601,12.6.1@@120601,12.6.1@@120601
NorwAI/NorwAI-Mixtral-8x7B-instruct (few-shot),2.75,46997647360.0,67993.0,32768,9015.47,✓,✗,38.12 ± 1.81 / 54.60 ± 1.56@@38.1226390830324,41.84 ± 3.14 / 24.97 ± 2.44@@41.83876335966182,7.47 ± 1.59 / 45.34 ± 4.68@@7.466789193884041,52.61 ± 1.29 / 20.87 ± 2.65@@52.60781294103434,14.0.4@@140004,14.0.4@@140004,14.0.4@@140004,14.0.4@@140004
NbAiLab/nb-llama-3.1-70B (few-shot),2.79,70553706496.0,128256.0,131072,1219.56,✓,✗,38.08 ± 3.91 / 47.69 ± 4.81@@38.07928074338959,62.28 ± 1.43 / 53.70 ± 3.40@@62.27702225325251,2.85 ± 1.20 / 39.44 ± 3.92@@2.8505870503462134,40.54 ± 1.57 / 0.86 ± 0.23@@40.54042058370846,14.0.4@@140004,14.0.4@@140004,14.0.4@@140004,14.0.4@@140004
microsoft/infoxlm-base,2.8,278043648.0,250002.0,512,34735.22,✓,✗,33.14 ± 4.05 / 51.83 ± 3.29@@33.13985908707532,77.09 ± 2.00 / 78.38 ± 1.60@@77.08544290957408,1.71 ± 3.02 / 42.83 ± 4.18@@1.712632884153422,37.41 ± 5.69 / 8.56 ± 1.96@@37.4120199948533,13.3.0@@130300,<9.2.0@@0,<9.2.0@@0,<9.2.0@@0
Nexusflow/Starling-LM-7B-beta (few-shot),2.87,7241748480.0,32002.0,4096,1989.48,✗,✗,27.93 ± 2.80 / 48.93 ± 1.43@@27.925641258940036,42.23 ± 4.22 / 25.96 ± 4.27@@42.22990860518904,6.38 ± 0.99 / 49.63 ± 1.47@@6.384436436131678,53.90 ± 1.60 / 19.41 ± 3.40@@53.901686147358625,14.0.3@@140003,14.0.3@@140003,14.0.3@@140003,14.3.0@@140300
mistralai/Ministral-8B-Instruct-2410 (few-shot),2.87,8019808256.0,131072.0,32768,1302.27,✓,✗,24.43 ± 2.98 / 39.27 ± 3.37@@24.42719297668369,47.10 ± 1.90 / 22.63 ± 2.03@@47.09945719717556,7.19 ± 2.76 / 44.62 ± 3.61@@7.190683473028411,54.38 ± 2.28 / 28.73 ± 1.45@@54.37662758480875,14.0.0@@140000,14.0.0@@140000,14.0.0@@140000,14.0.0@@140000
NorwAI/NorwAI-Mixtral-8x7B (few-shot),2.87,46997647360.0,67993.0,32768,2368.15,✓,✗,34.34 ± 3.99 / 53.29 ± 3.80@@34.336823950936925,36.73 ± 4.50 / 27.29 ± 1.83@@36.7298698479567,6.57 ± 2.18 / 46.35 ± 4.24@@6.5663265119744105,48.68 ± 4.19 / 22.59 ± 4.98@@48.677907291099956,14.0.4@@140004,14.0.4@@140004,14.0.4@@140004,14.0.4@@140004
Twitter/twhin-bert-large,2.9,561713298.0,250002.0,512,9706.97,✓,✗,32.07 ± 2.95 / 50.25 ± 3.47@@32.06643882976558,71.48 ± 1.97 / 73.71 ± 1.37@@71.47506247068901,2.20 ± 2.00 / 43.42 ± 4.87@@2.1980953878013185,33.02 ± 1.85 / 8.19 ± 0.76@@33.016538155859024,13.3.0@@130300,<9.2.0@@0,<9.2.0@@0,<9.2.0@@0
CohereForAI/c4ai-command-r-v01 (few-shot),2.91,34980831232.0,256000.0,8192,1919.22,✗,✗,38.87 ± 2.06 / 54.76 ± 1.96@@38.86892411083699,42.29 ± 2.87 / 27.16 ± 2.06@@42.28840958675663,0.28 ± 1.28 / 44.15 ± 2.34@@0.28138656289882363,49.89 ± 1.52 / 18.74 ± 3.19@@49.886628506642644,14.0.4@@140004,14.0.4@@140004,14.0.4@@140004,14.0.4@@140004
NbAiLab/nb-roberta-base-scandinavian,2.94,124645632.0,50265.0,512,14050.9,✓,✗,35.21 ± 1.32 / 53.92 ± 1.75@@35.20596849348102,69.04 ± 1.65 / 71.18 ± 1.15@@69.03706011391962,3.34 ± 1.87 / 44.43 ± 4.20@@3.3436513329169255,30.71 ± 1.15 / 7.17 ± 0.77@@30.708102261981868,13.3.0@@130300,<9.2.0@@0,<9.2.0@@0,<9.2.0@@0
NbAiLab/nb-sbert-base,2.94,177853440.0,119547.0,512,17756.84,✓,✗,36.03 ± 1.02 / 54.66 ± 1.26@@36.03139249410793,69.89 ± 1.31 / 72.29 ± 1.08@@69.89054736250428,2.20 ± 2.16 / 43.99 ± 4.02@@2.1985877522094404,30.59 ± 1.95 / 6.45 ± 0.85@@30.587522963226526,13.3.0@@130300,12.10.5@@121005,12.10.5@@121005,12.10.5@@121005
AI-Nordics/bert-large-swedish-cased,2.94,335215616.0,30592.0,512,7199.47,✓,✗,34.76 ± 1.71 / 54.95 ± 1.03@@34.75640230959557,61.64 ± 1.20 / 63.94 ± 1.20@@61.63642518930137,3.26 ± 2.26 / 48.60 ± 1.54@@3.2568399366416423,35.42 ± 0.60 / 7.79 ± 0.49@@35.42005134153854,13.3.0@@130300,12.7.0@@120700,12.7.0@@120700,12.7.0@@120700
mhenrichsen/hestenettetLM (few-shot),2.94,7241732096.0,32000.0,4096,1150.9,✓,✗,24.17 ± 5.04 / 45.19 ± 5.13@@24.172140616005336,50.99 ± 3.49 / 41.71 ± 4.09@@50.98531280935714,1.15 ± 1.86 / 38.83 ± 2.36@@1.150971894185054,51.45 ± 2.09 / 27.31 ± 2.99@@51.44932461291738,14.1.2@@140102,14.0.3@@140003,14.1.2@@140102,14.0.3@@140003
KBLab/megatron-bert-large-swedish-cased-165k,2.95,369554432.0,64128.0,512,7137.91,✓,✗,33.92 ± 1.56 / 53.84 ± 1.70@@33.92022333968013,63.35 ± 1.41 / 66.01 ± 1.32@@63.348106562883345,4.94 ± 2.20 / 46.79 ± 2.19@@4.9377655475265305,34.05 ± 1.35 / 7.02 ± 0.72@@34.047096553508254,13.3.0@@130300,<9.2.0@@0,<9.2.0@@0,<9.2.0@@0
KBLab/megatron-bert-base-swedish-cased-600k,2.95,135291648.0,64128.0,512,15725.82,✓,✗,36.11 ± 1.84 / 55.98 ± 1.67@@36.11323700048836,63.43 ± 1.03 / 65.68 ± 0.99@@63.432197671287305,2.56 ± 2.70 / 48.75 ± 2.46@@2.5554641780582137,33.28 ± 1.36 / 7.00 ± 0.68@@33.28213502564671,13.3.0@@130300,12.7.0@@120700,12.7.0@@120700,12.7.0@@120700
mistralai/Mixtral-8x7B-Instruct-v0.1 (few-shot),2.95,46702792704.0,32000.0,32768,5535.32,✓,✗,23.93 ± 4.28 / 46.14 ± 3.72@@23.930214374453758,35.00 ± 3.16 / 20.45 ± 2.42@@35.0002726408423,9.69 ± 1.44 / 52.07 ± 1.78@@9.689127077827859,53.35 ± 1.40 / 21.38 ± 2.08@@53.35459302280697,14.0.4@@140004,14.0.4@@140004,14.0.4@@140004,14.0.4@@140004
AI-Sweden-Models/gpt-sw3-6.7b-v2-instruct (few-shot),2.97,7111057408.0,64000.0,2048,1472.78,✓,✗,44.79 ± 1.30 / 61.83 ± 1.22@@44.78890493646027,19.41 ± 1.02 / 18.58 ± 0.98@@19.40609355864093,1.93 ± 1.59 / 35.05 ± 1.59@@1.9270941212233752,52.41 ± 1.47 / 21.13 ± 3.56@@52.4133031787044,14.0.2@@140002,14.0.2@@140002,14.0.2@@140002,14.0.2@@140002
mistralai/Mistral-7B-v0.1 (few-shot),2.97,7241732096.0,32000.0,4096,1445.59,✓,✗,24.38 ± 5.21 / 44.65 ± 5.83@@24.379715778882886,50.69 ± 3.67 / 41.90 ± 4.06@@50.69226019284563,1.46 ± 1.66 / 38.73 ± 2.27@@1.4583512213003937,51.14 ± 2.22 / 27.11 ± 3.11@@51.14020220593589,14.1.2@@140102,14.0.3@@140003,14.1.2@@140102,14.0.3@@140003
KBLab/megatron-bert-base-swedish-cased-125k,3.01,135291648.0,64128.0,512,15762.86,✓,✗,34.19 ± 1.51 / 54.86 ± 1.03@@34.189991257834734,62.52 ± 0.91 / 65.01 ± 0.92@@62.52069385227381,3.07 ± 2.59 / 49.75 ± 1.88@@3.0724212836988665,31.00 ± 0.71 / 6.66 ± 0.62@@31.003175999486253,13.3.0@@130300,12.7.0@@120700,12.7.0@@120700,12.7.0@@120700
sentence-transformers/paraphrase-multilingual-mpnet-base-v2,3.01,278043648.0,250002.0,512,15099.94,✓,✗,37.54 ± 1.67 / 56.15 ± 2.53@@37.53735395137022,64.43 ± 1.61 / 66.43 ± 1.37@@64.42530353872536,0.83 ± 1.97 / 48.18 ± 2.18@@0.8274230069537117,28.89 ± 0.43 / 4.66 ± 0.45@@28.890663005229403,13.3.0@@130300,12.7.0@@120700,12.7.0@@120700,12.7.0@@120700
sentence-transformers/stsb-xlm-r-multilingual,3.01,278043648.0,250002.0,512,15039.9,✓,✗,37.79 ± 2.49 / 56.10 ± 1.91@@37.79120177658024,66.23 ± 1.24 / 67.76 ± 1.08@@66.23254787769575,0.04 ± 0.78 / 45.96 ± 2.83@@0.04172967874171136,28.66 ± 0.92 / 10.04 ± 0.99@@28.66186970657126,13.3.0@@130300,<9.2.0@@0,<9.2.0@@0,<9.2.0@@0
mistralai/Mistral-7B-v0.3 (few-shot),3.01,7248023552.0,32768.0,32768,1364.05,✓,✗,26.28 ± 4.82 / 46.42 ± 4.24@@26.283967651976837,46.73 ± 3.51 / 38.01 ± 4.18@@46.73143028064292,1.50 ± 1.18 / 36.24 ± 1.65@@1.503149039276121,50.14 ± 2.43 / 25.17 ± 3.82@@50.139362786283414,14.1.2@@140102,14.0.3@@140003,14.1.2@@140102,14.0.3@@140003
senseable/WestLake-7B-v2 (few-shot),3.02,7241732096.0,32000.0,32768,5992.97,✗,✗,7.92 ± 3.63 / 32.79 ± 2.05@@7.918882161113136,56.71 ± 1.98 / 46.71 ± 5.28@@56.705224807383445,3.44 ± 2.02 / 50.18 ± 1.14@@3.4373379615865756,54.79 ± 2.02 / 21.55 ± 2.79@@54.786059669414975,13.3.0@@130300,12.6.1@@120601,12.6.1@@120601,12.6.1@@120601
KBLab/megatron-bert-large-swedish-cased-110k,3.04,369554432.0,64128.0,512,7074.64,✓,✗,26.38 ± 1.89 / 48.24 ± 1.26@@26.381320452086975,63.11 ± 1.31 / 65.36 ± 1.28@@63.10841687201254,3.47 ± 1.38 / 48.04 ± 2.34@@3.4682583323365552,36.28 ± 1.35 / 7.76 ± 0.57@@36.27780174385795,13.3.0@@130300,<9.2.0@@0,<9.2.0@@0,<9.2.0@@0
KennethEnevoldsen/dfm-sentence-encoder-medium,3.04,124445952.0,50005.0,512,14997.83,✓,✗,36.18 ± 1.15 / 56.11 ± 1.15@@36.17816962079693,64.88 ± 1.32 / 67.55 ± 1.07@@64.87914991846289,-0.60 ± 0.90 / 40.52 ± 3.55@@-0.6018854728059702,29.86 ± 2.90 / 12.39 ± 1.75@@29.85776433734666,13.3.0@@130300,<9.2.0@@0,<9.2.0@@0,<9.2.0@@0
Geotrend/distilbert-base-25lang-cased,3.05,108781056.0,84985.0,512,26098.8,✓,✗,29.56 ± 1.49 / 50.69 ± 1.62@@29.56366974748594,65.76 ± 0.98 / 68.15 ± 0.89@@65.75546845676455,2.08 ± 1.89 / 48.68 ± 2.96@@2.0783482060966945,30.96 ± 0.65 / 6.81 ± 0.33@@30.96077872601465,13.3.0@@130300,12.6.1@@120601,12.6.1@@120601,12.6.1@@120601
sentence-transformers/paraphrase-xlm-r-multilingual-v1,3.09,278044162.0,250002.0,512,20154.46,✓,✗,33.26 ± 1.68 / 52.59 ± 1.73@@33.262936795071546,65.15 ± 1.02 / 67.50 ± 0.90@@65.15280701415392,1.15 ± 1.57 / 49.60 ± 0.88@@1.1548704301960135,27.88 ± 0.44 / 9.56 ± 0.42@@27.881753762829344,13.3.0@@130300,12.6.1@@120601,12.6.1@@120601,12.6.1@@120601
KBLab/bert-base-swedish-cased-new,3.09,135193344.0,64000.0,512,15932.9,✓,✗,36.40 ± 2.24 / 56.20 ± 1.51@@36.396227594380385,64.61 ± 1.04 / 67.19 ± 0.98@@64.61223285560862,1.15 ± 1.59 / 45.33 ± 3.42@@1.1454210982101685,26.53 ± 1.40 / 5.29 ± 0.80@@26.52533027700465,13.3.0@@130300,12.7.0@@120700,12.7.0@@120700,12.7.0@@120700
Geotrend/distilbert-base-en-no-cased,3.1,68911104.0,33071.0,512,26597.05,✓,✗,29.48 ± 1.58 / 49.66 ± 2.61@@29.484738006448687,63.84 ± 1.42 / 66.44 ± 1.31@@63.841512637431805,2.15 ± 1.73 / 50.19 ± 1.04@@2.145290783119006,28.73 ± 0.75 / 5.23 ± 0.36@@28.727102877862915,13.3.0@@130300,12.7.0@@120700,12.7.0@@120700,12.7.0@@120700
CohereForAI/aya-expanse-8b (few-shot),3.11,8028033024.0,256000.0,8192,2685.89,✗,✗,19.83 ± 4.76 / 41.64 ± 3.64@@19.82796093441226,28.98 ± 2.63 / 21.75 ± 1.89@@28.979213526738633,4.93 ± 1.06 / 49.69 ± 2.65@@4.9310277773000735,54.41 ± 1.43 / 24.72 ± 2.22@@54.405757601425805,13.3.0@@130300,13.0.0@@130000,13.0.0@@130000,13.0.0@@130000
DeepPavlov/rubert-base-cased,3.11,177853440.0,119547.0,512,15785.19,✓,✗,29.51 ± 2.93 / 48.85 ± 3.29@@29.513379366918084,61.95 ± 1.77 / 57.52 ± 1.81@@61.95211516188248,2.40 ± 1.34 / 43.49 ± 3.76@@2.399709175947517,29.39 ± 0.76 / 6.04 ± 0.56@@29.388291004935326,13.3.0@@130300,<9.2.0@@0,<9.2.0@@0,<9.2.0@@0
sentence-transformers/quora-distilbert-multilingual,3.11,135324672.0,119547.0,512,26458.45,✓,✗,33.10 ± 1.86 / 52.77 ± 1.64@@33.099689065587974,63.36 ± 0.96 / 65.24 ± 0.77@@63.363744012951614,1.02 ± 0.94 / 47.05 ± 2.13@@1.0185850135385182,27.44 ± 0.44 / 6.48 ± 0.37@@27.444653506610404,13.3.0@@130300,<9.2.0@@0,<9.2.0@@0,<9.2.0@@0
sentence-transformers/paraphrase-multilingual-MiniLM-L12-v2,3.16,117654272.0,250037.0,512,29200.68,✓,✗,31.32 ± 1.98 / 51.09 ± 1.51@@31.32082749037453,62.44 ± 1.07 / 64.98 ± 0.92@@62.441664656674064,1.91 ± 1.14 / 46.54 ± 2.46@@1.91353087430334,27.48 ± 0.49 / 3.69 ± 0.48@@27.475672950352163,13.3.0@@130300,<9.2.0@@0,<9.2.0@@0,<9.2.0@@0
sentence-transformers/distilbert-multilingual-nli-stsb-quora-ranking,3.16,134734080.0,119547.0,512,33753.4,✓,✗,33.10 ± 1.86 / 52.77 ± 1.64@@33.099689065587974,59.15 ± 1.28 / 61.27 ± 1.27@@59.14818961835985,0.80 ± 1.69 / 45.59 ± 3.23@@0.7954977045829432,28.02 ± 0.58 / 6.14 ± 0.74@@28.02298424246528,13.3.0@@130300,12.6.1@@120601,12.6.1@@120601,12.6.1@@120601
flax-community/nordic-roberta-wiki,3.17,124645632.0,50265.0,512,16226.52,✓,✗,29.11 ± 1.91 / 49.76 ± 1.38@@29.110090262508137,63.31 ± 1.41 / 65.79 ± 1.41@@63.31459445337945,2.47 ± 1.56 / 49.04 ± 2.54@@2.4735450220163164,25.32 ± 0.78 / 5.99 ± 0.66@@25.31839433704361,13.3.0@@130300,<9.2.0@@0,<9.2.0@@0,<9.2.0@@0
DDSC/roberta-base-scandinavian,3.18,124645632.0,50265.0,512,14490.87,✓,✗,34.36 ± 2.62 / 54.32 ± 3.58@@34.35855374579644,51.53 ± 10.96 / 53.86 ± 11.50@@51.533423517623,0.89 ± 1.79 / 47.82 ± 2.03@@0.8914827324469645,27.71 ± 0.76 / 5.19 ± 0.47@@27.705867667799055,13.3.0@@130300,<9.2.0@@0,<9.2.0@@0,<9.2.0@@0
LumiOpen/Viking-7B (few-shot),3.18,7550013440.0,131072.0,4096,1430.69,✓,✗,25.50 ± 6.42 / 38.95 ± 8.69@@25.501003029418502,33.21 ± 3.20 / 25.94 ± 2.59@@33.21129845857552,-0.08 ± 1.20 / 39.03 ± 2.81@@-0.08078066713068523,48.38 ± 2.42 / 25.76 ± 3.16@@48.38162983543542,14.1.2@@140102,14.0.3@@140003,14.1.2@@140102,14.0.3@@140003
mideind/IceBERT-mC4-is,3.19,124442112.0,50000.0,512,12307.57,✓,✗,24.55 ± 10.51 / 37.82 ± 9.21@@24.547029443779838,79.19 ± 0.96 / 80.35 ± 0.69@@79.18645830033556,20.95 ± 5.57 / 50.96 ± 5.04@@20.94795888911131,0.00 ± 0.00 / 0.00 ± 0.00@@0.0,13.3.0@@130300,<9.2.0@@0,<9.2.0@@0,<9.2.0@@0
KB/bert-base-swedish-cased,3.2,124690944.0,50325.0,512,16181.26,✓,✗,28.90 ± 1.74 / 51.06 ± 1.02@@28.89518980152933,60.09 ± 1.69 / 55.62 ± 1.60@@60.08874934727633,1.76 ± 1.61 / 44.34 ± 3.01@@1.7581975924824589,28.89 ± 1.29 / 5.57 ± 0.78@@28.886660005222474,13.3.0@@130300,<9.2.0@@0,<9.2.0@@0,<9.2.0@@0
MaLA-LM/emma-500-llama2-7b (few-shot),3.21,6738415616.0,32000.0,4096,6275.17,✓,✗,18.33 ± 5.09 / 30.21 ± 5.80@@18.33274685424289,31.81 ± 1.93 / 29.47 ± 2.02@@31.813932524197302,3.63 ± 1.69 / 44.49 ± 3.89@@3.633102335902628,46.83 ± 5.93 / 16.72 ± 7.29@@46.82635797106985,14.1.2@@140102,13.0.0@@130000,13.0.0@@130000,13.0.0@@130000
flax-community/swe-roberta-wiki-oscar,3.22,124645632.0,50265.0,512,15436.87,✓,✗,26.59 ± 2.35 / 49.97 ± 1.85@@26.593633275042766,62.23 ± 1.24 / 64.45 ± 1.23@@62.23374253036833,1.45 ± 1.74 / 48.21 ± 1.91@@1.4485161822542831,26.85 ± 1.03 / 5.52 ± 0.55@@26.85290781108632,13.3.0@@130300,<9.2.0@@0,<9.2.0@@0,<9.2.0@@0
vesteinn/DanskBERT,3.22,124445952.0,50005.0,512,15748.62,✓,✗,27.24 ± 1.85 / 46.85 ± 1.76@@27.240421050699027,65.29 ± 1.46 / 60.81 ± 1.38@@65.29436130619493,-0.03 ± 1.72 / 42.37 ± 4.10@@-0.02514716617793997,26.84 ± 3.93 / 10.49 ± 2.71@@26.843043933738663,13.3.0@@130300,<9.2.0@@0,<9.2.0@@0,<9.2.0@@0
KBLab/bert-base-swedish-cased,3.22,124690944.0,50325.0,512,16164.04,✓,✗,29.10 ± 1.86 / 50.82 ± 1.24@@29.09562806259857,55.25 ± 1.05 / 56.58 ± 1.22@@55.2494421133918,2.19 ± 1.72 / 49.66 ± 1.83@@2.186925808248498,25.93 ± 0.80 / 5.14 ± 0.73@@25.928717169747614,13.3.0@@130300,12.7.0@@120700,12.7.0@@120700,12.7.0@@120700
Mabeck/Heidrun-Mistral-7B-chat (few-shot),3.22,7241732096.0,32000.0,4096,1418.7,✗,✗,16.41 ± 4.51 / 27.96 ± 3.89@@16.412118745351506,44.84 ± 2.18 / 35.67 ± 3.27@@44.84317850691426,0.44 ± 0.57 / 33.88 ± 0.32@@0.4368352964007502,47.44 ± 2.15 / 22.77 ± 3.45@@47.44188615112192,13.3.0@@130300,12.7.0@@120700,12.7.0@@120700,12.7.0@@120700
meta-llama/Llama-3.2-3B (few-shot),3.23,3212749824.0,128256.0,131073,3713.14,✓,✗,14.53 ± 4.72 / 32.88 ± 5.49@@14.534740621157743,42.04 ± 3.53 / 25.31 ± 1.59@@42.03932211674085,0.00 ± 0.00 / 32.97 ± 0.29@@0.0,49.31 ± 4.59 / 24.07 ± 4.63@@49.31121404646829,14.1.2@@140102,13.0.0@@130000,13.0.0@@130000,13.0.0@@130000
AI-Sweden-Models/gpt-sw3-20b (few-shot),3.23,20918423552.0,64000.0,2046,1875.24,✓,✗,16.28 ± 5.60 / 27.38 ± 4.73@@16.284322953998494,28.33 ± 4.70 / 22.70 ± 3.00@@28.327559085680132,2.92 ± 2.03 / 41.04 ± 3.53@@2.9242067378945182,54.55 ± 2.43 / 26.31 ± 4.67@@54.55238442597469,14.3.0@@140300,14.3.0@@140300,14.3.0@@140300,14.3.0@@140300
patrickvonplaten/norwegian-roberta-base,3.24,124645632.0,50265.0,512,15698.18,✓,✗,26.49 ± 2.95 / 46.31 ± 2.67@@26.486438493001902,60.79 ± 1.66 / 56.41 ± 1.53@@60.79320817520938,1.29 ± 1.37 / 44.71 ± 3.00@@1.29038922520761,26.52 ± 0.97 / 6.64 ± 0.72@@26.516022511413524,13.3.0@@130300,<9.2.0@@0,<9.2.0@@0,<9.2.0@@0
FacebookAI/roberta-base,3.24,124645632.0,50265.0,512,13353.56,✓,✗,22.99 ± 1.80 / 44.15 ± 1.56@@22.988095533139674,60.18 ± 3.20 / 55.70 ± 3.19@@60.182648224660326,1.07 ± 1.62 / 42.87 ± 4.48@@1.0664165669229673,32.13 ± 1.93 / 6.66 ± 0.67@@32.127211064368694,13.3.0@@130300,<9.2.0@@0,<9.2.0@@0,<9.2.0@@0
DDSC/roberta-base-danish,3.26,124645632.0,50265.0,512,15003.66,✓,✗,24.47 ± 6.99 / 45.75 ± 5.87@@24.4717834646153,59.63 ± 1.40 / 61.65 ± 1.33@@59.63183882415739,1.76 ± 1.23 / 49.36 ± 1.58@@1.7569010456275427,27.22 ± 1.06 / 5.55 ± 0.70@@27.222951243484022,13.3.0@@130300,<9.2.0@@0,<9.2.0@@0,<9.2.0@@0
ibm-granite/granite-3.0-8b-instruct (few-shot),3.28,8170848256.0,49155.0,4096,1118.16,✓,✗,9.95 ± 3.78 / 30.20 ± 5.91@@9.952918091622296,42.67 ± 3.13 / 35.40 ± 3.93@@42.67267984702904,1.11 ± 1.45 / 34.61 ± 0.82@@1.1112599425931236,49.58 ± 2.19 / 22.25 ± 2.78@@49.57946420394969,13.3.0@@130300,13.0.0@@130000,13.0.0@@130000,13.0.0@@130000
mistralai/Mistral-7B-Instruct-v0.2 (few-shot),3.28,7241732096.0,32000.0,32768,2370.41,✗,✗,17.64 ± 3.40 / 40.55 ± 3.17@@17.636036619611133,34.80 ± 1.37 / 24.03 ± 2.32@@34.79865781817776,5.46 ± 1.31 / 51.42 ± 1.10@@5.461219065315395,45.06 ± 2.27 / 12.66 ± 2.33@@45.061166132005425,14.0.3@@140003,14.0.3@@140003,14.0.3@@140003,14.0.3@@140003
pdelobelle/robbert-v2-dutch-base,3.28,116762112.0,40000.0,512,15480.92,✓,✗,28.28 ± 2.13 / 49.83 ± 1.84@@28.279384705117838,55.54 ± 2.48 / 51.36 ± 2.29@@55.540696753223784,1.06 ± 1.29 / 43.27 ± 3.33@@1.0590525318144832,26.08 ± 0.59 / 5.42 ± 0.52@@26.080771512925434,13.3.0@@130300,<9.2.0@@0,<9.2.0@@0,<9.2.0@@0
occiglot/occiglot-7b-eu5-instruct (few-shot),3.29,7241748480.0,32002.0,32768,2087.8,✗,✗,14.70 ± 7.78 / 36.09 ± 6.06@@14.704723745320209,40.71 ± 2.93 / 34.57 ± 4.02@@40.71482131582407,0.71 ± 2.00 / 36.90 ± 2.10@@0.7115760480380573,45.91 ± 3.45 / 20.66 ± 3.67@@45.91440861039324,13.3.0@@130300,12.5.2@@120502,12.3.1@@120301,12.4.0@@120400
deepset/gbert-base,3.31,110552448.0,31102.0,512,37267.99,✓,✗,21.07 ± 3.67 / 43.57 ± 2.31@@21.070031715198486,56.89 ± 1.71 / 52.39 ± 1.71@@56.885413275101214,-0.13 ± 1.55 / 45.48 ± 2.51@@-0.13127766451856335,32.15 ± 1.11 / 6.69 ± 0.63@@32.1479684647781,13.3.0@@130300,<9.2.0@@0,<9.2.0@@0,<9.2.0@@0
HPLT/gpt-7b-nordic-prerelease (few-shot),3.32,7550013440.0,131072.0,4096,1382.06,✓,✗,26.31 ± 7.12 / 39.72 ± 8.86@@26.3117115797379,29.67 ± 3.72 / 27.17 ± 3.34@@29.672848216569264,-0.03 ± 1.37 / 36.71 ± 1.69@@-0.03144438848249626,44.31 ± 1.72 / 21.77 ± 2.71@@44.305010865837474,14.1.2@@140102,14.0.3@@140003,14.1.2@@140102,14.0.3@@140003
dbmdz/bert-base-historic-multilingual-cased,3.32,111243522.0,32000.0,512,20046.97,✓,✗,24.79 ± 3.07 / 45.25 ± 3.48@@24.78722125516367,56.62 ± 0.57 / 59.34 ± 0.66@@56.617887437103796,-1.21 ± 1.45 / 47.43 ± 1.67@@-1.2072334593544471,29.08 ± 1.30 / 6.01 ± 0.45@@29.07872069647855,13.3.0@@130300,12.6.1@@120601,12.6.1@@120601,12.6.1@@120601
"claude-3-5-haiku-20241022 (zero-shot, val)",3.33,,,200000,276.86,✓,✗,31.19 ± 1.29 / 43.32 ± 1.05@@31.187928379858576,34.99 ± 2.03 / 17.39 ± 1.24@@34.9871127314657,-10.68 ± 2.75 / 33.95 ± 1.08@@-10.68236964350735,46.35 ± 1.25 / 23.65 ± 1.16@@46.34911219616226,14.0.2@@140002,14.0.3@@140003,14.0.3@@140003,14.0.3@@140003
CohereForAI/aya-23-8B (few-shot),3.34,8028033024.0,256000.0,8192,2706.96,✗,✗,0.33 ± 0.93 / 15.64 ± 1.01@@0.3347535785683354,47.16 ± 2.83 / 38.60 ± 4.04@@47.163078622162004,3.84 ± 1.27 / 40.06 ± 3.79@@3.8431055151589435,48.25 ± 2.02 / 21.75 ± 2.21@@48.25225750231086,14.1.2@@140102,13.0.0@@130000,13.0.0@@130000,13.0.0@@130000
dbmdz/bert-medium-historic-multilingual-cased,3.35,42129920.0,32000.0,512,24291.12,✓,✗,22.48 ± 2.76 / 44.42 ± 2.62@@22.479986696973338,58.90 ± 1.06 / 62.01 ± 0.98@@58.899260311349124,0.27 ± 1.53 / 43.40 ± 3.00@@0.2728165661278674,27.22 ± 1.18 / 5.90 ± 0.57@@27.223622572926622,13.3.0@@130300,<9.2.0@@0,<9.2.0@@0,<9.2.0@@0
sentence-transformers/distiluse-base-multilingual-cased-v1,3.36,134734080.0,119547.0,512,34041.87,✓,✗,35.18 ± 2.10 / 55.52 ± 1.45@@35.179779248936924,45.47 ± 2.05 / 47.67 ± 2.11@@45.473877358501284,1.14 ± 1.81 / 48.47 ± 1.64@@1.141438056638708,21.45 ± 1.39 / 1.63 ± 0.33@@21.446574937719436,13.3.0@@130300,12.6.1@@120601,12.6.1@@120601,12.6.1@@120601
ibm-granite/granite-8b-code-base-4k (few-shot),3.37,8054910976.0,49152.0,4096,2312.61,✓,✗,9.52 ± 4.25 / 29.57 ± 4.96@@9.518388085451704,50.89 ± 2.90 / 35.75 ± 4.67@@50.893171461416856,0.50 ± 0.94 / 33.77 ± 0.30@@0.5012817155703455,41.32 ± 3.18 / 17.43 ± 3.38@@41.31598460752248,14.1.2@@140102,13.0.0@@130000,13.0.0@@130000,13.0.0@@130000
occiglot/occiglot-7b-eu5 (few-shot),3.37,7241732096.0,32000.0,32768,2219.46,✓,✗,16.23 ± 4.59 / 35.37 ± 4.49@@16.227878999240346,40.08 ± 2.82 / 37.15 ± 4.07@@40.079871159718685,1.59 ± 1.86 / 39.93 ± 4.19@@1.5930532460259625,39.67 ± 3.36 / 15.98 ± 3.74@@39.66857873685757,14.1.2@@140102,12.5.2@@120502,12.1.0@@120100,12.1.0@@120100
EuropeanParliament/EUBERT,3.38,93923328.0,65636.0,512,20070.41,✓,✗,36.28 ± 1.79 / 56.00 ± 1.23@@36.2770559892159,29.71 ± 1.94 / 28.69 ± 1.97@@29.71004173382096,2.71 ± 1.10 / 49.68 ± 1.24@@2.710285080798272,27.51 ± 0.99 / 6.50 ± 0.42@@27.5090759439971,13.3.0@@130300,12.6.1@@120601,12.6.1@@120601,12.6.1@@120601
meta-llama/Llama-2-7b-chat-hf (few-shot),3.38,6738417664.0,32000.0,4096,2643.05,✗,✗,13.59 ± 6.27 / 36.87 ± 4.51@@13.594942751142167,41.10 ± 3.35 / 40.54 ± 3.19@@41.09989217155621,-1.07 ± 2.09 / 44.83 ± 2.20@@-1.0666262444679535,39.51 ± 1.98 / 16.13 ± 2.52@@39.5064345884844,13.3.0@@130300,9.3.1@@90301,9.3.1@@90301,12.4.0@@120400
mistralai/Mistral-7B-Instruct-v0.1 (few-shot),3.4,7241732096.0,32000.0,32768,633.64,✗,✗,12.93 ± 5.42 / 30.40 ± 3.15@@12.927021090013064,36.04 ± 2.59 / 24.74 ± 2.79@@36.044602391097804,-0.36 ± 1.36 / 33.94 ± 0.32@@-0.35631349387701594,42.57 ± 2.89 / 18.06 ± 3.16@@42.569039144289135,13.3.0@@130300,9.3.1@@90301,9.3.1@@90301,12.4.0@@120400
bineric/NorskGPT-Llama-7B-v0.1 (few-shot),3.4,6738415616.0,32000.0,4096,5384.08,✗,✗,12.72 ± 4.04 / 28.92 ± 4.48@@12.722922871024176,34.62 ± 4.64 / 33.25 ± 4.37@@34.615981512267226,-0.24 ± 1.43 / 33.75 ± 0.31@@-0.2389609161683311,43.52 ± 0.87 / 18.10 ± 1.85@@43.521459513182336,14.1.2@@140102,12.5.2@@120502,12.3.2@@120302,12.3.2@@120302
microsoft/Phi-3-mini-4k-instruct (few-shot),3.41,3821079552.0,32064.0,4096,8681.12,✓,✗,14.42 ± 3.18 / 37.82 ± 2.65@@14.423823766624826,33.05 ± 4.29 / 29.75 ± 3.67@@33.04773763138834,0.71 ± 1.18 / 34.80 ± 0.88@@0.7130855870662056,39.88 ± 1.59 / 17.23 ± 2.51@@39.876071770131404,13.3.0@@130300,12.10.5@@121005,12.10.5@@121005,12.10.5@@121005
sentence-transformers/distiluse-base-multilingual-cased-v2,3.41,134734080.0,119547.0,512,33246.61,✓,✗,34.19 ± 1.88 / 53.26 ± 3.44@@34.194435884930115,48.62 ± 2.65 / 51.75 ± 2.37@@48.62203732590898,2.64 ± 2.11 / 49.47 ± 1.79@@2.639065281198463,12.16 ± 3.00 / 1.22 ± 0.49@@12.162264300713222,13.3.0@@130300,12.6.1@@120601,12.6.1@@120601,12.6.1@@120601
utter-project/EuroLLM-9B-Instruct (few-shot),3.41,9152319488.0,128000.0,4096,1483.46,✗,✗,9.76 ± 7.16 / 26.68 ± 6.80@@9.762148156535675,24.92 ± 3.54 / 23.09 ± 3.30@@24.916140973592903,0.15 ± 0.29 / 33.01 ± 0.31@@0.14861793663119408,54.08 ± 0.71 / 28.18 ± 1.51@@54.07885184076449,13.3.0@@130300,13.1.0@@130100,13.1.0@@130100,13.1.0@@130100
meta-llama/Llama-2-7b-hf (few-shot),3.41,6738417664.0,32000.0,4096,930.05,✓,✗,13.24 ± 8.29 / 31.92 ± 6.23@@13.237465572265366,32.71 ± 2.77 / 32.17 ± 2.13@@32.714455579375944,0.66 ± 1.75 / 40.36 ± 4.19@@0.6649000227718029,41.40 ± 3.27 / 18.04 ± 4.05@@41.39963584826391,13.3.0@@130300,9.2.0@@90200,9.2.0@@90200,12.5.1@@120501
google/gemma-2-2b-it (few-shot),3.42,2614341888.0,256000.0,8193,5373.87,✓,✗,15.24 ± 6.48 / 34.96 ± 6.66@@15.236643468816116,14.79 ± 4.70 / 13.03 ± 2.92@@14.78761807661767,1.10 ± 1.54 / 34.67 ± 0.87@@1.09620380223303,51.72 ± 1.28 / 25.42 ± 1.09@@51.72149433495904,13.3.0@@130300,13.0.0@@130000,13.0.0@@130000,13.0.0@@130000
neuralmagic/Sparse-Llama-3.1-8B-2of4 (few-shot),3.42,8030261248.0,128256.0,131072,2996.46,✓,✗,21.46 ± 6.37 / 35.83 ± 5.28@@21.458812559618686,22.23 ± 2.11 / 22.77 ± 2.37@@22.22815313126955,0.10 ± 0.51 / 33.23 ± 0.41@@0.1034444029690576,45.64 ± 1.96 / 23.34 ± 2.39@@45.64155484013827,14.1.2@@140102,14.0.3@@140003,14.1.2@@140102,14.0.3@@140003
3ebdola/Dialectal-Arabic-XLM-R-Base,3.43,278043648.0,250002.0,512,12782.54,✓,✗,20.94 ± 2.82 / 42.72 ± 2.88@@20.935909844832867,46.95 ± 2.05 / 50.04 ± 1.99@@46.95039423072179,1.40 ± 1.40 / 48.02 ± 2.05@@1.3997480555096355,28.80 ± 1.59 / 10.48 ± 1.75@@28.795953943432615,13.3.0@@130300,12.6.1@@120601,12.6.1@@120601,12.6.1@@120601
nvidia/mistral-nemo-minitron-8b-instruct (few-shot),3.44,8414105600.0,131072.0,8192,3160.57,✓,✗,10.70 ± 1.95 / 32.23 ± 2.92@@10.6984269623407,43.65 ± 4.03 / 26.17 ± 3.16@@43.646493420944296,10.77 ± 1.76 / 53.53 ± 1.49@@10.774040804144718,29.69 ± 2.78 / 0.29 ± 0.07@@29.690753858495118,14.1.1@@140101,14.1.1@@140101,14.1.1@@140101,14.1.1@@140101
sentence-transformers/distiluse-base-multilingual-cased,3.45,135324672.0,119547.0,512,19205.51,✓,✗,33.35 ± 1.84 / 53.45 ± 3.04@@33.345828273344566,47.62 ± 2.97 / 50.59 ± 2.81@@47.62142937941959,2.64 ± 2.11 / 49.47 ± 1.79@@2.639065281198463,12.20 ± 2.90 / 1.27 ± 0.46@@12.196900642217113,13.3.0@@130300,12.6.1@@120601,12.6.1@@120601,12.6.1@@120601
meta-llama/Llama-3.2-3B-Instruct (few-shot),3.46,3212749824.0,128256.0,131073,10423.76,✗,✗,10.07 ± 5.45 / 28.32 ± 4.30@@10.068724226359786,27.57 ± 1.71 / 22.52 ± 1.18@@27.565995629234674,-1.39 ± 1.30 / 34.40 ± 1.96@@-1.3858481409863919,50.74 ± 1.59 / 22.98 ± 2.48@@50.73593648162394,13.3.0@@130300,13.0.0@@130000,13.0.0@@130000,13.0.0@@130000
ltg/norbert3-base,3.47,124030464.0,50000.0,512,11405.28,✓,✗,34.62 ± 1.98 / 54.10 ± 2.52@@34.6174360791268,68.22 ± 1.28 / 70.95 ± 1.02@@68.21912926975887,2.41 ± 1.87 / 45.21 ± 3.51@@2.4127282132684225,0.00 ± 0.00 / 0.00 ± 0.00@@0.0,13.3.0@@130300,12.7.0@@120700,12.7.0@@120700,<9.2.0@@0
microsoft/Phi-3-mini-128k-instruct (few-shot),3.49,3821079552.0,32064.0,130819,7311.73,✓,✗,17.80 ± 4.22 / 36.50 ± 4.92@@17.798248072795683,27.22 ± 3.65 / 24.21 ± 2.67@@27.222275616896447,1.31 ± 1.28 / 39.67 ± 4.39@@1.3086948730062877,41.15 ± 1.57 / 17.24 ± 2.72@@41.14721548034484,13.3.0@@130300,12.9.1@@120901,12.9.1@@120901,12.9.1@@120901
01-ai/Yi-1.5-6B (few-shot),3.49,6061035520.0,64000.0,4097,2867.41,✓,✗,5.32 ± 3.81 / 29.01 ± 5.16@@5.317691557937643,38.15 ± 2.30 / 28.10 ± 4.65@@38.15450007014853,0.98 ± 1.44 / 35.86 ± 1.12@@0.9806396721183941,44.20 ± 2.72 / 20.39 ± 3.04@@44.19767294496955,14.1.2@@140102,13.0.0@@130000,13.0.0@@130000,13.0.0@@130000
TurkuNLP/bert-base-finnish-cased-v1,3.5,124521984.0,50105.0,512,16700.86,✓,✗,29.13 ± 2.34 / 49.85 ± 2.20@@29.133244515282147,34.58 ± 2.44 / 32.10 ± 2.20@@34.57566656955184,0.55 ± 1.58 / 46.24 ± 3.27@@0.5506494606222108,24.32 ± 2.07 / 5.07 ± 0.53@@24.32390302941787,13.3.0@@130300,<9.2.0@@0,<9.2.0@@0,<9.2.0@@0
meta-llama/Llama-2-13b-chat-hf (few-shot),3.51,13015866880.0,32000.0,4096,2849.49,✓,✗,5.44 ± 2.06 / 27.48 ± 3.27@@5.440536905590335,37.53 ± 3.42 / 30.51 ± 3.50@@37.533103627389316,0.14 ± 1.96 / 39.45 ± 3.51@@0.1362935314882066,43.86 ± 1.90 / 20.91 ± 2.93@@43.86281285297744,14.3.0@@140300,12.11.0@@121100,12.10.4@@121004,12.11.0@@121100
norallm/normistral-7b-warm-instruct (few-shot),3.55,7248023552.0,32768.0,4096,6193.5,✓,✗,11.75 ± 4.91 / 34.26 ± 5.32@@11.748409561344097,36.59 ± 3.56 / 27.50 ± 2.53@@36.5884237486594,0.86 ± 2.41 / 36.44 ± 1.27@@0.861218403858229,37.44 ± 1.86 / 14.58 ± 2.13@@37.440983217527744,13.3.0@@130300,12.7.0@@120700,12.7.0@@120700,12.7.0@@120700
ibm-granite/granite-3.0-8b-base (few-shot),3.56,8170835968.0,49152.0,4096,2514.59,✓,✗,-0.29 ± 1.16 / 15.66 ± 0.37@@-0.2905003055418643,37.82 ± 3.63 / 32.97 ± 3.97@@37.82427294835452,-0.12 ± 1.31 / 33.78 ± 0.32@@-0.12482776910743242,47.09 ± 1.09 / 21.59 ± 2.22@@47.0937161345287,14.1.2@@140102,13.0.0@@130000,13.0.0@@130000,13.0.0@@130000
ibm-granite/granite-3.0-2b-instruct (few-shot),3.56,2634201088.0,49155.0,4097,10193.87,✓,✗,5.88 ± 2.95 / 21.46 ± 3.02@@5.883368273363558,30.21 ± 4.29 / 29.79 ± 3.81@@30.214946840233807,3.67 ± 1.87 / 48.02 ± 3.06@@3.666165288750238,40.55 ± 1.13 / 15.12 ± 1.65@@40.5450119771865,13.3.0@@130300,13.0.0@@130000,13.0.0@@130000,13.0.0@@130000
ibm-granite/granite-8b-code-instruct-4k (few-shot),3.58,8054910976.0,49152.0,4096,5616.81,✓,✗,2.54 ± 2.60 / 17.05 ± 2.70@@2.5402126353609416,43.20 ± 3.61 / 32.10 ± 3.76@@43.19735755642495,0.00 ± 0.00 / 33.69 ± 0.28@@0.0,38.21 ± 2.38 / 14.28 ± 2.94@@38.21201227676991,13.3.0@@130300,13.0.0@@130000,13.0.0@@130000,13.0.0@@130000
ltg/norbert2,3.59,124521216.0,50104.0,512,15523.39,✓,✗,30.38 ± 2.04 / 52.61 ± 1.15@@30.38379284358983,28.74 ± 1.77 / 28.47 ± 1.77@@28.743604974902482,3.00 ± 0.94 / 47.57 ± 3.24@@2.9996616223693278,19.93 ± 2.77 / 3.47 ± 0.65@@19.931595579360575,13.3.0@@130300,<9.2.0@@0,<9.2.0@@0,<9.2.0@@0
openGPT-X/Teuken-7B-instruct-research-v0.4 (few-shot),3.6,7452725248.0,250680.0,4096,1253.66,✗,✗,4.30 ± 1.28 / 19.35 ± 2.86@@4.3044520950718335,28.74 ± 2.37 / 19.43 ± 1.48@@28.742732234627923,0.06 ± 1.39 / 34.20 ± 1.30@@0.0587580131096041,45.55 ± 1.65 / 17.41 ± 2.45@@45.552886372934125,14.0.4@@140004,14.0.4@@140004,14.0.4@@140004,14.0.4@@140004
sarnikowski/convbert-medium-small-da-cased,3.61,24485316.0,28995.0,512,13820.64,✓,✗,25.34 ± 1.28 / 43.29 ± 1.13@@25.339139981668186,28.16 ± 1.78 / 25.72 ± 1.72@@28.16066675931575,2.05 ± 1.54 / 47.80 ± 2.45@@2.049186974841817,24.09 ± 1.52 / 5.37 ± 0.70@@24.091589019317688,13.3.0@@130300,<9.2.0@@0,<9.2.0@@0,<9.2.0@@0
NorwAI/NorwAI-Mistral-7B (few-shot),3.61,7536586752.0,67993.0,3969,3034.67,✓,✗,14.64 ± 7.69 / 31.70 ± 6.80@@14.636772812393167,21.40 ± 2.86 / 19.64 ± 2.27@@21.395646708974297,0.99 ± 1.30 / 35.84 ± 1.02@@0.9850779569683807,36.90 ± 2.08 / 13.84 ± 2.99@@36.904478290136,14.1.2@@140102,12.10.4@@121004,12.10.4@@121004,12.10.4@@121004
google/gemma-2-2b (few-shot),3.62,2614341888.0,256000.0,8193,5235.32,✓,✗,12.86 ± 6.56 / 28.74 ± 6.46@@12.856492819807727,10.67 ± 5.23 / 13.01 ± 3.26@@10.670803588601817,-0.21 ± 0.99 / 33.71 ± 0.28@@-0.20576992548476228,43.48 ± 2.32 / 20.22 ± 3.01@@43.4773167861112,14.1.2@@140102,13.0.0@@130000,13.0.0@@130000,13.0.0@@130000
ibm-granite/granite-3b-code-base-2k (few-shot),3.62,3482503680.0,49152.0,2048,2731.51,✓,✗,4.29 ± 3.60 / 23.24 ± 4.11@@4.2948230067794375,38.52 ± 3.25 / 28.84 ± 5.49@@38.520347240151196,0.00 ± 0.00 / 33.69 ± 0.28@@0.0,36.06 ± 2.17 / 12.94 ± 2.60@@36.063253402796484,14.1.2@@140102,13.0.0@@130000,13.0.0@@130000,13.0.0@@130000
timpal0l/Mistral-7B-v0.1-flashback-v2 (few-shot),3.62,7241732096.0,32000.0,32768,5053.68,✓,✗,1.84 ± 3.02 / 23.26 ± 3.53@@1.8367793113328712,36.47 ± 4.24 / 30.33 ± 3.70@@36.47162125455761,2.54 ± 1.29 / 50.66 ± 0.62@@2.5426235785145237,38.73 ± 3.66 / 18.66 ± 4.26@@38.72771971512555,14.1.2@@140102,12.5.3@@120503,12.5.3@@120503,12.5.3@@120503
AI-Sweden-Models/gpt-sw3-356m-instruct (few-shot),3.65,470607872.0,64000.0,2048,5854.62,✓,✗,21.09 ± 4.78 / 36.73 ± 5.45@@21.090312898216574,17.79 ± 1.18 / 18.12 ± 1.18@@17.793745995305642,0.08 ± 0.15 / 33.73 ± 0.26@@0.07680459391561338,34.77 ± 1.72 / 15.04 ± 2.53@@34.772282302487675,13.3.0@@130300,12.7.0@@120700,12.7.0@@120700,12.7.0@@120700
Maltehb/aelaectra-danish-electra-small-cased,3.66,13737984.0,32000.0,128,4592.9,✓,✗,19.65 ± 7.54 / 34.37 ± 5.51@@19.64630952054251,35.72 ± 8.84 / 37.68 ± 9.61@@35.72206262284519,0.55 ± 0.58 / 33.62 ± 0.42@@0.55476895529686,21.85 ± 0.81 / 4.40 ± 0.52@@21.852107210683194,13.3.0@@130300,12.7.0@@120700,12.7.0@@120700,12.7.0@@120700
tollefj/nordavind-7b-instruct-warm (few-shot),3.67,7248023552.0,32768.0,2048,6450.44,✗,✗,12.07 ± 3.53 / 32.35 ± 5.40@@12.073866130789346,34.76 ± 4.42 / 23.42 ± 2.33@@34.758335088267366,0.77 ± 1.05 / 39.63 ± 2.41@@0.7666971417583707,30.77 ± 2.12 / 12.80 ± 2.37@@30.765048401001046,13.3.0@@130300,12.5.2@@120502,12.3.2@@120302,12.4.0@@120400
sarnikowski/convbert-small-da-cased,3.69,13014104.0,28995.0,512,14273.42,✓,✗,24.23 ± 2.17 / 40.76 ± 1.41@@24.234069310512947,25.49 ± 2.22 / 23.07 ± 2.05@@25.487571784829914,1.63 ± 1.91 / 45.09 ± 3.87@@1.626248772023125,22.50 ± 0.83 / 5.28 ± 0.62@@22.503780914311413,13.3.0@@130300,<9.2.0@@0,<9.2.0@@0,<9.2.0@@0
KBLab/albert-base-swedish-cased-alpha,3.69,14243584.0,50000.0,512,15925.14,✓,✗,17.77 ± 1.99 / 38.39 ± 1.32@@17.77260574035284,42.07 ± 2.27 / 43.57 ± 2.15@@42.067961896413266,0.27 ± 2.04 / 48.20 ± 1.32@@0.2674231297806057,20.44 ± 1.46 / 7.35 ± 0.66@@20.440039143263917,13.3.0@@130300,<9.2.0@@0,<9.2.0@@0,<9.2.0@@0
asafaya/bert-base-arabic,3.71,110617344.0,32000.0,512,16346.96,✓,✗,24.52 ± 4.68 / 44.89 ± 4.60@@24.522038205440847,22.51 ± 3.32 / 20.42 ± 3.17@@22.510726111559567,0.23 ± 1.20 / 43.22 ± 3.41@@0.22636615374390365,24.09 ± 1.66 / 5.05 ± 0.67@@24.087493803981992,13.3.0@@130300,<9.2.0@@0,<9.2.0@@0,<9.2.0@@0
openGPT-X/Teuken-7B-instruct-commercial-v0.4 (few-shot),3.73,7452725248.0,250680.0,4096,1437.66,✓,✗,-0.79 ± 2.98 / 26.06 ± 1.66@@-0.7932677192680269,26.58 ± 1.47 / 22.13 ± 2.38@@26.57778554877869,0.63 ± 1.36 / 43.80 ± 3.59@@0.6318812247750565,44.23 ± 2.12 / 15.14 ± 2.49@@44.22595373609237,14.0.4@@140004,14.0.4@@140004,14.0.4@@140004,14.0.4@@140004
meta-llama/Llama-3.2-1B-Instruct (few-shot),3.73,1235814400.0,128256.0,131073,7435.78,✗,✗,6.91 ± 4.60 / 27.56 ± 4.17@@6.91212856385702,33.76 ± 3.44 / 32.21 ± 2.82@@33.76406720506899,-0.13 ± 1.34 / 42.66 ± 3.62@@-0.12535311896821058,33.38 ± 1.39 / 12.43 ± 2.62@@33.37522401789114,13.3.0@@130300,13.0.0@@130000,13.0.0@@130000,13.0.0@@130000
dbmdz/bert-tiny-historic-multilingual-cased,3.77,4575104.0,32000.0,512,78027.26,✓,✗,9.46 ± 4.02 / 28.69 ± 4.13@@9.459745995578219,43.93 ± 1.57 / 46.59 ± 1.50@@43.926016061828044,0.04 ± 1.75 / 47.53 ± 1.60@@0.038605482763132415,21.73 ± 0.95 / 6.13 ± 0.63@@21.73134129081248,13.3.0@@130300,12.6.1@@120601,12.6.1@@120601,12.6.1@@120601
Qwen/Qwen1.5-4B-Chat (few-shot),3.78,3950369280.0,151936.0,32768,4347.23,✗,✗,7.56 ± 4.87 / 26.07 ± 4.12@@7.564792846740619,25.65 ± 2.99 / 22.30 ± 2.30@@25.647202928757984,-0.35 ± 2.01 / 44.36 ± 4.13@@-0.3471457858012447,32.31 ± 1.66 / 14.46 ± 2.66@@32.30830505111932,13.3.0@@130300,12.5.2@@120502,12.1.0@@120100,12.5.2@@120502
stabilityai/stablelm-2-1_6b (few-shot),3.79,1644515328.0,100352.0,4096,7258.53,✓,✗,8.99 ± 5.40 / 28.03 ± 5.83@@8.992520040687833,32.19 ± 2.52 / 32.88 ± 2.18@@32.18768023513805,0.37 ± 1.64 / 33.39 ± 0.55@@0.36770132449247905,27.03 ± 2.89 / 6.58 ± 2.15@@27.02898039439782,14.1.2@@140102,12.10.8@@121008,12.10.8@@121008,12.10.8@@121008
ibm-granite/granite-3.0-3b-a800m-instruct (few-shot),3.79,3374295552.0,49155.0,4096,10246.27,✓,✗,5.07 ± 2.69 / 27.01 ± 2.31@@5.0723116937999375,23.14 ± 2.08 / 23.09 ± 2.24@@23.137196122546456,0.18 ± 1.67 / 33.93 ± 0.34@@0.18404338218975777,36.10 ± 1.65 / 14.15 ± 2.49@@36.10220331406217,13.3.0@@130300,13.0.0@@130000,13.0.0@@130000,13.0.0@@130000
ibm-granite/granite-3b-code-instruct-2k (few-shot),3.8,3482503680.0,49152.0,2048,9058.91,✓,✗,0.60 ± 2.01 / 16.42 ± 1.16@@0.5962067702471745,33.57 ± 2.48 / 33.47 ± 2.48@@33.56640926356079,0.00 ± 0.00 / 33.69 ± 0.28@@0.0,33.54 ± 1.64 / 11.27 ± 2.38@@33.538383281914314,13.3.0@@130300,13.0.0@@130000,13.0.0@@130000,13.0.0@@130000
Maltehb/danish-bert-botxo,3.81,110617344.0,32000.0,512,16091.06,✓,✗,22.02 ± 3.35 / 45.42 ± 2.33@@22.020740978923968,12.64 ± 2.49 / 11.10 ± 2.21@@12.639922634960232,0.06 ± 1.76 / 47.57 ± 1.77@@0.05725256537962651,27.98 ± 1.03 / 4.77 ± 0.39@@27.978667561785272,13.3.0@@130300,<9.2.0@@0,<9.2.0@@0,<9.2.0@@0
alexanderfalk/danbert-small-cased,3.82,83450880.0,52000.0,512,30013.37,✓,✗,29.54 ± 2.92 / 50.54 ± 2.21@@29.544940738621055,12.39 ± 2.20 / 11.68 ± 2.17@@12.389762563745581,1.63 ± 1.66 / 43.64 ± 4.69@@1.6334064547171223,16.29 ± 1.59 / 1.70 ± 0.45@@16.286953371203534,13.3.0@@130300,<9.2.0@@0,<9.2.0@@0,<9.2.0@@0
Qwen/Qwen1.5-4B (few-shot),3.82,3950369280.0,151936.0,32768,3247.86,✓,✗,9.17 ± 4.79 / 31.18 ± 2.72@@9.174447478571615,15.66 ± 5.89 / 15.78 ± 3.95@@15.66464854822576,-0.55 ± 1.06 / 39.57 ± 3.61@@-0.5486034636518964,34.56 ± 2.38 / 14.11 ± 3.08@@34.55836828739497,14.1.2@@140102,12.5.2@@120502,12.1.0@@120100,12.1.0@@120100
ibm-granite/granite-3.0-2b-base (few-shot),3.82,2533525504.0,49152.0,4097,10186.88,✓,✗,1.70 ± 2.98 / 16.77 ± 2.07@@1.6975371694111083,29.51 ± 2.44 / 29.14 ± 2.34@@29.512727992359757,-0.32 ± 0.63 / 33.70 ± 0.28@@-0.3204727173244391,34.06 ± 1.47 / 12.36 ± 2.12@@34.06028795412214,14.1.2@@140102,13.0.0@@130000,13.0.0@@130000,13.0.0@@130000
HuggingFaceTB/SmolLM2-1.7B (few-shot),3.84,1711376384.0,49152.0,8192,16248.88,✓,✗,10.09 ± 3.91 / 29.11 ± 2.96@@10.08765498023909,20.50 ± 4.51 / 18.93 ± 3.84@@20.50493369345175,0.83 ± 1.65 / 45.84 ± 2.02@@0.8337177914373941,28.36 ± 1.48 / 10.84 ± 2.45@@28.362316575291423,14.1.2@@140102,13.1.0@@130100,13.1.0@@130100,13.1.0@@130100
timpal0l/Mistral-7B-v0.1-flashback-v2-instruct (few-shot),3.84,7241732096.0,32000.0,32768,5172.48,✗,✗,13.57 ± 4.68 / 28.38 ± 5.14@@13.573177477674397,24.98 ± 5.71 / 25.35 ± 4.78@@24.975483335370704,1.18 ± 1.09 / 39.01 ± 2.76@@1.1778193846692793,21.32 ± 2.25 / 8.52 ± 2.30@@21.321351510317243,13.3.0@@130300,12.5.2@@120502,12.3.2@@120302,12.3.2@@120302
fresh-xlm-roberta-base,3.84,278043648.0,250002.0,512,2214.08,✓,✗,25.25 ± 3.12 / 44.40 ± 4.52@@25.250766906337162,17.34 ± 1.13 / 16.43 ± 1.26@@17.341804675412952,-0.06 ± 0.99 / 36.73 ± 3.00@@-0.056686626896595226,21.61 ± 1.10 / 1.02 ± 0.30@@21.608852359545914,13.3.0@@130300,<9.2.0@@0,<9.2.0@@0,<9.2.0@@0
AI-Sweden-Models/gpt-sw3-1.3b (few-shot),3.85,1444532224.0,64000.0,2048,4607.55,✓,✗,4.18 ± 2.03 / 17.89 ± 1.60@@4.180635117436628,1.42 ± 1.60 / 3.11 ± 1.85@@1.4213477442273925,0.75 ± 0.73 / 45.87 ± 2.20@@0.747181345017417,45.28 ± 1.58 / 23.33 ± 2.22@@45.275184680490916,14.1.2@@140102,12.7.0@@120700,12.7.0@@120700,12.7.0@@120700
google/gemma-2b (few-shot),3.85,2506172416.0,256000.0,8192,6087.12,✓,✗,10.08 ± 5.54 / 31.35 ± 3.02@@10.075873138776844,8.83 ± 5.85 / 9.93 ± 4.70@@8.832579592779453,0.31 ± 1.95 / 45.42 ± 3.51@@0.3094807360775005,37.41 ± 2.44 / 16.08 ± 2.91@@37.41033994814932,14.1.2@@140102,12.5.2@@120502,12.1.0@@120100,12.1.0@@120100
HuggingFaceTB/SmolLM2-1.7B-Instruct (few-shot),3.85,1711376384.0,49152.0,8192,15970.88,✓,✗,6.86 ± 5.25 / 23.96 ± 4.13@@6.8643190552734366,26.23 ± 3.53 / 23.26 ± 2.30@@26.234562607262006,2.69 ± 1.42 / 45.61 ± 2.69@@2.692539056807734,28.57 ± 2.09 / 10.84 ± 2.59@@28.572707027036188,13.3.0@@130300,13.1.0@@130100,13.1.0@@130100,13.1.0@@130100
meta-llama/Llama-3.2-1B (few-shot),3.9,1235814400.0,128256.0,131073,7577.45,✓,✗,7.64 ± 4.41 / 25.58 ± 4.40@@7.637143601643377,17.77 ± 6.81 / 16.42 ± 6.19@@17.768047026662657,-0.35 ± 1.50 / 34.29 ± 1.64@@-0.3474789406906186,30.75 ± 2.05 / 8.15 ± 2.21@@30.75057040703996,14.1.2@@140102,13.0.0@@130000,13.0.0@@130000,13.0.0@@130000
google/gemma-2b-it (few-shot),3.9,2506172416.0,256000.0,8192,6470.59,✗,✗,-0.75 ± 1.97 / 22.91 ± 2.76@@-0.7505679530809751,20.49 ± 2.30 / 18.33 ± 1.40@@20.486093587999893,-0.01 ± 2.13 / 46.02 ± 2.71@@-0.014915478013560675,37.64 ± 0.75 / 10.95 ± 2.39@@37.64299848940366,14.1.2@@140102,12.5.2@@120502,12.1.0@@120100,12.4.0@@120400
ibm-granite/granite-7b-base (few-shot),3.9,6738415616.0,32000.0,2048,4405.37,✓,✗,4.92 ± 3.77 / 24.47 ± 3.44@@4.920629250429105,28.06 ± 2.33 / 29.10 ± 2.34@@28.055899775824113,0.10 ± 1.11 / 33.70 ± 0.88@@0.09680206393854467,27.33 ± 1.88 / 11.07 ± 2.29@@27.33492435731021,14.1.2@@140102,12.10.5@@121005,12.10.5@@121005,12.10.5@@121005
NorwAI/NorwAI-Llama2-7B (few-shot),3.95,7033270272.0,67993.0,3969,4437.75,✓,✗,10.70 ± 5.05 / 29.61 ± 7.19@@10.70046255194782,9.35 ± 0.70 / 9.74 ± 0.73@@9.350310451890381,1.14 ± 0.97 / 35.56 ± 2.43@@1.1442055354501341,30.04 ± 2.02 / 7.51 ± 3.09@@30.041568450224464,14.1.2@@140102,12.10.4@@121004,12.10.4@@121004,12.10.4@@121004
PleIAs/Pleias-1.2b-Preview (few-shot),3.97,1195468800.0,65536.0,2048,10756.07,✓,✗,0.53 ± 2.22 / 20.28 ± 1.55@@0.5316993804716443,22.56 ± 3.90 / 22.69 ± 3.50@@22.56464679338533,-0.26 ± 0.43 / 33.59 ± 1.01@@-0.2587567122001252,31.35 ± 2.10 / 11.80 ± 1.82@@31.349676399424748,14.1.2@@140102,14.0.4@@140004,14.1.2@@140102,14.3.0@@140300
Maltehb/aelaectra-danish-electra-small-uncased,3.98,13737984.0,32000.0,128,5995.22,✓,✗,25.53 ± 7.07 / 39.09 ± 5.16@@25.533309506555803,30.50 ± 1.95 / 30.08 ± 1.90@@30.50091270275178,3.59 ± 1.49 / 46.53 ± 4.34@@3.593569132574665,0.12 ± 0.11 / 0.06 ± 0.07@@0.11923734852566889,13.3.0@@130300,<9.2.0@@0,<9.2.0@@0,<9.2.0@@0
ibm-granite/granite-3.0-3b-a800m-base (few-shot),4.03,3374286336.0,49152.0,4096,10504.04,✓,✗,0.65 ± 3.12 / 18.97 ± 1.86@@0.64571882189982,18.07 ± 3.62 / 18.73 ± 2.54@@18.074401338168133,-0.72 ± 1.22 / 33.96 ± 0.50@@-0.7216343640401477,30.66 ± 1.47 / 12.27 ± 2.81@@30.659317001286286,14.1.2@@140102,13.0.0@@130000,13.0.0@@130000,13.0.0@@130000
utter-project/EuroLLM-1.7B-Instruct (few-shot),4.07,1656850432.0,128000.0,4096,15008.58,✓,✗,6.83 ± 5.62 / 31.41 ± 4.70@@6.829551010037892,13.29 ± 2.33 / 14.72 ± 2.11@@13.287603740400943,0.92 ± 1.51 / 42.09 ± 3.39@@0.9223621674828214,24.16 ± 1.95 / 7.49 ± 1.26@@24.164477102497763,13.3.0@@130300,13.1.0@@130100,13.1.0@@130100,13.1.0@@130100
RJuro/kanelsnegl-v0.2 (few-shot),4.08,7241732096.0,32000.0,512,1373.32,✓,✗,7.76 ± 3.65 / 29.49 ± 4.31@@7.75755803119849,23.67 ± 5.16 / 23.19 ± 4.37@@23.667579172525674,0.00 ± 0.00 / 33.69 ± 0.28@@0.0,14.61 ± 2.02 / 0.00 ± 0.00@@14.610022729466914,14.1.2@@140102,12.7.0@@120700,12.7.0@@120700,12.7.0@@120700
ibm-granite/granite-3.0-1b-a400m-instruct (few-shot),4.08,1334628352.0,49155.0,4096,7964.03,✓,✗,3.84 ± 4.22 / 27.14 ± 5.28@@3.8416603900017234,17.74 ± 3.49 / 16.16 ± 1.89@@17.738369866267973,-1.13 ± 1.09 / 44.10 ± 3.57@@-1.133342643832859,24.78 ± 1.48 / 7.74 ± 1.43@@24.77545696610511,13.2.0@@130200,13.2.0@@130200,13.2.0@@130200,13.2.0@@130200
PleIAs/Pleias-Nano (few-shot),4.09,1195468800.0,65536.0,2048,2519.09,✓,✗,2.13 ± 2.07 / 21.55 ± 2.63@@2.1341350357024846,9.90 ± 5.26 / 15.24 ± 2.90@@9.90148759798449,0.02 ± 1.43 / 34.31 ± 2.24@@0.024309080830444002,31.14 ± 1.43 / 10.57 ± 2.44@@31.141582907984038,14.1.2@@140102,14.0.4@@140004,14.1.2@@140102,14.3.0@@140300
ibm-granite/granite-7b-instruct (few-shot),4.1,6738481152.0,32008.0,4096,3136.16,✓,✗,-0.51 ± 3.34 / 18.63 ± 3.02@@-0.5119745715411457,19.07 ± 1.70 / 20.43 ± 1.80@@19.06626477289966,0.99 ± 1.27 / 39.24 ± 3.43@@0.9938678381117647,25.84 ± 1.85 / 9.54 ± 0.94@@25.83965566518553,13.2.0@@130200,13.2.0@@130200,13.2.0@@130200,13.2.0@@130200
Qwen/Qwen1.5-1.8B-Chat (few-shot),4.1,1836828672.0,151936.0,32768,8303.55,✗,✗,6.87 ± 6.27 / 28.55 ± 3.29@@6.868625228247802,14.15 ± 1.92 / 14.96 ± 2.11@@14.145204731721789,0.78 ± 1.70 / 44.74 ± 3.57@@0.7750717862826889,23.47 ± 1.64 / 7.80 ± 1.32@@23.470785670812557,13.3.0@@130300,12.5.2@@120502,12.1.0@@120100,12.5.0@@120500
fresh-electra-small,4.12,13548800.0,30522.0,512,7840.02,✓,✗,30.18 ± 1.07 / 50.55 ± 0.86@@30.18475263420834,9.96 ± 1.11 / 8.96 ± 1.05@@9.962397470836414,-0.10 ± 1.46 / 35.81 ± 3.45@@-0.10315017788327051,4.48 ± 1.39 / 0.12 ± 0.10@@4.478060632216254,13.3.0@@130300,<9.2.0@@0,<9.2.0@@0,<9.2.0@@0
PleIAs/Pleias-3b-Preview (few-shot),4.14,3211926528.0,65536.0,4096,6513.19,✓,✗,-0.67 ± 2.61 / 21.03 ± 3.38@@-0.6680436073651214,18.86 ± 5.30 / 18.63 ± 4.20@@18.86199576725836,-0.76 ± 0.76 / 33.16 ± 0.37@@-0.7556077179833927,26.37 ± 2.54 / 7.88 ± 1.59@@26.369846309771987,14.1.2@@140102,14.0.4@@140004,14.1.2@@140102,14.3.0@@140300
state-spaces/mamba-2.8b-hf (few-shot),4.17,2768345600.0,50280.0,32769,2721.51,✓,✗,-1.70 ± 2.31 / 21.85 ± 2.75@@-1.6960200906729677,18.38 ± 1.54 / 20.76 ± 1.34@@18.3787490312579,0.49 ± 1.54 / 42.54 ± 4.23@@0.49316437593661927,23.24 ± 0.99 / 6.30 ± 2.23@@23.24439988016584,13.3.0@@130300,13.0.0@@130000,13.0.0@@130000,13.0.0@@130000
HuggingFaceTB/SmolLM2-360M (few-shot),4.18,361821120.0,49152.0,8192,22023.39,✓,✗,3.82 ± 2.09 / 24.09 ± 2.81@@3.82219525135271,13.43 ± 1.36 / 13.81 ± 1.45@@13.432680913112941,1.14 ± 1.52 / 36.93 ± 3.69@@1.1373777065411663,16.21 ± 2.86 / 3.71 ± 1.14@@16.214384060325518,14.1.2@@140102,13.1.0@@130100,13.1.0@@130100,13.1.0@@130100
HuggingFaceTB/SmolLM2-360M-Instruct (few-shot),4.2,361821120.0,49152.0,8192,21776.98,✓,✗,3.12 ± 4.92 / 27.55 ± 4.21@@3.119586739334935,13.60 ± 1.50 / 13.99 ± 1.39@@13.604288959531289,0.28 ± 1.41 / 37.58 ± 4.34@@0.27941118047596886,16.34 ± 2.86 / 4.09 ± 1.03@@16.34255240558031,13.3.0@@130300,13.1.0@@130100,13.1.0@@130100,13.1.0@@130100
tiiuae/Falcon3-1B-Instruct (few-shot),4.21,1669408768.0,131072.0,8192,9270.37,✓,✗,6.44 ± 2.00 / 22.24 ± 3.62@@6.440601635099151,9.39 ± 3.31 / 9.28 ± 3.38@@9.386205312746606,-0.72 ± 1.67 / 43.21 ± 3.74@@-0.7164457539602055,21.41 ± 2.93 / 3.34 ± 0.98@@21.411833617838113,14.1.2@@140102,14.1.2@@140102,14.1.2@@140102,14.1.2@@140102
PleIAs/Pleias-350m-Preview (few-shot),4.24,353424384.0,65536.0,2048,10241.69,✓,✗,2.38 ± 2.00 / 21.79 ± 2.03@@2.37526095766531,17.73 ± 1.58 / 18.22 ± 1.53@@17.725779861744417,-0.18 ± 1.21 / 37.94 ± 4.17@@-0.18459116046231183,12.52 ± 3.09 / 1.67 ± 0.80@@12.516527435577226,14.1.2@@140102,14.0.4@@140004,14.1.2@@140102,14.3.0@@140300
utter-project/EuroLLM-1.7B (few-shot),4.25,,128000.0,4096,6235.68,✓,✗,4.08 ± 5.70 / 27.53 ± 5.10@@4.081179361942229,4.76 ± 1.90 / 5.24 ± 2.04@@4.75903873445883,-0.04 ± 1.83 / 43.39 ± 3.87@@-0.037402797638920356,20.00 ± 1.85 / 4.65 ± 1.40@@19.996132153483728,14.1.2@@140102,14.2.0.dev0@@140200,14.2.0.dev0@@140200,14.3.0@@140300
Qwen/Qwen1.5-0.5B (few-shot),4.25,619570176.0,151936.0,32768,11371.34,✓,✗,0.10 ± 1.78 / 18.76 ± 2.62@@0.09616252238667629,16.20 ± 1.52 / 16.96 ± 1.71@@16.202394901240204,-0.57 ± 1.20 / 41.25 ± 3.51@@-0.571815079355517,16.86 ± 2.98 / 3.31 ± 0.82@@16.861881004290684,14.1.2@@140102,12.5.2@@120502,12.1.0@@120100,12.1.0@@120100
ibm-granite/granite-3.0-1b-a400m-base (few-shot),4.3,1384956928.0,49152.0,4096,7808.38,✓,✗,4.82 ± 4.50 / 22.80 ± 5.16@@4.820402505547299,5.62 ± 3.01 / 8.37 ± 2.88@@5.624260361705984,-0.20 ± 0.76 / 33.73 ± 0.26@@-0.20155402551582155,18.58 ± 2.50 / 4.94 ± 1.33@@18.580694096134977,13.2.0@@130200,13.2.0@@130200,13.2.0@@130200,13.2.0@@130200
Qwen/Qwen1.5-0.5B-Chat (few-shot),4.3,619570176.0,151936.0,32768,11740.04,✗,✗,1.63 ± 1.45 / 19.19 ± 0.27@@1.6260754932216193,9.50 ± 3.17 / 9.41 ± 3.40@@9.499557674322503,1.76 ± 1.62 / 38.51 ± 3.72@@1.760841610419177,17.84 ± 2.26 / 3.14 ± 0.71@@17.837555005528557,13.3.0@@130300,12.5.2@@120502,12.1.0@@120100,12.5.0@@120500
HuggingFaceTB/SmolLM2-135M (few-shot),4.34,134515008.0,49152.0,8192,26346.08,✓,✗,3.13 ± 3.12 / 22.51 ± 2.62@@3.1250956465663045,14.74 ± 2.42 / 16.01 ± 2.04@@14.740410265619786,-0.25 ± 0.60 / 34.69 ± 3.02@@-0.25109139836746147,10.92 ± 2.52 / 1.35 ± 0.73@@10.920926432824114,14.1.2@@140102,13.1.0@@130100,13.1.0@@130100,13.1.0@@130100
PleIAs/Pleias-Pico (few-shot),4.34,353424384.0,65536.0,2048,2330.93,✓,✗,2.17 ± 2.73 / 22.31 ± 3.55@@2.171430966146673,13.80 ± 3.19 / 14.46 ± 3.19@@13.80476491856816,-0.63 ± 0.78 / 36.66 ± 3.41@@-0.6316139704693582,10.78 ± 2.69 / 1.21 ± 0.65@@10.78293862767675,14.1.2@@140102,14.0.4@@140004,14.1.2@@140102,14.3.0@@140300
HuggingFaceTB/SmolLM2-135M-Instruct (few-shot),4.35,134515008.0,49152.0,8192,25602.11,✓,✗,3.01 ± 2.55 / 22.58 ± 2.22@@3.0125722746984627,13.70 ± 2.05 / 15.01 ± 2.07@@13.695222045703156,-0.83 ± 0.71 / 32.99 ± 0.27@@-0.8315203691441113,10.22 ± 2.52 / 0.94 ± 0.54@@10.219858650488787,13.3.0@@130300,13.1.0@@130100,13.1.0@@130100,13.1.0@@130100
RJuro/kanelsnegl-v0.1 (few-shot),4.35,7241732096.0,32000.0,510,5847.39,✓,✗,10.54 ± 3.93 / 35.55 ± 4.63@@10.54338029436191,0.00 ± 0.00 / 0.00 ± 0.00@@0.0,0.00 ± 0.00 / 33.69 ± 0.28@@0.0,11.90 ± 2.74 / 0.00 ± 0.00@@11.895098298479295,14.1.2@@140102,9.3.1@@90301,9.3.1@@90301,9.3.1@@90301
Qwen/Qwen1.5-1.8B (few-shot),4.37,1836828672.0,151936.0,32768,5665.51,✓,✗,-9.69 ± 4.92 / 18.53 ± 1.70@@-9.692255640951043,12.26 ± 4.13 / 12.77 ± 3.60@@12.2564717359214,0.94 ± 1.34 / 40.66 ± 3.73@@0.9391233223751004,20.24 ± 2.02 / 6.31 ± 1.01@@20.239927056151725,14.1.2@@140102,12.5.2@@120502,12.1.0@@120100,12.1.0@@120100
RuterNorway/Llama-2-7b-chat-norwegian (few-shot),4.38,,32000.0,4096,10889.7,✗,✗,3.32 ± 3.76 / 21.42 ± 3.52@@3.319706856944725,9.48 ± 1.48 / 10.10 ± 1.44@@9.481827481761664,0.07 ± 1.06 / 43.54 ± 3.63@@0.0740321303305988,7.35 ± 3.52 / 1.04 ± 0.96@@7.347187244553834,13.3.0@@130300,9.3.1@@90301,9.3.1@@90301,12.5.2@@120502
NorGLM/NorGPT-369M (few-shot),4.48,,64000.0,1024,19895.92,✓,✗,2.78 ± 2.87 / 22.52 ± 3.50@@2.7832100369999586,1.68 ± 1.40 / 1.54 ± 1.28@@1.681122449027004,-1.38 ± 1.13 / 34.41 ± 2.16@@-1.3838971163248392,10.05 ± 2.08 / 0.08 ± 0.09@@10.054494675474924,14.1.2@@140102,12.5.2@@120502,12.5.2@@120502,12.5.2@@120502
NorwAI/NorwAI-Mistral-7B-pretrain (few-shot),4.5,7536586752.0,67993.0,3969,3023.95,✓,✗,5.91 ± 3.50 / 26.15 ± 4.44@@5.905679512900876,3.69 ± 1.28 / 3.66 ± 1.30@@3.691578116470113,1.24 ± 1.37 / 42.67 ± 4.99@@1.2416392718912461,5.14 ± 0.75 / 0.29 ± 0.19@@5.138999626082782,14.1.2@@140102,12.10.4@@121004,12.10.4@@121004,12.10.4@@121004
ltg/norbert,4.53,111325440.0,32922.0,512,16280.12,✓,✗,-1.89 ± 3.12 / 20.00 ± 2.71@@-1.888410525493156,0.00 ± 0.00 / 0.00 ± 0.00@@0.0,-0.03 ± 1.29 / 46.72 ± 2.28@@-0.030448291434246603,13.50 ± 4.66 / 1.68 ± 0.72@@13.497215903290206,13.3.0@@130300,<9.2.0@@0,<9.2.0@@0,<9.2.0@@0
Sigurdur/icebreaker (few-shot),4.6,110418432.0,32000.0,1024,48618.98,✗,✗,2.31 ± 2.42 / 20.87 ± 2.00@@2.314618877223785,0.00 ± 0.00 / 0.00 ± 0.00@@0.0,0.00 ± 0.00 / 33.69 ± 0.28@@0.0,3.90 ± 0.28 / 0.00 ± 0.00@@3.900971543318139,14.1.2@@140102,12.5.2@@120502,12.5.2@@120502,12.5.2@@120502
Sigurdur/qa-icebreaker (few-shot),4.65,110418432.0,32000.0,1024,44888.92,✗,✗,0.46 ± 0.84 / 21.04 ± 2.19@@0.45799781684728436,0.00 ± 0.00 / 0.00 ± 0.00@@0.0,0.00 ± 0.00 / 33.69 ± 0.28@@0.0,4.86 ± 0.20 / 0.00 ± 0.00@@4.856400149605315,14.1.2@@140102,12.5.2@@120502,12.5.2@@120502,12.5.2@@120502
ai-forever/mGPT (few-shot),4.66,,100000.0,1024,11734.33,✓,✗,2.54 ± 2.23 / 21.79 ± 2.35@@2.5365856183476887,0.00 ± 0.00 / 0.00 ± 0.00@@0.0,0.00 ± 0.00 / 33.69 ± 0.28@@0.0,0.05 ± 0.03 / 0.00 ± 0.00@@0.05205857249621295,14.1.2@@140102,9.3.1@@90301,11.0.0@@110000,12.5.1@@120501
Sigurdur/icechat (few-shot),4.73,110418432.0,32000.0,1024,49557.9,✗,✗,1.86 ± 2.32 / 23.48 ± 4.78@@1.8550733710605365,0.00 ± 0.00 / 0.00 ± 0.00@@0.0,0.00 ± 0.00 / 33.69 ± 0.28@@0.0,0.64 ± 0.34 / 0.00 ± 0.00@@0.6433620254142527,14.1.2@@140102,12.5.2@@120502,12.5.2@@120502,12.5.2@@120502
ssmits/Falcon2-5.5B-multilingual (few-shot),4.76,5465415680.0,65024.0,8192,7691.9,✓,✗,-1.30 ± 1.45 / 18.79 ± 0.29@@-1.2960044295599988,0.00 ± 0.00 / 0.00 ± 0.00@@0.0,0.00 ± 0.00 / 33.69 ± 0.28@@0.0,0.02 ± 0.01 / 0.00 ± 0.00@@0.017767067403701462,14.1.2@@140102,13.0.0@@130000,13.0.0@@130000,13.0.0@@130000
Sigurdur/jonas-hallgrimsson-gpt2 (few-shot),4.77,125011200.0,51001.0,512,32643.73,✗,✗,0.00 ± 0.00 / 18.81 ± 0.27@@0.0,0.00 ± 0.00 / 0.00 ± 0.00@@0.0,0.00 ± 0.00 / 33.69 ± 0.28@@0.0,0.00 ± 0.00 / 0.00 ± 0.00@@0.0,14.1.2@@140102,12.5.2@@120502,12.5.2@@120502,12.5.2@@120502
