generative_type,model,rank,parameters,vocabulary_size,context,commercial,merge,sentipolc16,multinerd_it,scala_it,squad_it,ilpost_sum,mmlu_it,hellaswag_it,sentipolc16_version,multinerd_it_version,scala_it_version,squad_it_version,ilpost_sum_version,mmlu_it_version,hellaswag_it_version
ğŸ“,"<a href='https://ollama.com/library/phi4'>ollama_chat/phi4 (few-shot, val)</a>",1.54@@1.54,,,,âœ“,âœ—,62.91 Â± 1.86 / 73.91 Â± 1.36@@62.90803490562665,73.54 Â± 2.42 / 62.83 Â± 3.27@@73.53694274924753,40.57 Â± 3.38 / 67.59 Â± 2.86@@40.56578312456104,73.52 Â± 0.95 / 47.84 Â± 2.05@@73.51512529470291,65.02 Â± 0.16 / 15.32 Â± 0.22@@65.02190903062001,60.83 Â± 2.16 / 70.55 Â± 1.70@@60.82958878971486,66.99 Â± 2.58 / 74.80 Â± 1.85@@66.98954469284133,15.3.0.dev0@@150300,15.3.0.dev0@@150300,15.3.0.dev0@@150300,15.3.0.dev0@@150300,15.3.0.dev0@@150300,15.3.0.dev0@@150300,15.3.0.dev0@@150300
ğŸ“,<a href='https://huggingface.co/mistralai/Mistral-Small-24B-Instruct-2501'>mistralai/Mistral-Small-24B-Instruct-2501 (few-shot)</a>,1.57@@1.57,23572403200.0,131072.0,32768.0,âœ“,âœ—,66.52 Â± 1.60 / 77.52 Â± 1.11@@66.52125959319693,75.92 Â± 0.91 / 50.73 Â± 2.42@@75.92450827705596,27.13 Â± 1.42 / 50.81 Â± 1.04@@27.132228016631654,72.70 Â± 0.66 / 52.15 Â± 1.04@@72.69819624366424,65.44 Â± 0.10 / 16.83 Â± 0.22@@65.4380798706552,63.49 Â± 1.45 / 72.55 Â± 1.07@@63.49182236072062,82.73 Â± 0.81 / 87.00 Â± 0.62@@82.72719216543616,15.3.1@@150301,15.3.1@@150301,15.3.1@@150301,15.3.1@@150301,15.3.1@@150301,15.3.1@@150301,15.3.1@@150301
ğŸ“,<a href='https://huggingface.co/meta-llama/Llama-3.3-70B-Instruct'>meta-llama/Llama-3.3-70B-Instruct (few-shot)</a>,1.62@@1.62,70553706496.0,128256.0,131072.0,âœ“,âœ—,49.78 Â± 0.61 / 49.73 Â± 0.31@@49.78099709246962,83.25 Â± 1.02 / 57.76 Â± 2.17@@83.25423942274546,22.47 Â± 2.13 / 55.30 Â± 1.53@@22.474688834927523,66.82 Â± 1.04 / 36.83 Â± 1.77@@66.81971648779822,67.20 Â± 0.36 / 21.94 Â± 0.96@@67.20462882396532,71.76 Â± 0.78 / 78.83 Â± 0.58@@71.75597417563702,76.56 Â± 0.94 / 82.22 Â± 0.75@@76.56401443129339,15.3.1@@150301,15.3.1@@150301,15.3.1@@150301,15.3.1@@150301,15.3.1@@150301,15.3.1@@150301,15.3.1@@150301
ğŸ“,"<a href='https://docs.anthropic.com/en/docs/about-claude/models/all-models'>claude-3-5-sonnet-20241022 (zero-shot, val)</a>",1.65@@1.65,,,200000.0,âœ“,âœ—,70.47 Â± 1.65 / 79.35 Â± 1.17@@70.46509166526856,70.71 Â± 1.90 / 53.69 Â± 1.70@@70.70860202655783,25.65 Â± 1.73 / 50.14 Â± 1.55@@25.64671578825782,67.95 Â± 0.73 / 35.48 Â± 1.04@@67.9519918640969,64.30 Â± 0.18 / 14.23 Â± 0.20@@64.2980698379688,78.39 Â± 1.53 / 83.79 Â± 1.17@@78.38822566044051,69.02 Â± 2.23 / 76.72 Â± 1.71@@69.02403044000762,15.3.1@@150301,15.3.1.dev0@@150301,15.3.1@@150301,15.3.1@@150301,15.3.1@@150301,15.3.1@@150301,15.3.1@@150301
ğŸ“,"<a href='https://ollama.com/library/gemma3:27b-it-q4_K_M'>ollama_chat/gemma3:27b-it-q4_K_M (few-shot, val)</a>",1.70@@1.70,,,,âœ“,âœ—,65.74 Â± 2.34 / 75.48 Â± 1.54@@65.73507848106398,75.86 Â± 1.84 / 61.97 Â± 3.17@@75.86475657056333,17.89 Â± 4.89 / 53.53 Â± 2.48@@17.889933071218273,75.45 Â± 1.46 / 55.83 Â± 1.59@@75.4466058300345,65.90 Â± 0.19 / 18.19 Â± 0.36@@65.8973427535966,62.80 Â± 2.55 / 72.07 Â± 1.93@@62.803707960870824,66.31 Â± 2.44 / 74.18 Â± 1.83@@66.30676657460823,15.3.0.dev0@@150300,15.3.0.dev0@@150300,15.3.0.dev0@@150300,15.3.0.dev0@@150300,15.3.0.dev0@@150300,15.3.0.dev0@@150300,15.3.0.dev0@@150300
ğŸ“,"<a href='https://ollama.com/library/gemma3:12b-it-q4_K_M'>ollama_chat/gemma3:12b-it-q4_K_M (few-shot, val)</a>",1.80@@1.80,,,,âœ“,âœ—,60.23 Â± 3.36 / 72.21 Â± 2.04@@60.233021323949444,74.32 Â± 2.15 / 56.75 Â± 2.76@@74.32013764339027,17.02 Â± 4.73 / 53.07 Â± 3.22@@17.01510035448132,72.60 Â± 1.14 / 52.44 Â± 1.71@@72.60318084340045,66.03 Â± 0.21 / 19.11 Â± 0.38@@66.02807980729267,59.01 Â± 2.40 / 69.30 Â± 1.83@@59.01241879464213,60.41 Â± 2.70 / 69.77 Â± 2.23@@60.411063352990894,15.2.0.dev0@@150200,15.2.0.dev0@@150200,15.3.0.dev0@@150300,15.3.0.dev0@@150300,15.3.0.dev0@@150300,15.3.0.dev0@@150300,15.3.0.dev0@@150300
ğŸ“,"<a href='https://platform.openai.com/docs/models/gpt-4o'>gpt-4o-2024-05-13 (zero-shot, val)</a>",1.81@@1.81,,200019.0,128000.0,âœ“,âœ—,46.19 Â± 2.23 / 47.58 Â± 1.12@@46.18920151351958,66.14 Â± 1.43 / 35.52 Â± 1.37@@66.14237025496327,24.47 Â± 2.48 / 50.58 Â± 1.47@@24.465987419810453,74.30 Â± 0.85 / 51.46 Â± 1.11@@74.29739579268372,65.02 Â± 0.18 / 14.99 Â± 0.21@@65.01545558450744,75.98 Â± 1.61 / 81.99 Â± 1.23@@75.98251688470096,71.59 Â± 1.51 / 78.36 Â± 1.19@@71.59303247506872,15.2.0.dev0@@150200,15.2.0.dev0@@150200,15.2.0.dev0@@150200,15.2.0.dev0@@150200,15.3.1@@150301,15.3.1@@150301,15.3.1@@150301
ğŸ§ ,<a href='https://huggingface.co/upstage/SOLAR-10.7B-v1.0'>upstage/SOLAR-10.7B-v1.0 (few-shot)</a>,1.83@@1.83,10731524096.0,32000.0,4096.0,âœ“,âœ—,51.57 Â± 2.64 / 58.42 Â± 3.78@@51.570466022279746,75.28 Â± 1.45 / 61.62 Â± 1.81@@75.28152673911296,24.13 Â± 2.65 / 59.35 Â± 2.71@@24.127650768251755,77.48 Â± 0.73 / 60.37 Â± 1.87@@77.48004215084902,67.63 Â± 0.51 / 24.81 Â± 1.09@@67.6256393265794,38.00 Â± 1.25 / 53.20 Â± 0.99@@38.00459675340087,58.23 Â± 1.90 / 67.98 Â± 1.54@@58.231788900175495,15.3.1@@150301,15.3.1@@150301,15.3.1@@150301,15.3.1@@150301,15.3.1@@150301,15.3.1@@150301,15.3.1@@150301
ğŸ“,"<a href='https://platform.openai.com/docs/models/gpt-4-turbo'>gpt-4-1106-preview (zero-shot, val)</a>",1.89@@1.89,,100256.0,128000.0,âœ“,âœ—,48.89 Â± 1.54 / 48.96 Â± 0.83@@48.885524050036665,66.11 Â± 1.62 / 36.94 Â± 1.35@@66.10509196173139,26.51 Â± 1.87 / 51.18 Â± 1.45@@26.50742844784616,72.30 Â± 0.92 / 51.10 Â± 1.24@@72.29500567427728,64.36 Â± 0.17 / 13.91 Â± 0.23@@64.36454399488866,70.48 Â± 1.56 / 78.01 Â± 1.16@@70.4849448634181,59.32 Â± 1.49 / 68.05 Â± 1.22@@59.32311424905106,15.2.0.dev0@@150200,15.2.0.dev0@@150200,15.2.0.dev0@@150200,15.2.0.dev0@@150200,15.2.0.dev0@@150200,15.2.0.dev0@@150200,15.2.0.dev0@@150200
ğŸ“,"<a href='https://docs.anthropic.com/en/docs/about-claude/models/all-models'>claude-3-5-haiku-20241022 (zero-shot, val)</a>",1.97@@1.97,,,200000.0,âœ“,âœ—,54.69 Â± 2.74 / 67.75 Â± 2.10@@54.694001009233816,67.22 Â± 1.75 / 44.64 Â± 1.30@@67.22054949247232,29.96 Â± 1.77 / 50.22 Â± 1.71@@29.964822661631924,68.70 Â± 1.18 / 38.73 Â± 1.63@@68.7047519965327,64.55 Â± 0.18 / 14.34 Â± 0.24@@64.54664370976388,54.96 Â± 2.25 / 65.62 Â± 1.75@@54.96386437603318,50.73 Â± 1.97 / 61.88 Â± 1.44@@50.73463044628065,15.3.1@@150301,15.3.1.dev0@@150301,15.3.1@@150301,15.3.1@@150301,15.3.1@@150301,15.3.1@@150301,15.3.1@@150301
ğŸ§ ,<a href='https://huggingface.co/google/gemma-2-9b'>google/gemma-2-9b (few-shot)</a>,2.03@@2.03,9241705984.0,256000.0,4096.0,âœ“,âœ—,57.86 Â± 2.02 / 71.14 Â± 1.75@@57.86010866141782,42.01 Â± 3.66 / 39.04 Â± 2.77@@42.009568408773504,23.12 Â± 2.98 / 56.56 Â± 2.54@@23.122277971400777,70.73 Â± 2.73 / 52.11 Â± 2.55@@70.73430552078798,67.97 Â± 0.35 / 25.85 Â± 0.61@@67.97280006998335,51.53 Â± 0.82 / 63.46 Â± 0.64@@51.52600980073589,46.12 Â± 4.27 / 57.92 Â± 4.11@@46.123290491988655,15.3.1@@150301,15.3.1@@150301,15.3.1@@150301,15.3.1@@150301,15.3.1@@150301,15.3.1@@150301,15.3.1@@150301
ğŸ“,<a href='https://huggingface.co/speakleash/Bielik-11B-v2.3-Instruct'>speakleash/Bielik-11B-v2.3-Instruct (few-shot)</a>,2.03@@2.03,11168796672.0,32128.0,32768.0,âœ“,âœ“,57.51 Â± 1.70 / 71.30 Â± 1.20@@57.51007123482375,68.18 Â± 1.99 / 55.72 Â± 1.92@@68.18028085275513,21.82 Â± 2.75 / 58.10 Â± 2.28@@21.821642375545697,73.29 Â± 0.64 / 53.13 Â± 1.80@@73.28601160007764,65.00 Â± 0.15 / 15.85 Â± 0.35@@64.99846367340069,41.66 Â± 1.00 / 56.25 Â± 0.72@@41.656773170302465,62.52 Â± 0.85 / 71.83 Â± 0.65@@62.520787838848314,15.3.1@@150301,15.3.1@@150301,15.3.1@@150301,15.3.1@@150301,15.3.1@@150301,15.3.1@@150301,15.3.1@@150301
ğŸ§ ,<a href='https://huggingface.co/senseable/WestLake-7B-v2'>senseable/WestLake-7B-v2 (few-shot)</a>,2.08@@2.08,7241732096.0,32000.0,4096.0,âœ—,âœ—,54.85 Â± 2.14 / 69.26 Â± 1.90@@54.85103196173549,69.60 Â± 1.98 / 52.85 Â± 3.07@@69.59620759388866,17.86 Â± 2.38 / 53.52 Â± 2.48@@17.857528732860967,69.38 Â± 0.92 / 45.92 Â± 1.01@@69.37924008473409,67.47 Â± 0.24 / 23.38 Â± 0.74@@67.47015342407394,35.54 Â± 1.03 / 51.46 Â± 0.74@@35.53924210909693,43.15 Â± 2.02 / 57.00 Â± 1.62@@43.152126236132275,15.2.0.dev0@@150200,15.2.0.dev0@@150200,15.2.0.dev0@@150200,15.2.0.dev0@@150200,15.2.0.dev0@@150200,15.2.0.dev0@@150200,15.2.0.dev0@@150200
ğŸ§ ,<a href='https://huggingface.co/CohereForAI/aya-expanse-8b'>CohereForAI/aya-expanse-8b (few-shot)</a>,2.10@@2.10,8028033024.0,256000.0,8192.0,âœ—,âœ—,60.12 Â± 1.09 / 71.84 Â± 1.37@@60.12414805661255,65.00 Â± 1.40 / 40.91 Â± 1.72@@64.99690200914911,20.16 Â± 1.92 / 59.64 Â± 0.91@@20.160114325018185,69.65 Â± 0.43 / 49.60 Â± 1.29@@69.6484961429837,65.18 Â± 0.14 / 16.52 Â± 0.35@@65.18212061215308,41.04 Â± 1.04 / 55.74 Â± 0.74@@41.043090901263845,49.14 Â± 1.41 / 61.60 Â± 1.11@@49.1401457021717,15.3.1.dev0@@150301,15.3.1.dev0@@150301,15.3.1.dev0@@150301,15.3.1.dev0@@150301,15.3.1.dev0@@150301,15.3.1.dev0@@150301,15.3.1.dev0@@150301
ğŸ“,<a href='https://huggingface.co/google/gemma-2-9b-it'>google/gemma-2-9b-it (few-shot)</a>,2.10@@2.10,9241705984.0,256000.0,4096.0,âœ“,âœ—,47.57 Â± 0.56 / 48.68 Â± 0.36@@47.567255958948515,41.45 Â± 1.88 / 28.76 Â± 1.93@@41.45199290108946,25.59 Â± 1.74 / 53.42 Â± 1.18@@25.5896607601054,70.52 Â± 0.71 / 47.59 Â± 1.49@@70.51638127231561,65.93 Â± 0.11 / 18.42 Â± 0.27@@65.92624464421533,52.42 Â± 1.23 / 64.24 Â± 0.91@@52.4180328269839,62.37 Â± 0.95 / 71.71 Â± 0.71@@62.37250377466802,15.3.1@@150301,15.3.1@@150301,15.3.1@@150301,15.3.1@@150301,15.3.1@@150301,15.3.1@@150301,15.3.1@@150301
ğŸ“,"<a href='https://platform.openai.com/docs/models/gpt-4o-mini'>gpt-4o-mini-2024-07-18 (zero-shot, val)</a>",2.12@@2.12,,200019.0,128000.0,âœ“,âœ—,42.58 Â± 2.62 / 45.86 Â± 1.40@@42.58044784294501,58.71 Â± 1.74 / 34.89 Â± 1.33@@58.71281315043404,20.87 Â± 3.36 / 51.97 Â± 1.81@@20.865437654021992,70.43 Â± 0.92 / 42.13 Â± 1.37@@70.43352817373635,65.19 Â± 0.22 / 15.64 Â± 0.29@@65.18915384076536,60.71 Â± 2.50 / 70.66 Â± 1.81@@60.71448628303323,56.00 Â± 1.68 / 66.29 Â± 1.37@@55.999123626304915,15.3.1@@150301,15.3.1@@150301,15.3.1@@150301,15.3.1@@150301,15.3.1@@150301,15.3.1@@150301,15.3.1@@150301
ğŸ“,<a href='https://huggingface.co/meta-llama/Llama-3.1-8B-Instruct'>meta-llama/Llama-3.1-8B-Instruct (few-shot)</a>,2.16@@2.16,8030261248.0,128256.0,131072.0,âœ“,âœ—,45.18 Â± 0.97 / 47.57 Â± 0.52@@45.17945356854457,67.95 Â± 1.73 / 54.28 Â± 2.10@@67.95429298279882,24.92 Â± 1.51 / 61.73 Â± 1.10@@24.923470044607583,63.90 Â± 0.90 / 33.34 Â± 2.37@@63.90200904632606,66.94 Â± 0.33 / 21.71 Â± 0.95@@66.9446657631488,40.63 Â± 1.35 / 55.43 Â± 1.02@@40.62832224385591,41.66 Â± 1.57 / 56.17 Â± 1.21@@41.664781883309516,15.3.1.dev0@@150301,15.3.1.dev0@@150301,15.3.1.dev0@@150301,15.3.1.dev0@@150301,15.3.1.dev0@@150301,15.3.1.dev0@@150301,15.3.1.dev0@@150301
ğŸ§ ,<a href='https://huggingface.co/utter-project/EuroLLM-9B'>utter-project/EuroLLM-9B (few-shot)</a>,2.30@@2.30,9152319488.0,128000.0,4096.0,âœ“,âœ—,54.63 Â± 2.64 / 68.75 Â± 2.26@@54.62773089401098,53.83 Â± 3.45 / 44.50 Â± 2.62@@53.83151164417115,17.98 Â± 2.28 / 57.02 Â± 1.68@@17.9794914485432,73.46 Â± 1.27 / 57.80 Â± 1.86@@73.45934113780925,67.94 Â± 0.42 / 25.67 Â± 0.73@@67.93786442591227,30.45 Â± 1.52 / 47.53 Â± 1.22@@30.446695575035815,21.45 Â± 1.74 / 38.73 Â± 1.60@@21.45403096426492,15.2.0.dev0@@150200,15.2.0.dev0@@150200,15.2.0.dev0@@150200,15.2.0.dev0@@150200,15.2.0.dev0@@150200,15.2.0.dev0@@150200,15.2.0.dev0@@150200
ğŸ§ ,<a href='https://huggingface.co/mistralai/Mistral-7B-v0.1'>mistralai/Mistral-7B-v0.1 (few-shot)</a>,2.41@@2.41,7241732096.0,32000.0,4096.0,âœ“,âœ—,51.01 Â± 2.54 / 65.92 Â± 2.54@@51.01474443273315,64.12 Â± 3.76 / 52.83 Â± 3.17@@64.11529015886114,14.24 Â± 3.30 / 55.71 Â± 2.25@@14.241717801135795,69.81 Â± 1.55 / 53.76 Â± 2.11@@69.80602448620792,67.45 Â± 0.50 / 24.65 Â± 0.91@@67.44724442178267,28.79 Â± 0.89 / 46.13 Â± 0.63@@28.787906204054636,13.63 Â± 2.14 / 34.63 Â± 1.78@@13.632430036503546,15.2.0.dev0@@150200,15.2.0.dev0@@150200,15.2.0.dev0@@150200,15.2.0.dev0@@150200,15.3.1.dev0@@150301,15.2.0.dev0@@150200,15.2.0.dev0@@150200
ğŸ§ ,<a href='https://huggingface.co/mistralai/Mistral-7B-v0.3'>mistralai/Mistral-7B-v0.3 (few-shot)</a>,2.43@@2.43,7248023552.0,32768.0,32768.0,âœ“,âœ—,51.18 Â± 2.07 / 63.91 Â± 2.37@@51.180000928136735,59.23 Â± 4.79 / 50.44 Â± 3.74@@59.22627260770741,13.47 Â± 3.21 / 53.64 Â± 2.80@@13.467216887286575,69.12 Â± 1.58 / 54.18 Â± 1.75@@69.12166606479101,67.31 Â± 0.67 / 24.65 Â± 0.99@@67.31334898373461,28.29 Â± 0.98 / 45.46 Â± 0.76@@28.287363592269475,15.66 Â± 2.63 / 35.78 Â± 2.22@@15.663665607484184,15.3.1.dev0@@150301,15.3.1.dev0@@150301,15.3.1.dev0@@150301,15.3.1.dev0@@150301,15.3.1.dev0@@150301,15.3.1.dev0@@150301,15.3.1.dev0@@150301
ğŸ§ ,<a href='https://huggingface.co/google/gemma-7b'>google/gemma-7b (few-shot)</a>,2.45@@2.45,8537680896.0,256000.0,8192.0,âœ“,âœ—,47.66 Â± 2.98 / 55.65 Â± 4.15@@47.6603028975337,45.48 Â± 3.80 / 38.25 Â± 3.18@@45.479289195789754,15.39 Â± 2.91 / 56.28 Â± 1.36@@15.393987172547247,69.75 Â± 3.40 / 53.76 Â± 3.22@@69.74882888772844,67.01 Â± 0.66 / 24.07 Â± 1.08@@67.01203382006497,41.02 Â± 1.04 / 53.72 Â± 0.92@@41.01617660270729,18.50 Â± 2.19 / 34.54 Â± 1.65@@18.49585072854209,15.2.0.dev0@@150200,15.2.0.dev0@@150200,15.2.0.dev0@@150200,15.2.0.dev0@@150200,15.2.0.dev0@@150200,15.2.0.dev0@@150200,15.2.0.dev0@@150200
ğŸ“,<a href='https://huggingface.co/utter-project/EuroLLM-9B-Instruct'>utter-project/EuroLLM-9B-Instruct (few-shot)</a>,2.52@@2.52,9152319488.0,128000.0,4096.0,âœ—,âœ—,54.19 Â± 2.08 / 68.45 Â± 1.68@@54.193865583017,37.00 Â± 1.27 / 24.76 Â± 1.17@@37.00268059785133,19.62 Â± 2.43 / 58.70 Â± 1.21@@19.624709511071142,71.02 Â± 2.01 / 55.25 Â± 2.52@@71.01798358521548,65.00 Â± 0.11 / 15.64 Â± 0.33@@64.9981914368982,33.39 Â± 1.29 / 49.91 Â± 0.95@@33.38916207901594,28.94 Â± 3.24 / 45.61 Â± 2.78@@28.942869921166515,15.2.0.dev0@@150200,15.2.0.dev0@@150200,15.2.0.dev0@@150200,15.2.0.dev0@@150200,15.2.0.dev0@@150200,15.3.1@@150301,15.3.1@@150301
ğŸ§ ,<a href='https://huggingface.co/occiglot/occiglot-7b-eu5'>occiglot/occiglot-7b-eu5 (few-shot)</a>,2.54@@2.54,7241732096.0,32000.0,4096.0,âœ“,âœ—,52.47 Â± 2.70 / 63.94 Â± 2.88@@52.4682951995413,55.96 Â± 3.99 / 49.77 Â± 3.27@@55.95907490514712,10.34 Â± 2.37 / 54.63 Â± 1.27@@10.339123564527124,70.14 Â± 1.02 / 53.33 Â± 2.60@@70.1411975460934,67.94 Â± 0.47 / 25.60 Â± 0.99@@67.93659717441187,22.46 Â± 0.83 / 39.82 Â± 0.84@@22.457899153476188,10.49 Â± 1.62 / 32.13 Â± 1.33@@10.486589857019109,15.2.0.dev0@@150200,15.2.0.dev0@@150200,15.2.0.dev0@@150200,15.2.0.dev0@@150200,15.3.1.dev0@@150301,15.3.1.dev0@@150301,15.3.1.dev0@@150301
ğŸ§ ,<a href='https://huggingface.co/tiiuae/falcon-11B'>tiiuae/falcon-11B (few-shot)</a>,2.64@@2.64,11102822400.0,65024.0,8192.0,âœ“,âœ—,59.88 Â± 1.56 / 72.13 Â± 1.69@@59.87679756013947,56.97 Â± 3.23 / 47.26 Â± 2.36@@56.97236434725441,16.44 Â± 2.59 / 50.77 Â± 3.70@@16.4424513377266,36.27 Â± 9.89 / 21.63 Â± 9.05@@36.267624571735574,63.92 Â± 0.82 / 16.10 Â± 1.34@@63.92050581416697,29.87 Â± 1.25 / 47.16 Â± 0.95@@29.865107895100728,30.24 Â± 2.84 / 46.96 Â± 2.20@@30.241235797276005,15.3.1@@150301,15.3.1@@150301,15.3.1@@150301,15.3.1@@150301,15.3.1@@150301,15.3.1@@150301,15.3.1@@150301
ğŸ“,<a href='https://huggingface.co/mistralai/Mistral-7B-Instruct-v0.1'>mistralai/Mistral-7B-Instruct-v0.1 (few-shot)</a>,2.67@@2.67,7241732096.0,32000.0,4096.0,âœ“,âœ—,50.71 Â± 1.58 / 66.15 Â± 1.26@@50.70742097247767,54.09 Â± 2.34 / 39.54 Â± 1.66@@54.09390282005045,15.42 Â± 1.33 / 55.77 Â± 1.49@@15.41535878156654,64.44 Â± 1.44 / 47.09 Â± 1.08@@64.44134732986598,65.03 Â± 0.14 / 16.42 Â± 0.39@@65.03076193810557,21.76 Â± 0.92 / 40.00 Â± 0.74@@21.758873246012605,16.03 Â± 1.18 / 35.68 Â± 1.23@@16.03411917808978,15.2.0.dev0@@150200,15.2.0.dev0@@150200,15.2.0.dev0@@150200,15.2.0.dev0@@150200,15.2.0.dev0@@150200,15.2.0.dev0@@150200,15.2.0.dev0@@150200
ğŸ§ ,<a href='https://huggingface.co/meta-llama/Llama-2-13b-hf'>meta-llama/Llama-2-13b-hf (few-shot)</a>,2.69@@2.69,13015866880.0,32000.0,4096.0,âœ“,âœ—,45.85 Â± 2.72 / 61.30 Â± 2.65@@45.853969392969304,43.55 Â± 5.64 / 40.35 Â± 5.04@@43.54786564189205,8.54 Â± 2.95 / 49.70 Â± 3.79@@8.539211733859371,71.05 Â± 1.61 / 53.56 Â± 2.86@@71.05208175459914,67.24 Â± 0.56 / 24.25 Â± 0.97@@67.24466267580283,24.24 Â± 1.16 / 42.89 Â± 0.84@@24.240852703735452,8.62 Â± 1.75 / 30.87 Â± 1.34@@8.615129926633024,15.3.1@@150301,15.3.1@@150301,15.3.1@@150301,15.3.1@@150301,15.3.1@@150301,15.3.1@@150301,15.3.1@@150301
ğŸ“,<a href='https://huggingface.co/meta-llama/Llama-3.2-3B-Instruct'>meta-llama/Llama-3.2-3B-Instruct (few-shot)</a>,2.70@@2.70,3212749824.0,128256.0,131072.0,âœ—,âœ—,40.22 Â± 1.21 / 44.80 Â± 0.76@@40.223319022125786,57.39 Â± 2.34 / 40.33 Â± 2.30@@57.386795672602595,12.94 Â± 1.93 / 44.72 Â± 2.23@@12.94352202961721,60.11 Â± 0.91 / 34.87 Â± 1.20@@60.11159128305051,66.04 Â± 0.19 / 19.43 Â± 0.45@@66.03814332003822,26.56 Â± 0.72 / 44.16 Â± 0.52@@26.56270655162013,22.89 Â± 1.46 / 41.67 Â± 1.26@@22.887516053604656,15.2.0.dev0@@150200,15.2.0.dev0@@150200,15.2.0.dev0@@150200,15.2.0.dev0@@150200,15.2.0.dev0@@150200,15.2.0.dev0@@150200,15.2.0.dev0@@150200
ğŸ“,<a href='https://huggingface.co/mistralai/Mistral-7B-Instruct-v0.2'>mistralai/Mistral-7B-Instruct-v0.2 (few-shot)</a>,2.75@@2.75,7241732096.0,32000.0,32768.0,âœ—,âœ—,51.36 Â± 1.13 / 67.53 Â± 0.77@@51.364729239734,50.18 Â± 2.09 / 36.69 Â± 2.59@@50.18079362683404,17.97 Â± 1.57 / 57.84 Â± 1.23@@17.970208711117465,51.20 Â± 1.52 / 26.58 Â± 2.36@@51.20218657694933,62.70 Â± 0.58 / 10.51 Â± 1.47@@62.69781181981671,28.08 Â± 0.89 / 44.56 Â± 0.64@@28.084190638179653,26.75 Â± 1.24 / 43.76 Â± 1.02@@26.749167575568077,15.3.1.dev0@@150301,15.3.1.dev0@@150301,15.3.1.dev0@@150301,15.3.1.dev0@@150301,15.3.1.dev0@@150301,15.3.1.dev0@@150301,15.3.1.dev0@@150301
ğŸ“,<a href='https://huggingface.co/openGPT-X/Teuken-7B-instruct-research-v0.4'>openGPT-X/Teuken-7B-instruct-research-v0.4 (few-shot)</a>,2.98@@2.98,7452725248.0,250680.0,4096.0,âœ—,âœ—,43.12 Â± 2.47 / 58.82 Â± 2.33@@43.11683560639537,47.78 Â± 2.52 / 29.77 Â± 1.55@@47.77700380666959,7.39 Â± 0.94 / 51.56 Â± 1.29@@7.391342906138323,63.01 Â± 1.51 / 46.59 Â± 1.23@@63.01125731017934,65.27 Â± 0.10 / 16.40 Â± 0.19@@65.27093180906377,13.93 Â± 1.14 / 32.64 Â± 1.07@@13.932964406483183,10.77 Â± 1.81 / 30.87 Â± 1.52@@10.767106915197344,15.3.1.dev0@@150301,15.3.1.dev0@@150301,15.3.1.dev0@@150301,15.3.1.dev0@@150301,15.3.1.dev0@@150301,15.3.1.dev0@@150301,15.3.1.dev0@@150301
ğŸ§ ,<a href='https://huggingface.co/norallm/normistral-11b-warm'>norallm/normistral-11b-warm (few-shot)</a>,3.03@@3.03,11429893120.0,51200.0,1024000.0,âœ“,âœ—,44.16 Â± 2.07 / 52.92 Â± 3.00@@44.158545433728314,56.67 Â± 3.22 / 44.46 Â± 2.93@@56.66667417446637,4.31 Â± 1.86 / 44.19 Â± 3.34@@4.309523060768658,62.10 Â± 1.27 / 45.75 Â± 2.15@@62.103854770522446,64.56 Â± 0.93 / 19.40 Â± 0.86@@64.55679121572757,10.63 Â± 1.05 / 32.39 Â± 0.85@@10.625157319225124,3.29 Â± 1.20 / 27.92 Â± 0.78@@3.2868997218905056,15.3.1@@150301,15.3.1@@150301,15.3.1@@150301,15.3.1@@150301,15.3.1@@150301,15.3.1@@150301,15.3.1@@150301
ğŸ§ ,<a href='https://huggingface.co/TrustLLMeu/baseline-7-8b_2-3t-tokens_llama'>TrustLLMeu/baseline-7-8b_2-3t-tokens_llama (few-shot)</a>,3.12@@3.12,7799574528.0,100096.0,4096.0,âœ“,âœ—,43.36 Â± 1.30 / 47.13 Â± 0.82@@43.35733034586947,46.64 Â± 3.31 / 41.40 Â± 2.88@@46.6356180996772,2.72 Â± 1.50 / 41.57 Â± 2.73@@2.720477764169323,55.21 Â± 2.23 / 41.59 Â± 2.12@@55.213228482894316,66.23 Â± 0.78 / 22.47 Â± 1.34@@66.234877560928,5.00 Â± 0.93 / 26.60 Â± 0.73@@4.995666716978187,0.01 Â± 0.80 / 25.76 Â± 0.80@@0.006814119573840416,15.3.1.dev0@@150301,15.3.1.dev0@@150301,15.3.1.dev0@@150301,15.3.1.dev0@@150301,15.3.1.dev0@@150301,15.3.1.dev0@@150301,15.3.1.dev0@@150301
ğŸ§ ,<a href='https://huggingface.co/Qwen/Qwen2.5-Math-7B'>Qwen/Qwen2.5-Math-7B (few-shot)</a>,3.15@@3.15,7615616512.0,152064.0,4096.0,âœ“,âœ—,36.88 Â± 2.29 / 42.63 Â± 1.37@@36.87583252100579,42.55 Â± 2.42 / 38.56 Â± 1.75@@42.55441872072434,9.98 Â± 2.39 / 45.78 Â± 2.82@@9.979107721191847,45.73 Â± 7.30 / 28.47 Â± 7.70@@45.72926421491019,62.00 Â± 2.50 / 15.65 Â± 1.99@@62.00004747777712,30.05 Â± 1.13 / 46.74 Â± 0.95@@30.04972822970568,11.33 Â± 1.98 / 31.51 Â± 2.02@@11.326110326560016,15.3.1.dev0@@150301,15.3.1.dev0@@150301,15.3.1.dev0@@150301,15.3.1.dev0@@150301,15.3.1.dev0@@150301,15.3.1.dev0@@150301,15.3.1.dev0@@150301
ğŸ“,<a href='https://ollama.com/library/gemma3:1b'>ollama_chat/gemma3:1b (few-shot)</a>,3.20@@3.20,,,,âœ“,âœ—,39.29 Â± 2.34 / 58.96 Â± 1.63@@39.28855719883765,42.67 Â± 1.83 / 37.34 Â± 1.65@@42.66520865591218,7.39 Â± 1.66 / 47.99 Â± 2.52@@7.393909915039643,50.73 Â± 0.42 / 35.25 Â± 0.80@@50.72542413525831,64.82 Â± 0.09 / 16.26 Â± 0.27@@64.81518650005455,5.14 Â± 1.37 / 27.84 Â± 0.91@@5.143624291594425,1.70 Â± 1.48 / 26.57 Â± 1.00@@1.7034252717746616,15.3.1@@150301,15.3.1@@150301,15.3.1@@150301,15.3.1@@150301,15.3.1@@150301,15.3.1@@150301,15.3.1@@150301
ğŸ“,<a href='https://huggingface.co/openGPT-X/Teuken-7B-instruct-commercial-v0.4'>openGPT-X/Teuken-7B-instruct-commercial-v0.4 (few-shot)</a>,3.24@@3.24,7452725248.0,250680.0,4096.0,âœ“,âœ—,15.07 Â± 2.37 / 30.63 Â± 2.50@@15.067044670390914,45.86 Â± 2.22 / 33.38 Â± 1.89@@45.85925086070034,0.91 Â± 1.41 / 37.66 Â± 1.04@@0.9078914049594304,54.56 Â± 3.82 / 38.49 Â± 3.80@@54.56148607746767,66.94 Â± 0.19 / 21.79 Â± 0.48@@66.94068084994797,16.81 Â± 0.76 / 36.64 Â± 0.56@@16.805449529044935,12.76 Â± 2.06 / 33.64 Â± 1.55@@12.762343951171959,15.3.1.dev0@@150301,15.3.1.dev0@@150301,15.3.1.dev0@@150301,15.3.1.dev0@@150301,15.3.1.dev0@@150301,15.3.1.dev0@@150301,15.3.1.dev0@@150301
ğŸ§ ,<a href='https://huggingface.co/TrustLLMeu/baseline-7-8b_1t-tokens_llama'>TrustLLMeu/baseline-7-8b_1t-tokens_llama (few-shot)</a>,3.38@@3.38,7799574528.0,100096.0,4096.0,âœ“,âœ—,32.64 Â± 1.96 / 38.57 Â± 1.82@@32.63669912793108,30.17 Â± 4.58 / 25.20 Â± 4.13@@30.16939563584686,1.76 Â± 2.19 / 45.26 Â± 3.48@@1.7615279839219642,53.91 Â± 1.58 / 38.81 Â± 1.35@@53.90766489939834,65.49 Â± 0.79 / 21.31 Â± 1.31@@65.493854960514,0.68 Â± 0.76 / 23.38 Â± 0.59@@0.6775032036910921,-1.15 Â± 1.29 / 25.56 Â± 0.63@@-1.147812426183447,15.3.1.dev0@@150301,15.3.1.dev0@@150301,15.3.1.dev0@@150301,15.3.1.dev0@@150301,15.3.1.dev0@@150301,15.3.1.dev0@@150301,15.3.1.dev0@@150301
ğŸ“,<a href='https://huggingface.co/HuggingFaceTB/SmolLM2-1.7B-Instruct'>HuggingFaceTB/SmolLM2-1.7B-Instruct (few-shot)</a>,3.41@@3.41,1711376384.0,49152.0,8192.0,âœ“,âœ—,28.10 Â± 3.52 / 39.18 Â± 5.39@@28.104255085998474,28.36 Â± 5.16 / 27.77 Â± 2.91@@28.35879301089562,9.31 Â± 1.73 / 50.27 Â± 2.73@@9.313460658235488,48.14 Â± 0.77 / 31.05 Â± 1.40@@48.13798095446212,63.89 Â± 0.20 / 15.26 Â± 0.27@@63.888903129991384,7.95 Â± 1.16 / 30.72 Â± 0.94@@7.954266620970338,1.71 Â± 1.15 / 26.43 Â± 0.95@@1.7079130383660788,15.2.0.dev0@@150200,15.2.0.dev0@@150200,15.2.0.dev0@@150200,15.2.0.dev0@@150200,15.2.0.dev0@@150200,15.2.0.dev0@@150200,15.2.0.dev0@@150200
ğŸ§ ,<a href='https://huggingface.co/utter-project/EuroLLM-1.7B'>utter-project/EuroLLM-1.7B (few-shot)</a>,3.43@@3.43,,128000.0,4096.0,âœ“,âœ—,25.75 Â± 7.05 / 33.51 Â± 6.23@@25.749291385910833,28.38 Â± 6.31 / 27.33 Â± 4.60@@28.384051429840362,1.23 Â± 2.02 / 38.07 Â± 3.27@@1.2338290373750531,52.23 Â± 1.92 / 39.10 Â± 1.02@@52.234160337560596,65.79 Â± 0.38 / 21.02 Â± 0.90@@65.78793089312967,0.34 Â± 1.26 / 23.63 Â± 0.66@@0.33892694398352263,-0.81 Â± 1.33 / 25.13 Â± 1.04@@-0.8085444992175348,15.2.0.dev0@@150200,15.2.0.dev0@@150200,15.2.0.dev0@@150200,15.2.0.dev0@@150200,15.2.0.dev0@@150200,15.2.0.dev0@@150200,15.2.0.dev0@@150200
ğŸ§ ,<a href='https://huggingface.co/LumiOpen/Viking-13B'>LumiOpen/Viking-13B (few-shot)</a>,3.53@@3.53,14030361600.0,131072.0,4096.0,âœ“,âœ—,31.81 Â± 4.37 / 42.00 Â± 5.34@@31.805795945017877,28.35 Â± 7.18 / 26.71 Â± 4.26@@28.348142231322864,2.50 Â± 1.49 / 36.52 Â± 1.66@@2.4953174821336184,44.64 Â± 2.19 / 33.44 Â± 1.39@@44.63696813122887,63.42 Â± 1.57 / 17.32 Â± 1.61@@63.41638003286789,0.16 Â± 1.39 / 24.45 Â± 1.16@@0.1592416274050903,0.66 Â± 0.92 / 26.27 Â± 0.76@@0.6599682478126306,15.3.1@@150301,15.3.1@@150301,15.3.1@@150301,15.3.1@@150301,15.3.1@@150301,15.3.1@@150301,15.3.1@@150301
ğŸ“,<a href='https://huggingface.co/utter-project/EuroLLM-1.7B-Instruct'>utter-project/EuroLLM-1.7B-Instruct (few-shot)</a>,3.55@@3.55,1656850432.0,128000.0,4096.0,âœ“,âœ—,20.88 Â± 3.11 / 39.60 Â± 3.23@@20.875664232070378,21.76 Â± 8.55 / 24.50 Â± 4.43@@21.75745789465368,2.68 Â± 1.34 / 45.51 Â± 3.40@@2.6750861122852134,54.25 Â± 0.83 / 38.31 Â± 2.16@@54.25182988058259,64.86 Â± 0.44 / 18.07 Â± 0.76@@64.8637686438451,1.60 Â± 1.14 / 25.52 Â± 0.78@@1.6046670296511392,0.53 Â± 1.02 / 26.41 Â± 0.47@@0.5260237623899355,15.2.0.dev0@@150200,15.2.0.dev0@@150200,15.2.0.dev0@@150200,15.2.0.dev0@@150200,15.2.0.dev0@@150200,15.2.0.dev0@@150200,15.2.0.dev0@@150200
ğŸ§ ,<a href='https://huggingface.co/HuggingFaceTB/SmolLM2-1.7B'>HuggingFaceTB/SmolLM2-1.7B (few-shot)</a>,3.61@@3.61,1711376384.0,49152.0,8192.0,âœ“,âœ—,26.02 Â± 3.81 / 35.45 Â± 3.98@@26.023558441509977,28.37 Â± 4.77 / 29.26 Â± 4.12@@28.372685509489465,-1.97 Â± 1.28 / 41.26 Â± 4.39@@-1.971877022386676,45.46 Â± 2.39 / 32.71 Â± 1.87@@45.457735155201945,63.76 Â± 1.72 / 18.61 Â± 1.73@@63.75576360151172,8.81 Â± 0.90 / 31.18 Â± 0.60@@8.807119696712421,-0.06 Â± 1.36 / 25.92 Â± 0.73@@-0.05773324883464145,15.2.0.dev0@@150200,15.2.0.dev0@@150200,15.2.0.dev0@@150200,15.2.0.dev0@@150200,15.2.0.dev0@@150200,15.2.0.dev0@@150200,15.2.0.dev0@@150200
ğŸ§ ,<a href='https://huggingface.co/microsoft/phi-2'>microsoft/phi-2 (few-shot)</a>,3.66@@3.66,2779683840.0,51200.0,2048.0,âœ“,âœ—,22.83 Â± 5.49 / 39.45 Â± 4.53@@22.828131606893916,29.42 Â± 6.82 / 26.48 Â± 5.44@@29.4204033274415,0.56 Â± 1.03 / 46.16 Â± 2.63@@0.5566927514445877,48.82 Â± 1.07 / 35.39 Â± 1.18@@48.81721978927236,61.34 Â± 2.37 / 15.55 Â± 1.79@@61.3443872913922,7.00 Â± 1.26 / 28.24 Â± 0.74@@6.996974262453841,0.59 Â± 1.16 / 26.39 Â± 0.79@@0.5868928251574772,15.2.0.dev0@@150200,15.2.0.dev0@@150200,15.2.0.dev0@@150200,15.2.0.dev0@@150200,15.2.0.dev0@@150200,15.2.0.dev0@@150200,15.2.0.dev0@@150200
ğŸ“,<a href='https://huggingface.co/google/gemma-7b-it'>google/gemma-7b-it (few-shot)</a>,3.69@@3.69,8537680896.0,256000.0,8192.0,âœ—,âœ—,15.09 Â± 7.11 / 26.17 Â± 5.96@@15.094673549804288,56.71 Â± 2.28 / 47.60 Â± 2.37@@56.71497784568245,7.94 Â± 1.51 / 47.29 Â± 2.14@@7.938572650348741,15.39 Â± 1.36 / 1.49 Â± 0.52@@15.39062457330445,58.77 Â± 0.39 / 9.37 Â± 0.64@@58.772065276862115,11.89 Â± 2.03 / 31.34 Â± 1.69@@11.886788378859947,3.21 Â± 0.79 / 26.89 Â± 0.77@@3.213199191288711,15.2.0.dev0@@150200,15.2.0.dev0@@150200,15.2.0.dev0@@150200,15.2.0.dev0@@150200,15.2.0.dev0@@150200,15.2.0.dev0@@150200,15.2.0.dev0@@150200
ğŸ§ ,<a href='https://huggingface.co/PleIAs/Pleias-350m-Preview'>PleIAs/Pleias-350m-Preview (few-shot)</a>,4.12@@4.12,353424384.0,65536.0,2048.0,âœ“,âœ—,9.42 Â± 4.74 / 30.85 Â± 4.55@@9.423465884163589,33.03 Â± 4.10 / 30.99 Â± 3.59@@33.0339324504975,0.55 Â± 1.81 / 40.89 Â± 3.68@@0.5470662609651962,24.96 Â± 1.43 / 16.01 Â± 1.80@@24.96254037730297,59.55 Â± 0.98 / 10.39 Â± 1.10@@59.54571006972401,-1.28 Â± 0.85 / 23.96 Â± 0.80@@-1.2800663452271508,-0.39 Â± 0.65 / 23.88 Â± 0.82@@-0.38579653410190295,15.2.0.dev0@@150200,15.2.0.dev0@@150200,15.2.0.dev0@@150200,15.2.0.dev0@@150200,15.2.0.dev0@@150200,15.2.0.dev0@@150200,15.2.0.dev0@@150200
ğŸ§ ,<a href='https://huggingface.co/PleIAs/Pleias-Pico'>PleIAs/Pleias-Pico (few-shot)</a>,4.18@@4.18,353424384.0,65536.0,2048.0,âœ“,âœ—,5.91 Â± 4.97 / 25.49 Â± 4.69@@5.914782205886643,27.00 Â± 4.79 / 26.27 Â± 4.40@@26.99883331207598,1.81 Â± 1.92 / 42.82 Â± 3.94@@1.814860131895106,17.73 Â± 1.47 / 10.96 Â± 1.57@@17.72683233997605,58.24 Â± 1.19 / 9.59 Â± 0.90@@58.240401393632055,-0.53 Â± 0.89 / 23.96 Â± 0.82@@-0.5266873738526084,0.20 Â± 1.61 / 24.73 Â± 1.13@@0.20467596125897108,15.2.0.dev0@@150200,15.2.0.dev0@@150200,15.2.0.dev0@@150200,15.2.0.dev0@@150200,15.2.0.dev0@@150200,15.2.0.dev0@@150200,15.2.0.dev0@@150200
ğŸ“,<a href='https://huggingface.co/Qwen/Qwen2.5-Math-1.5B'>Qwen/Qwen2.5-Math-1.5B (few-shot)</a>,4.33@@4.33,1543714304.0,151936.0,4096.0,âœ“,âœ—,0.00 Â± 0.00 / 16.92 Â± 0.39@@0.0,28.17 Â± 4.33 / 26.93 Â± 2.76@@28.171333609157568,5.26 Â± 1.08 / 46.53 Â± 3.15@@5.256004463853322,10.58 Â± 1.14 / 0.01 Â± 0.02@@10.581923854906709,55.85 Â± 2.42 / 9.57 Â± 1.09@@55.8530238250387,9.72 Â± 0.84 / 31.92 Â± 0.79@@9.720782582603254,2.69 Â± 1.22 / 26.34 Â± 0.91@@2.69007872516136,15.2.0.dev0@@150200,15.2.0.dev0@@150200,15.2.0.dev0@@150200,15.2.0.dev0@@150200,15.2.0.dev0@@150200,15.2.0.dev0@@150200,15.2.0.dev0@@150200
ğŸ”,<a href='https://huggingface.co/sentence-transformers/paraphrase-xlm-r-multilingual-v1'>sentence-transformers/paraphrase-xlm-r-multilingual-v1</a>,-@@100,278044162.0,250002.0,512.0,âœ“,âœ—,49.59 Â± 2.25 / 66.22 Â± 1.52@@49.5911294257178,81.12 Â± 0.73 / 70.67 Â± 1.02@@81.11925950122804,-0.27 Â± 1.62 / 43.36 Â± 3.71@@-0.2724891339859184,7.60 Â± 1.70 / 3.30 Â± 0.69@@7.596903159397345,-@@-1,-0.08 Â± 0.89 / 24.78 Â± 0.71@@-0.08071811673356635,5.02 Â± 0.86 / 28.83 Â± 0.66@@5.017850471239798,15.3.1.dev0@@150301,15.3.1.dev0@@150301,15.3.1.dev0@@150301,15.3.1.dev0@@150301,-@@0,15.3.1.dev0@@150301,15.3.1.dev0@@150301
ğŸ“,<a href='https://ollama.com/library/gemma3:4b-it-q4_K_M'>ollama_chat/gemma3:4b-it-q4_K_M (few-shot)</a>,-@@100,,,,âœ“,âœ—,55.85 Â± 2.22 / 68.24 Â± 2.08@@55.85186245037072,58.67 Â± 3.09 / 45.66 Â± 1.87@@58.67339280941608,18.03 Â± 2.25 / 58.00 Â± 1.44@@18.03166584151426,60.83 Â± 0.70 / 35.86 Â± 1.39@@60.82556934038399,-@@-1,-@@-1,-@@-1,15.3.1@@150301,15.3.1@@150301,15.3.1@@150301,15.3.1@@150301,-@@0,-@@0,-@@0
ğŸ”,<a href='https://huggingface.co/sentence-transformers/quora-distilbert-multilingual'>sentence-transformers/quora-distilbert-multilingual</a>,-@@100,134734080.0,119547.0,512.0,âœ“,âœ—,45.03 Â± 1.10 / 63.07 Â± 0.78@@45.02837191057278,79.52 Â± 0.75 / 69.26 Â± 0.50@@79.51854990591369,1.32 Â± 1.72 / 45.35 Â± 2.89@@1.320178949207163,8.56 Â± 0.49 / 4.08 Â± 0.30@@8.563234507303948,-@@-1,-0.09 Â± 0.79 / 24.63 Â± 0.59@@-0.08720511728455013,2.44 Â± 1.03 / 26.99 Â± 0.77@@2.439511003636592,15.3.1.dev0@@150301,15.3.1.dev0@@150301,15.3.1.dev0@@150301,15.3.1.dev0@@150301,-@@0,15.3.1.dev0@@150301,15.3.1.dev0@@150301
ğŸ”,<a href='https://huggingface.co/setu4993/LaBSE'>setu4993/LaBSE</a>,-@@100,470927360.0,501153.0,512.0,âœ“,âœ—,48.44 Â± 3.22 / 65.36 Â± 2.15@@48.43822249084195,89.91 Â± 0.67 / 80.15 Â± 0.68@@89.90799218965118,9.37 Â± 9.19 / 54.19 Â± 4.53@@9.372873993594471,43.16 Â± 1.72 / 31.21 Â± 1.43@@43.157481401133246,-@@-1,-0.52 Â± 1.90 / 24.59 Â± 1.45@@-0.5220362678405894,2.74 Â± 1.38 / 27.06 Â± 1.03@@2.743561054720285,15.3.1@@150301,15.3.1@@150301,15.3.1.dev0@@150301,15.3.1.dev0@@150301,-@@0,15.3.1.dev0@@150301,15.3.1.dev0@@150301
ğŸ”,<a href='https://huggingface.co/sentence-transformers/stsb-xlm-r-multilingual'>sentence-transformers/stsb-xlm-r-multilingual</a>,-@@100,278044162.0,250002.0,512.0,âœ“,âœ—,49.33 Â± 2.26 / 66.10 Â± 1.49@@49.32642617206394,80.08 Â± 1.23 / 70.49 Â± 1.16@@80.08168000118516,2.91 Â± 1.88 / 49.37 Â± 2.12@@2.911366025299188,9.49 Â± 0.36 / 4.82 Â± 0.40@@9.485518169652007,-@@-1,0.30 Â± 0.95 / 25.16 Â± 0.74@@0.3033773066444092,1.95 Â± 1.00 / 26.53 Â± 0.75@@1.9493387429224962,15.3.1.dev0@@150301,15.3.1.dev0@@150301,15.3.1.dev0@@150301,15.3.1.dev0@@150301,-@@0,15.3.1.dev0@@150301,15.3.1.dev0@@150301
ğŸ”,<a href='https://huggingface.co/sentence-transformers/distiluse-base-multilingual-cased-v1'>sentence-transformers/distiluse-base-multilingual-cased-v1</a>,-@@100,134734080.0,119547.0,512.0,âœ“,âœ—,42.60 Â± 1.15 / 61.54 Â± 0.77@@42.60412010449516,53.67 Â± 1.90 / 50.66 Â± 1.91@@53.67023136772239,0.21 Â± 1.27 / 44.62 Â± 2.15@@0.2096182596382998,5.50 Â± 0.47 / 1.79 Â± 0.31@@5.495282611024427,-@@-1,0.96 Â± 1.04 / 25.07 Â± 0.81@@0.9588771016315781,2.46 Â± 0.93 / 27.21 Â± 0.77@@2.4601241153262117,15.3.1.dev0@@150301,15.3.1.dev0@@150301,15.3.1.dev0@@150301,15.3.1.dev0@@150301,-@@0,15.3.1.dev0@@150301,15.3.1.dev0@@150301
ğŸ”,<a href='https://huggingface.co/sentence-transformers/distiluse-base-multilingual-cased-v2'>sentence-transformers/distiluse-base-multilingual-cased-v2</a>,-@@100,134734080.0,119547.0,512.0,âœ“,âœ—,40.68 Â± 1.77 / 60.28 Â± 1.19@@40.67950336948047,53.29 Â± 2.67 / 51.73 Â± 1.84@@53.292544461476666,0.64 Â± 1.12 / 46.82 Â± 1.71@@0.6372429237204565,6.24 Â± 0.36 / 2.14 Â± 0.37@@6.24108354498365,-@@-1,-@@-1,-@@-1,15.3.1.dev0@@150301,15.3.1.dev0@@150301,15.3.1.dev0@@150301,15.3.1.dev0@@150301,-@@0,-@@0,-@@0
ğŸ”,<a href='https://huggingface.co/sentence-transformers/distiluse-base-multilingual-cased'>sentence-transformers/distiluse-base-multilingual-cased</a>,-@@100,134734080.0,119547.0,512.0,âœ“,âœ—,40.68 Â± 1.77 / 60.28 Â± 1.19@@40.67950336948047,53.52 Â± 2.99 / 51.90 Â± 1.99@@53.52453394571211,0.64 Â± 1.12 / 46.82 Â± 1.71@@0.6372429237204565,6.19 Â± 0.43 / 2.15 Â± 0.39@@6.185988822462342,-@@-1,-@@-1,-@@-1,15.3.1.dev0@@150301,15.3.1.dev0@@150301,15.3.1.dev0@@150301,15.3.1.dev0@@150301,-@@0,-@@0,-@@0
ğŸ”,<a href='https://huggingface.co/sentence-transformers/paraphrase-multilingual-MiniLM-L12-v2'>sentence-transformers/paraphrase-multilingual-MiniLM-L12-v2</a>,-@@100,117654272.0,250037.0,512.0,âœ“,âœ—,41.90 Â± 10.08 / 60.80 Â± 7.32@@41.89504846806377,62.62 Â± 2.80 / 59.05 Â± 2.26@@62.62469393582399,0.69 Â± 1.20 / 47.43 Â± 1.90@@0.6947569741118034,8.64 Â± 0.23 / 2.94 Â± 0.37@@8.637262757960526,-@@-1,0.49 Â± 0.96 / 25.11 Â± 0.73@@0.48624598531712226,4.07 Â± 1.18 / 28.14 Â± 0.86@@4.06832368698674,15.3.1.dev0@@150301,15.3.1.dev0@@150301,15.3.1.dev0@@150301,15.3.1.dev0@@150301,-@@0,15.3.1.dev0@@150301,15.3.1.dev0@@150301
ğŸ“,<a href='https://huggingface.co/timpal0l/Mistral-7B-v0.1-flashback-v2'>timpal0l/Mistral-7B-v0.1-flashback-v2 (few-shot)</a>,-@@100,7241732096.0,32000.0,4096.0,âœ“,âœ—,1.09 Â± 2.14 / 17.10 Â± 1.05@@1.0906876795924179,56.28 Â± 2.41 / 42.02 Â± 2.12@@56.28054288736224,-@@-1,-@@-1,-@@-1,-@@-1,-@@-1,15.3.1.dev0@@150301,15.3.1.dev0@@150301,-@@0,-@@0,-@@0,-@@0,-@@0
ğŸ”,<a href='https://huggingface.co/sentence-transformers/distilbert-multilingual-nli-stsb-quora-ranking'>sentence-transformers/distilbert-multilingual-nli-stsb-quora-ranking</a>,-@@100,134734080.0,119547.0,512.0,âœ“,âœ—,45.03 Â± 1.10 / 63.07 Â± 0.78@@45.02837191057278,79.57 Â± 0.72 / 69.30 Â± 0.49@@79.5741510312882,1.23 Â± 1.70 / 45.33 Â± 2.94@@1.2299819849086242,8.56 Â± 0.46 / 4.09 Â± 0.34@@8.561113389832041,-@@-1,0.80 Â± 0.84 / 25.28 Â± 0.59@@0.8003417913592998,2.15 Â± 0.79 / 26.78 Â± 0.59@@2.1546745557535356,15.3.1.dev0@@150301,15.3.1.dev0@@150301,15.3.1.dev0@@150301,15.3.1.dev0@@150301,-@@0,15.3.1.dev0@@150301,15.3.1.dev0@@150301
ğŸ“,<a href='https://huggingface.co/BSC-LT/salamandra-2b-instruct'>BSC-LT/salamandra-2b-instruct (few-shot)</a>,-@@100,2253490176.0,256000.0,8192.0,âœ“,âœ—,40.98 Â± 1.57 / 45.63 Â± 0.78@@40.98140646957617,-@@-1,-@@-1,-@@-1,-@@-1,-@@-1,-@@-1,15.2.0.dev0@@150200,-@@0,-@@0,-@@0,-@@0,-@@0,-@@0
ğŸ”,<a href='https://huggingface.co/microsoft/xlm-align-base'>microsoft/xlm-align-base</a>,-@@100,277455362.0,250002.0,514.0,âœ“,âœ—,42.90 Â± 10.07 / 59.88 Â± 9.82@@42.90216091242559,85.58 Â± 1.06 / 75.45 Â± 0.87@@85.57532400993898,-0.45 Â± 2.78 / 45.18 Â± 3.26@@-0.45174654447836554,40.75 Â± 1.83 / 28.46 Â± 1.60@@40.750382558675014,-@@-1,0.10 Â± 1.40 / 24.96 Â± 1.04@@0.09524901091829331,1.51 Â± 1.29 / 26.18 Â± 0.97@@1.5052324518426725,15.3.1.dev0@@150301,15.3.1.dev0@@150301,15.3.1.dev0@@150301,15.3.1.dev0@@150301,-@@0,15.3.1.dev0@@150301,15.3.1.dev0@@150301
ğŸ§ ,<a href='https://huggingface.co/BSC-LT/salamandra-2b'>BSC-LT/salamandra-2b (few-shot)</a>,-@@100,2253490176.0,256000.0,8192.0,âœ“,âœ—,32.19 Â± 4.14 / 44.87 Â± 3.04@@32.19126305176094,-@@-1,-@@-1,-@@-1,-@@-1,-@@-1,-@@-1,15.2.0.dev0@@150200,-@@0,-@@0,-@@0,-@@0,-@@0,-@@0
ğŸ“,<a href='https://huggingface.co/BSC-LT/salamandra-7b-instruct'>BSC-LT/salamandra-7b-instruct (few-shot)</a>,-@@100,7768117248.0,256000.0,8192.0,âœ“,âœ—,40.86 Â± 0.63 / 44.83 Â± 0.54@@40.85913197348028,-@@-1,-@@-1,-@@-1,-@@-1,-@@-1,-@@-1,15.3.1.dev0@@150301,-@@0,-@@0,-@@0,-@@0,-@@0,-@@0
ğŸ§ ,<a href='https://huggingface.co/BSC-LT/salamandra-7b'>BSC-LT/salamandra-7b (few-shot)</a>,-@@100,7768117248.0,256000.0,8192.0,âœ“,âœ—,49.28 Â± 3.12 / 65.73 Â± 2.20@@49.27695075294151,-@@-1,-@@-1,-@@-1,-@@-1,-@@-1,-@@-1,15.3.1.dev0@@150301,-@@0,-@@0,-@@0,-@@0,-@@0,-@@0
ğŸ”,<a href='https://huggingface.co/EuropeanParliament/EUBERT'>EuropeanParliament/EUBERT</a>,-@@100,93990500.0,65636.0,512.0,âœ“,âœ—,30.41 Â± 1.78 / 52.37 Â± 0.96@@30.412752285940414,57.04 Â± 0.79 / 49.70 Â± 0.72@@57.042945563100226,4.13 Â± 3.42 / 51.34 Â± 1.82@@4.127816067532221,23.63 Â± 1.34 / 15.02 Â± 1.02@@23.628350310103578,-@@-1,-0.48 Â± 1.23 / 24.65 Â± 0.94@@-0.47950937937544286,0.52 Â± 1.17 / 25.40 Â± 0.90@@0.5238928023388304,15.3.1.dev0@@150301,15.3.1.dev0@@150301,15.3.1.dev0@@150301,15.3.1.dev0@@150301,-@@0,15.3.1.dev0@@150301,15.3.1.dev0@@150301
ğŸ”,<a href='https://huggingface.co/FacebookAI/xlm-roberta-large'>FacebookAI/xlm-roberta-large</a>,-@@100,561192082.0,250002.0,512.0,âœ“,âœ—,49.60 Â± 8.88 / 66.05 Â± 6.32@@49.59908771821799,91.13 Â± 0.70 / 80.85 Â± 0.87@@91.131646901524,6.66 Â± 5.70 / 43.85 Â± 6.52@@6.656178535092547,56.33 Â± 1.11 / 40.99 Â± 1.15@@56.32749678138926,-@@-1,-0.26 Â± 1.12 / 24.70 Â± 0.88@@-0.26179393927411526,1.86 Â± 2.50 / 26.48 Â± 1.89@@1.857829060433125,15.3.1.dev0@@150301,15.3.1.dev0@@150301,15.3.1.dev0@@150301,15.3.1.dev0@@150301,-@@0,15.3.1.dev0@@150301,15.3.1.dev0@@150301
ğŸ”,<a href='https://huggingface.co/Geotrend/distilbert-base-25lang-cased'>Geotrend/distilbert-base-25lang-cased</a>,-@@100,108867577.0,84985.0,512.0,âœ“,âœ—,31.63 Â± 1.79 / 53.45 Â± 1.33@@31.631937603787826,86.25 Â± 0.44 / 75.77 Â± 0.68@@86.2488171314437,5.13 Â± 3.98 / 47.34 Â± 5.16@@5.128380122065184,19.04 Â± 1.28 / 11.91 Â± 1.01@@19.036513568303814,-@@-1,-0.30 Â± 1.21 / 24.54 Â± 0.92@@-0.3026069594277171,1.75 Â± 0.93 / 26.44 Â± 0.66@@1.7512619308554473,15.3.1.dev0@@150301,15.3.1.dev0@@150301,15.3.1.dev0@@150301,15.3.1.dev0@@150301,-@@0,15.3.1.dev0@@150301,15.3.1.dev0@@150301
ğŸ“,<a href='https://huggingface.co/Nexusflow/Starling-LM-7B-beta'>Nexusflow/Starling-LM-7B-beta (few-shot)</a>,-@@100,7241748480.0,32002.0,4096.0,âœ—,âœ—,55.48 Â± 0.89 / 70.35 Â± 0.57@@55.478284605787096,67.96 Â± 1.80 / 41.85 Â± 2.47@@67.96177249263118,19.85 Â± 1.55 / 55.04 Â± 1.69@@19.85183988312657,68.10 Â± 1.29 / 44.40 Â± 2.27@@68.09608124959124,-@@-1,-@@-1,-@@-1,15.3.1.dev0@@150301,15.3.1.dev0@@150301,15.3.1.dev0@@150301,15.3.1.dev0@@150301,-@@0,-@@0,-@@0
ğŸ“,<a href='https://huggingface.co/NousResearch/DeepHermes-3-Llama-3-8B-Preview'>NousResearch/DeepHermes-3-Llama-3-8B-Preview (few-shot)</a>,-@@100,8030261248.0,128256.0,131072.0,âœ“,âœ—,42.54 Â± 0.82 / 46.16 Â± 0.62@@42.539517654930016,64.60 Â± 1.92 / 55.52 Â± 1.42@@64.59807272878568,19.79 Â± 2.06 / 54.04 Â± 2.62@@19.79358322959262,65.18 Â± 1.41 / 44.26 Â± 2.16@@65.1819873018124,65.25 Â± 0.15 / 16.44 Â± 0.32@@65.2499676340085,35.15 Â± 1.10 / 51.06 Â± 0.78@@35.15405203298626,-@@-1,15.3.1.dev0@@150301,15.3.1.dev0@@150301,15.3.1.dev0@@150301,15.3.1.dev0@@150301,15.3.1.dev0@@150301,15.3.1.dev0@@150301,-@@0
ğŸ”,<a href='https://huggingface.co/Twitter/twhin-bert-base'>Twitter/twhin-bert-base</a>,-@@100,279080594.0,250002.0,512.0,âœ“,âœ—,44.10 Â± 3.13 / 62.25 Â± 2.02@@44.09969868228479,83.81 Â± 1.50 / 74.05 Â± 1.12@@83.80505465435283,2.95 Â± 1.59 / 47.45 Â± 3.12@@2.9519926348261794,11.62 Â± 0.58 / 6.90 Â± 0.44@@11.617225140505582,-@@-1,0.84 Â± 1.35 / 25.63 Â± 1.04@@0.8392893792415824,0.16 Â± 1.20 / 25.13 Â± 0.93@@0.15660131892323823,15.3.1.dev0@@150301,15.3.1.dev0@@150301,15.3.1.dev0@@150301,15.3.1.dev0@@150301,-@@0,15.3.1.dev0@@150301,15.3.1.dev0@@150301
ğŸ”,<a href='https://huggingface.co/Twitter/twhin-bert-large'>Twitter/twhin-bert-large</a>,-@@100,561713298.0,250002.0,512.0,âœ“,âœ—,41.43 Â± 4.46 / 58.91 Â± 4.50@@41.43429992047817,86.05 Â± 1.88 / 76.54 Â± 1.62@@86.04916503005903,2.22 Â± 1.58 / 44.79 Â± 4.61@@2.2227702676467453,28.18 Â± 6.74 / 19.55 Â± 5.44@@28.17895740573328,-@@-1,0.33 Â± 1.11 / 25.23 Â± 0.85@@0.32843640928468393,0.66 Â± 1.00 / 25.50 Â± 0.74@@0.6625618722180687,15.3.1.dev0@@150301,15.3.1.dev0@@150301,15.3.1.dev0@@150301,15.3.1.dev0@@150301,-@@0,15.3.1.dev0@@150301,15.3.1.dev0@@150301
ğŸ”,<a href='https://huggingface.co/ZurichNLP/unsup-simcse-xlm-roberta-base'>ZurichNLP/unsup-simcse-xlm-roberta-base</a>,-@@100,277453570.0,250002.0,514.0,âœ“,âœ—,43.20 Â± 10.33 / 61.36 Â± 7.95@@43.203105191377986,84.59 Â± 1.24 / 74.93 Â± 0.94@@84.58697262655674,0.64 Â± 1.49 / 41.59 Â± 2.77@@0.6352859682487011,35.30 Â± 0.74 / 23.73 Â± 0.82@@35.300797197271926,-@@-1,0.81 Â± 1.05 / 25.48 Â± 0.77@@0.8068853130306882,1.12 Â± 1.59 / 25.88 Â± 1.18@@1.118007089587929,15.3.1.dev0@@150301,15.3.1.dev0@@150301,15.3.1.dev0@@150301,15.3.1.dev0@@150301,-@@0,15.3.1.dev0@@150301,15.3.1.dev0@@150301
ğŸ“,<a href='https://huggingface.co/mistralai/Ministral-8B-Instruct-2410'>mistralai/Ministral-8B-Instruct-2410 (few-shot)</a>,-@@100,8019808256.0,131072.0,32768.0,âœ“,âœ—,55.40 Â± 1.28 / 68.61 Â± 1.40@@55.39787969928742,61.06 Â± 2.98 / 46.57 Â± 2.31@@61.05795822285128,14.69 Â± 2.30 / 39.52 Â± 1.39@@14.68812297138579,71.90 Â± 0.63 / 54.90 Â± 0.61@@71.90423481791814,-@@-1,38.52 Â± 0.91 / 53.56 Â± 0.71@@38.51625918888503,59.80 Â± 2.05 / 69.23 Â± 1.66@@59.796230569293286,15.3.1.dev0@@150301,15.3.1.dev0@@150301,15.3.1.dev0@@150301,15.3.1.dev0@@150301,-@@0,15.3.1.dev0@@150301,15.3.1.dev0@@150301
ğŸ”,<a href='https://huggingface.co/cardiffnlp/twitter-xlm-roberta-base'>cardiffnlp/twitter-xlm-roberta-base</a>,-@@100,277455362.0,250002.0,514.0,âœ“,âœ—,48.81 Â± 3.29 / 65.42 Â± 2.55@@48.80966375482145,83.20 Â± 0.74 / 73.99 Â± 0.52@@83.20451661924388,0.75 Â± 2.63 / 39.22 Â± 3.92@@0.7462320911360948,9.62 Â± 0.46 / 4.44 Â± 0.44@@9.624475038875172,-@@-1,1.22 Â± 1.08 / 25.76 Â± 0.81@@1.2151670766371927,1.05 Â± 1.22 / 25.87 Â± 0.94@@1.047467091843388,15.3.1.dev0@@150301,15.3.1.dev0@@150301,15.3.1.dev0@@150301,15.3.1.dev0@@150301,-@@0,15.3.1.dev0@@150301,15.3.1.dev0@@150301
ğŸ”,<a href='https://huggingface.co/dbmdz/bert-tiny-historic-multilingual-cased'>dbmdz/bert-tiny-historic-multilingual-cased</a>,-@@100,4624642.0,32000.0,512.0,âœ“,âœ—,2.14 Â± 2.93 / 20.24 Â± 3.26@@2.139570673447628,0.00 Â± 0.00 / 0.00 Â± 0.00@@0.0,-0.27 Â± 1.54 / 38.24 Â± 3.79@@-0.2740321005323917,4.96 Â± 0.45 / 0.38 Â± 0.22@@4.955998542903726,-@@-1,0.86 Â± 1.49 / 25.52 Â± 1.13@@0.862535592924871,1.46 Â± 1.20 / 26.18 Â± 0.90@@1.4629666249612914,15.3.1.dev0@@150301,15.3.1.dev0@@150301,15.3.1.dev0@@150301,15.3.1.dev0@@150301,-@@0,15.3.1.dev0@@150301,15.3.1.dev0@@150301
ğŸ”,fresh-electra-small,-@@100,13738755.0,32000.0,128.0,âœ“,âœ—,7.48 Â± 6.97 / 27.15 Â± 9.37@@7.479455332142175,5.85 Â± 1.53 / 5.23 Â± 1.38@@5.848128428129122,0.19 Â± 0.38 / 33.91 Â± 1.09@@0.19497942890228923,0.00 Â± 0.00 / 0.00 Â± 0.00@@0.0,-@@-1,2.49 Â± 0.98 / 26.92 Â± 0.70@@2.4867316992958957,0.08 Â± 0.52 / 25.08 Â± 0.41@@0.0756217063963526,15.3.1.dev0@@150301,15.3.1.dev0@@150301,15.3.1.dev0@@150301,15.3.1.dev0@@150301,-@@0,15.3.1.dev0@@150301,15.3.1.dev0@@150301
ğŸ”,fresh-xlm-roberta-base,-@@100,278885778.0,250002.0,512.0,âœ“,âœ—,13.35 Â± 4.67 / 33.80 Â± 6.77@@13.351063531339616,7.75 Â± 2.17 / 7.03 Â± 2.07@@7.74707210053803,0.43 Â± 1.48 / 40.69 Â± 4.52@@0.43171948760454826,1.12 Â± 1.02 / 0.09 Â± 0.09@@1.115805810037037,-@@-1,-0.53 Â± 1.08 / 24.58 Â± 0.80@@-0.5264310283347877,0.34 Â± 1.61 / 25.23 Â± 1.21@@0.33619318225767275,15.3.1.dev0@@150301,15.3.1.dev0@@150301,15.3.1.dev0@@150301,15.3.1.dev0@@150301,-@@0,15.3.1.dev0@@150301,15.3.1.dev0@@150301
ğŸ”,<a href='https://huggingface.co/google/rembert'>google/rembert</a>,-@@100,574594434.0,250300.0,512.0,âœ“,âœ—,40.00 Â± 3.63 / 59.39 Â± 2.60@@40.004817043940754,88.34 Â± 0.86 / 77.48 Â± 0.84@@88.34185227643394,11.98 Â± 7.84 / 49.99 Â± 7.64@@11.983798735110799,61.28 Â± 1.74 / 44.50 Â± 2.07@@61.27654538518332,-@@-1,0.16 Â± 0.97 / 24.96 Â± 0.76@@0.1551141521872856,3.07 Â± 5.61 / 27.47 Â± 4.18@@3.0744334428233175,15.3.1.dev0@@150301,15.3.1.dev0@@150301,15.3.1.dev0@@150301,15.3.1.dev0@@150301,-@@0,15.3.1.dev0@@150301,15.3.1.dev0@@150301
ğŸ§ ,<a href='https://huggingface.co/infly/OpenCoder-1.5B-Base'>infly/OpenCoder-1.5B-Base (few-shot)</a>,-@@100,1905650960.0,96640.0,4096.0,âœ“,âœ—,0.72 Â± 2.71 / 23.58 Â± 2.34@@0.7213590554233573,-@@-1,-@@-1,-@@-1,-@@-1,-@@-1,-@@-1,15.2.0.dev0@@150200,-@@0,-@@0,-@@0,-@@0,-@@0,-@@0
ğŸ“,<a href='https://huggingface.co/infly/OpenCoder-1.5B-Instruct'>infly/OpenCoder-1.5B-Instruct (few-shot)</a>,-@@100,1905650880.0,96640.0,4096.0,âœ—,âœ—,4.50 Â± 2.80 / 19.66 Â± 3.15@@4.49931174563348,-@@-1,-@@-1,-@@-1,-@@-1,-@@-1,-@@-1,15.2.0.dev0@@150200,-@@0,-@@0,-@@0,-@@0,-@@0,-@@0
ğŸ§ ,<a href='https://huggingface.co/infly/OpenCoder-8B-Base'>infly/OpenCoder-8B-Base (few-shot)</a>,-@@100,7771263040.0,96640.0,8192.0,âœ“,âœ—,11.82 Â± 6.62 / 24.45 Â± 5.44@@11.821143384168668,-@@-1,-@@-1,-@@-1,-@@-1,-@@-1,-@@-1,15.3.1.dev0@@150301,-@@0,-@@0,-@@0,-@@0,-@@0,-@@0
ğŸ“,<a href='https://huggingface.co/infly/OpenCoder-8B-Instruct'>infly/OpenCoder-8B-Instruct (few-shot)</a>,-@@100,7771262976.0,96640.0,8192.0,âœ“,âœ—,34.31 Â± 1.56 / 42.08 Â± 0.87@@34.310037693655396,-@@-1,-@@-1,-@@-1,-@@-1,-@@-1,-@@-1,15.3.1.dev0@@150301,-@@0,-@@0,-@@0,-@@0,-@@0,-@@0
ğŸ”,<a href='https://huggingface.co/intfloat/multilingual-e5-large-instruct'>intfloat/multilingual-e5-large-instruct</a>,-@@100,559890432.0,250002.0,512.0,âœ“,âœ—,0.00 Â± 0.00 / 16.92 Â± 0.39@@0.0,0.00 Â± 0.00 / 0.00 Â± 0.00@@0.0,0.00 Â± 0.00 / 33.36 Â± 0.27@@0.0,0.00 Â± 0.00 / 0.00 Â± 0.00@@0.0,-@@-1,0.00 Â± 0.00 / 23.13 Â± 0.57@@0.0,0.00 Â± 0.00 / 26.00 Â± 0.69@@0.0,15.3.1.dev0@@150301,15.3.1.dev0@@150301,15.3.1.dev0@@150301,15.3.1.dev0@@150301,-@@0,15.3.1.dev0@@150301,15.3.1.dev0@@150301
ğŸ”,<a href='https://huggingface.co/intfloat/multilingual-e5-large'>intfloat/multilingual-e5-large</a>,-@@100,559890946.0,250002.0,512.0,âœ“,âœ—,56.84 Â± 3.38 / 70.43 Â± 2.60@@56.840635263859916,90.74 Â± 0.61 / 80.64 Â± 0.56@@90.73737088500891,5.82 Â± 4.77 / 51.97 Â± 2.65@@5.820600788629645,55.11 Â± 1.01 / 39.81 Â± 1.25@@55.11230889753059,-@@-1,-0.47 Â± 1.02 / 24.62 Â± 0.78@@-0.4680306229225298,1.01 Â± 1.05 / 25.74 Â± 0.79@@1.0087259159249413,15.3.1.dev0@@150301,15.3.1.dev0@@150301,15.3.1.dev0@@150301,15.3.1.dev0@@150301,-@@0,15.3.1.dev0@@150301,15.3.1.dev0@@150301
ğŸ”,<a href='https://huggingface.co/microsoft/mdeberta-v3-base'>microsoft/mdeberta-v3-base</a>,-@@100,278220290.0,251000.0,512.0,âœ“,âœ—,36.31 Â± 9.10 / 54.54 Â± 8.71@@36.309432752854114,76.67 Â± 1.66 / 69.17 Â± 1.02@@76.67305652841166,35.92 Â± 4.12 / 66.58 Â± 2.49@@35.9187525516077,38.43 Â± 2.57 / 26.59 Â± 2.02@@38.42538133979257,-@@-1,-0.11 Â± 1.05 / 24.89 Â± 0.77@@-0.10593882006262409,2.16 Â± 2.33 / 26.65 Â± 1.75@@2.164099747858992,15.3.1.dev0@@150301,15.3.1.dev0@@150301,15.3.1.dev0@@150301,15.3.1.dev0@@150301,-@@0,15.3.1.dev0@@150301,15.3.1.dev0@@150301
ğŸ”,<a href='https://huggingface.co/dbmdz/bert-base-historic-multilingual-cased'>dbmdz/bert-base-historic-multilingual-cased</a>,-@@100,111243522.0,32000.0,512.0,âœ“,âœ—,28.24 Â± 1.71 / 49.99 Â± 1.90@@28.242581384707645,73.94 Â± 0.93 / 64.57 Â± 0.52@@73.93530431991407,0.08 Â± 1.62 / 45.56 Â± 2.65@@0.07859926280782248,24.73 Â± 1.45 / 15.35 Â± 1.24@@24.733887713275198,-@@-1,-1.31 Â± 1.12 / 23.97 Â± 0.84@@-1.3104567434173917,0.82 Â± 1.28 / 25.67 Â± 0.96@@0.817255327868224,15.3.1.dev0@@150301,15.3.1.dev0@@150301,15.3.1.dev0@@150301,15.3.1.dev0@@150301,-@@0,15.3.1.dev0@@150301,15.3.1.dev0@@150301
ğŸ”,<a href='https://huggingface.co/intfloat/multilingual-e5-base'>intfloat/multilingual-e5-base</a>,-@@100,278044162.0,250002.0,512.0,âœ“,âœ—,50.84 Â± 1.89 / 66.85 Â± 1.26@@50.84143267085055,86.38 Â± 1.11 / 76.43 Â± 1.03@@86.38202007916021,6.23 Â± 3.76 / 51.09 Â± 3.09@@6.225716436396028,43.92 Â± 0.94 / 30.71 Â± 1.11@@43.92073490809339,-@@-1,0.05 Â± 0.97 / 24.97 Â± 0.72@@0.04802960106596598,1.95 Â± 1.00 / 26.47 Â± 0.76@@1.9462411983254353,15.3.1.dev0@@150301,15.3.1.dev0@@150301,15.3.1.dev0@@150301,15.3.1.dev0@@150301,-@@0,15.3.1.dev0@@150301,15.3.1.dev0@@150301
