model,generative_type,rank,parameters,vocabulary_size,context,commercial,merge,sentipolc16,multinerd_it,scala_it,squad_it,sentipolc16_version,multinerd_it_version,scala_it_version,squad_it_version
<a href='https://huggingface.co/NovaSky-AI/Sky-T1-32B-Preview'>NovaSky-AI/Sky-T1-32B-Preview (few-shot)</a>,ğŸ“,1.26@@1.26,32763876352.0,152064.0,32768.0,âœ“,âœ—,65.61 Â± 1.38 / 75.69 Â± 1.19@@65.60546922643333,80.32 Â± 1.18 / 55.07 Â± 1.40@@80.31827151311887,37.90 Â± 3.92 / 62.34 Â± 4.35@@37.89718888002105,69.69 Â± 0.81 / 44.61 Â± 1.50@@69.68905920540965,15.8.2.dev0@@150802,15.8.2.dev0@@150802,15.8.2.dev0@@150802,15.8.2.dev0@@150802
<a href='https://huggingface.co/mistralai/Mistral-Small-3.1-24B-Instruct-2503'>mistralai/Mistral-Small-3.1-24B-Instruct-2503 (few-shot)</a>,ğŸ“,1.33@@1.33,24011361280.0,131072.0,,âœ“,âœ—,67.02 Â± 1.11 / 76.70 Â± 1.34@@67.02291914252152,80.03 Â± 1.90 / 67.16 Â± 2.37@@80.02823974708757,34.67 Â± 3.50 / 61.01 Â± 4.17@@34.66925067056199,74.76 Â± 1.50 / 53.11 Â± 3.87@@74.75810001709883,15.9.1.dev0@@150901,15.9.1.dev0@@150901,15.9.1.dev0@@150901,15.9.1.dev0@@150901
"<a href='https://ollama.com/library/phi4:14b-q4_K_M'>ollama_chat/phi4:14b-q4_K_M (few-shot, val)</a>",ğŸ“,1.35@@1.35,14700000000.0,100352.0,16384.0,âœ“,âœ—,62.91 Â± 1.86 / 73.91 Â± 1.36@@62.90803490562665,73.54 Â± 2.42 / 62.83 Â± 3.27@@73.53694274924753,40.57 Â± 3.38 / 67.59 Â± 2.86@@40.56578312456104,73.52 Â± 0.95 / 47.84 Â± 2.05@@73.51512529470291,15.3.0.dev0@@150300,15.3.0.dev0@@150300,15.3.0.dev0@@150300,15.3.0.dev0@@150300
<a href='https://huggingface.co/deepcogito/cogito-v1-preview-qwen-32B'>deepcogito/cogito-v1-preview-qwen-32B (few-shot)</a>,ğŸ“,1.38@@1.38,32759790592.0,151665.0,131072.0,âœ“,âœ—,67.72 Â± 1.59 / 76.13 Â± 1.34@@67.71974676869922,84.91 Â± 0.80 / 58.73 Â± 2.34@@84.91246019980122,31.09 Â± 2.28 / 55.22 Â± 2.85@@31.09258718676332,73.47 Â± 0.62 / 51.98 Â± 1.73@@73.47120820869185,15.8.1.dev0@@150801,15.8.1.dev0@@150801,15.8.1.dev0@@150801,15.8.1.dev0@@150801
<a href='https://huggingface.co/meta-llama/Meta-Llama-3-70B'>meta-llama/Meta-Llama-3-70B (few-shot)</a>,ğŸ§ ,1.39@@1.39,70553706496.0,128256.0,8192.0,âœ“,âœ—,66.35 Â± 1.15 / 76.83 Â± 0.96@@66.35358585514545,84.06 Â± 0.78 / 69.26 Â± 1.96@@84.06321170484449,29.93 Â± 5.12 / 61.63 Â± 3.98@@29.933501498107297,74.61 Â± 2.23 / 54.81 Â± 3.74@@74.61056447123885,15.3.1@@150301,15.3.1@@150301,15.3.1@@150301,15.3.1@@150301
<a href='https://huggingface.co/meta-llama/Llama-3.1-70B'>meta-llama/Llama-3.1-70B (few-shot)</a>,ğŸ§ ,1.40@@1.40,70553706496.0,128256.0,131072.0,âœ“,âœ—,65.63 Â± 1.17 / 74.85 Â± 1.21@@65.63097079862328,82.88 Â± 0.98 / 70.41 Â± 1.11@@82.88242178448213,28.35 Â± 5.14 / 60.91 Â± 3.67@@28.349100943646654,74.66 Â± 2.05 / 55.24 Â± 3.71@@74.66317066364859,15.9.1@@150901,15.9.1@@150901,15.9.1@@150901,15.9.1@@150901
<a href='https://huggingface.co/deepcogito/cogito-v1-preview-llama-70B'>deepcogito/cogito-v1-preview-llama-70B (few-shot)</a>,ğŸ“,1.41@@1.41,70553706496.0,128256.0,131072.0,âœ“,âœ—,68.71 Â± 0.87 / 78.30 Â± 0.86@@68.70564954785765,83.18 Â± 0.90 / 60.15 Â± 2.05@@83.17694061975693,29.83 Â± 2.93 / 58.94 Â± 2.79@@29.83116478628174,70.47 Â± 1.03 / 44.14 Â± 2.42@@70.47297206365769,15.9.1@@150901,15.9.1@@150901,15.9.1@@150901,15.9.1@@150901
<a href='https://huggingface.co/mistralai/Mistral-Small-3.1-24B-Base-2503'>mistralai/Mistral-Small-3.1-24B-Base-2503 (few-shot)</a>,ğŸ§ ,1.44@@1.44,24011361280.0,131072.0,,âœ“,âœ—,62.97 Â± 2.32 / 74.79 Â± 1.75@@62.96661768493536,80.89 Â± 1.50 / 67.98 Â± 1.67@@80.89026427665506,29.63 Â± 4.31 / 59.10 Â± 4.26@@29.626272859221874,74.25 Â± 3.06 / 54.69 Â± 3.45@@74.24624064999757,15.9.1.dev0@@150901,15.9.1.dev0@@150901,15.9.1.dev0@@150901,15.9.1.dev0@@150901
"<a href='https://docs.anthropic.com/en/docs/about-claude/models/all-models'>claude-3-7-sonnet-20250219@thinking (zero-shot, val)</a>",ğŸ¤”,1.48@@1.48,,,200000.0,âœ“,âœ—,71.05 Â± 1.69 / 78.49 Â± 1.30@@71.05096366431852,78.69 Â± 1.86 / 53.60 Â± 1.82@@78.69357079633158,26.57 Â± 1.78 / 49.61 Â± 1.59@@26.56958778243886,72.88 Â± 1.04 / 47.90 Â± 1.25@@72.87886144903453,15.9.2.dev0@@150902,15.9.2.dev0@@150902,15.9.2.dev0@@150902,15.9.2.dev0@@150902
<a href='https://huggingface.co/Qwen/Qwen3-30B-A3B'>Qwen/Qwen3-30B-A3B (few-shot)</a>,ğŸ¤”,1.54@@1.54,30532122624.0,151936.0,40960.0,âœ“,âœ—,63.98 Â± 1.59 / 75.29 Â± 0.98@@63.97940316164073,84.97 Â± 0.66 / 61.90 Â± 1.81@@84.97417692361653,27.28 Â± 0.99 / 52.48 Â± 0.74@@27.27617877914455,70.09 Â± 0.50 / 50.41 Â± 1.12@@70.08677352709346,15.8.2@@150802,15.8.2@@150802,15.8.2@@150802,15.8.2@@150802
<a href='https://huggingface.co/CohereForAI/aya-expanse-32b'>CohereForAI/aya-expanse-32b (few-shot)</a>,ğŸ“,1.54@@1.54,32296476672.0,256000.0,8192.0,âœ—,âœ—,65.35 Â± 1.98 / 75.62 Â± 2.01@@65.35017159764848,73.34 Â± 1.46 / 52.63 Â± 2.04@@73.33727563710387,29.71 Â± 1.88 / 64.06 Â± 1.36@@29.70690434871549,72.10 Â± 0.68 / 50.43 Â± 1.79@@72.10382788044367,15.4.1@@150401,15.4.1.dev0@@150401,15.4.1.dev0@@150401,15.4.1.dev0@@150401
<a href='https://huggingface.co/deepcogito/cogito-v1-preview-qwen-14B'>deepcogito/cogito-v1-preview-qwen-14B (few-shot)</a>,ğŸ“,1.55@@1.55,14765947904.0,151665.0,131072.0,âœ“,âœ—,64.56 Â± 1.19 / 75.33 Â± 0.97@@64.56286681796713,76.97 Â± 1.62 / 54.77 Â± 1.78@@76.96578030414678,31.31 Â± 3.17 / 56.32 Â± 2.89@@31.306711463758713,70.25 Â± 0.74 / 47.73 Â± 1.57@@70.24874026804669,15.8.1.dev0@@150801,15.8.1.dev0@@150801,15.8.1.dev0@@150801,15.8.1.dev0@@150801
<a href='https://huggingface.co/Qwen/QwQ-32B'>Qwen/QwQ-32B (few-shot)</a>,ğŸ¤”,1.55@@1.55,32763876352.0,152064.0,40960.0,âœ“,âœ—,64.66 Â± 1.70 / 73.15 Â± 1.57@@64.66016180501867,82.70 Â± 0.64 / 65.92 Â± 1.30@@82.69887972076141,26.68 Â± 0.95 / 50.27 Â± 0.63@@26.684947617165527,71.20 Â± 0.77 / 53.20 Â± 0.84@@71.19857181426546,15.8.1@@150801,15.8.1@@150801,15.8.1@@150801,15.8.1@@150801
<a href='https://huggingface.co/mistralai/Mistral-Nemo-Instruct-2407'>mistralai/Mistral-Nemo-Instruct-2407 (few-shot)</a>,ğŸ“,1.58@@1.58,12247782400.0,131072.0,131072.0,âœ“,âœ—,61.20 Â± 1.31 / 72.59 Â± 1.66@@61.20159514534734,65.49 Â± 2.12 / 49.77 Â± 1.69@@65.48907202577523,31.77 Â± 2.23 / 60.18 Â± 3.63@@31.768342539475054,73.31 Â± 0.65 / 56.12 Â± 0.64@@73.3103979980577,15.3.1@@150301,15.3.1@@150301,15.3.1@@150301,15.3.1@@150301
<a href='https://huggingface.co/mistralai/Mistral-Small-24B-Instruct-2501'>mistralai/Mistral-Small-24B-Instruct-2501 (few-shot)</a>,ğŸ“,1.59@@1.59,23572403200.0,131072.0,32768.0,âœ“,âœ—,66.52 Â± 1.60 / 77.52 Â± 1.11@@66.52125959319693,75.92 Â± 0.91 / 50.73 Â± 2.42@@75.92450827705596,27.13 Â± 1.42 / 50.81 Â± 1.04@@27.132228016631654,72.70 Â± 0.66 / 52.15 Â± 1.04@@72.69819624366424,15.3.1@@150301,15.3.1@@150301,15.3.1@@150301,15.3.1@@150301
<a href='https://huggingface.co/Qwen/Qwen3-14B'>Qwen/Qwen3-14B (few-shot)</a>,ğŸ¤”,1.59@@1.59,14768307200.0,151936.0,40960.0,âœ“,âœ—,65.64 Â± 1.52 / 75.66 Â± 1.23@@65.64018157529273,76.86 Â± 0.51 / 53.05 Â± 0.94@@76.85575623373946,28.75 Â± 1.29 / 53.38 Â± 0.69@@28.7475567106294,64.06 Â± 13.38 / 47.47 Â± 10.37@@64.06161546137933,15.8.1@@150801,15.8.1@@150801,15.8.1@@150801,15.8.1@@150801
"<a href='https://platform.openai.com/docs/models/o4-mini'>o4-mini-2025-04-16 (zero-shot, val)</a>",ğŸ¤”,1.61@@1.61,,,200000.0,âœ“,âœ—,70.34 Â± 1.74 / 79.44 Â± 1.17@@70.34468396326788,70.58 Â± 2.08 / 45.39 Â± 1.31@@70.5808270577168,25.40 Â± 2.33 / 48.71 Â± 1.91@@25.403177820331646,69.93 Â± 0.84 / 45.99 Â± 1.21@@69.93138641832734,15.6.1.dev0@@150601,15.6.1.dev0@@150601,15.6.1.dev0@@150601,15.6.1.dev0@@150601
<a href='https://huggingface.co/google/gemma-3-12b-it'>google/gemma-3-12b-it (few-shot)</a>,ğŸ“,1.61@@1.61,12187325040.0,262144.0,,âœ“,âœ—,66.38 Â± 1.11 / 77.08 Â± 0.89@@66.38060583295398,75.55 Â± 1.42 / 54.23 Â± 1.66@@75.55016416786468,25.77 Â± 3.06 / 57.00 Â± 3.09@@25.769062011287204,70.95 Â± 0.76 / 48.52 Â± 1.44@@70.95324215135864,15.5.0@@150500,15.5.0@@150500,15.5.0@@150500,15.5.0@@150500
<a href='https://ollama.com/library/gemma3:27b-it-fp16'>ollama_chat/gemma3:27b-it-fp16 (few-shot)</a>,ğŸ“,1.62@@1.62,,,,âœ“,âœ—,66.88 Â± 1.68 / 77.10 Â± 1.45@@66.8837504379197,79.39 Â± 1.08 / 61.00 Â± 2.61@@79.39004452761192,23.07 Â± 2.89 / 57.09 Â± 2.65@@23.06689151006996,70.87 Â± 0.77 / 50.34 Â± 1.46@@70.86772748701776,15.3.1@@150301,15.3.1@@150301,15.3.1@@150301,15.3.1@@150301
"<a href='https://docs.anthropic.com/en/docs/about-claude/models/all-models'>claude-3-5-sonnet-20241022 (zero-shot, val)</a>",ğŸ“,1.63@@1.63,,,200000.0,âœ“,âœ—,70.47 Â± 1.65 / 79.35 Â± 1.17@@70.46509166526856,70.71 Â± 1.90 / 53.69 Â± 1.70@@70.70860202655783,25.65 Â± 1.73 / 50.14 Â± 1.55@@25.64671578825782,67.95 Â± 0.73 / 35.48 Â± 1.04@@67.9519918640969,15.3.1@@150301,15.3.1.dev0@@150301,15.3.1@@150301,15.3.1@@150301
<a href='https://huggingface.co/CohereForAI/c4ai-command-r-08-2024'>CohereForAI/c4ai-command-r-08-2024 (few-shot)</a>,ğŸ“,1.66@@1.66,32296476672.0,256000.0,131072.0,âœ—,âœ—,56.07 Â± 1.73 / 69.41 Â± 1.42@@56.07352986767942,80.10 Â± 0.74 / 57.67 Â± 2.47@@80.10459600637618,27.31 Â± 1.88 / 54.36 Â± 2.55@@27.310952525347922,72.56 Â± 0.48 / 51.91 Â± 0.70@@72.56321330263792,15.3.1@@150301,15.3.1@@150301,15.3.1@@150301,15.3.1@@150301
<a href='https://huggingface.co/google/gemma-3-27b-it'>google/gemma-3-27b-it (few-shot)</a>,ğŸ“,1.66@@1.66,27432406640.0,262144.0,,âœ“,âœ—,66.68 Â± 1.09 / 77.02 Â± 1.10@@66.68174065766064,75.58 Â± 1.06 / 54.84 Â± 2.26@@75.5801036061839,23.61 Â± 3.29 / 57.25 Â± 2.94@@23.60998032695973,71.39 Â± 0.54 / 50.30 Â± 1.27@@71.38507252600328,15.5.0@@150500,15.5.0@@150500,15.5.0@@150500,15.5.0@@150500
<a href='https://huggingface.co/allenai/Llama-3.1-Tulu-3-8B-SFT'>allenai/Llama-3.1-Tulu-3-8B-SFT (few-shot)</a>,ğŸ“,1.67@@1.67,8030326784.0,128264.0,131072.0,âœ“,âœ—,57.38 Â± 1.77 / 70.22 Â± 1.33@@57.38001893320111,63.32 Â± 3.32 / 56.41 Â± 2.19@@63.32190260481124,35.02 Â± 2.13 / 65.13 Â± 2.23@@35.02201243491869,70.66 Â± 1.45 / 51.39 Â± 1.79@@70.6645592799453,15.8.1.dev0@@150801,15.8.1.dev0@@150801,15.8.1.dev0@@150801,15.8.1.dev0@@150801
<a href='https://huggingface.co/152334H/miqu-1-70b-sf'>152334H/miqu-1-70b-sf (few-shot)</a>,ğŸ“,1.68@@1.68,68976648192.0,32000.0,32764.0,âœ“,âœ—,60.69 Â± 1.74 / 71.94 Â± 1.54@@60.69426940415708,68.11 Â± 1.75 / 47.01 Â± 3.29@@68.11335340654271,32.89 Â± 2.03 / 64.75 Â± 1.74@@32.89158347135205,59.67 Â± 2.37 / 34.52 Â± 3.48@@59.6664506255691,15.3.1@@150301,15.3.1@@150301,15.3.1@@150301,15.3.1@@150301
<a href='https://huggingface.co/Qwen/Qwen2.5-72B-Instruct'>Qwen/Qwen2.5-72B-Instruct (few-shot)</a>,ğŸ“,1.70@@1.70,72706203648.0,152064.0,32768.0,âœ“,âœ—,48.59 Â± 1.01 / 49.20 Â± 0.59@@48.59207935428056,71.95 Â± 2.88 / 50.19 Â± 2.22@@71.95009476198602,35.42 Â± 3.09 / 63.44 Â± 2.93@@35.423640073226565,71.24 Â± 1.02 / 46.90 Â± 2.32@@71.23975131793017,15.3.1@@150301,15.3.1@@150301,15.3.1@@150301,15.3.1@@150301
<a href='https://huggingface.co/RekaAI/reka-flash-3'>RekaAI/reka-flash-3 (few-shot)</a>,ğŸ¤”,1.71@@1.71,20905482240.0,100352.0,32768.0,âœ“,âœ—,65.90 Â± 1.20 / 75.31 Â± 1.09@@65.89643272223475,72.80 Â± 1.17 / 41.66 Â± 1.62@@72.79609055232098,24.26 Â± 1.38 / 51.78 Â± 1.56@@24.255849585602768,69.73 Â± 0.67 / 51.60 Â± 0.81@@69.72703676253961,15.9.2@@150902,15.9.2@@150902,15.9.2@@150902,15.9.2@@150902
<a href='https://huggingface.co/Qwen/Qwen3-32B'>Qwen/Qwen3-32B (few-shot)</a>,ğŸ¤”,1.71@@1.71,32762123264.0,151936.0,40960.0,âœ“,âœ—,65.22 Â± 1.25 / 74.60 Â± 1.17@@65.22150250713172,69.47 Â± 1.28 / 50.71 Â± 2.06@@69.47148591179169,27.49 Â± 1.14 / 53.54 Â± 0.73@@27.49027113753438,70.06 Â± 0.81 / 54.11 Â± 1.00@@70.05883823140087,15.8.2@@150802,15.8.2@@150802,15.8.2@@150802,15.8.2@@150802
<a href='https://huggingface.co/microsoft/phi-4'>microsoft/phi-4 (few-shot)</a>,ğŸ“,1.71@@1.71,14659507200.0,100352.0,16384.0,âœ“,âœ—,65.10 Â± 1.59 / 75.42 Â± 1.54@@65.09787560358664,77.05 Â± 1.37 / 59.13 Â± 2.64@@77.05261724378856,41.68 Â± 3.67 / 68.37 Â± 3.57@@41.68430809341778,32.95 Â± 1.41 / 0.00 Â± 0.00@@32.94809001857796,15.9.2@@150902,15.9.2@@150902,15.9.2@@150902,15.9.2@@150902
<a href='https://huggingface.co/google/gemma-2-27b-it'>google/gemma-2-27b-it (few-shot)</a>,ğŸ“,1.73@@1.73,27227128320.0,256000.0,8192.0,âœ“,âœ—,66.15 Â± 1.80 / 76.45 Â± 1.55@@66.14545108787904,56.10 Â± 2.25 / 38.75 Â± 3.31@@56.098187949922306,28.62 Â± 2.51 / 58.69 Â± 1.95@@28.62436483471034,71.72 Â± 0.58 / 50.57 Â± 1.54@@71.72449884343543,15.6.1@@150601,15.6.1@@150601,15.6.1@@150601,15.6.1@@150601
"<a href='https://ollama.com/library/gemma3:27b-it-q4_K_M'>ollama_chat/gemma3:27b-it-q4_K_M (few-shot, val)</a>",ğŸ“,1.74@@1.74,27400000000.0,262144.0,128000.0,âœ“,âœ—,65.74 Â± 2.34 / 75.48 Â± 1.54@@65.73507848106398,75.86 Â± 1.84 / 61.97 Â± 3.17@@75.86475657056333,17.89 Â± 4.89 / 53.53 Â± 2.48@@17.889933071218273,75.45 Â± 1.46 / 55.83 Â± 1.59@@75.4466058300345,15.3.0.dev0@@150300,15.3.0.dev0@@150300,15.3.0.dev0@@150300,15.3.0.dev0@@150300
<a href='https://huggingface.co/Qwen/Qwen3-8B'>Qwen/Qwen3-8B (few-shot)</a>,ğŸ¤”,1.74@@1.74,8190735360.0,151936.0,40960.0,âœ“,âœ—,62.95 Â± 2.08 / 74.09 Â± 1.48@@62.94559298740763,76.98 Â± 1.25 / 46.16 Â± 1.90@@76.97809287807115,25.61 Â± 1.28 / 53.44 Â± 0.62@@25.60786043523678,62.62 Â± 12.63 / 44.81 Â± 9.59@@62.62290863386185,15.8.2@@150802,15.8.2@@150802,15.8.2@@150802,15.8.2@@150802
"<a href='https://platform.openai.com/docs/models/o3'>o3-2025-04-16 (zero-shot, val)</a>",ğŸ¤”,1.74@@1.74,,,200000.0,âœ“,âœ—,71.00 Â± 1.95 / 77.37 Â± 1.71@@71.00452698644922,64.79 Â± 1.53 / 42.45 Â± 1.74@@64.79222512259419,23.18 Â± 1.82 / 48.17 Â± 1.45@@23.182215211482,71.19 Â± 1.27 / 46.67 Â± 1.28@@71.19056730451449,15.8.1@@150801,15.7.2.dev0@@150702,15.7.2.dev0@@150702,15.7.2.dev0@@150702
<a href='https://huggingface.co/allenai/Llama-3.1-Tulu-3.1-8B'>allenai/Llama-3.1-Tulu-3.1-8B (few-shot)</a>,ğŸ“,1.76@@1.76,8030326784.0,128264.0,131072.0,âœ“,âœ—,57.49 Â± 1.92 / 70.10 Â± 1.59@@57.49319007355908,61.51 Â± 2.65 / 53.53 Â± 1.56@@61.50574377307919,33.58 Â± 2.04 / 65.31 Â± 1.85@@33.58292666383033,65.40 Â± 0.76 / 39.94 Â± 1.65@@65.39982581384685,15.7.2.dev0@@150702,15.7.2.dev0@@150702,15.7.2.dev0@@150702,15.7.2.dev0@@150702
<a href='https://huggingface.co/google/gemma-3-27b-pt'>google/gemma-3-27b-pt (few-shot)</a>,ğŸ§ ,1.80@@1.80,27432406640.0,262144.0,,âœ“,âœ—,59.39 Â± 3.20 / 70.94 Â± 3.23@@59.39059532806586,65.20 Â± 3.17 / 55.94 Â± 2.90@@65.20227035789267,25.79 Â± 4.63 / 59.34 Â± 3.09@@25.79046826731131,72.87 Â± 5.07 / 54.31 Â± 4.25@@72.87021829999895,15.6.1@@150601,15.6.1@@150601,15.6.1@@150601,15.6.1@@150601
"<a href='https://ai.google.dev/gemini-api/docs/models#gemini-2.5-flash-preview-04-17'>gemini/gemini-2.5-flash-preview-04-17 (zero-shot, val)</a>",ğŸ¤”,1.80@@1.80,,256128.0,1048576.0,âœ“,âœ—,67.02 Â± 2.12 / 75.66 Â± 1.71@@67.02030975127164,55.48 Â± 1.77 / 35.41 Â± 1.44@@55.48418827169296,27.15 Â± 2.47 / 52.24 Â± 1.38@@27.152205937267848,73.29 Â± 0.71 / 51.78 Â± 1.04@@73.28800351829926,15.7.0.dev0@@150700,15.7.0.dev0@@150700,15.7.0.dev0@@150700,15.7.0.dev0@@150700
<a href='https://huggingface.co/upstage/SOLAR-10.7B-v1.0'>upstage/SOLAR-10.7B-v1.0 (few-shot)</a>,ğŸ§ ,1.81@@1.81,10731524096.0,32000.0,4096.0,âœ“,âœ—,51.57 Â± 2.64 / 58.42 Â± 3.78@@51.570466022279746,75.28 Â± 1.45 / 61.62 Â± 1.81@@75.28152673911296,24.13 Â± 2.65 / 59.35 Â± 2.71@@24.127650768251755,77.48 Â± 0.73 / 60.37 Â± 1.87@@77.48004215084902,15.3.1@@150301,15.3.1@@150301,15.3.1@@150301,15.3.1@@150301
"<a href='https://docs.anthropic.com/en/docs/about-claude/models/all-models'>claude-3-5-haiku-20241022 (zero-shot, val)</a>",ğŸ“,1.81@@1.81,,,200000.0,âœ“,âœ—,54.69 Â± 2.74 / 67.75 Â± 2.10@@54.694001009233816,67.22 Â± 1.75 / 44.64 Â± 1.30@@67.22054949247232,29.96 Â± 1.77 / 50.22 Â± 1.71@@29.964822661631924,68.70 Â± 1.18 / 38.73 Â± 1.63@@68.7047519965327,15.3.1@@150301,15.3.1.dev0@@150301,15.3.1@@150301,15.3.1@@150301
"<a href='https://ollama.com/library/gemma3:12b-it-q4_K_M'>ollama_chat/gemma3:12b-it-q4_K_M (few-shot, val)</a>",ğŸ“,1.82@@1.82,12200000000.0,262144.0,128000.0,âœ“,âœ—,60.23 Â± 3.36 / 72.21 Â± 2.04@@60.233021323949444,74.32 Â± 2.15 / 56.75 Â± 2.76@@74.32013764339027,17.02 Â± 4.73 / 53.07 Â± 3.22@@17.01510035448132,72.60 Â± 1.14 / 52.44 Â± 1.71@@72.60318084340045,15.2.0.dev0@@150200,15.2.0.dev0@@150200,15.3.0.dev0@@150300,15.3.0.dev0@@150300
<a href='https://huggingface.co/ThatsGroes/gemma-2-27b-it-FP8-Dynamic'>ThatsGroes/gemma-2-27b-it-FP8-Dynamic (few-shot)</a>,ğŸ“,1.82@@1.82,28410968576.0,256000.0,8192.0,âœ“,âœ—,66.77 Â± 1.62 / 77.08 Â± 1.36@@66.76655352199592,56.96 Â± 1.93 / 37.40 Â± 3.12@@56.960853651888655,26.81 Â± 1.74 / 57.04 Â± 1.74@@26.81392177066727,71.14 Â± 0.72 / 49.95 Â± 1.58@@71.13764039418011,15.5.0@@150500,15.5.0@@150500,15.5.0@@150500,15.5.0@@150500
"<a href='https://ai.google.dev/gemini-api/docs/models#gemini-2.0-flash-001'>gemini/gemini-2.0-flash-001 (zero-shot, val)</a>",ğŸ“,1.83@@1.83,,256128.0,1048576.0,âœ“,âœ—,65.10 Â± 2.49 / 74.27 Â± 1.85@@65.09912613182136,62.92 Â± 1.92 / 45.82 Â± 1.69@@62.92190117747653,23.79 Â± 4.42 / 52.97 Â± 2.03@@23.788510585669314,72.79 Â± 0.82 / 49.96 Â± 1.66@@72.79455787688072,15.5.0@@150500,15.5.0@@150500,15.5.0@@150500,15.5.0@@150500
<a href='https://huggingface.co/meta-llama/Llama-3.1-70B-Instruct'>meta-llama/Llama-3.1-70B-Instruct (few-shot)</a>,ğŸ“,1.83@@1.83,70553706496.0,128256.0,131072.0,âœ“,âœ—,49.89 Â± 0.76 / 49.81 Â± 0.37@@49.89217238517968,83.94 Â± 1.12 / 59.95 Â± 2.72@@83.93775450315178,21.42 Â± 2.82 / 55.72 Â± 2.29@@21.421355324544137,71.93 Â± 1.17 / 47.78 Â± 2.75@@71.92524660644034,15.3.1@@150301,15.3.1@@150301,15.3.1@@150301,15.3.1@@150301
<a href='https://huggingface.co/deepseek-ai/DeepSeek-R1-0528-Qwen3-8B'>deepseek-ai/DeepSeek-R1-0528-Qwen3-8B (few-shot)</a>,ğŸ¤”,1.85@@1.85,8190735360.0,151936.0,131072.0,âœ“,âœ—,56.25 Â± 3.89 / 66.50 Â± 3.26@@56.251652054562925,72.40 Â± 0.94 / 45.45 Â± 1.54@@72.4026808612184,25.36 Â± 1.76 / 55.04 Â± 1.55@@25.35794456519461,63.98 Â± 0.97 / 45.76 Â± 0.85@@63.98388834974289,15.9.1@@150901,15.9.1@@150901,15.9.1@@150901,15.9.1@@150901
"<a href='https://docs.x.ai/docs/models'>xai/grok-3-beta (zero-shot, val)</a>",ğŸ“,1.86@@1.86,,,131072.0,âœ“,âœ—,63.29 Â± 2.63 / 73.73 Â± 1.86@@63.28644172977535,63.81 Â± 0.88 / 41.90 Â± 1.16@@63.814881892109554,22.01 Â± 3.62 / 50.73 Â± 1.80@@22.00795618046926,71.44 Â± 1.22 / 40.27 Â± 1.85@@71.44156754406909,15.6.1.dev0@@150601,15.6.1.dev0@@150601,15.6.1.dev0@@150601,15.6.1.dev0@@150601
"<a href='https://ai.google.dev/gemini-api/docs/models#gemini-2.5-pro-preview-03-25'>gemini/gemini-2.5-pro-preview-03-25 (zero-shot, val)</a>",ğŸ¤”,1.88@@1.88,,256128.0,1048576.0,âœ“,âœ—,65.01 Â± 1.47 / 73.18 Â± 1.25@@65.00920862118981,61.90 Â± 1.62 / 39.16 Â± 1.25@@61.90189809256138,19.94 Â± 2.43 / 50.23 Â± 1.63@@19.93978064320671,72.36 Â± 1.14 / 44.90 Â± 1.69@@72.36213553022841,15.8.1@@150801,15.8.1@@150801,15.8.1@@150801,15.8.1@@150801
"<a href='https://ollama.com/library/gemma3:12b-it-fp16'>ollama_chat/gemma3:12b-it-fp16 (few-shot, val)</a>",ğŸ“,1.89@@1.89,12187325040.0,262144.0,128000.0,âœ“,âœ—,61.12 Â± 1.89 / 72.96 Â± 1.38@@61.118504985055424,74.46 Â± 2.27 / 56.01 Â± 2.36@@74.4634654745137,16.11 Â± 4.32 / 53.38 Â± 3.66@@16.11498725762242,73.11 Â± 1.00 / 53.43 Â± 1.30@@73.111402705997,15.3.1@@150301,15.3.1@@150301,15.3.1@@150301,15.3.1@@150301
<a href='https://huggingface.co/speakleash/Bielik-11B-v2.3-Instruct'>speakleash/Bielik-11B-v2.3-Instruct (few-shot)</a>,ğŸ“,1.89@@1.89,11168796672.0,32128.0,32768.0,âœ“,âœ“,57.51 Â± 1.70 / 71.30 Â± 1.20@@57.51007123482375,68.18 Â± 1.99 / 55.72 Â± 1.92@@68.18028085275513,21.82 Â± 2.75 / 58.10 Â± 2.28@@21.821642375545697,73.29 Â± 0.64 / 53.13 Â± 1.80@@73.28601160007764,15.3.1@@150301,15.3.1@@150301,15.3.1@@150301,15.3.1@@150301
"<a href='https://ai.google.dev/gemini-api/docs/models#gemini-1.5-flash-002'>gemini/gemini-1.5-flash-002 (zero-shot, val)</a>",ğŸ“,1.90@@1.90,,256128.0,1048576.0,âœ“,âœ—,59.47 Â± 2.94 / 70.82 Â± 2.13@@59.46619393944166,60.79 Â± 1.77 / 38.90 Â± 1.31@@60.78653094478014,25.43 Â± 1.74 / 49.83 Â± 1.40@@25.430543937462414,69.02 Â± 1.03 / 42.67 Â± 1.55@@69.0248329287841,15.5.0.dev0@@150500,15.5.0.dev0@@150500,15.5.0.dev0@@150500,15.5.0.dev0@@150500
"<a href='https://docs.x.ai/docs/models'>xai/grok-3-mini-beta@high (zero-shot, val)</a>",ğŸ¤”,1.90@@1.90,,,131072.0,âœ“,âœ—,63.29 Â± 2.58 / 69.93 Â± 2.11@@63.28561773834424,52.80 Â± 1.78 / 37.85 Â± 1.79@@52.79638927467547,25.31 Â± 1.61 / 50.41 Â± 1.38@@25.30992513284378,69.90 Â± 0.79 / 46.73 Â± 1.18@@69.89563212491092,15.7.1.dev0@@150701,15.7.2@@150702,15.7.1.dev0@@150701,15.7.2@@150702
<a href='https://huggingface.co/deepcogito/cogito-v1-preview-llama-8B'>deepcogito/cogito-v1-preview-llama-8B (few-shot)</a>,ğŸ“,1.90@@1.90,8030261248.0,128256.0,131072.0,âœ“,âœ—,62.60 Â± 1.11 / 73.84 Â± 0.97@@62.603148860090165,61.77 Â± 1.84 / 43.87 Â± 1.40@@61.77323526677585,24.75 Â± 1.93 / 57.13 Â± 2.21@@24.750659740286597,68.79 Â± 0.77 / 48.02 Â± 1.52@@68.79344957367182,15.5.0@@150500,15.5.0@@150500,15.5.0@@150500,15.5.0@@150500
<a href='https://huggingface.co/meta-llama/Meta-Llama-3-70B-Instruct'>meta-llama/Meta-Llama-3-70B-Instruct (few-shot)</a>,ğŸ“,1.90@@1.90,70553706496.0,128256.0,8192.0,âœ“,âœ—,49.11 Â± 0.82 / 49.45 Â± 0.45@@49.114268271991214,80.71 Â± 0.98 / 61.33 Â± 1.82@@80.71483154737697,22.28 Â± 1.86 / 54.39 Â± 1.25@@22.281574886842222,69.48 Â± 0.92 / 41.65 Â± 2.28@@69.47914782428246,15.3.1@@150301,15.3.1@@150301,15.3.1@@150301,15.3.1@@150301
<a href='https://huggingface.co/meta-llama/Llama-3.3-70B-Instruct'>meta-llama/Llama-3.3-70B-Instruct (few-shot)</a>,ğŸ“,1.91@@1.91,70553706496.0,128256.0,131072.0,âœ“,âœ—,49.78 Â± 0.61 / 49.73 Â± 0.31@@49.78099709246962,83.25 Â± 1.02 / 57.76 Â± 2.17@@83.25423942274546,22.47 Â± 2.13 / 55.30 Â± 1.53@@22.474688834927523,66.82 Â± 1.04 / 36.83 Â± 1.77@@66.81971648779822,15.3.1@@150301,15.3.1@@150301,15.3.1@@150301,15.3.1@@150301
<a href='https://huggingface.co/allenai/Llama-3.1-Tulu-3-8B-DPO'>allenai/Llama-3.1-Tulu-3-8B-DPO (few-shot)</a>,ğŸ“,1.91@@1.91,8030326784.0,128264.0,131072.0,âœ“,âœ—,41.65 Â± 0.93 / 46.02 Â± 0.47@@41.64733525384239,63.44 Â± 2.61 / 55.16 Â± 1.57@@63.43747081985768,32.85 Â± 2.23 / 64.55 Â± 1.89@@32.84783389360937,69.33 Â± 1.13 / 49.75 Â± 1.54@@69.32570515645145,15.3.1.dev0@@150301,15.3.1.dev0@@150301,15.3.1.dev0@@150301,15.3.1.dev0@@150301
"<a href='https://docs.x.ai/docs/models'>xai/grok-2-1212 (zero-shot, val)</a>",ğŸ“,1.93@@1.93,,,131072.0,âœ“,âœ—,64.61 Â± 1.83 / 74.65 Â± 1.31@@64.61084782978229,66.08 Â± 1.85 / 42.78 Â± 1.41@@66.08453408269128,13.82 Â± 3.05 / 38.48 Â± 1.48@@13.823803196996359,74.46 Â± 0.96 / 48.95 Â± 1.12@@74.46099333313283,15.5.0.dev0@@150500,15.5.0.dev0@@150500,15.5.0.dev0@@150500,15.5.0.dev0@@150500
<a href='https://huggingface.co/allenai/OLMo-2-0325-32B'>allenai/OLMo-2-0325-32B (few-shot)</a>,ğŸ§ ,1.94@@1.94,32234279936.0,100352.0,4096.0,âœ“,âœ—,54.04 Â± 1.91 / 61.03 Â± 3.02@@54.04268477733542,56.36 Â± 2.55 / 45.67 Â± 1.83@@56.36012922451644,27.71 Â± 2.47 / 61.82 Â± 2.52@@27.71288246159725,74.23 Â± 1.08 / 51.97 Â± 2.54@@74.2265319460706,15.9.2.dev0@@150902,15.9.2.dev0@@150902,15.9.2.dev0@@150902,15.9.2.dev0@@150902
"<a href='https://platform.openai.com/docs/models/gpt-4-turbo'>gpt-4-1106-preview (zero-shot, val)</a>",ğŸ“,1.94@@1.94,,100256.0,128000.0,âœ“,âœ—,48.89 Â± 1.54 / 48.96 Â± 0.83@@48.885524050036665,66.11 Â± 1.62 / 36.94 Â± 1.35@@66.10509196173139,26.51 Â± 1.87 / 51.18 Â± 1.45@@26.50742844784616,72.30 Â± 0.92 / 51.10 Â± 1.24@@72.29500567427728,15.2.0.dev0@@150200,15.2.0.dev0@@150200,15.2.0.dev0@@150200,15.2.0.dev0@@150200
<a href='https://huggingface.co/allenai/Llama-3.1-Tulu-3-8B'>allenai/Llama-3.1-Tulu-3-8B (few-shot)</a>,ğŸ“,1.95@@1.95,8030326784.0,128264.0,131072.0,âœ“,âœ—,41.19 Â± 0.77 / 45.83 Â± 0.45@@41.191325459035774,61.89 Â± 2.61 / 52.84 Â± 1.50@@61.89021484591852,32.25 Â± 2.08 / 63.42 Â± 1.87@@32.25357561483923,68.40 Â± 1.66 / 49.69 Â± 1.73@@68.3970251605448,15.3.1.dev0@@150301,15.3.1.dev0@@150301,15.3.1.dev0@@150301,15.3.1.dev0@@150301
<a href='https://huggingface.co/CohereForAI/aya-23-35B'>CohereForAI/aya-23-35B (few-shot)</a>,ğŸ“,1.95@@1.95,34980831232.0,256000.0,8192.0,âœ—,âœ—,53.04 Â± 1.82 / 61.24 Â± 2.27@@53.03683395653314,72.51 Â± 2.31 / 55.50 Â± 2.28@@72.51249389056433,19.79 Â± 1.51 / 51.80 Â± 2.13@@19.791912900775415,73.13 Â± 0.67 / 56.39 Â± 1.28@@73.13075189448084,15.7.2@@150702,15.7.2@@150702,15.7.2@@150702,15.7.2@@150702
<a href='https://huggingface.co/CohereForAI/aya-expanse-8b'>CohereForAI/aya-expanse-8b (few-shot)</a>,ğŸ“,1.95@@1.95,8028033024.0,256000.0,8192.0,âœ—,âœ—,60.12 Â± 1.09 / 71.84 Â± 1.37@@60.12414805661255,65.00 Â± 1.40 / 40.91 Â± 1.72@@64.99690200914911,20.16 Â± 1.92 / 59.64 Â± 0.91@@20.160114325018185,69.65 Â± 0.43 / 49.60 Â± 1.29@@69.6484961429837,15.3.1.dev0@@150301,15.3.1.dev0@@150301,15.3.1.dev0@@150301,15.3.1.dev0@@150301
<a href='https://huggingface.co/meta-llama/Llama-4-Scout-17B-16E-Instruct'>meta-llama/Llama-4-Scout-17B-16E-Instruct (few-shot)</a>,ğŸ“,1.96@@1.96,108641793536.0,200000.0,,âœ“,âœ—,64.68 Â± 1.35 / 74.62 Â± 1.22@@64.68214196219277,77.35 Â± 1.24 / 63.48 Â± 1.99@@77.35384913571559,30.35 Â± 2.94 / 59.11 Â± 3.10@@30.350646621967186,30.96 Â± 0.62 / 0.00 Â± 0.00@@30.963577479067773,15.9.2@@150902,15.9.2@@150902,15.9.2@@150902,15.9.2@@150902
<a href='https://huggingface.co/CohereForAI/c4ai-command-r7b-12-2024'>CohereForAI/c4ai-command-r7b-12-2024 (few-shot)</a>,ğŸ“,1.97@@1.97,8028033024.0,256000.0,8192.0,âœ—,âœ—,58.28 Â± 1.91 / 69.55 Â± 2.08@@58.28347440132613,69.80 Â± 1.29 / 46.74 Â± 2.51@@69.79863792236384,18.66 Â± 2.81 / 52.76 Â± 3.34@@18.65807343160177,69.26 Â± 0.79 / 50.37 Â± 1.29@@69.26031660282588,15.7.2.dev0@@150702,15.7.2.dev0@@150702,15.7.2.dev0@@150702,15.7.2.dev0@@150702
"<a href='https://platform.openai.com/docs/models/gpt-4.1'>gpt-4.1-2025-04-14 (zero-shot, val)</a>",ğŸ“,1.98@@1.98,,,1047576.0,âœ“,âœ—,53.49 Â± 1.35 / 56.32 Â± 1.10@@53.492491195977244,65.26 Â± 2.07 / 36.83 Â± 1.60@@65.2577234568842,24.77 Â± 2.76 / 50.73 Â± 1.49@@24.767389143668915,68.37 Â± 1.09 / 40.38 Â± 1.47@@68.36815404547694,15.6.1.dev0@@150601,15.6.1.dev0@@150601,15.6.1.dev0@@150601,15.6.1.dev0@@150601
<a href='https://huggingface.co/deepseek-ai/DeepSeek-R1-Distill-Llama-70B'>deepseek-ai/DeepSeek-R1-Distill-Llama-70B (few-shot)</a>,ğŸ¤”,1.98@@1.98,70553706496.0,128256.0,131072.0,âœ“,âœ—,64.40 Â± 1.95 / 74.72 Â± 1.59@@64.39524548387843,62.13 Â± 1.82 / 37.31 Â± 1.89@@62.128554969595505,21.87 Â± 1.78 / 53.53 Â± 0.96@@21.870200008789105,63.84 Â± 0.91 / 43.06 Â± 1.68@@63.84320836672155,15.9.2.dev0@@150902,15.9.2.dev0@@150902,15.9.2.dev0@@150902,15.9.2.dev0@@150902
<a href='https://huggingface.co/nvidia/Llama-3.1-Nemotron-70B-Instruct-HF'>nvidia/Llama-3.1-Nemotron-70B-Instruct-HF (few-shot)</a>,ğŸ“,1.98@@1.98,70553706496.0,128256.0,131072.0,âœ“,âœ—,48.91 Â± 0.59 / 49.34 Â± 0.32@@48.912119287933926,75.62 Â± 1.71 / 35.78 Â± 1.61@@75.62333260955752,20.38 Â± 1.59 / 54.59 Â± 0.89@@20.380384021179626,69.74 Â± 0.91 / 44.29 Â± 1.88@@69.73508012146428,15.3.1@@150301,15.3.1@@150301,15.3.1@@150301,15.3.1@@150301
<a href='https://huggingface.co/mistralai/Mixtral-8x7B-Instruct-v0.1'>mistralai/Mixtral-8x7B-Instruct-v0.1 (few-shot)</a>,ğŸ“,1.99@@1.99,46702792704.0,32000.0,32768.0,âœ“,âœ—,57.21 Â± 1.14 / 66.91 Â± 1.30@@57.20866178015318,56.90 Â± 3.05 / 43.87 Â± 2.51@@56.90483104546623,27.10 Â± 1.51 / 57.00 Â± 1.93@@27.10029253380891,66.78 Â± 0.81 / 40.53 Â± 1.86@@66.77612586697542,15.3.1@@150301,15.3.1@@150301,15.3.1@@150301,15.3.1@@150301
<a href='https://huggingface.co/lightonai/alfred-40b-1023'>lightonai/alfred-40b-1023 (few-shot)</a>,ğŸ“,1.99@@1.99,,65024.0,,âœ“,âœ—,53.51 Â± 1.89 / 67.61 Â± 2.35@@53.514631511568176,60.56 Â± 4.59 / 49.70 Â± 2.63@@60.558360595765784,26.86 Â± 2.56 / 60.05 Â± 3.24@@26.862171910726246,67.94 Â± 0.76 / 48.59 Â± 2.20@@67.94409109341257,15.9.1.dev0@@150901,15.9.1.dev0@@150901,15.9.1.dev0@@150901,15.9.1.dev0@@150901
"<a href='https://platform.openai.com/docs/models/gpt-4o'>gpt-4o-2024-05-13 (zero-shot, val)</a>",ğŸ“,1.99@@1.99,,200019.0,128000.0,âœ“,âœ—,46.19 Â± 2.23 / 47.58 Â± 1.12@@46.18920151351958,66.14 Â± 1.43 / 35.52 Â± 1.37@@66.14237025496327,24.47 Â± 2.48 / 50.58 Â± 1.47@@24.465987419810453,74.30 Â± 0.85 / 51.46 Â± 1.11@@74.29739579268372,15.2.0.dev0@@150200,15.2.0.dev0@@150200,15.2.0.dev0@@150200,15.2.0.dev0@@150200
<a href='https://huggingface.co/ai21labs/Jamba-v0.1'>ai21labs/Jamba-v0.1 (few-shot)</a>,ğŸ§ ,2.02@@2.02,51570323328.0,65536.0,262144.0,âœ“,âœ—,49.54 Â± 1.24 / 58.05 Â± 2.21@@49.53518119074388,59.68 Â± 3.85 / 48.68 Â± 2.83@@59.67549327273398,26.30 Â± 3.30 / 60.86 Â± 2.95@@26.303847247972286,70.88 Â± 3.59 / 54.62 Â± 2.99@@70.87748074546543,15.9.2@@150902,15.9.2@@150902,15.9.2@@150902,15.9.2@@150902
<a href='https://huggingface.co/senseable/WestLake-7B-v2'>senseable/WestLake-7B-v2 (few-shot)</a>,ğŸ§ ,2.03@@2.03,7241732096.0,32000.0,4096.0,âœ—,âœ—,54.85 Â± 2.14 / 69.26 Â± 1.90@@54.85103196173549,69.60 Â± 1.98 / 52.85 Â± 3.07@@69.59620759388866,17.86 Â± 2.38 / 53.52 Â± 2.48@@17.857528732860967,69.38 Â± 0.92 / 45.92 Â± 1.01@@69.37924008473409,15.2.0.dev0@@150200,15.2.0.dev0@@150200,15.2.0.dev0@@150200,15.2.0.dev0@@150200
<a href='https://huggingface.co/google/gemma-2-9b-it'>google/gemma-2-9b-it (few-shot)</a>,ğŸ“,2.03@@2.03,9241705984.0,256000.0,8192.0,âœ“,âœ—,63.90 Â± 1.91 / 73.39 Â± 1.83@@63.8997900342203,42.05 Â± 1.39 / 30.06 Â± 1.74@@42.047463186327064,25.39 Â± 1.29 / 53.45 Â± 0.75@@25.385452013356037,70.49 Â± 0.72 / 47.50 Â± 1.53@@70.48685882870993,15.6.1@@150601,15.6.1@@150601,15.6.1@@150601,15.6.1@@150601
"<a href='https://ai.google.dev/gemini-api/docs/models#gemini-2.0-flash-lite-001'>gemini/gemini-2.0-flash-lite-001 (zero-shot, val)</a>",ğŸ“,2.04@@2.04,,256128.0,1048576.0,âœ“,âœ—,58.03 Â± 1.72 / 69.03 Â± 1.22@@58.02836130244052,59.57 Â± 1.38 / 38.24 Â± 1.40@@59.57284893517713,20.54 Â± 3.35 / 52.33 Â± 1.74@@20.536492409712714,69.99 Â± 1.01 / 43.91 Â± 1.56@@69.98958958555829,15.5.0@@150500,15.5.0@@150500,15.5.0@@150500,15.5.0@@150500
<a href='https://huggingface.co/google/gemma-3-4b-it'>google/gemma-3-4b-it (few-shot)</a>,ğŸ“,2.04@@2.04,4300079472.0,262144.0,,âœ“,âœ—,57.66 Â± 1.49 / 69.78 Â± 1.35@@57.65752231195832,60.29 Â± 1.95 / 48.70 Â± 1.20@@60.292981195386616,22.76 Â± 2.77 / 60.54 Â± 1.34@@22.763452480200165,64.32 Â± 0.67 / 39.61 Â± 1.05@@64.318089074324,15.5.0@@150500,15.5.0@@150500,15.5.0@@150500,15.5.0@@150500
<a href='https://huggingface.co/Nexusflow/Starling-LM-7B-beta'>Nexusflow/Starling-LM-7B-beta (few-shot)</a>,ğŸ“,2.06@@2.06,7241748480.0,32002.0,8192.0,âœ—,âœ—,54.05 Â± 1.06 / 69.30 Â± 0.69@@54.04556514237635,67.92 Â± 1.50 / 39.37 Â± 3.13@@67.92084172198119,18.34 Â± 1.84 / 52.20 Â± 1.68@@18.336289209099498,68.09 Â± 1.30 / 44.41 Â± 2.28@@68.08645622524348,15.7.2.dev0@@150702,15.7.2.dev0@@150702,15.7.2.dev0@@150702,15.7.2.dev0@@150702
"<a href='https://ai.google.dev/gemini-api/docs/models#gemini-1.5-pro-002'>gemini/gemini-1.5-pro-002 (zero-shot, val)</a>",ğŸ“,2.06@@2.06,,256128.0,2097152.0,âœ“,âœ—,58.08 Â± 1.73 / 70.09 Â± 1.23@@58.07772545927528,56.50 Â± 2.36 / 42.03 Â± 2.34@@56.5024944721386,22.24 Â± 2.58 / 50.65 Â± 1.45@@22.24384138252414,70.73 Â± 0.89 / 46.56 Â± 1.38@@70.72620121172892,15.5.0@@150500,15.5.0@@150500,15.5.0@@150500,15.5.0@@150500
<a href='https://huggingface.co/meta-llama/Llama-2-70b-hf'>meta-llama/Llama-2-70b-hf (few-shot)</a>,ğŸ§ ,2.06@@2.06,68976653312.0,32000.0,4096.0,âœ“,âœ—,56.87 Â± 1.59 / 70.67 Â± 1.10@@56.86751629884383,73.77 Â± 1.34 / 63.44 Â± 2.17@@73.76705131919016,12.77 Â± 6.40 / 54.55 Â± 3.55@@12.772361730992927,72.31 Â± 3.74 / 54.32 Â± 3.75@@72.3073297599739,15.3.1@@150301,15.3.1@@150301,15.3.1@@150301,15.3.1@@150301
<a href='https://huggingface.co/mistralai/Mixtral-8x7B-v0.1'>mistralai/Mixtral-8x7B-v0.1 (few-shot)</a>,ğŸ§ ,2.06@@2.06,46702792704.0,32000.0,32768.0,âœ“,âœ—,49.33 Â± 1.78 / 61.33 Â± 1.99@@49.32712849094408,70.30 Â± 2.36 / 58.19 Â± 2.00@@70.30074391544073,18.51 Â± 4.68 / 55.49 Â± 4.88@@18.505155674428934,72.85 Â± 2.15 / 56.01 Â± 2.32@@72.8506741405303,15.3.1@@150301,15.3.1@@150301,15.3.1@@150301,15.3.1@@150301
<a href='https://huggingface.co/google/gemma-3-12b-pt'>google/gemma-3-12b-pt (few-shot)</a>,ğŸ§ ,2.06@@2.06,12187325040.0,262144.0,,âœ“,âœ—,50.65 Â± 2.20 / 65.82 Â± 2.09@@50.64702797255294,64.74 Â± 1.71 / 53.33 Â± 1.51@@64.7355994294348,22.25 Â± 1.91 / 52.61 Â± 4.07@@22.246528233659944,71.09 Â± 5.40 / 55.83 Â± 4.58@@71.09259996333927,15.5.0@@150500,15.5.0@@150500,15.5.0@@150500,15.5.0@@150500
"<a href='https://platform.openai.com/docs/models/o3-mini'>o3-mini-2025-01-31 (zero-shot, val)</a>",ğŸ¤”,2.07@@2.07,,,200000.0,âœ“,âœ—,62.13 Â± 2.66 / 72.26 Â± 2.09@@62.13387795701439,41.45 Â± 2.56 / 30.66 Â± 1.68@@41.445945835264276,25.51 Â± 2.27 / 50.83 Â± 1.72@@25.50915436214402,70.17 Â± 1.12 / 41.20 Â± 1.62@@70.17178386712214,15.7.2.dev0@@150702,15.7.2.dev0@@150702,15.7.2.dev0@@150702,15.7.2.dev0@@150702
"<a href='https://platform.openai.com/docs/models/gpt-4.1-mini'>gpt-4.1-mini-2025-04-14 (zero-shot, val)</a>",ğŸ“,2.07@@2.07,,,1047576.0,âœ“,âœ—,47.45 Â± 2.21 / 48.74 Â± 1.07@@47.45074496850666,63.35 Â± 1.93 / 36.24 Â± 1.05@@63.353793215423515,20.80 Â± 2.27 / 50.26 Â± 1.38@@20.800096124680138,72.82 Â± 0.71 / 46.73 Â± 0.88@@72.81857301936351,15.6.1.dev0@@150601,15.6.1.dev0@@150601,15.6.1.dev0@@150601,15.6.1.dev0@@150601
<a href='https://huggingface.co/CohereForAI/c4ai-command-r-v01'>CohereForAI/c4ai-command-r-v01 (few-shot)</a>,ğŸ“,2.08@@2.08,34980831232.0,256000.0,8192.0,âœ—,âœ—,54.27 Â± 1.85 / 66.29 Â± 1.77@@54.26732300663788,69.33 Â± 1.57 / 51.34 Â± 2.47@@69.33467993297137,18.93 Â± 1.62 / 58.48 Â± 1.03@@18.9344032480898,64.67 Â± 0.96 / 41.31 Â± 2.29@@64.67380054473462,15.3.1@@150301,15.3.1@@150301,15.3.1@@150301,15.3.1@@150301
<a href='https://huggingface.co/meta-llama/Llama-3.1-8B'>meta-llama/Llama-3.1-8B (few-shot)</a>,ğŸ§ ,2.10@@2.10,8030261248.0,128256.0,131072.0,âœ“,âœ—,50.77 Â± 2.62 / 65.98 Â± 2.47@@50.77245094351953,61.22 Â± 4.62 / 52.44 Â± 2.68@@61.22321808132756,20.45 Â± 3.09 / 57.92 Â± 2.28@@20.45152944417243,70.23 Â± 2.13 / 52.33 Â± 3.10@@70.23480219506115,15.6.1.dev0@@150601,15.6.1.dev0@@150601,15.6.1.dev0@@150601,15.6.1.dev0@@150601
<a href='https://huggingface.co/allenai/OLMo-2-0325-32B-Instruct'>allenai/OLMo-2-0325-32B-Instruct (few-shot)</a>,ğŸ“,2.10@@2.10,32234279936.0,100352.0,4096.0,âœ—,âœ—,57.18 Â± 1.29 / 71.30 Â± 0.91@@57.182883941081606,60.92 Â± 3.59 / 37.08 Â± 1.52@@60.922409349819404,34.02 Â± 1.60 / 65.97 Â± 1.15@@34.022889376647626,33.68 Â± 1.04 / 0.00 Â± 0.00@@33.6844642378043,15.9.2@@150902,15.9.2@@150902,15.9.2@@150902,15.9.2@@150902
<a href='https://ollama.com/library/hf.co'>ollama_chat/hf.co/google/gemma-3-4b-it-qat-q4_0-gguf (few-shot)</a>,ğŸ“,2.12@@2.12,3880099328.0,,131072.0,âœ“,âœ—,59.14 Â± 1.39 / 71.82 Â± 1.38@@59.13575824033457,61.51 Â± 2.51 / 43.30 Â± 1.76@@61.50529537849285,18.95 Â± 2.72 / 56.95 Â± 1.92@@18.95452880257658,63.10 Â± 0.64 / 41.59 Â± 0.65@@63.09845230491287,15.6.1@@150601,15.6.1@@150601,15.6.1@@150601,15.6.1@@150601
<a href='https://huggingface.co/meta-llama/Llama-3.1-8B-Instruct'>meta-llama/Llama-3.1-8B-Instruct (few-shot)</a>,ğŸ“,2.13@@2.13,8030261248.0,128256.0,131072.0,âœ“,âœ—,45.18 Â± 0.97 / 47.57 Â± 0.52@@45.17945356854457,67.95 Â± 1.73 / 54.28 Â± 2.10@@67.95429298279882,24.92 Â± 1.51 / 61.73 Â± 1.10@@24.923470044607583,63.90 Â± 0.90 / 33.34 Â± 2.37@@63.90200904632606,15.3.1.dev0@@150301,15.3.1.dev0@@150301,15.3.1.dev0@@150301,15.3.1.dev0@@150301
<a href='https://huggingface.co/01-ai/Yi-1.5-34B'>01-ai/Yi-1.5-34B (few-shot)</a>,ğŸ§ ,2.13@@2.13,34388917248.0,64000.0,4096.0,âœ“,âœ—,41.89 Â± 3.52 / 47.98 Â± 4.05@@41.89405242614019,64.92 Â± 2.46 / 56.68 Â± 2.11@@64.92225615816342,20.22 Â± 2.80 / 50.98 Â± 4.86@@20.21892132701019,74.69 Â± 1.99 / 57.60 Â± 2.46@@74.6888528240135,15.8.2.dev0@@150802,15.8.2.dev0@@150802,15.8.2.dev0@@150802,15.8.2.dev0@@150802
<a href='https://huggingface.co/Qwen/Qwen1.5-14B-Chat'>Qwen/Qwen1.5-14B-Chat (few-shot)</a>,ğŸ“,2.13@@2.13,14167290880.0,152064.0,32768.0,âœ—,âœ—,42.55 Â± 0.95 / 45.62 Â± 0.71@@42.54768767106462,52.77 Â± 1.95 / 38.02 Â± 2.83@@52.77016457528774,28.34 Â± 2.59 / 63.15 Â± 1.55@@28.338678013268883,68.79 Â± 0.39 / 48.09 Â± 1.14@@68.78756906238718,15.3.1@@150301,15.3.1@@150301,15.3.1@@150301,15.3.1@@150301
<a href='https://huggingface.co/Qwen/Qwen3-4B'>Qwen/Qwen3-4B (few-shot)</a>,ğŸ¤”,2.13@@2.13,4022468096.0,151936.0,40960.0,âœ“,âœ—,57.85 Â± 1.56 / 69.37 Â± 1.19@@57.84728211169967,56.37 Â± 3.63 / 30.38 Â± 1.66@@56.36971746309322,24.52 Â± 1.59 / 54.39 Â± 0.79@@24.522463256976266,58.88 Â± 12.46 / 43.27 Â± 9.46@@58.87599110550732,15.7.1@@150701,15.7.1@@150701,15.7.1@@150701,15.7.1@@150701
<a href='https://huggingface.co/google/gemma-2-27b'>google/gemma-2-27b (few-shot)</a>,ğŸ§ ,2.14@@2.14,27227128320.0,256000.0,8192.0,âœ“,âœ—,54.09 Â± 3.47 / 67.77 Â± 2.92@@54.08861469684325,46.48 Â± 2.43 / 41.45 Â± 2.22@@46.48302767590848,23.00 Â± 3.73 / 52.87 Â± 4.69@@23.00133924819054,74.80 Â± 4.50 / 59.89 Â± 3.88@@74.7981400451246,15.6.1@@150601,15.6.1@@150601,15.6.1@@150601,15.6.1@@150601
<a href='https://huggingface.co/microsoft/mdeberta-v3-base'>microsoft/mdeberta-v3-base</a>,ğŸ”,2.15@@2.15,278220290.0,251000.0,512.0,âœ“,âœ—,36.31 Â± 9.10 / 54.54 Â± 8.71@@36.309432752854114,76.67 Â± 1.66 / 69.17 Â± 1.02@@76.67305652841166,35.92 Â± 4.12 / 66.58 Â± 2.49@@35.9187525516077,38.43 Â± 2.57 / 26.59 Â± 2.02@@38.42538133979257,15.3.1.dev0@@150301,15.3.1.dev0@@150301,15.3.1.dev0@@150301,15.3.1.dev0@@150301
<a href='https://huggingface.co/utter-project/EuroLLM-9B'>utter-project/EuroLLM-9B (few-shot)</a>,ğŸ§ ,2.18@@2.18,9152319488.0,128000.0,4096.0,âœ“,âœ—,54.63 Â± 2.64 / 68.75 Â± 2.26@@54.62773089401098,53.83 Â± 3.45 / 44.50 Â± 2.62@@53.83151164417115,17.98 Â± 2.28 / 57.02 Â± 1.68@@17.9794914485432,73.46 Â± 1.27 / 57.80 Â± 1.86@@73.45934113780925,15.2.0.dev0@@150200,15.2.0.dev0@@150200,15.2.0.dev0@@150200,15.2.0.dev0@@150200
<a href='https://huggingface.co/intfloat/multilingual-e5-large'>intfloat/multilingual-e5-large</a>,ğŸ”,2.18@@2.18,559890946.0,250002.0,512.0,âœ“,âœ—,56.84 Â± 3.38 / 70.43 Â± 2.60@@56.840635263859916,90.74 Â± 0.61 / 80.64 Â± 0.56@@90.73737088500891,5.82 Â± 4.77 / 51.97 Â± 2.65@@5.820600788629645,55.11 Â± 1.01 / 39.81 Â± 1.25@@55.11230889753059,15.3.1.dev0@@150301,15.3.1.dev0@@150301,15.3.1.dev0@@150301,15.3.1.dev0@@150301
<a href='https://huggingface.co/google/gemma-2-9b'>google/gemma-2-9b (few-shot)</a>,ğŸ§ ,2.19@@2.19,9241705984.0,256000.0,8192.0,âœ“,âœ—,58.07 Â± 2.40 / 71.28 Â± 2.05@@58.06838983522835,41.79 Â± 3.75 / 38.91 Â± 2.86@@41.79355055482521,22.65 Â± 2.80 / 56.18 Â± 3.19@@22.646610392983618,70.76 Â± 2.72 / 52.08 Â± 2.48@@70.75664897929013,15.6.1@@150601,15.6.1@@150601,15.6.1@@150601,15.6.1@@150601
<a href='https://ollama.com/library/gemma3:4b-it-q4_K_M'>ollama_chat/gemma3:4b-it-q4_K_M (few-shot)</a>,ğŸ“,2.19@@2.19,,,,âœ“,âœ—,55.85 Â± 2.22 / 68.24 Â± 2.08@@55.85186245037072,58.67 Â± 3.09 / 45.66 Â± 1.87@@58.67339280941608,18.03 Â± 2.25 / 58.00 Â± 1.44@@18.03166584151426,60.83 Â± 0.70 / 35.86 Â± 1.39@@60.82556934038399,15.3.1@@150301,15.3.1@@150301,15.3.1@@150301,15.3.1@@150301
<a href='https://huggingface.co/nvidia/Mistral-NeMo-Minitron-8B-Base'>nvidia/Mistral-NeMo-Minitron-8B-Base (few-shot)</a>,ğŸ§ ,2.19@@2.19,8414105600.0,131072.0,8192.0,âœ“,âœ—,53.58 Â± 2.78 / 68.40 Â± 2.19@@53.57588098448045,59.18 Â± 4.50 / 52.25 Â± 3.04@@59.18263953032024,13.55 Â± 2.67 / 46.93 Â± 3.73@@13.545068853725779,71.28 Â± 1.65 / 52.97 Â± 2.26@@71.2824152538187,15.3.1.dev0@@150301,15.3.1.dev0@@150301,15.3.1.dev0@@150301,15.3.1.dev0@@150301
<a href='https://huggingface.co/nvidia/mistral-nemo-minitron-8b-base'>nvidia/mistral-nemo-minitron-8b-base (few-shot)</a>,ğŸ§ ,2.19@@2.19,8414105600.0,131072.0,8192.0,âœ“,âœ—,53.63 Â± 2.81 / 68.43 Â± 2.21@@53.63115844352808,59.19 Â± 4.57 / 52.30 Â± 3.08@@59.187828482940056,13.56 Â± 2.78 / 46.99 Â± 3.74@@13.561710718222454,71.25 Â± 1.65 / 52.93 Â± 2.25@@71.24942034286151,15.3.1.dev0@@150301,15.3.1.dev0@@150301,15.3.1.dev0@@150301,15.3.1.dev0@@150301
<a href='https://huggingface.co/mistralai/Mistral-7B-v0.1'>mistralai/Mistral-7B-v0.1 (few-shot)</a>,ğŸ§ ,2.20@@2.20,7241732096.0,32000.0,4096.0,âœ“,âœ—,51.01 Â± 2.54 / 65.92 Â± 2.54@@51.01474443273315,64.12 Â± 3.76 / 52.83 Â± 3.17@@64.11529015886114,14.24 Â± 3.30 / 55.71 Â± 2.25@@14.241717801135795,69.81 Â± 1.55 / 53.76 Â± 2.11@@69.80602448620792,15.2.0.dev0@@150200,15.2.0.dev0@@150200,15.2.0.dev0@@150200,15.2.0.dev0@@150200
<a href='https://huggingface.co/meta-llama/Meta-Llama-3-8B-Instruct'>meta-llama/Meta-Llama-3-8B-Instruct (few-shot)</a>,ğŸ“,2.20@@2.20,8030261248.0,128256.0,8192.0,âœ“,âœ—,44.88 Â± 0.92 / 47.45 Â± 0.55@@44.882481232319726,71.52 Â± 1.48 / 60.24 Â± 1.39@@71.52064562787504,19.44 Â± 2.50 / 57.20 Â± 2.36@@19.439690594544025,64.49 Â± 0.89 / 37.75 Â± 1.53@@64.48544143358012,15.3.1.dev0@@150301,15.3.1.dev0@@150301,15.3.1.dev0@@150301,15.3.1.dev0@@150301
<a href='https://huggingface.co/mistralai/Ministral-8B-Instruct-2410'>mistralai/Ministral-8B-Instruct-2410 (few-shot)</a>,ğŸ“,2.22@@2.22,8019808256.0,131072.0,32768.0,âœ“,âœ—,57.06 Â± 1.14 / 70.23 Â± 1.22@@57.06388182377772,59.63 Â± 1.88 / 46.27 Â± 2.23@@59.627652877120866,13.00 Â± 3.90 / 38.83 Â± 2.82@@13.000999851905734,71.93 Â± 0.65 / 54.95 Â± 0.66@@71.92814712228855,15.7.1.dev0@@150701,15.7.1.dev0@@150701,15.7.1.dev0@@150701,15.7.2.dev0@@150702
"<a href='https://platform.openai.com/docs/models/gpt-4o-mini'>gpt-4o-mini-2024-07-18 (zero-shot, val)</a>",ğŸ“,2.23@@2.23,,200019.0,128000.0,âœ“,âœ—,42.58 Â± 2.62 / 45.86 Â± 1.40@@42.58044784294501,58.71 Â± 1.74 / 34.89 Â± 1.33@@58.71281315043404,20.87 Â± 3.36 / 51.97 Â± 1.81@@20.865437654021992,70.43 Â± 0.92 / 42.13 Â± 1.37@@70.43352817373635,15.3.1@@150301,15.3.1@@150301,15.3.1@@150301,15.3.1@@150301
<a href='https://huggingface.co/01-ai/Yi-1.5-9B'>01-ai/Yi-1.5-9B (few-shot)</a>,ğŸ§ ,2.24@@2.24,8829407232.0,64000.0,4096.0,âœ“,âœ—,50.88 Â± 1.76 / 58.13 Â± 2.34@@50.88402290206172,64.89 Â± 1.04 / 51.72 Â± 1.17@@64.89076516162852,12.15 Â± 3.23 / 53.05 Â± 3.82@@12.14940522629124,72.45 Â± 1.29 / 55.54 Â± 1.74@@72.45448451894194,15.8.2.dev0@@150802,15.8.2.dev0@@150802,15.8.2.dev0@@150802,15.8.2.dev0@@150802
<a href='https://huggingface.co/FacebookAI/xlm-roberta-large'>FacebookAI/xlm-roberta-large</a>,ğŸ”,2.25@@2.25,561192082.0,250002.0,512.0,âœ“,âœ—,49.60 Â± 8.88 / 66.05 Â± 6.32@@49.59908771821799,91.13 Â± 0.70 / 80.85 Â± 0.87@@91.131646901524,6.66 Â± 5.70 / 43.85 Â± 6.52@@6.656178535092547,56.33 Â± 1.11 / 40.99 Â± 1.15@@56.32749678138926,15.3.1.dev0@@150301,15.3.1.dev0@@150301,15.3.1.dev0@@150301,15.3.1.dev0@@150301
<a href='https://huggingface.co/google/rembert'>google/rembert</a>,ğŸ”,2.26@@2.26,574594434.0,250300.0,512.0,âœ“,âœ—,40.00 Â± 3.63 / 59.39 Â± 2.60@@40.004817043940754,88.34 Â± 0.86 / 77.48 Â± 0.84@@88.34185227643394,11.98 Â± 7.84 / 49.99 Â± 7.64@@11.983798735110799,61.28 Â± 1.74 / 44.50 Â± 2.07@@61.27654538518332,15.3.1.dev0@@150301,15.3.1.dev0@@150301,15.3.1.dev0@@150301,15.3.1.dev0@@150301
<a href='https://huggingface.co/ibm-granite/granite-3.0-8b-base'>ibm-granite/granite-3.0-8b-base (few-shot)</a>,ğŸ§ ,2.26@@2.26,8170835968.0,49152.0,4096.0,âœ“,âœ—,41.16 Â± 1.85 / 45.35 Â± 1.14@@41.159453340753046,56.40 Â± 2.06 / 46.10 Â± 2.30@@56.396997421816174,19.82 Â± 2.93 / 57.95 Â± 2.82@@19.81572940793097,72.62 Â± 1.47 / 55.23 Â± 2.60@@72.61555923178028,15.3.1.dev0@@150301,15.3.1.dev0@@150301,15.3.1.dev0@@150301,15.3.1.dev0@@150301
<a href='https://huggingface.co/ibm-granite/granite-3.0-8b-instruct'>ibm-granite/granite-3.0-8b-instruct (few-shot)</a>,ğŸ“,2.27@@2.27,8170848256.0,49155.0,4096.0,âœ“,âœ—,43.46 Â± 0.97 / 46.62 Â± 0.51@@43.458551033664186,62.95 Â± 1.48 / 44.95 Â± 2.15@@62.94721712878303,18.76 Â± 2.28 / 58.35 Â± 1.79@@18.7646945224754,69.69 Â± 1.62 / 52.79 Â± 1.81@@69.69283379756607,15.3.1.dev0@@150301,15.3.1.dev0@@150301,15.3.1.dev0@@150301,15.3.1.dev0@@150301
<a href='https://huggingface.co/google/gemma-3-27b-it'>google/gemma-3-27b-it (zero-shot)</a>,ğŸ“,2.27@@2.27,27432406640.0,262144.0,,âœ“,âœ—,56.66 Â± 1.14 / 66.45 Â± 0.84@@56.65749114380352,53.07 Â± 0.79 / 28.92 Â± 0.44@@53.065039535390525,16.33 Â± 1.39 / 54.34 Â± 0.64@@16.326052087042804,67.40 Â± 0.29 / 46.27 Â± 0.49@@67.40381673532232,15.8.1.dev0@@150801,15.8.1.dev0@@150801,15.8.1.dev0@@150801,15.8.1.dev0@@150801
<a href='https://huggingface.co/mistralai/Mistral-7B-v0.3'>mistralai/Mistral-7B-v0.3 (few-shot)</a>,ğŸ§ ,2.27@@2.27,7248023552.0,32768.0,32768.0,âœ“,âœ—,51.18 Â± 2.07 / 63.91 Â± 2.37@@51.180000928136735,59.23 Â± 4.79 / 50.44 Â± 3.74@@59.22627260770741,13.47 Â± 3.21 / 53.64 Â± 2.80@@13.467216887286575,69.12 Â± 1.58 / 54.18 Â± 1.75@@69.12166606479101,15.3.1.dev0@@150301,15.3.1.dev0@@150301,15.3.1.dev0@@150301,15.3.1.dev0@@150301
<a href='https://huggingface.co/NousResearch/DeepHermes-3-Llama-3-8B-Preview'>NousResearch/DeepHermes-3-Llama-3-8B-Preview (few-shot)</a>,ğŸ“,2.29@@2.29,8030261248.0,128256.0,131072.0,âœ“,âœ—,42.54 Â± 0.82 / 46.16 Â± 0.62@@42.539517654930016,64.60 Â± 1.92 / 55.52 Â± 1.42@@64.59807272878568,19.79 Â± 2.06 / 54.04 Â± 2.62@@19.79358322959262,65.18 Â± 1.41 / 44.26 Â± 2.16@@65.1819873018124,15.3.1.dev0@@150301,15.3.1.dev0@@150301,15.3.1.dev0@@150301,15.3.1.dev0@@150301
"<a href='https://ai.google.dev/gemini-api/docs/models#gemini-1.5-flash-8b-001'>gemini/gemini-1.5-flash-8b-001 (zero-shot, val)</a>",ğŸ“,2.30@@2.30,8000000000.0,256128.0,1048576.0,âœ“,âœ—,51.86 Â± 2.14 / 60.62 Â± 1.79@@51.86115568106147,56.24 Â± 1.75 / 38.29 Â± 1.44@@56.23638226786537,14.48 Â± 4.70 / 53.12 Â± 2.46@@14.476583350571563,68.24 Â± 0.88 / 43.97 Â± 1.29@@68.24403290237703,15.5.0.dev0@@150500,15.5.0.dev0@@150500,15.5.0.dev0@@150500,15.5.0.dev0@@150500
<a href='https://huggingface.co/meta-llama/Meta-Llama-3-8B'>meta-llama/Meta-Llama-3-8B (few-shot)</a>,ğŸ§ ,2.31@@2.31,8030261248.0,128256.0,8192.0,âœ“,âœ—,43.83 Â± 3.51 / 57.48 Â± 3.97@@43.83104821807507,55.94 Â± 4.55 / 50.77 Â± 2.82@@55.938485504852295,18.87 Â± 3.19 / 57.38 Â± 1.95@@18.87003790011986,70.00 Â± 2.33 / 53.44 Â± 2.88@@69.99764385813623,15.3.1.dev0@@150301,15.3.1.dev0@@150301,15.3.1.dev0@@150301,15.3.1.dev0@@150301
<a href='https://huggingface.co/deepcogito/cogito-v1-preview-llama-3B'>deepcogito/cogito-v1-preview-llama-3B (few-shot)</a>,ğŸ“,2.31@@2.31,3606752256.0,128256.0,131072.0,âœ“,âœ—,57.19 Â± 1.55 / 69.99 Â± 1.34@@57.19358024540575,53.52 Â± 2.22 / 37.78 Â± 1.55@@53.51618326319846,14.00 Â± 2.16 / 41.14 Â± 2.14@@13.999907947329525,63.59 Â± 1.65 / 45.58 Â± 2.12@@63.58955570181199,15.5.0@@150500,15.5.0@@150500,15.5.0@@150500,15.5.0@@150500
<a href='https://huggingface.co/ibm-granite/granite-34b-code-instruct'>ibm-granite/granite-34b-code-instruct (few-shot)</a>,ğŸ“,2.32@@2.32,33715603456.0,49152.0,8192.0,âœ“,âœ—,45.74 Â± 3.14 / 60.09 Â± 3.13@@45.742676911125926,68.45 Â± 1.50 / 56.60 Â± 1.89@@68.45378430037348,11.98 Â± 2.14 / 53.16 Â± 1.57@@11.981008049346604,65.75 Â± 1.07 / 46.59 Â± 1.36@@65.75451628126027,15.8.2.dev0@@150802,15.8.2.dev0@@150802,15.8.2.dev0@@150802,15.8.2.dev0@@150802
<a href='https://huggingface.co/setu4993/LaBSE'>setu4993/LaBSE</a>,ğŸ”,2.35@@2.35,470927360.0,501153.0,512.0,âœ“,âœ—,48.44 Â± 3.22 / 65.36 Â± 2.15@@48.43822249084195,89.91 Â± 0.67 / 80.15 Â± 0.68@@89.90799218965118,9.37 Â± 9.19 / 54.19 Â± 4.53@@9.372873993594471,43.16 Â± 1.72 / 31.21 Â± 1.43@@43.157481401133246,15.3.1@@150301,15.3.1@@150301,15.3.1.dev0@@150301,15.3.1.dev0@@150301
"<a href='https://platform.openai.com/docs/models/gpt-4.1-nano'>gpt-4.1-nano-2025-04-14 (zero-shot, val)</a>",ğŸ“,2.35@@2.35,,,1047576.0,âœ“,âœ—,46.19 Â± 2.28 / 48.39 Â± 1.13@@46.1872756435016,41.99 Â± 2.06 / 25.46 Â± 1.11@@41.98733865782007,25.24 Â± 2.57 / 46.09 Â± 1.67@@25.241450621008397,63.94 Â± 0.92 / 40.58 Â± 0.89@@63.94426321659923,15.6.1.dev0@@150601,15.6.1.dev0@@150601,15.6.1.dev0@@150601,15.6.1.dev0@@150601
<a href='https://huggingface.co/meta-llama/Llama-2-70b-chat-hf'>meta-llama/Llama-2-70b-chat-hf (few-shot)</a>,ğŸ“,2.35@@2.35,68976653312.0,32000.0,4096.0,âœ“,âœ—,50.12 Â± 1.33 / 57.22 Â± 1.59@@50.12387489117257,56.85 Â± 2.33 / 37.78 Â± 1.78@@56.85152255070921,15.12 Â± 1.53 / 44.65 Â± 2.06@@15.117812586910823,64.41 Â± 0.71 / 39.72 Â± 1.87@@64.41046617755981,15.3.1@@150301,15.3.1@@150301,15.3.1@@150301,15.3.1@@150301
<a href='https://huggingface.co/NorwAI/NorwAI-Mixtral-8x7B-instruct'>NorwAI/NorwAI-Mixtral-8x7B-instruct (few-shot)</a>,ğŸ§ ,2.38@@2.38,46997647360.0,67993.0,32768.0,âœ“,âœ—,45.51 Â± 1.18 / 48.23 Â± 0.79@@45.51286329627949,61.86 Â± 3.00 / 51.44 Â± 1.97@@61.85563385026287,12.72 Â± 3.78 / 49.95 Â± 4.52@@12.719966088517449,68.44 Â± 1.28 / 44.84 Â± 3.57@@68.44421870809921,15.7.1.dev0@@150701,15.7.1.dev0@@150701,15.7.1.dev0@@150701,15.7.1.dev0@@150701
<a href='https://huggingface.co/occiglot/occiglot-7b-eu5'>occiglot/occiglot-7b-eu5 (few-shot)</a>,ğŸ§ ,2.38@@2.38,7241732096.0,32000.0,4096.0,âœ“,âœ—,52.47 Â± 2.70 / 63.94 Â± 2.88@@52.4682951995413,55.96 Â± 3.99 / 49.77 Â± 3.27@@55.95907490514712,10.34 Â± 2.37 / 54.63 Â± 1.27@@10.339123564527124,70.14 Â± 1.02 / 53.33 Â± 2.60@@70.1411975460934,15.2.0.dev0@@150200,15.2.0.dev0@@150200,15.2.0.dev0@@150200,15.2.0.dev0@@150200
<a href='https://huggingface.co/mistralai/Mistral-7B-Instruct-v0.1'>mistralai/Mistral-7B-Instruct-v0.1 (few-shot)</a>,ğŸ“,2.40@@2.40,7241732096.0,32000.0,4096.0,âœ“,âœ—,50.71 Â± 1.58 / 66.15 Â± 1.26@@50.70742097247767,54.09 Â± 2.34 / 39.54 Â± 1.66@@54.09390282005045,15.42 Â± 1.33 / 55.77 Â± 1.49@@15.41535878156654,64.44 Â± 1.44 / 47.09 Â± 1.08@@64.44134732986598,15.2.0.dev0@@150200,15.2.0.dev0@@150200,15.2.0.dev0@@150200,15.2.0.dev0@@150200
<a href='https://huggingface.co/NorwAI/NorwAI-Mixtral-8x7B'>NorwAI/NorwAI-Mixtral-8x7B (few-shot)</a>,ğŸ§ ,2.40@@2.40,46997647360.0,67993.0,32768.0,âœ“,âœ—,43.62 Â± 2.03 / 46.78 Â± 1.13@@43.62096524763248,67.03 Â± 1.78 / 53.13 Â± 2.04@@67.02647406608409,9.63 Â± 3.80 / 47.82 Â± 5.07@@9.633580233723436,69.70 Â± 2.91 / 51.71 Â± 3.27@@69.69723206341061,15.7.1.dev0@@150701,15.7.1.dev0@@150701,15.7.1.dev0@@150701,15.7.1.dev0@@150701
<a href='https://huggingface.co/utter-project/EuroLLM-9B-Instruct'>utter-project/EuroLLM-9B-Instruct (few-shot)</a>,ğŸ“,2.41@@2.41,9152319488.0,128000.0,4096.0,âœ—,âœ—,54.19 Â± 2.08 / 68.45 Â± 1.68@@54.193865583017,37.00 Â± 1.27 / 24.76 Â± 1.17@@37.00268059785133,19.62 Â± 2.43 / 58.70 Â± 1.21@@19.624709511071142,71.02 Â± 2.01 / 55.25 Â± 2.52@@71.01798358521548,15.2.0.dev0@@150200,15.2.0.dev0@@150200,15.2.0.dev0@@150200,15.2.0.dev0@@150200
<a href='https://huggingface.co/ibm-granite/granite-34b-code-base'>ibm-granite/granite-34b-code-base (few-shot)</a>,ğŸ§ ,2.42@@2.42,33715603456.0,49152.0,8192.0,âœ“,âœ—,42.41 Â± 2.05 / 52.09 Â± 2.83@@42.414188676713735,74.28 Â± 1.66 / 62.38 Â± 1.78@@74.277037535009,6.55 Â± 2.20 / 44.83 Â± 3.70@@6.554825813141292,69.22 Â± 1.74 / 50.78 Â± 1.86@@69.22355186891136,15.8.2.dev0@@150802,15.8.2.dev0@@150802,15.8.2.dev0@@150802,15.8.2.dev0@@150802
<a href='https://huggingface.co/ibm-granite/granite-20b-code-base'>ibm-granite/granite-20b-code-base (few-shot)</a>,ğŸ§ ,2.42@@2.42,20066993152.0,49152.0,8192.0,âœ“,âœ—,39.81 Â± 3.08 / 57.44 Â± 2.72@@39.81013868549748,74.37 Â± 2.09 / 61.07 Â± 2.18@@74.3722385585217,10.23 Â± 2.29 / 50.43 Â± 2.19@@10.233244913171765,65.18 Â± 0.88 / 48.76 Â± 1.08@@65.18002899921244,15.8.1.dev0@@150801,15.8.1.dev0@@150801,15.8.1.dev0@@150801,15.8.1.dev0@@150801
<a href='https://huggingface.co/intfloat/multilingual-e5-base'>intfloat/multilingual-e5-base</a>,ğŸ”,2.44@@2.44,278044162.0,250002.0,512.0,âœ“,âœ—,50.84 Â± 1.89 / 66.85 Â± 1.26@@50.84143267085055,86.38 Â± 1.11 / 76.43 Â± 1.03@@86.38202007916021,6.23 Â± 3.76 / 51.09 Â± 3.09@@6.225716436396028,43.92 Â± 0.94 / 30.71 Â± 1.11@@43.92073490809339,15.3.1.dev0@@150301,15.3.1.dev0@@150301,15.3.1.dev0@@150301,15.3.1.dev0@@150301
<a href='https://huggingface.co/google/gemma-7b'>google/gemma-7b (few-shot)</a>,ğŸ§ ,2.46@@2.46,8537680896.0,256000.0,8192.0,âœ“,âœ—,48.31 Â± 2.11 / 56.94 Â± 3.76@@48.30503286312261,45.64 Â± 4.08 / 38.60 Â± 3.51@@45.636144915326845,15.12 Â± 2.88 / 55.42 Â± 1.59@@15.121645253894775,69.93 Â± 3.55 / 54.00 Â± 3.36@@69.92884085164842,15.6.1@@150601,15.6.1@@150601,15.6.1@@150601,15.6.1@@150601
<a href='https://huggingface.co/tiiuae/Falcon3-7B-Base'>tiiuae/Falcon3-7B-Base (few-shot)</a>,ğŸ§ ,2.50@@2.50,7455550464.0,131072.0,32768.0,âœ“,âœ—,50.74 Â± 2.73 / 61.51 Â± 4.00@@50.741875199354446,59.12 Â± 3.52 / 44.73 Â± 1.73@@59.12388416463793,6.50 Â± 2.72 / 37.93 Â± 2.25@@6.49939083157445,67.33 Â± 0.94 / 50.72 Â± 1.79@@67.33437444756291,15.7.2.dev0@@150702,15.7.2.dev0@@150702,15.7.2.dev0@@150702,15.7.2.dev0@@150702
<a href='https://huggingface.co/meta-llama/Llama-4-Scout-17B-16E'>meta-llama/Llama-4-Scout-17B-16E (few-shot)</a>,ğŸ“,2.50@@2.50,108641793536.0,200000.0,,âœ“,âœ—,56.63 Â± 1.69 / 67.20 Â± 2.98@@56.633118649891266,78.84 Â± 1.24 / 66.89 Â± 1.83@@78.83716076092792,11.92 Â± 3.15 / 53.07 Â± 2.47@@11.923744322215061,23.01 Â± 7.21 / 0.04 Â± 0.05@@23.00514243216224,15.9.2@@150902,15.9.2@@150902,15.9.2@@150902,15.9.2@@150902
<a href='https://huggingface.co/mistralai/Mistral-7B-Instruct-v0.2'>mistralai/Mistral-7B-Instruct-v0.2 (few-shot)</a>,ğŸ“,2.50@@2.50,7241732096.0,32000.0,32768.0,âœ—,âœ—,51.36 Â± 1.13 / 67.53 Â± 0.77@@51.364729239734,50.18 Â± 2.09 / 36.69 Â± 2.59@@50.18079362683404,17.97 Â± 1.57 / 57.84 Â± 1.23@@17.970208711117465,51.20 Â± 1.52 / 26.58 Â± 2.36@@51.20218657694933,15.3.1.dev0@@150301,15.3.1.dev0@@150301,15.3.1.dev0@@150301,15.3.1.dev0@@150301
<a href='https://huggingface.co/nvidia/mistral-nemo-minitron-8b-instruct'>nvidia/mistral-nemo-minitron-8b-instruct (few-shot)</a>,ğŸ“,2.51@@2.51,8414105600.0,131072.0,8192.0,âœ“,âœ—,53.63 Â± 1.72 / 62.45 Â± 2.51@@53.62624382161654,59.23 Â± 3.17 / 45.90 Â± 2.27@@59.23392432733215,26.75 Â± 2.65 / 62.01 Â± 1.79@@26.75226063684171,17.82 Â± 0.52 / 0.00 Â± 0.00@@17.81923859264395,15.3.1.dev0@@150301,15.3.1.dev0@@150301,15.3.1.dev0@@150301,15.3.1.dev0@@150301
<a href='https://huggingface.co/meta-llama/Llama-2-13b-chat-hf'>meta-llama/Llama-2-13b-chat-hf (few-shot)</a>,ğŸ“,2.53@@2.53,13015866880.0,32000.0,4096.0,âœ“,âœ—,47.66 Â± 1.61 / 55.79 Â± 1.73@@47.659200844365024,51.79 Â± 2.50 / 36.14 Â± 1.53@@51.79166796088899,11.42 Â± 1.34 / 41.66 Â± 1.58@@11.418171408227673,62.40 Â± 1.43 / 44.69 Â± 2.07@@62.399397542216505,15.3.1@@150301,15.3.1@@150301,15.3.1@@150301,15.3.1@@150301
<a href='https://huggingface.co/tiiuae/falcon-11B'>tiiuae/falcon-11B (few-shot)</a>,ğŸ“,2.54@@2.54,11102822400.0,65024.0,8192.0,âœ“,âœ—,59.88 Â± 1.56 / 72.13 Â± 1.69@@59.87679756013947,56.97 Â± 3.23 / 47.26 Â± 2.36@@56.97236434725441,16.44 Â± 2.59 / 50.77 Â± 3.70@@16.4424513377266,36.27 Â± 9.89 / 21.63 Â± 9.05@@36.267624571735574,15.3.1@@150301,15.3.1@@150301,15.3.1@@150301,15.3.1@@150301
<a href='https://huggingface.co/nickprock/multi-sentence-BERTino'>nickprock/multi-sentence-BERTino</a>,ğŸ”,2.58@@2.58,67576320.0,32102.0,512.0,âœ“,âœ—,57.37 Â± 2.17 / 71.26 Â± 1.47@@57.374858761457126,81.62 Â± 0.79 / 70.56 Â± 0.81@@81.6164940986372,7.13 Â± 5.11 / 52.24 Â± 3.33@@7.133729907595036,23.95 Â± 1.29 / 15.77 Â± 0.94@@23.946742764421064,15.9.2.dev0@@150902,15.9.2.dev0@@150902,15.9.2.dev0@@150902,15.9.2.dev0@@150902
<a href='https://huggingface.co/meta-llama/Llama-3.2-3B-Instruct'>meta-llama/Llama-3.2-3B-Instruct (few-shot)</a>,ğŸ“,2.61@@2.61,3212749824.0,128256.0,131072.0,âœ“,âœ—,40.22 Â± 1.21 / 44.80 Â± 0.76@@40.223319022125786,57.39 Â± 2.34 / 40.33 Â± 2.30@@57.386795672602595,12.94 Â± 1.93 / 44.72 Â± 2.23@@12.94352202961721,60.11 Â± 0.91 / 34.87 Â± 1.20@@60.11159128305051,15.2.0.dev0@@150200,15.2.0.dev0@@150200,15.2.0.dev0@@150200,15.2.0.dev0@@150200
<a href='https://huggingface.co/Qwen/Qwen3-1.7B'>Qwen/Qwen3-1.7B (few-shot)</a>,ğŸ¤”,2.62@@2.62,2031739904.0,151936.0,40960.0,âœ“,âœ—,50.69 Â± 1.59 / 64.20 Â± 1.30@@50.68784078583668,41.53 Â± 1.78 / 26.56 Â± 1.24@@41.52975640762554,15.94 Â± 1.30 / 50.26 Â± 0.69@@15.939203609940817,55.01 Â± 1.39 / 40.52 Â± 1.01@@55.00895397950485,15.7.1@@150701,15.7.1@@150701,15.7.1@@150701,15.7.1@@150701
<a href='https://huggingface.co/google/gemma-2-2b-it'>google/gemma-2-2b-it (few-shot)</a>,ğŸ“,2.64@@2.64,2614341888.0,256000.0,8192.0,âœ“,âœ—,54.56 Â± 2.10 / 67.35 Â± 2.12@@54.55708712708536,28.43 Â± 2.04 / 22.26 Â± 1.49@@28.43367521981584,16.43 Â± 1.90 / 51.39 Â± 1.74@@16.428344849702313,65.26 Â± 0.50 / 43.73 Â± 1.49@@65.26309702981092,15.4.1.dev0@@150401,15.4.1.dev0@@150401,15.4.1.dev0@@150401,15.4.1.dev0@@150401
<a href='https://huggingface.co/meta-llama/Llama-2-13b-hf'>meta-llama/Llama-2-13b-hf (few-shot)</a>,ğŸ§ ,2.66@@2.66,13015866880.0,32000.0,4096.0,âœ“,âœ—,45.85 Â± 2.72 / 61.30 Â± 2.65@@45.853969392969304,43.55 Â± 5.64 / 40.35 Â± 5.04@@43.54786564189205,8.54 Â± 2.95 / 49.70 Â± 3.79@@8.539211733859371,71.05 Â± 1.61 / 53.56 Â± 2.86@@71.05208175459914,15.3.1@@150301,15.3.1@@150301,15.3.1@@150301,15.3.1@@150301
<a href='https://huggingface.co/google/gemma-3-4b-pt'>google/gemma-3-4b-pt (few-shot)</a>,ğŸ§ ,2.66@@2.66,4300079472.0,262144.0,,âœ“,âœ—,44.16 Â± 2.33 / 49.01 Â± 2.36@@44.15657948830224,40.74 Â± 2.95 / 34.46 Â± 2.55@@40.739918607724604,13.07 Â± 2.03 / 52.76 Â± 3.00@@13.071007325992628,67.45 Â± 2.36 / 49.51 Â± 2.11@@67.44929858967826,15.5.0@@150500,15.5.0.dev0@@150500,15.5.0.dev0@@150500,15.5.0.dev0@@150500
<a href='https://huggingface.co/ibm-granite/granite-8b-code-instruct-4k'>ibm-granite/granite-8b-code-instruct-4k (few-shot)</a>,ğŸ“,2.69@@2.69,8054910976.0,49152.0,4096.0,âœ“,âœ—,34.07 Â± 1.38 / 41.17 Â± 1.03@@34.06930064032502,65.53 Â± 2.08 / 55.40 Â± 2.15@@65.52766092993735,10.15 Â± 1.43 / 51.10 Â± 2.13@@10.149048437987249,59.23 Â± 1.01 / 42.96 Â± 1.15@@59.23264183422087,15.3.1.dev0@@150301,15.3.1.dev0@@150301,15.3.1.dev0@@150301,15.3.1.dev0@@150301
<a href='https://huggingface.co/neuralmagic/Sparse-Llama-3.1-8B-2of4'>neuralmagic/Sparse-Llama-3.1-8B-2of4 (few-shot)</a>,ğŸ§ ,2.70@@2.70,8030261248.0,128256.0,131072.0,âœ“,âœ—,31.70 Â± 2.14 / 42.35 Â± 2.81@@31.697641099254113,49.91 Â± 2.87 / 46.21 Â± 1.95@@49.91086255608472,10.64 Â± 2.46 / 47.56 Â± 3.77@@10.638221272354835,69.88 Â± 1.14 / 53.35 Â± 1.23@@69.87854136599836,15.3.1.dev0@@150301,15.3.1.dev0@@150301,15.3.1.dev0@@150301,15.3.1.dev0@@150301
<a href='https://huggingface.co/microsoft/xlm-align-base'>microsoft/xlm-align-base</a>,ğŸ”,2.71@@2.71,277455362.0,250002.0,514.0,âœ“,âœ—,42.90 Â± 10.07 / 59.88 Â± 9.82@@42.90216091242559,85.58 Â± 1.06 / 75.45 Â± 0.87@@85.57532400993898,-0.45 Â± 2.78 / 45.18 Â± 3.26@@-0.45174654447836554,40.75 Â± 1.83 / 28.46 Â± 1.60@@40.750382558675014,15.3.1.dev0@@150301,15.3.1.dev0@@150301,15.3.1.dev0@@150301,15.3.1.dev0@@150301
<a href='https://huggingface.co/norallm/normistral-11b-warm'>norallm/normistral-11b-warm (few-shot)</a>,ğŸ§ ,2.72@@2.72,11429893120.0,51200.0,1024000.0,âœ“,âœ—,44.16 Â± 2.07 / 52.92 Â± 3.00@@44.158545433728314,56.67 Â± 3.22 / 44.46 Â± 2.93@@56.66667417446637,4.31 Â± 1.86 / 44.19 Â± 3.34@@4.309523060768658,62.10 Â± 1.27 / 45.75 Â± 2.15@@62.103854770522446,15.3.1@@150301,15.3.1@@150301,15.3.1@@150301,15.3.1@@150301
<a href='https://huggingface.co/openGPT-X/Teuken-7B-instruct-research-v0.4'>openGPT-X/Teuken-7B-instruct-research-v0.4 (few-shot)</a>,ğŸ“,2.75@@2.75,7452725248.0,250680.0,4096.0,âœ—,âœ—,43.12 Â± 2.47 / 58.82 Â± 2.33@@43.11683560639537,47.78 Â± 2.52 / 29.77 Â± 1.55@@47.77700380666959,7.39 Â± 0.94 / 51.56 Â± 1.29@@7.391342906138323,63.01 Â± 1.51 / 46.59 Â± 1.23@@63.01125731017934,15.3.1.dev0@@150301,15.3.1.dev0@@150301,15.3.1.dev0@@150301,15.3.1.dev0@@150301
<a href='https://huggingface.co/ibm-granite/granite-8b-code-base-4k'>ibm-granite/granite-8b-code-base-4k (few-shot)</a>,ğŸ§ ,2.75@@2.75,8054910976.0,49152.0,4096.0,âœ“,âœ—,33.53 Â± 1.73 / 41.94 Â± 0.83@@33.52916097514815,67.30 Â± 2.20 / 58.62 Â± 1.64@@67.29501822444625,3.59 Â± 1.61 / 45.04 Â± 3.80@@3.5857630802174674,62.03 Â± 1.88 / 45.96 Â± 1.98@@62.03313831216178,15.3.1.dev0@@150301,15.3.1.dev0@@150301,15.3.1.dev0@@150301,15.3.1.dev0@@150301
<a href='https://huggingface.co/ibm-granite/granite-20b-code-instruct'>ibm-granite/granite-20b-code-instruct (few-shot)</a>,ğŸ“,2.77@@2.77,20066993152.0,49152.0,8192.0,âœ“,âœ—,30.99 Â± 2.48 / 43.63 Â± 2.13@@30.987437263088346,70.42 Â± 1.72 / 52.27 Â± 3.11@@70.42129488007092,6.61 Â± 1.60 / 45.08 Â± 4.03@@6.605788476757106,57.75 Â± 0.59 / 41.10 Â± 1.05@@57.753060575144445,15.9.2.dev0@@150902,15.9.2.dev0@@150902,15.9.2.dev0@@150902,15.9.2.dev0@@150902
<a href='https://huggingface.co/LumiOpen/Viking-33B'>LumiOpen/Viking-33B (few-shot)</a>,ğŸ§ ,2.78@@2.78,33119034368.0,131072.0,4096.0,âœ“,âœ—,42.81 Â± 1.80 / 50.04 Â± 2.01@@42.8098275829295,50.58 Â± 3.83 / 42.39 Â± 2.92@@50.576330997705966,4.95 Â± 2.40 / 41.43 Â± 3.96@@4.9521697457541975,58.32 Â± 1.05 / 44.01 Â± 0.95@@58.319406089287284,15.3.1@@150301,15.3.1@@150301,15.3.1@@150301,15.3.1@@150301
<a href='https://huggingface.co/ZurichNLP/unsup-simcse-xlm-roberta-base'>ZurichNLP/unsup-simcse-xlm-roberta-base</a>,ğŸ”,2.79@@2.79,277453570.0,250002.0,514.0,âœ“,âœ—,43.20 Â± 10.33 / 61.36 Â± 7.95@@43.203105191377986,84.59 Â± 1.24 / 74.93 Â± 0.94@@84.58697262655674,0.64 Â± 1.49 / 41.59 Â± 2.77@@0.6352859682487011,35.30 Â± 0.74 / 23.73 Â± 0.82@@35.300797197271926,15.3.1.dev0@@150301,15.3.1.dev0@@150301,15.3.1.dev0@@150301,15.3.1.dev0@@150301
<a href='https://huggingface.co/ibm-granite/granite-3b-code-instruct-2k'>ibm-granite/granite-3b-code-instruct-2k (few-shot)</a>,ğŸ“,2.82@@2.82,3482503680.0,49152.0,2048.0,âœ“,âœ—,34.92 Â± 2.39 / 49.16 Â± 3.02@@34.92297982069662,57.95 Â± 2.53 / 49.44 Â± 2.14@@57.953438960892626,6.84 Â± 1.98 / 45.43 Â± 3.25@@6.844048674298994,55.66 Â± 0.63 / 38.54 Â± 1.39@@55.663644409590155,15.7.2.dev0@@150702,15.8.1.dev0@@150801,15.7.2.dev0@@150702,15.8.1.dev0@@150801
<a href='https://huggingface.co/Twitter/twhin-bert-large'>Twitter/twhin-bert-large</a>,ğŸ”,2.82@@2.82,561713298.0,250002.0,512.0,âœ“,âœ—,41.43 Â± 4.46 / 58.91 Â± 4.50@@41.43429992047817,86.05 Â± 1.88 / 76.54 Â± 1.62@@86.04916503005903,2.22 Â± 1.58 / 44.79 Â± 4.61@@2.2227702676467453,28.18 Â± 6.74 / 19.55 Â± 5.44@@28.17895740573328,15.3.1.dev0@@150301,15.3.1.dev0@@150301,15.3.1.dev0@@150301,15.3.1.dev0@@150301
<a href='https://huggingface.co/meta-llama/Llama-2-7b-chat-hf'>meta-llama/Llama-2-7b-chat-hf (few-shot)</a>,ğŸ“,2.83@@2.83,6738417664.0,32000.0,4096.0,âœ“,âœ—,46.86 Â± 1.36 / 56.21 Â± 2.01@@46.85654746602295,37.66 Â± 2.29 / 28.63 Â± 1.76@@37.65540989471768,10.34 Â± 0.86 / 45.34 Â± 2.31@@10.344385153626465,58.71 Â± 0.70 / 40.39 Â± 1.32@@58.713851546227104,15.3.1.dev0@@150301,15.3.1.dev0@@150301,15.3.1.dev0@@150301,15.3.1.dev0@@150301
<a href='https://huggingface.co/ibm-granite/granite-3.0-3b-a800m-instruct'>ibm-granite/granite-3.0-3b-a800m-instruct (few-shot)</a>,ğŸ“,2.87@@2.87,3374295552.0,49155.0,4096.0,âœ“,âœ—,44.07 Â± 2.62 / 58.63 Â± 2.71@@44.066323250057565,37.32 Â± 3.33 / 31.46 Â± 2.11@@37.31891356822486,5.38 Â± 0.83 / 49.97 Â± 2.45@@5.383095618162508,65.67 Â± 0.59 / 46.86 Â± 1.35@@65.66725956151234,15.7.2.dev0@@150702,15.8.1.dev0@@150801,15.8.1.dev0@@150801,15.8.1.dev0@@150801
<a href='https://huggingface.co/occiglot/occiglot-7b-eu5-instruct'>occiglot/occiglot-7b-eu5-instruct (few-shot)</a>,ğŸ“,2.89@@2.89,7241748480.0,32002.0,32768.0,âœ—,âœ—,35.48 Â± 1.20 / 43.19 Â± 0.60@@35.48332820174907,59.74 Â± 3.53 / 49.12 Â± 2.72@@59.73757906077082,15.75 Â± 2.06 / 51.50 Â± 2.97@@15.749333502976576,29.84 Â± 1.01 / 0.06 Â± 0.04@@29.839902105587555,15.6.1.dev0@@150601,15.7.1.dev0@@150701,15.6.1.dev0@@150601,15.7.1.dev0@@150701
<a href='https://huggingface.co/sentence-transformers/stsb-xlm-r-multilingual'>sentence-transformers/stsb-xlm-r-multilingual</a>,ğŸ”,2.96@@2.96,278044162.0,250002.0,512.0,âœ“,âœ—,49.33 Â± 2.26 / 66.10 Â± 1.49@@49.32642617206394,80.08 Â± 1.23 / 70.49 Â± 1.16@@80.08168000118516,2.91 Â± 1.88 / 49.37 Â± 2.12@@2.911366025299188,9.49 Â± 0.36 / 4.82 Â± 0.40@@9.485518169652007,15.3.1.dev0@@150301,15.3.1.dev0@@150301,15.3.1.dev0@@150301,15.3.1.dev0@@150301
<a href='https://huggingface.co/Twitter/twhin-bert-base'>Twitter/twhin-bert-base</a>,ğŸ”,2.96@@2.96,279080594.0,250002.0,512.0,âœ“,âœ—,44.10 Â± 3.13 / 62.25 Â± 2.02@@44.09969868228479,83.81 Â± 1.50 / 74.05 Â± 1.12@@83.80505465435283,2.95 Â± 1.59 / 47.45 Â± 3.12@@2.9519926348261794,11.62 Â± 0.58 / 6.90 Â± 0.44@@11.617225140505582,15.3.1.dev0@@150301,15.3.1.dev0@@150301,15.3.1.dev0@@150301,15.3.1.dev0@@150301
<a href='https://huggingface.co/ibm-granite/granite-3b-code-base-2k'>ibm-granite/granite-3b-code-base-2k (few-shot)</a>,ğŸ§ ,2.98@@2.98,3482503680.0,49152.0,2048.0,âœ“,âœ—,36.19 Â± 2.23 / 55.93 Â± 2.11@@36.18683490341766,49.84 Â± 3.45 / 42.47 Â± 3.85@@49.84136137233529,2.90 Â± 1.58 / 44.56 Â± 3.08@@2.896749808123598,56.95 Â± 0.76 / 41.76 Â± 1.14@@56.94929563601081,15.7.2.dev0@@150702,15.7.2.dev0@@150702,15.7.2.dev0@@150702,15.8.1.dev0@@150801
<a href='https://ollama.com/library/gemma3:1b'>ollama_chat/gemma3:1b (few-shot)</a>,ğŸ“,2.99@@2.99,1000000000.0,262144.0,32768.0,âœ“,âœ—,39.29 Â± 2.34 / 58.96 Â± 1.63@@39.28855719883765,42.67 Â± 1.83 / 37.34 Â± 1.65@@42.66520865591218,7.39 Â± 1.66 / 47.99 Â± 2.52@@7.393909915039643,50.73 Â± 0.42 / 35.25 Â± 0.80@@50.72542413525831,15.3.1@@150301,15.3.1@@150301,15.3.1@@150301,15.3.1@@150301
<a href='https://huggingface.co/Geotrend/distilbert-base-25lang-cased'>Geotrend/distilbert-base-25lang-cased</a>,ğŸ”,2.99@@2.99,108867577.0,84985.0,512.0,âœ“,âœ—,31.63 Â± 1.79 / 53.45 Â± 1.33@@31.631937603787826,86.25 Â± 0.44 / 75.77 Â± 0.68@@86.2488171314437,5.13 Â± 3.98 / 47.34 Â± 5.16@@5.128380122065184,19.04 Â± 1.28 / 11.91 Â± 1.01@@19.036513568303814,15.3.1.dev0@@150301,15.3.1.dev0@@150301,15.3.1.dev0@@150301,15.3.1.dev0@@150301
<a href='https://huggingface.co/TrustLLMeu/baseline-7-8b_2-3t-tokens_llama'>TrustLLMeu/baseline-7-8b_2-3t-tokens_llama (few-shot)</a>,ğŸ§ ,2.99@@2.99,7799574528.0,100096.0,4096.0,âœ“,âœ—,43.36 Â± 1.30 / 47.13 Â± 0.82@@43.35733034586947,46.64 Â± 3.31 / 41.40 Â± 2.88@@46.6356180996772,2.72 Â± 1.50 / 41.57 Â± 2.73@@2.720477764169323,55.21 Â± 2.23 / 41.59 Â± 2.12@@55.213228482894316,15.3.1.dev0@@150301,15.3.1.dev0@@150301,15.3.1.dev0@@150301,15.3.1.dev0@@150301
<a href='https://huggingface.co/Qwen/Qwen1.5-14B'>Qwen/Qwen1.5-14B (few-shot)</a>,ğŸ“,2.99@@2.99,14167290880.0,152064.0,32768.0,âœ“,âœ—,40.44 Â± 0.88 / 44.26 Â± 0.65@@40.43901048583896,39.24 Â± 1.62 / 25.27 Â± 1.30@@39.23747158343824,26.57 Â± 2.07 / 62.56 Â± 0.98@@26.57356232650598,15.60 Â± 0.67 / 0.00 Â± 0.00@@15.600500535034964,15.3.1@@150301,15.3.1@@150301,15.3.1@@150301,15.3.1@@150301
<a href='https://huggingface.co/cardiffnlp/twitter-xlm-roberta-base'>cardiffnlp/twitter-xlm-roberta-base</a>,ğŸ”,3.01@@3.01,277455362.0,250002.0,514.0,âœ“,âœ—,48.81 Â± 3.29 / 65.42 Â± 2.55@@48.80966375482145,83.20 Â± 0.74 / 73.99 Â± 0.52@@83.20451661924388,0.75 Â± 2.63 / 39.22 Â± 3.92@@0.7462320911360948,9.62 Â± 0.46 / 4.44 Â± 0.44@@9.624475038875172,15.3.1.dev0@@150301,15.3.1.dev0@@150301,15.3.1.dev0@@150301,15.3.1.dev0@@150301
<a href='https://huggingface.co/Qwen/Qwen2.5-Math-7B'>Qwen/Qwen2.5-Math-7B (few-shot)</a>,ğŸ“,3.04@@3.04,7615616512.0,152064.0,4096.0,âœ“,âœ—,36.88 Â± 2.29 / 42.63 Â± 1.37@@36.87583252100579,42.55 Â± 2.42 / 38.56 Â± 1.75@@42.55441872072434,9.98 Â± 2.39 / 45.78 Â± 2.82@@9.979107721191847,45.73 Â± 7.30 / 28.47 Â± 7.70@@45.72926421491019,15.3.1.dev0@@150301,15.3.1.dev0@@150301,15.3.1.dev0@@150301,15.3.1.dev0@@150301
<a href='https://huggingface.co/sentence-transformers/paraphrase-xlm-r-multilingual-v1'>sentence-transformers/paraphrase-xlm-r-multilingual-v1</a>,ğŸ”,3.04@@3.04,278044162.0,250002.0,512.0,âœ“,âœ—,49.59 Â± 2.25 / 66.22 Â± 1.52@@49.5911294257178,81.12 Â± 0.73 / 70.67 Â± 1.02@@81.11925950122804,-0.27 Â± 1.62 / 43.36 Â± 3.71@@-0.2724891339859184,7.60 Â± 1.70 / 3.30 Â± 0.69@@7.596903159397345,15.3.1.dev0@@150301,15.3.1.dev0@@150301,15.3.1.dev0@@150301,15.3.1.dev0@@150301
<a href='https://huggingface.co/ibm-granite/granite-3.0-3b-a800m-base'>ibm-granite/granite-3.0-3b-a800m-base (few-shot)</a>,ğŸ§ ,3.06@@3.06,3374286336.0,49152.0,4096.0,âœ“,âœ—,35.79 Â± 3.86 / 50.74 Â± 2.55@@35.79445289729304,34.58 Â± 4.39 / 31.78 Â± 3.24@@34.57975647028767,3.71 Â± 1.19 / 40.89 Â± 4.32@@3.710357729222084,63.37 Â± 1.04 / 47.64 Â± 2.07@@63.36524315880873,15.7.2.dev0@@150702,15.7.2.dev0@@150702,15.7.2.dev0@@150702,15.7.2.dev0@@150702
<a href='https://huggingface.co/sentence-transformers/quora-distilbert-multilingual'>sentence-transformers/quora-distilbert-multilingual</a>,ğŸ”,3.07@@3.07,134734080.0,119547.0,512.0,âœ“,âœ—,45.03 Â± 1.10 / 63.07 Â± 0.78@@45.02837191057278,79.52 Â± 0.75 / 69.26 Â± 0.50@@79.51854990591369,1.32 Â± 1.72 / 45.35 Â± 2.89@@1.320178949207163,8.56 Â± 0.49 / 4.08 Â± 0.30@@8.563234507303948,15.3.1.dev0@@150301,15.3.1.dev0@@150301,15.3.1.dev0@@150301,15.3.1.dev0@@150301
<a href='https://huggingface.co/sentence-transformers/distilbert-multilingual-nli-stsb-quora-ranking'>sentence-transformers/distilbert-multilingual-nli-stsb-quora-ranking</a>,ğŸ”,3.07@@3.07,134734080.0,119547.0,512.0,âœ“,âœ—,45.03 Â± 1.10 / 63.07 Â± 0.78@@45.02837191057278,79.57 Â± 0.72 / 69.30 Â± 0.49@@79.5741510312882,1.23 Â± 1.70 / 45.33 Â± 2.94@@1.2299819849086242,8.56 Â± 0.46 / 4.09 Â± 0.34@@8.561113389832041,15.3.1.dev0@@150301,15.3.1.dev0@@150301,15.3.1.dev0@@150301,15.3.1.dev0@@150301
<a href='https://huggingface.co/google/gemma-3-1b-it'>google/gemma-3-1b-it (few-shot)</a>,ğŸ“,3.09@@3.09,999885952.0,262144.0,32768.0,âœ“,âœ—,39.82 Â± 1.56 / 58.83 Â± 1.10@@39.82451804552902,33.99 Â± 2.34 / 31.69 Â± 1.82@@33.99230522524847,8.54 Â± 1.18 / 51.95 Â± 1.72@@8.540309547402272,51.87 Â± 1.19 / 35.69 Â± 1.22@@51.87280534746228,15.5.0.dev0@@150500,15.6.1@@150601,15.5.0.dev0@@150500,15.6.1@@150601
<a href='https://huggingface.co/meta-llama/Llama-3.2-1B-Instruct'>meta-llama/Llama-3.2-1B-Instruct (few-shot)</a>,ğŸ“,3.19@@3.19,1235814400.0,128256.0,131072.0,âœ“,âœ—,36.68 Â± 1.94 / 43.68 Â± 1.23@@36.68277814823603,38.61 Â± 2.74 / 27.14 Â± 1.73@@38.60543724636577,4.48 Â± 1.30 / 40.12 Â± 3.70@@4.4811800776361075,49.85 Â± 1.47 / 35.29 Â± 1.26@@49.8493877172721,15.4.1@@150401,15.4.1@@150401,15.4.1@@150401,15.4.1@@150401
<a href='https://huggingface.co/google/gemma-2-2b'>google/gemma-2-2b (few-shot)</a>,ğŸ§ ,3.19@@3.19,2614341888.0,256000.0,8192.0,âœ“,âœ—,45.21 Â± 2.62 / 57.73 Â± 3.19@@45.205629730006876,13.48 Â± 5.79 / 19.17 Â± 4.02@@13.481005688278191,6.02 Â± 1.47 / 45.69 Â± 3.87@@6.0165920435802365,59.65 Â± 1.77 / 43.77 Â± 2.11@@59.64903149740123,15.4.1.dev0@@150401,15.4.1.dev0@@150401,15.4.1.dev0@@150401,15.4.1.dev0@@150401
<a href='https://huggingface.co/dbmdz/bert-base-historic-multilingual-cased'>dbmdz/bert-base-historic-multilingual-cased</a>,ğŸ”,3.25@@3.25,111243522.0,32000.0,512.0,âœ“,âœ—,28.24 Â± 1.71 / 49.99 Â± 1.90@@28.242581384707645,73.94 Â± 0.93 / 64.57 Â± 0.52@@73.93530431991407,0.08 Â± 1.62 / 45.56 Â± 2.65@@0.07859926280782248,24.73 Â± 1.45 / 15.35 Â± 1.24@@24.733887713275198,15.3.1.dev0@@150301,15.3.1.dev0@@150301,15.3.1.dev0@@150301,15.3.1.dev0@@150301
<a href='https://huggingface.co/TrustLLMeu/baseline-7-8b_1t-tokens_llama'>TrustLLMeu/baseline-7-8b_1t-tokens_llama (few-shot)</a>,ğŸ§ ,3.28@@3.28,7799574528.0,100096.0,4096.0,âœ“,âœ—,32.64 Â± 1.96 / 38.57 Â± 1.82@@32.63669912793108,30.17 Â± 4.58 / 25.20 Â± 4.13@@30.16939563584686,1.76 Â± 2.19 / 45.26 Â± 3.48@@1.7615279839219642,53.91 Â± 1.58 / 38.81 Â± 1.35@@53.90766489939834,15.3.1.dev0@@150301,15.3.1.dev0@@150301,15.3.1.dev0@@150301,15.3.1.dev0@@150301
<a href='https://huggingface.co/answerdotai/ModernBERT-large'>answerdotai/ModernBERT-large</a>,ğŸ”,3.29@@3.29,395881664.0,50368.0,8192.0,âœ“,âœ—,21.73 Â± 2.00 / 46.26 Â± 1.84@@21.731475822295028,62.37 Â± 2.49 / 57.56 Â± 1.75@@62.369217736192454,4.86 Â± 2.02 / 50.01 Â± 1.96@@4.856503598620568,26.78 Â± 0.86 / 15.39 Â± 0.76@@26.778994445287605,15.5.0.dev0@@150500,15.5.0.dev0@@150500,15.5.0.dev0@@150500,15.5.0.dev0@@150500
<a href='https://huggingface.co/EuropeanParliament/EUBERT'>EuropeanParliament/EUBERT</a>,ğŸ”,3.31@@3.31,93990500.0,65636.0,512.0,âœ“,âœ—,30.41 Â± 1.78 / 52.37 Â± 0.96@@30.412752285940414,57.04 Â± 0.79 / 49.70 Â± 0.72@@57.042945563100226,4.13 Â± 3.42 / 51.34 Â± 1.82@@4.127816067532221,23.63 Â± 1.34 / 15.02 Â± 1.02@@23.628350310103578,15.3.1.dev0@@150301,15.3.1.dev0@@150301,15.3.1.dev0@@150301,15.3.1.dev0@@150301
<a href='https://huggingface.co/google/gemma-2b'>google/gemma-2b (few-shot)</a>,ğŸ§ ,3.32@@3.32,2506172416.0,256000.0,8192.0,âœ“,âœ—,47.86 Â± 2.18 / 64.23 Â± 1.75@@47.85656713851093,9.92 Â± 5.10 / 15.13 Â± 4.90@@9.923604941949677,0.97 Â± 1.62 / 36.93 Â± 2.21@@0.9698301277041479,54.50 Â± 1.67 / 40.25 Â± 1.47@@54.49978230077848,15.8.2@@150802,15.8.2@@150802,15.8.2@@150802,15.8.2@@150802
<a href='https://huggingface.co/sentence-transformers/paraphrase-multilingual-MiniLM-L12-v2'>sentence-transformers/paraphrase-multilingual-MiniLM-L12-v2</a>,ğŸ”,3.33@@3.33,117654272.0,250037.0,512.0,âœ“,âœ—,41.90 Â± 10.08 / 60.80 Â± 7.32@@41.89504846806377,62.62 Â± 2.80 / 59.05 Â± 2.26@@62.62469393582399,0.69 Â± 1.20 / 47.43 Â± 1.90@@0.6947569741118034,8.64 Â± 0.23 / 2.94 Â± 0.37@@8.637262757960526,15.3.1.dev0@@150301,15.3.1.dev0@@150301,15.3.1.dev0@@150301,15.3.1.dev0@@150301
<a href='https://huggingface.co/HuggingFaceTB/SmolLM2-1.7B-Instruct'>HuggingFaceTB/SmolLM2-1.7B-Instruct (few-shot)</a>,ğŸ“,3.33@@3.33,1711376384.0,49152.0,8192.0,âœ“,âœ—,28.10 Â± 3.52 / 39.18 Â± 5.39@@28.104255085998474,28.36 Â± 5.16 / 27.77 Â± 2.91@@28.35879301089562,9.31 Â± 1.73 / 50.27 Â± 2.73@@9.313460658235488,48.14 Â± 0.77 / 31.05 Â± 1.40@@48.13798095446212,15.2.0.dev0@@150200,15.2.0.dev0@@150200,15.2.0.dev0@@150200,15.2.0.dev0@@150200
<a href='https://huggingface.co/ibm-granite/granite-3.0-1b-a400m-instruct'>ibm-granite/granite-3.0-1b-a400m-instruct (few-shot)</a>,ğŸ“,3.33@@3.33,1334628352.0,49155.0,4096.0,âœ“,âœ—,34.15 Â± 2.02 / 53.98 Â± 1.97@@34.1451523938525,32.47 Â± 2.06 / 25.53 Â± 1.47@@32.46589846230981,1.32 Â± 1.36 / 40.06 Â± 3.20@@1.3198439598278027,48.99 Â± 0.84 / 34.53 Â± 1.44@@48.99011157515685,15.4.1@@150401,15.4.1@@150401,15.4.1@@150401,15.4.1@@150401
<a href='https://huggingface.co/OpenLLM-France/Lucie-7B'>OpenLLM-France/Lucie-7B (few-shot)</a>,ğŸ“,3.35@@3.35,6706960384.0,65024.0,32000.0,âœ“,âœ—,46.33 Â± 3.04 / 61.95 Â± 3.13@@46.32816265088124,35.66 Â± 2.03 / 34.60 Â± 1.72@@35.65714317387314,4.58 Â± 1.16 / 38.49 Â± 2.97@@4.578640775178659,25.04 Â± 1.00 / 0.08 Â± 0.05@@25.039544237756935,15.7.2.dev0@@150702,15.7.2.dev0@@150702,15.7.2.dev0@@150702,15.7.2.dev0@@150702
<a href='https://huggingface.co/Qwen/Qwen3-0.6B'>Qwen/Qwen3-0.6B (few-shot)</a>,ğŸ¤”,3.36@@3.36,751632384.0,151936.0,40960.0,âœ“,âœ—,33.42 Â± 1.33 / 48.79 Â± 1.37@@33.42141049873374,27.26 Â± 1.50 / 22.21 Â± 1.04@@27.26000388937772,4.46 Â± 1.53 / 51.21 Â± 0.82@@4.461504473307307,49.83 Â± 1.02 / 35.12 Â± 1.39@@49.833118426821954,15.7.1@@150701,15.7.1@@150701,15.7.1@@150701,15.7.1@@150701
<a href='https://huggingface.co/openGPT-X/Teuken-7B-instruct-commercial-v0.4'>openGPT-X/Teuken-7B-instruct-commercial-v0.4 (few-shot)</a>,ğŸ“,3.38@@3.38,7452725248.0,250680.0,4096.0,âœ“,âœ—,15.07 Â± 2.37 / 30.63 Â± 2.50@@15.067044670390914,45.86 Â± 2.22 / 33.38 Â± 1.89@@45.85925086070034,0.91 Â± 1.41 / 37.66 Â± 1.04@@0.9078914049594304,54.56 Â± 3.82 / 38.49 Â± 3.80@@54.56148607746767,15.3.1.dev0@@150301,15.3.1.dev0@@150301,15.3.1.dev0@@150301,15.3.1.dev0@@150301
<a href='https://huggingface.co/google/gemma-3-1b-pt'>google/gemma-3-1b-pt (few-shot)</a>,ğŸ§ ,3.38@@3.38,999885952.0,262144.0,32768.0,âœ“,âœ—,40.85 Â± 2.83 / 54.31 Â± 3.98@@40.85022657957832,28.29 Â± 5.05 / 25.99 Â± 5.23@@28.288625696642296,0.88 Â± 1.64 / 37.52 Â± 1.87@@0.8820863137991279,44.51 Â± 2.93 / 31.40 Â± 4.00@@44.50811903063273,15.6.1@@150601,15.6.1@@150601,15.6.1@@150601,15.6.1@@150601
<a href='https://huggingface.co/LumiOpen/Viking-13B'>LumiOpen/Viking-13B (few-shot)</a>,ğŸ§ ,3.44@@3.44,14030361600.0,131072.0,4096.0,âœ“,âœ—,31.81 Â± 4.37 / 42.00 Â± 5.34@@31.805795945017877,28.35 Â± 7.18 / 26.71 Â± 4.26@@28.348142231322864,2.50 Â± 1.49 / 36.52 Â± 1.66@@2.4953174821336184,44.64 Â± 2.19 / 33.44 Â± 1.39@@44.63696813122887,15.3.1@@150301,15.3.1@@150301,15.3.1@@150301,15.3.1@@150301
<a href='https://huggingface.co/answerdotai/ModernBERT-base'>answerdotai/ModernBERT-base</a>,ğŸ”,3.45@@3.45,149655232.0,50368.0,8192.0,âœ“,âœ—,23.96 Â± 2.84 / 47.77 Â± 1.93@@23.955477091691062,59.27 Â± 1.67 / 55.00 Â± 1.07@@59.27090685611023,2.05 Â± 2.42 / 47.85 Â± 2.28@@2.046039658764578,22.12 Â± 1.61 / 12.27 Â± 1.20@@22.11705220988039,15.5.0.dev0@@150500,15.5.0.dev0@@150500,15.5.0.dev0@@150500,15.5.0.dev0@@150500
<a href='https://huggingface.co/utter-project/EuroLLM-1.7B'>utter-project/EuroLLM-1.7B (few-shot)</a>,ğŸ§ ,3.45@@3.45,,128000.0,4096.0,âœ“,âœ—,25.75 Â± 7.05 / 33.51 Â± 6.23@@25.749291385910833,28.38 Â± 6.31 / 27.33 Â± 4.60@@28.384051429840362,1.23 Â± 2.02 / 38.07 Â± 3.27@@1.2338290373750531,52.23 Â± 1.92 / 39.10 Â± 1.02@@52.234160337560596,15.2.0.dev0@@150200,15.2.0.dev0@@150200,15.2.0.dev0@@150200,15.2.0.dev0@@150200
<a href='https://huggingface.co/google/gemma-7b-it'>google/gemma-7b-it (few-shot)</a>,ğŸ“,3.47@@3.47,8537680896.0,256000.0,8192.0,âœ—,âœ—,23.25 Â± 5.56 / 39.85 Â± 6.24@@23.25031277951085,56.96 Â± 2.73 / 47.35 Â± 2.37@@56.9570888068209,6.05 Â± 1.52 / 47.44 Â± 3.02@@6.0470631137474795,15.36 Â± 1.40 / 1.48 Â± 0.50@@15.359849512141803,15.6.1@@150601,15.6.1@@150601,15.6.1@@150601,15.6.1@@150601
<a href='https://huggingface.co/PleIAs/Pleias-1.2b-Preview'>PleIAs/Pleias-1.2b-Preview (few-shot)</a>,ğŸ§ ,3.47@@3.47,1195468800.0,65536.0,2048.0,âœ“,âœ—,27.49 Â± 5.40 / 45.51 Â± 6.01@@27.4908593251755,38.78 Â± 2.98 / 33.82 Â± 3.46@@38.77767321156288,-0.51 Â± 1.54 / 42.45 Â± 2.77@@-0.5116472400558163,42.31 Â± 1.61 / 31.06 Â± 1.35@@42.31257441052949,15.4.1@@150401,15.4.1@@150401,15.4.1@@150401,15.4.1@@150401
<a href='https://huggingface.co/sentence-transformers/distiluse-base-multilingual-cased-v1'>sentence-transformers/distiluse-base-multilingual-cased-v1</a>,ğŸ”,3.48@@3.48,134734080.0,119547.0,512.0,âœ“,âœ—,42.60 Â± 1.15 / 61.54 Â± 0.77@@42.60412010449516,53.67 Â± 1.90 / 50.66 Â± 1.91@@53.67023136772239,0.21 Â± 1.27 / 44.62 Â± 2.15@@0.2096182596382998,5.50 Â± 0.47 / 1.79 Â± 0.31@@5.495282611024427,15.3.1.dev0@@150301,15.3.1.dev0@@150301,15.3.1.dev0@@150301,15.3.1.dev0@@150301
<a href='https://huggingface.co/sentence-transformers/distiluse-base-multilingual-cased'>sentence-transformers/distiluse-base-multilingual-cased</a>,ğŸ”,3.49@@3.49,134734080.0,119547.0,512.0,âœ“,âœ—,40.68 Â± 1.77 / 60.28 Â± 1.19@@40.67950336948047,53.52 Â± 2.99 / 51.90 Â± 1.99@@53.52453394571211,0.64 Â± 1.12 / 46.82 Â± 1.71@@0.6372429237204565,6.19 Â± 0.43 / 2.15 Â± 0.39@@6.185988822462342,15.3.1.dev0@@150301,15.3.1.dev0@@150301,15.3.1.dev0@@150301,15.3.1.dev0@@150301
<a href='https://huggingface.co/microsoft/Phi-4-reasoning'>microsoft/Phi-4-reasoning (few-shot)</a>,ğŸ¤”,3.49@@3.49,14659507200.0,100352.0,32768.0,âœ“,âœ—,27.84 Â± 7.08 / 46.91 Â± 6.66@@27.83739798202074,8.34 Â± 3.33 / 7.24 Â± 2.86@@8.336278079119467,0.00 Â± 0.00 / 33.30 Â± 0.27@@0.0,68.84 Â± 0.80 / 47.55 Â± 0.92@@68.8400302013334,15.9.2.dev0@@150902,15.10.0@@151000,15.10.0@@151000,15.10.0@@151000
<a href='https://huggingface.co/sentence-transformers/distiluse-base-multilingual-cased-v2'>sentence-transformers/distiluse-base-multilingual-cased-v2</a>,ğŸ”,3.49@@3.49,134734080.0,119547.0,512.0,âœ“,âœ—,40.68 Â± 1.77 / 60.28 Â± 1.19@@40.67950336948047,53.29 Â± 2.67 / 51.73 Â± 1.84@@53.292544461476666,0.64 Â± 1.12 / 46.82 Â± 1.71@@0.6372429237204565,6.24 Â± 0.36 / 2.14 Â± 0.37@@6.24108354498365,15.3.1.dev0@@150301,15.3.1.dev0@@150301,15.3.1.dev0@@150301,15.3.1.dev0@@150301
<a href='https://huggingface.co/DiscoResearch/DiscoLM-70b'>DiscoResearch/DiscoLM-70b (few-shot)</a>,ğŸ§ ,3.49@@3.49,68977172480.0,32032.0,8192.0,âœ—,âœ—,21.29 Â± 8.73 / 34.10 Â± 8.90@@21.287421278179632,72.48 Â± 1.80 / 60.09 Â± 2.61@@72.48176783107807,1.23 Â± 1.70 / 35.27 Â± 1.64@@1.2253828764186643,2.67 Â± 1.72 / 1.30 Â± 0.99@@2.6688586672169565,15.3.1@@150301,15.3.1@@150301,15.3.1@@150301,15.3.1@@150301
<a href='https://huggingface.co/microsoft/phi-2'>microsoft/phi-2 (few-shot)</a>,ğŸ§ ,3.51@@3.51,2779683840.0,51200.0,2048.0,âœ“,âœ—,22.83 Â± 5.49 / 39.45 Â± 4.53@@22.828131606893916,29.42 Â± 6.82 / 26.48 Â± 5.44@@29.4204033274415,0.56 Â± 1.03 / 46.16 Â± 2.63@@0.5566927514445877,48.82 Â± 1.07 / 35.39 Â± 1.18@@48.81721978927236,15.2.0.dev0@@150200,15.2.0.dev0@@150200,15.2.0.dev0@@150200,15.2.0.dev0@@150200
<a href='https://huggingface.co/utter-project/EuroLLM-1.7B-Instruct'>utter-project/EuroLLM-1.7B-Instruct (few-shot)</a>,ğŸ“,3.53@@3.53,1656850432.0,128000.0,4096.0,âœ“,âœ—,20.88 Â± 3.11 / 39.60 Â± 3.23@@20.875664232070378,21.76 Â± 8.55 / 24.50 Â± 4.43@@21.75745789465368,2.68 Â± 1.34 / 45.51 Â± 3.40@@2.6750861122852134,54.25 Â± 0.83 / 38.31 Â± 2.16@@54.25182988058259,15.2.0.dev0@@150200,15.2.0.dev0@@150200,15.2.0.dev0@@150200,15.2.0.dev0@@150200
<a href='https://huggingface.co/meta-llama/Llama-3.2-1B'>meta-llama/Llama-3.2-1B (few-shot)</a>,ğŸ§ ,3.58@@3.58,1235814400.0,128256.0,131072.0,âœ“,âœ—,39.62 Â± 3.51 / 56.28 Â± 3.52@@39.62351066753238,13.18 Â± 7.21 / 15.93 Â± 6.38@@13.176498534552378,0.63 Â± 2.00 / 44.12 Â± 3.25@@0.6334844256921696,45.14 Â± 3.41 / 31.68 Â± 3.75@@45.141808968596465,15.4.1@@150401,15.4.1@@150401,15.4.1@@150401,15.4.1@@150401
<a href='https://huggingface.co/HuggingFaceTB/SmolLM2-1.7B'>HuggingFaceTB/SmolLM2-1.7B (few-shot)</a>,ğŸ§ ,3.61@@3.61,1711376384.0,49152.0,8192.0,âœ“,âœ—,26.02 Â± 3.81 / 35.45 Â± 3.98@@26.023558441509977,28.37 Â± 4.77 / 29.26 Â± 4.12@@28.372685509489465,-1.97 Â± 1.28 / 41.26 Â± 4.39@@-1.971877022386676,45.46 Â± 2.39 / 32.71 Â± 1.87@@45.457735155201945,15.2.0.dev0@@150200,15.2.0.dev0@@150200,15.2.0.dev0@@150200,15.2.0.dev0@@150200
<a href='https://huggingface.co/google/gemma-2b-it'>google/gemma-2b-it (few-shot)</a>,ğŸ“,3.64@@3.64,2506172416.0,256000.0,8192.0,âœ—,âœ—,26.08 Â± 2.83 / 35.97 Â± 3.93@@26.080138930305008,32.28 Â± 2.16 / 27.62 Â± 1.57@@32.28394357048089,-1.03 Â± 1.46 / 42.64 Â± 3.71@@-1.0348651144708938,35.48 Â± 2.68 / 19.43 Â± 2.81@@35.47992171003283,15.8.2@@150802,15.8.2@@150802,15.8.2@@150802,15.8.2@@150802
<a href='https://huggingface.co/utter-project/EuroVLM-1.7B-Preview'>utter-project/EuroVLM-1.7B-Preview (few-shot)</a>,ğŸ“,3.66@@3.66,2061162016.0,128000.0,,âœ“,âœ—,33.00 Â± 5.86 / 40.43 Â± 5.52@@32.99697119325199,32.64 Â± 2.83 / 29.69 Â± 2.80@@32.63596457207891,1.60 Â± 1.36 / 38.55 Â± 3.87@@1.5976738593105464,18.10 Â± 1.25 / 0.00 Â± 0.00@@18.099138577612017,15.9.2@@150902,15.9.2@@150902,15.9.2@@150902,15.9.2@@150902
<a href='https://huggingface.co/ibm-granite/granite-3.0-1b-a400m-base'>ibm-granite/granite-3.0-1b-a400m-base (few-shot)</a>,ğŸ§ ,3.66@@3.66,1384956928.0,49152.0,4096.0,âœ“,âœ—,19.69 Â± 5.80 / 34.51 Â± 3.05@@19.686544450444828,18.56 Â± 6.11 / 18.01 Â± 5.34@@18.56256761420739,1.21 Â± 1.39 / 47.30 Â± 1.73@@1.2120582564391562,46.83 Â± 1.60 / 34.95 Â± 2.07@@46.83048522494583,15.4.1@@150401,15.4.1@@150401,15.4.1@@150401,15.4.1@@150401
<a href='https://huggingface.co/timpal0l/Mistral-7B-v0.1-flashback-v2'>timpal0l/Mistral-7B-v0.1-flashback-v2 (few-shot)</a>,ğŸ“,3.80@@3.80,7241732096.0,32000.0,32768.0,âœ“,âœ—,3.54 Â± 2.23 / 17.37 Â± 0.80@@3.5354540726577075,56.62 Â± 2.30 / 42.62 Â± 2.48@@56.62016726995116,0.64 Â± 1.41 / 35.75 Â± 2.56@@0.64380430563164,20.14 Â± 2.26 / 0.03 Â± 0.02@@20.13595243316887,15.6.1.dev0@@150601,15.6.1.dev0@@150601,15.6.1.dev0@@150601,15.6.1.dev0@@150601
<a href='https://huggingface.co/PleIAs/Pleias-Nano'>PleIAs/Pleias-Nano (few-shot)</a>,ğŸ§ ,3.83@@3.83,1195468800.0,65536.0,2048.0,âœ“,âœ—,22.16 Â± 5.74 / 39.71 Â± 5.92@@22.158954713128978,13.80 Â± 6.74 / 17.18 Â± 6.41@@13.800475968755272,-0.03 Â± 1.77 / 38.47 Â± 1.86@@-0.03151713901507532,36.44 Â± 2.74 / 24.18 Â± 2.74@@36.43956271507074,15.4.1@@150401,15.4.1@@150401,15.4.1@@150401,15.4.1@@150401
<a href='https://huggingface.co/microsoft/Phi-4-mini-reasoning'>microsoft/Phi-4-mini-reasoning (few-shot)</a>,ğŸ¤”,3.84@@3.84,3836021760.0,200064.0,131072.0,âœ“,âœ—,14.54 Â± 5.56 / 34.65 Â± 7.08@@14.542812875231967,42.72 Â± 1.84 / 29.80 Â± 1.79@@42.715434654204806,4.43 Â± 1.82 / 45.84 Â± 4.60@@4.426480419387547,9.22 Â± 0.73 / 0.00 Â± 0.00@@9.218245806851296,15.9.2@@150902,15.9.2@@150902,15.9.2@@150902,15.9.2@@150902
<a href='https://huggingface.co/HuggingFaceTB/SmolLM2-360M'>HuggingFaceTB/SmolLM2-360M (few-shot)</a>,ğŸ§ ,3.86@@3.86,361821120.0,49152.0,8192.0,âœ“,âœ—,19.57 Â± 4.58 / 33.30 Â± 4.30@@19.571647261481445,24.78 Â± 3.22 / 24.01 Â± 3.25@@24.78412497846992,0.50 Â± 2.08 / 43.71 Â± 3.29@@0.5014205560425194,26.62 Â± 2.25 / 18.66 Â± 2.02@@26.6197199478176,15.4.1@@150401,15.4.1@@150401,15.4.1@@150401,15.4.1@@150401
<a href='https://huggingface.co/Qwen/Qwen1.5-0.5B-Chat'>Qwen/Qwen1.5-0.5B-Chat (few-shot)</a>,ğŸ“,3.92@@3.92,619570176.0,151936.0,32768.0,âœ—,âœ—,0.55 Â± 0.72 / 16.64 Â± 0.34@@0.5504817895747843,31.82 Â± 2.67 / 31.77 Â± 2.37@@31.824549089027904,0.00 Â± 0.00 / 33.36 Â± 0.27@@0.0,40.64 Â± 0.52 / 28.75 Â± 1.11@@40.636790477817314,15.4.1@@150401,15.4.1@@150401,15.4.1@@150401,15.4.1@@150401
<a href='https://huggingface.co/croissantllm/CroissantLLMBase'>croissantllm/CroissantLLMBase (few-shot)</a>,ğŸ§ ,3.92@@3.92,,32000.0,2048.0,âœ“,âœ—,9.77 Â± 4.09 / 21.47 Â± 2.81@@9.76813140013128,27.81 Â± 5.96 / 23.90 Â± 5.47@@27.80588023423508,1.66 Â± 2.06 / 39.48 Â± 2.82@@1.6604752066115689,31.76 Â± 1.31 / 21.92 Â± 1.18@@31.758421722464412,15.8.2@@150802,15.8.2@@150802,15.8.2@@150802,15.8.2@@150802
<a href='https://huggingface.co/PleIAs/Pleias-350m-Preview'>PleIAs/Pleias-350m-Preview (few-shot)</a>,ğŸ§ ,3.97@@3.97,353424384.0,65536.0,2048.0,âœ“,âœ—,9.42 Â± 4.74 / 30.85 Â± 4.55@@9.423465884163589,33.03 Â± 4.10 / 30.99 Â± 3.59@@33.0339324504975,0.55 Â± 1.81 / 40.89 Â± 3.68@@0.5470662609651962,24.96 Â± 1.43 / 16.01 Â± 1.80@@24.96254037730297,15.2.0.dev0@@150200,15.2.0.dev0@@150200,15.2.0.dev0@@150200,15.2.0.dev0@@150200
<a href='https://huggingface.co/PleIAs/Pleias-Pico'>PleIAs/Pleias-Pico (few-shot)</a>,ğŸ§ ,4.05@@4.05,353424384.0,65536.0,2048.0,âœ“,âœ—,5.91 Â± 4.97 / 25.49 Â± 4.69@@5.914782205886643,27.00 Â± 4.79 / 26.27 Â± 4.40@@26.99883331207598,1.81 Â± 1.92 / 42.82 Â± 3.94@@1.814860131895106,17.73 Â± 1.47 / 10.96 Â± 1.57@@17.72683233997605,15.2.0.dev0@@150200,15.2.0.dev0@@150200,15.2.0.dev0@@150200,15.2.0.dev0@@150200
<a href='https://huggingface.co/HuggingFaceTB/SmolLM2-360M-Instruct'>HuggingFaceTB/SmolLM2-360M-Instruct (few-shot)</a>,ğŸ“,4.11@@4.11,361821120.0,49152.0,8192.0,âœ“,âœ—,2.08 Â± 3.22 / 18.68 Â± 3.43@@2.0809949912715524,27.40 Â± 2.16 / 25.95 Â± 2.23@@27.399938491343978,0.33 Â± 1.47 / 42.10 Â± 2.96@@0.3285660200186182,23.08 Â± 2.07 / 13.95 Â± 2.36@@23.079615387606076,15.4.1@@150401,15.4.1@@150401,15.4.1@@150401,15.4.1@@150401
<a href='https://huggingface.co/Qwen/Qwen2.5-Math-1.5B'>Qwen/Qwen2.5-Math-1.5B (few-shot)</a>,ğŸ“,4.17@@4.17,1543714304.0,151936.0,4096.0,âœ“,âœ—,0.00 Â± 0.00 / 16.92 Â± 0.39@@0.0,28.17 Â± 4.33 / 26.93 Â± 2.76@@28.171333609157568,5.26 Â± 1.08 / 46.53 Â± 3.15@@5.256004463853322,10.58 Â± 1.14 / 0.01 Â± 0.02@@10.581923854906709,15.2.0.dev0@@150200,15.2.0.dev0@@150200,15.2.0.dev0@@150200,15.2.0.dev0@@150200
<a href='https://huggingface.co/croissantllm/CroissantLLMChat-v0.1'>croissantllm/CroissantLLMChat-v0.1 (few-shot)</a>,ğŸ“,4.19@@4.19,1345431552.0,32002.0,2048.0,âœ—,âœ—,3.94 Â± 2.00 / 19.79 Â± 2.00@@3.9365584660249677,24.05 Â± 7.66 / 23.43 Â± 5.58@@24.054642286660506,-0.17 Â± 1.78 / 42.36 Â± 3.34@@-0.17197912328295611,20.31 Â± 2.45 / 8.94 Â± 2.05@@20.305290855922827,15.8.2@@150802,15.8.2@@150802,15.8.2@@150802,15.8.2@@150802
<a href='https://huggingface.co/AI-Sweden-Models/gpt-sw3-356m'>AI-Sweden-Models/gpt-sw3-356m (few-shot)</a>,ğŸ§ ,4.30@@4.30,470607872.0,64000.0,2048.0,âœ“,âœ—,17.51 Â± 2.99 / 32.29 Â± 2.46@@17.5060010244002,11.98 Â± 9.41 / 12.22 Â± 8.36@@11.981222865291112,0.36 Â± 1.45 / 38.67 Â± 4.22@@0.3553424143914899,6.76 Â± 1.27 / 3.96 Â± 1.44@@6.755930404463629,15.4.1@@150401,15.4.1@@150401,15.4.1@@150401,15.4.1@@150401
<a href='https://huggingface.co/HuggingFaceTB/SmolLM2-135M'>HuggingFaceTB/SmolLM2-135M (few-shot)</a>,ğŸ§ ,4.32@@4.32,134515008.0,49152.0,8192.0,âœ“,âœ—,3.51 Â± 3.34 / 23.45 Â± 4.92@@3.5058499590496672,24.86 Â± 1.30 / 22.85 Â± 1.33@@24.862773508804377,0.37 Â± 2.02 / 42.65 Â± 2.74@@0.3686206325180161,9.67 Â± 1.83 / 5.88 Â± 1.97@@9.672897792988682,15.4.1@@150401,15.4.1@@150401,15.4.1@@150401,15.4.1@@150401
<a href='https://huggingface.co/AI-Sweden-Models/gpt-sw3-356m-instruct'>AI-Sweden-Models/gpt-sw3-356m-instruct (few-shot)</a>,ğŸ“,4.35@@4.35,470607872.0,64000.0,2048.0,âœ“,âœ—,6.35 Â± 2.74 / 19.00 Â± 1.53@@6.345896100037968,19.04 Â± 2.61 / 19.48 Â± 2.60@@19.043240411843986,-0.19 Â± 1.38 / 36.03 Â± 2.95@@-0.187259986988799,5.35 Â± 0.48 / 0.00 Â± 0.00@@5.351391810750047,15.4.1@@150401,15.4.2@@150402,15.4.2@@150402,15.4.2@@150402
<a href='https://huggingface.co/Qwen/Qwen1.5-0.5B'>Qwen/Qwen1.5-0.5B (few-shot)</a>,ğŸ“,4.36@@4.36,619570176.0,151936.0,32768.0,âœ“,âœ—,-0.25 Â± 1.74 / 22.51 Â± 1.67@@-0.2468061070170871,23.89 Â± 2.21 / 21.73 Â± 1.98@@23.886834832051413,0.69 Â± 1.91 / 40.32 Â± 4.35@@0.689154015831729,9.44 Â± 0.22 / 0.03 Â± 0.02@@9.441262384307045,15.4.1@@150401,15.4.1@@150401,15.4.1@@150401,15.4.1@@150401
fresh-xlm-roberta-base,ğŸ”,4.41@@4.41,278885778.0,250002.0,512.0,âœ“,âœ—,13.35 Â± 4.67 / 33.80 Â± 6.77@@13.351063531339616,7.75 Â± 2.17 / 7.03 Â± 2.07@@7.74707210053803,0.43 Â± 1.48 / 40.69 Â± 4.52@@0.43171948760454826,1.12 Â± 1.02 / 0.09 Â± 0.09@@1.115805810037037,15.3.1.dev0@@150301,15.3.1.dev0@@150301,15.3.1.dev0@@150301,15.3.1.dev0@@150301
<a href='https://huggingface.co/HuggingFaceTB/SmolLM2-135M-Instruct'>HuggingFaceTB/SmolLM2-135M-Instruct (few-shot)</a>,ğŸ“,4.42@@4.42,134515008.0,49152.0,8192.0,âœ“,âœ—,0.38 Â± 1.01 / 19.34 Â± 1.81@@0.3790379318723095,17.65 Â± 4.75 / 17.75 Â± 3.16@@17.652429430177815,-0.50 Â± 1.00 / 36.65 Â± 3.00@@-0.4981638161470338,9.90 Â± 1.35 / 4.06 Â± 1.50@@9.895265151132739,15.4.1@@150401,15.4.1@@150401,15.4.1@@150401,15.4.1@@150401
<a href='https://huggingface.co/AI-Sweden-Models/gpt-sw3-126m-instruct'>AI-Sweden-Models/gpt-sw3-126m-instruct (few-shot)</a>,ğŸ“,4.51@@4.51,186112512.0,64000.0,2048.0,âœ“,âœ—,-0.69 Â± 0.92 / 17.68 Â± 2.19@@-0.6869144045043856,19.27 Â± 2.36 / 19.86 Â± 2.31@@19.270090195842954,-0.60 Â± 1.35 / 36.49 Â± 3.38@@-0.6030833533220468,3.87 Â± 0.35 / 0.00 Â± 0.00@@3.8749603298671196,15.4.1@@150401,15.4.1@@150401,15.4.1@@150401,15.4.1@@150401
<a href='https://huggingface.co/openai-community/gpt2-large'>openai-community/gpt2-large (few-shot)</a>,ğŸ§ ,4.53@@4.53,811778816.0,50257.0,1024.0,âœ“,âœ—,-1.14 Â± 3.08 / 21.26 Â± 2.54@@-1.1357598479955389,17.87 Â± 4.73 / 17.20 Â± 3.53@@17.866660451693186,0.24 Â± 2.02 / 44.19 Â± 3.02@@0.23672967088538172,1.98 Â± 0.59 / 0.63 Â± 0.29@@1.9758978608903053,15.4.1@@150401,15.4.1@@150401,15.4.1@@150401,15.4.1@@150401
fresh-electra-small,ğŸ”,4.54@@4.54,13738755.0,32000.0,128.0,âœ“,âœ—,7.48 Â± 6.97 / 27.15 Â± 9.37@@7.479455332142175,5.85 Â± 1.53 / 5.23 Â± 1.38@@5.848128428129122,0.19 Â± 0.38 / 33.91 Â± 1.09@@0.19497942890228923,0.00 Â± 0.00 / 0.00 Â± 0.00@@0.0,15.3.1.dev0@@150301,15.3.1.dev0@@150301,15.3.1.dev0@@150301,15.3.1.dev0@@150301
<a href='https://huggingface.co/openai-community/gpt2'>openai-community/gpt2 (few-shot)</a>,ğŸ§ ,4.54@@4.54,137022720.0,50257.0,1024.0,âœ“,âœ—,0.57 Â± 2.45 / 19.85 Â± 2.46@@0.5730041040000416,12.40 Â± 4.51 / 13.88 Â± 3.88@@12.398897753451035,1.07 Â± 1.68 / 39.00 Â± 4.20@@1.074822522660799,1.04 Â± 0.46 / 0.45 Â± 0.22@@1.0391982081520275,15.4.1@@150401,15.4.1@@150401,15.4.1@@150401,15.4.1@@150401
<a href='https://huggingface.co/openai-community/gpt2-medium'>openai-community/gpt2-medium (few-shot)</a>,ğŸ§ ,4.57@@4.57,379988992.0,50257.0,1024.0,âœ“,âœ—,0.80 Â± 2.74 / 22.56 Â± 2.78@@0.7973163271179875,13.14 Â± 6.42 / 16.88 Â± 4.54@@13.142005237468146,0.34 Â± 2.09 / 40.00 Â± 4.67@@0.33812625225161375,1.62 Â± 0.62 / 0.64 Â± 0.39@@1.6174129400494301,15.4.1@@150401,15.4.1@@150401,15.4.1@@150401,15.4.1@@150401
<a href='https://huggingface.co/AI-Sweden-Models/gpt-sw3-126m'>AI-Sweden-Models/gpt-sw3-126m (few-shot)</a>,ğŸ§ ,4.58@@4.58,186112512.0,64000.0,2048.0,âœ“,âœ—,6.56 Â± 2.90 / 24.89 Â± 2.96@@6.560666292384311,2.55 Â± 3.79 / 3.80 Â± 3.48@@2.5516162364475625,-1.02 Â± 2.17 / 39.94 Â± 3.37@@-1.0241877569058835,2.20 Â± 1.06 / 1.05 Â± 0.75@@2.1950184366714893,15.4.1@@150401,15.4.1@@150401,15.4.1@@150401,15.4.1@@150401
<a href='https://huggingface.co/dbmdz/bert-tiny-historic-multilingual-cased'>dbmdz/bert-tiny-historic-multilingual-cased</a>,ğŸ”,4.62@@4.62,4624642.0,32000.0,512.0,âœ“,âœ—,2.14 Â± 2.93 / 20.24 Â± 3.26@@2.139570673447628,0.00 Â± 0.00 / 0.00 Â± 0.00@@0.0,-0.27 Â± 1.54 / 38.24 Â± 3.79@@-0.2740321005323917,4.96 Â± 0.45 / 0.38 Â± 0.22@@4.955998542903726,15.3.1.dev0@@150301,15.3.1.dev0@@150301,15.3.1.dev0@@150301,15.3.1.dev0@@150301
<a href='https://huggingface.co/alea-institute/kl3m-003-3.7b'>alea-institute/kl3m-003-3.7b (few-shot)</a>,ğŸ§ ,4.66@@4.66,3691382784.0,32768.0,4096.0,âœ“,âœ—,3.67 Â± 2.94 / 25.89 Â± 4.91@@3.6715909981185346,0.01 Â± 0.02 / 0.01 Â± 0.02@@0.010222335803731155,0.00 Â± 0.00 / 33.30 Â± 0.27@@0.0,1.42 Â± 0.80 / 0.05 Â± 0.05@@1.4189095033124413,15.7.2.dev0@@150702,15.7.2.dev0@@150702,15.7.2.dev0@@150702,15.8.0@@150800
<a href='https://huggingface.co/BSC-LT/salamandra-2b-instruct'>BSC-LT/salamandra-2b-instruct (few-shot)</a>,ğŸ“,-@@100,2253490176.0,256000.0,8192.0,âœ“,âœ—,29.80 Â± 3.91 / 47.09 Â± 4.04@@29.80375915829056,-@@-1,1.14 Â± 1.32 / 45.92 Â± 2.65@@1.1444243920581156,-@@-1,15.7.2.dev0@@150702,-@@0,15.7.2.dev0@@150702,-@@0
<a href='https://huggingface.co/infly/OpenCoder-1.5B-Base'>infly/OpenCoder-1.5B-Base (few-shot)</a>,ğŸ“,-@@100,1905650960.0,96640.0,4096.0,âœ“,âœ—,1.01 Â± 1.47 / 25.21 Â± 2.53@@1.0065704818507226,-@@-1,-0.15 Â± 2.26 / 38.34 Â± 3.42@@-0.14939891521838436,-@@-1,15.7.2.dev0@@150702,-@@0,15.8.2@@150802,-@@0
<a href='https://huggingface.co/BSC-LT/salamandra-2b'>BSC-LT/salamandra-2b (few-shot)</a>,ğŸ§ ,-@@100,2253490176.0,256000.0,8192.0,âœ“,âœ—,29.64 Â± 5.99 / 43.91 Â± 6.28@@29.64136109414332,-@@-1,2.88 Â± 1.46 / 46.06 Â± 2.83@@2.881639886218168,-@@-1,15.7.2.dev0@@150702,-@@0,15.7.2.dev0@@150702,-@@0
<a href='https://huggingface.co/BSC-LT/salamandra-7b-instruct'>BSC-LT/salamandra-7b-instruct (few-shot)</a>,ğŸ“,-@@100,7768117248.0,256000.0,8192.0,âœ“,âœ—,44.19 Â± 4.82 / 60.19 Â± 4.06@@44.194393656440205,-@@-1,8.49 Â± 1.25 / 44.76 Â± 2.17@@8.490673389032928,-@@-1,15.7.2.dev0@@150702,-@@0,15.7.2.dev0@@150702,-@@0
<a href='https://huggingface.co/infly/OpenCoder-1.5B-Instruct'>infly/OpenCoder-1.5B-Instruct (few-shot)</a>,ğŸ“,-@@100,1905650880.0,96640.0,4096.0,âœ—,âœ—,13.18 Â± 3.90 / 27.42 Â± 4.75@@13.17520341717845,-@@-1,1.07 Â± 1.50 / 38.50 Â± 3.07@@1.0695202265266042,-@@-1,15.8.1.dev0@@150801,-@@0,15.8.2@@150802,-@@0
<a href='https://huggingface.co/BSC-LT/salamandra-7b'>BSC-LT/salamandra-7b (few-shot)</a>,ğŸ§ ,-@@100,7768117248.0,256000.0,8192.0,âœ“,âœ—,51.49 Â± 2.80 / 66.90 Â± 2.02@@51.491212999321846,-@@-1,8.84 Â± 2.72 / 48.65 Â± 3.01@@8.837628904474755,-@@-1,15.7.2.dev0@@150702,-@@0,15.8.0@@150800,-@@0
<a href='https://huggingface.co/infly/OpenCoder-8B-Base'>infly/OpenCoder-8B-Base (few-shot)</a>,ğŸ“,-@@100,7771263040.0,96640.0,8192.0,âœ“,âœ—,26.81 Â± 5.41 / 39.71 Â± 6.41@@26.807187987220715,-@@-1,3.33 Â± 1.97 / 47.65 Â± 2.23@@3.333375119758715,-@@-1,15.7.2.dev0@@150702,-@@0,15.8.2@@150802,-@@0
<a href='https://huggingface.co/infly/OpenCoder-8B-Instruct'>infly/OpenCoder-8B-Instruct (few-shot)</a>,ğŸ“,-@@100,7771262976.0,96640.0,8192.0,âœ“,âœ—,42.93 Â± 3.66 / 61.44 Â± 2.65@@42.934015158090524,-@@-1,9.48 Â± 2.89 / 50.42 Â± 2.52@@9.476610616333817,-@@-1,15.8.1.dev0@@150801,-@@0,15.8.2@@150802,-@@0
<a href='https://huggingface.co/intfloat/multilingual-e5-large-instruct'>intfloat/multilingual-e5-large-instruct</a>,ğŸ”,-@@100,559890432.0,250002.0,512.0,âœ“,âœ—,-@@-1,-@@-1,-@@-1,0.00 Â± 0.00 / 0.00 Â± 0.00@@0.0,-@@0,-@@0,-@@0,15.3.1.dev0@@150301
