model,rank,parameters,vocabulary_size,context,speed,commercial,merge,angry_tweets_mcc,angry_tweets_macro_f1,dansk_micro_f1_no_misc,dansk_micro_f1,scala_da_mcc,scala_da_macro_f1,scandiqa_da_f1,scandiqa_da_em,swerec_mcc,swerec_macro_f1,suc3_micro_f1_no_misc,suc3_micro_f1,scala_sv_mcc,scala_sv_macro_f1,scandiqa_sv_f1,scandiqa_sv_em,norec_mcc,norec_macro_f1,norne_nb_micro_f1_no_misc,norne_nb_micro_f1,norne_nn_micro_f1_no_misc,norne_nn_micro_f1,scala_nb_mcc,scala_nb_macro_f1,scala_nn_mcc,scala_nn_macro_f1,norquad_f1,norquad_em,angry_tweets_version,dansk_version,scala_da_version,scandiqa_da_version,swerec_version,suc3_version,scala_sv_version,scandiqa_sv_version,norec_version,norne_nb_version,norne_nn_version,scala_nb_version,scala_nn_version,norquad_version
"gpt-4-0613 (few-shot, val)",1.22,,100.0,8192,597.21,True,False,59.97,73.06,64.94,45.76,71.56,85.36,68.46,56.43,79.19,80.56,76.86,54.97,80.93,89.9,65.15,53.81,72.72,81.35,81.16,63.39,75.75,60.44,77.3,88.39,57.18,76.4,75.24,47.5,<9.2.0,<9.2.0,<9.2.0,12.9.0,<9.2.0,<9.2.0,<9.2.0,12.9.0,<9.2.0,<9.2.0,<9.2.0,<9.2.0,<9.2.0,12.9.0
"gpt-4-1106-preview (few-shot, val)",1.31,,100.0,128000,575.52,True,False,61.62,73.99,66.8,45.69,66.84,82.79,68.83,56.85,77.59,78.78,74.45,49.97,71.35,83.98,66.76,56.56,62.55,72.41,77.48,55.87,78.7,57.58,74.45,86.22,56.31,74.04,73.39,44.67,12.10.2,12.10.0,12.10.2,12.10.0,12.10.2,12.10.0,12.10.2,12.10.0,12.10.2,12.10.0,12.10.0,12.10.2,12.10.2,12.10.0
AI-Sweden-Models/roberta-large-1160k,1.33,355.0,50.0,512,14014.08,True,False,51.2,66.62,74.16,70.93,73.87,86.61,55.06,49.34,77.25,73.96,82.65,80.43,77.9,88.63,55.64,49.64,60.11,70.55,92.01,92.36,87.17,88.75,72.85,85.73,65.56,82.23,75.42,60.38,10.0.1,10.0.1,10.0.1,10.0.1,10.0.1,10.0.1,10.0.1,10.0.1,10.0.1,10.0.1,10.0.1,10.0.1,10.0.1,10.0.1
ltg/norbert3-large,1.36,354.0,50.0,508,5048.17,True,False,48.29,64.67,73.62,68.91,71.55,85.17,53.54,48.59,75.32,69.39,79.01,73.76,69.11,84.32,54.15,48.88,64.62,75.4,93.12,90.13,89.39,86.03,77.97,88.19,76.3,87.68,79.64,66.03,<9.2.0,<9.2.0,<9.2.0,<9.2.0,<9.2.0,<9.2.0,<9.2.0,<9.2.0,<9.2.0,<9.2.0,<9.2.0,<9.2.0,<9.2.0,<9.2.0
AI-Sweden-Models/roberta-large-1350k,1.36,355.0,50.0,512,5743.56,True,False,49.94,65.66,75.22,71.57,72.59,85.58,54.79,48.97,77.37,73.57,82.97,81.14,73.81,86.33,55.34,49.5,58.77,69.56,92.49,92.58,87.22,88.71,76.3,87.19,64.11,80.68,75.73,60.69,10.0.1,10.0.1,10.0.1,10.0.1,10.0.1,10.0.1,10.0.1,10.0.1,10.0.1,10.0.1,10.0.1,10.0.1,10.0.1,10.0.1
"gpt-4o-2024-05-13 (few-shot, val)",1.37,,200.0,128000,916.47,True,False,49.42,61.74,71.15,52.24,64.59,79.93,67.87,57.35,77.16,79.22,76.66,60.34,68.99,83.37,67.71,57.96,66.66,77.7,79.07,64.17,81.56,64.06,64.53,79.17,54.7,74.94,74.52,43.51,12.10.2,12.10.0,12.10.2,12.10.0,12.10.2,12.10.0,12.10.2,12.10.0,12.10.2,12.10.0,12.10.0,12.10.2,12.10.2,12.10.0
"meta-llama/Meta-Llama-3-70B (few-shot, val)",1.42,70554.0,128.0,8192,311.65,True,False,60.19,73.13,63.62,53.29,50.07,72.94,66.71,60.97,78.61,78.64,74.61,56.5,63.2,80.61,66.85,61.98,66.74,74.89,75.31,64.9,75.94,62.81,59.82,79.17,47.56,71.91,82.3,60.87,12.6.1,12.7.0,12.7.0,12.7.0,12.7.0,12.7.0,12.7.0,12.7.0,12.7.0,12.7.0,12.7.0,12.7.0,12.7.0,12.7.0
"claude-3-5-sonnet-20241022 (zero-shot, val)",1.44,,,200000,192.92,True,False,63.61,76.0,65.88,55.11,71.03,85.46,59.56,46.24,77.7,77.22,70.22,58.75,74.34,87.04,60.05,49.32,50.92,63.0,74.23,70.66,70.5,65.71,76.1,88.02,72.03,85.28,67.69,40.57,14.0.3,14.0.3,14.0.3,14.0.3,14.0.3,14.0.3,14.0.3,14.0.3,14.0.3,14.0.3,14.0.3,14.0.3,14.0.3,14.0.3
KennethEnevoldsen/dfm-sentence-encoder-large-1,1.51,355.0,50.0,512,6245.47,True,False,53.85,68.94,74.99,70.34,75.71,87.29,50.4,44.85,74.92,72.01,71.65,69.08,63.43,81.0,51.94,46.2,59.61,71.4,86.39,85.2,83.22,82.5,67.88,82.75,62.44,80.43,70.77,55.69,<9.2.0,<9.2.0,<9.2.0,<9.2.0,<9.2.0,<9.2.0,<9.2.0,<9.2.0,<9.2.0,<9.2.0,<9.2.0,<9.2.0,<9.2.0,<9.2.0
KennethEnevoldsen/dfm-sentence-encoder-large-2,1.51,355.0,50.0,512,6568.66,True,False,55.12,69.99,75.3,70.13,76.34,87.56,50.82,45.15,74.67,71.15,71.86,69.05,62.77,80.75,50.58,44.77,58.73,70.1,86.78,85.37,83.28,82.22,70.73,84.71,59.58,78.86,71.02,56.04,<9.2.0,<9.2.0,<9.2.0,<9.2.0,<9.2.0,<9.2.0,<9.2.0,<9.2.0,<9.2.0,<9.2.0,<9.2.0,<9.2.0,<9.2.0,<9.2.0
danish-foundation-models/encoder-large-v1,1.51,355.0,50.0,512,6670.77,True,False,51.42,67.07,74.6,69.95,76.11,87.41,53.06,47.42,75.11,74.74,74.18,68.89,64.11,81.63,52.4,46.79,55.59,67.82,88.66,84.6,84.59,80.07,71.43,84.61,53.3,74.52,72.48,57.38,<9.2.0,<9.2.0,<9.2.0,<9.2.0,<9.2.0,<9.2.0,<9.2.0,<9.2.0,<9.2.0,<9.2.0,<9.2.0,<9.2.0,<9.2.0,<9.2.0
google/gemma-2-27b-it (few-shot),1.52,27227.0,256.0,8193,1516.14,True,False,59.06,72.86,59.94,38.0,58.57,78.63,65.6,57.48,80.73,81.25,62.59,45.11,61.37,79.34,66.73,58.76,67.14,78.63,67.35,56.75,66.61,57.24,64.66,81.94,52.49,75.95,73.41,44.85,13.0.0,13.0.0,13.0.0,13.0.0,13.0.0,13.0.0,13.0.0,13.0.0,13.0.0,13.0.0,13.0.0,13.0.0,13.0.0,13.0.0
intfloat/multilingual-e5-large,1.56,560.0,250.0,512,6731.95,True,False,55.07,69.43,69.5,65.03,57.67,78.48,52.84,46.71,79.65,78.9,80.36,78.57,63.15,81.06,53.49,46.99,61.52,72.72,89.86,90.64,84.32,86.52,62.34,79.94,34.88,66.51,70.46,53.01,<9.2.0,<9.2.0,<9.2.0,<9.2.0,<9.2.0,<9.2.0,<9.2.0,<9.2.0,<9.2.0,<9.2.0,<9.2.0,<9.2.0,<9.2.0,<9.2.0
google/rembert,1.57,576.0,250.0,256,11735.9,True,False,50.19,66.32,70.19,66.64,69.72,84.3,44.44,39.85,75.99,71.01,78.23,72.58,72.17,85.94,51.05,46.0,54.19,65.18,88.7,84.95,86.11,82.16,69.83,84.72,54.84,75.13,71.29,58.18,<9.2.0,<9.2.0,<9.2.0,<9.2.0,<9.2.0,<9.2.0,<9.2.0,<9.2.0,<9.2.0,<9.2.0,<9.2.0,<9.2.0,<9.2.0,<9.2.0
microsoft/mdeberta-v3-base,1.6,279.0,251.0,512,20637.23,True,False,43.38,60.05,72.9,67.41,67.05,83.18,47.97,42.15,75.24,72.06,78.84,72.86,72.3,85.77,50.62,44.74,53.69,63.69,91.9,89.55,86.81,83.46,70.55,84.79,61.21,79.87,63.72,48.82,<9.2.0,<9.2.0,<9.2.0,<9.2.0,<9.2.0,<9.2.0,<9.2.0,<9.2.0,<9.2.0,<9.2.0,<9.2.0,<9.2.0,<9.2.0,<9.2.0
NbAiLab/nb-roberta-base-scandi,1.61,278.0,250.0,512,15078.99,True,False,52.08,67.98,73.28,68.37,67.99,83.02,37.27,32.39,76.21,73.41,80.02,74.04,71.92,85.01,38.58,33.8,59.98,71.7,92.24,89.66,87.58,84.23,70.18,83.83,70.81,84.45,58.3,44.27,<9.2.0,<9.2.0,<9.2.0,<9.2.0,<9.2.0,<9.2.0,<9.2.0,<9.2.0,<9.2.0,<9.2.0,<9.2.0,<9.2.0,<9.2.0,<9.2.0
"gpt-4o-2024-05-13 (zero-shot, val)",1.61,,200.0,8191,636.59,True,False,53.07,68.64,64.8,45.57,64.18,81.9,63.09,49.02,74.85,74.58,75.06,44.92,65.23,80.52,63.85,53.02,36.27,35.73,77.72,57.89,71.7,50.78,71.7,85.59,58.79,76.83,72.82,40.95,14.0.3,14.0.3,14.0.3,14.0.3,14.0.3,14.0.3,14.0.3,14.0.3,14.0.3,14.0.3,14.0.3,14.0.3,14.0.3,14.0.3
"gpt-3.5-turbo-0613 (few-shot, val)",1.62,,100.0,4095,920.94,True,False,52.52,68.1,61.31,49.86,57.63,77.01,65.51,57.03,72.77,72.56,73.04,61.64,58.06,76.06,66.84,58.02,58.88,71.0,77.7,68.71,73.92,67.96,54.29,73.02,32.82,56.05,73.47,45.35,12.9.0,12.9.0,12.9.0,12.9.0,<9.2.0,<9.2.0,<9.2.0,12.9.0,<9.2.0,<9.2.0,<9.2.0,<9.2.0,<9.2.0,12.9.0
NbAiLab/nb-roberta-base-scandi-1e4,1.64,278.0,250.0,512,15073.66,True,False,51.7,67.54,72.16,68.01,62.03,80.01,35.36,29.95,76.2,74.01,79.9,73.8,73.62,86.19,37.12,32.38,59.84,72.11,92.09,89.67,86.85,83.35,73.33,85.89,71.06,84.78,57.42,43.67,<9.2.0,<9.2.0,<9.2.0,<9.2.0,<9.2.0,<9.2.0,<9.2.0,<9.2.0,<9.2.0,<9.2.0,<9.2.0,<9.2.0,<9.2.0,<9.2.0
ThatsGroes/gemma-2-27b-it-FP8-Dynamic (few-shot),1.65,28411.0,256.0,4096,3632.83,True,False,58.93,72.7,66.5,45.33,57.27,78.52,64.14,55.02,79.51,79.57,62.91,47.13,60.28,79.99,64.81,55.44,40.54,39.96,76.25,60.31,77.91,61.81,59.75,78.91,47.82,73.51,69.77,40.99,14.0.4,14.0.4,14.0.4,14.0.4,14.0.4,14.0.4,14.0.4,14.0.4,14.0.4,14.0.4,14.0.4,14.0.4,14.0.4,14.0.4
ltg/norbert3-base,1.68,124.0,50.0,508,11405.28,True,False,43.94,61.91,73.26,67.83,51.62,73.99,45.68,40.7,71.05,70.72,78.21,72.63,56.02,77.31,47.31,42.52,59.73,70.77,92.36,89.79,88.49,85.45,74.4,86.34,68.85,83.17,72.51,57.67,<9.2.0,<9.2.0,<9.2.0,<9.2.0,<9.2.0,<9.2.0,<9.2.0,<9.2.0,<9.2.0,<9.2.0,<9.2.0,<9.2.0,<9.2.0,<9.2.0
KennethEnevoldsen/dfm-sentence-encoder-medium-3,1.68,178.0,120.0,512,14050.48,True,False,47.55,64.66,71.21,67.27,68.72,83.85,43.9,38.33,71.16,69.78,81.35,79.18,63.89,81.45,42.09,37.18,59.1,70.5,91.17,91.04,87.3,88.83,74.32,86.47,72.94,86.07,45.46,34.06,<9.2.0,<9.2.0,<9.2.0,<9.2.0,<9.2.0,<9.2.0,<9.2.0,<9.2.0,<9.2.0,<9.2.0,<9.2.0,<9.2.0,<9.2.0,<9.2.0
vesteinn/ScandiBERT-no-faroese,1.69,124.0,50.0,512,15435.6,True,False,47.73,64.85,69.79,65.2,68.28,83.52,37.07,31.9,72.53,67.74,79.08,73.06,73.01,85.98,41.99,36.92,50.9,60.96,91.09,88.45,85.72,81.88,69.34,83.11,66.24,82.36,62.96,48.45,<9.2.0,<9.2.0,<9.2.0,<9.2.0,<9.2.0,<9.2.0,<9.2.0,<9.2.0,<9.2.0,<9.2.0,<9.2.0,<9.2.0,<9.2.0,<9.2.0
FacebookAI/xlm-roberta-large,1.69,560.0,250.0,512,17896.69,True,False,48.33,63.94,72.74,67.15,57.3,76.82,49.29,43.57,76.63,74.25,80.33,75.03,49.72,69.94,52.21,46.64,50.25,63.55,91.66,89.34,86.19,82.86,55.51,74.0,43.89,68.88,72.69,57.57,<9.2.0,<9.2.0,<9.2.0,<9.2.0,<9.2.0,<9.2.0,<9.2.0,<9.2.0,<9.2.0,<9.2.0,<9.2.0,<9.2.0,<9.2.0,<9.2.0
NbAiLab/nb-bert-base,1.7,178.0,120.0,512,14050.04,True,False,46.32,64.13,70.36,66.92,66.41,82.44,41.53,36.42,71.21,67.49,80.38,75.35,64.03,81.39,39.61,35.33,60.84,72.16,93.01,89.36,88.43,84.38,73.89,86.19,72.1,85.37,45.28,33.01,<9.2.0,<9.2.0,<9.2.0,<9.2.0,<9.2.0,<9.2.0,<9.2.0,<9.2.0,<9.2.0,<9.2.0,<9.2.0,<9.2.0,<9.2.0,<9.2.0
sentence-transformers/use-cmlm-multilingual,1.7,471.0,501.0,512,30230.67,True,False,48.03,65.34,69.17,65.8,55.31,76.29,47.57,42.34,75.09,72.93,80.05,74.21,61.83,79.96,51.07,45.69,56.35,69.31,90.08,87.12,86.04,81.89,59.38,78.02,46.54,71.78,70.46,55.05,<9.2.0,<9.2.0,<9.2.0,<9.2.0,<9.2.0,<9.2.0,<9.2.0,<9.2.0,<9.2.0,<9.2.0,<9.2.0,<9.2.0,<9.2.0,<9.2.0
google/gemma-2-9b-it (few-shot),1.73,9242.0,256.0,8193,2062.05,True,False,52.26,64.13,49.05,30.91,58.38,78.98,64.41,55.34,78.51,76.24,52.5,37.38,61.28,80.07,64.6,55.22,61.06,73.45,61.82,44.91,60.41,46.29,62.46,81.11,52.99,76.14,70.14,39.1,13.0.0,13.0.0,13.0.0,13.0.0,13.0.0,13.0.0,13.0.0,13.0.0,13.0.0,13.0.0,13.0.0,13.0.0,13.0.0,13.0.0
pere/roberta-debug-8,1.73,278.0,250.0,512,15103.14,True,False,49.77,66.38,71.34,66.53,64.31,80.7,37.0,31.86,74.58,70.97,74.48,67.89,69.07,83.17,37.05,31.66,55.25,66.95,91.16,88.71,84.75,80.56,68.03,82.12,66.9,82.33,55.71,41.65,<9.2.0,<9.2.0,<9.2.0,<9.2.0,<9.2.0,<9.2.0,<9.2.0,<9.2.0,<9.2.0,<9.2.0,<9.2.0,<9.2.0,<9.2.0,<9.2.0
vesteinn/FoBERT,1.74,124.0,50.0,512,15623.28,True,False,49.18,65.94,69.65,65.8,65.45,81.55,37.33,32.4,73.41,68.72,78.58,72.45,71.14,84.55,36.2,31.62,52.44,62.48,90.65,88.03,84.88,81.01,68.77,83.1,65.4,81.72,56.76,43.13,<9.2.0,<9.2.0,<9.2.0,<9.2.0,<9.2.0,<9.2.0,<9.2.0,<9.2.0,<9.2.0,<9.2.0,<9.2.0,<9.2.0,<9.2.0,<9.2.0
NbAiLab/nb-sbert-base,1.76,178.0,120.0,512,17756.84,True,False,47.83,65.23,70.12,65.8,63.25,80.82,41.01,36.51,71.05,69.24,80.26,77.87,62.49,80.42,38.28,33.8,60.57,72.7,90.96,90.87,87.34,88.75,72.11,85.08,70.2,84.26,40.55,29.94,12.10.5,12.10.5,12.10.5,12.10.5,12.10.5,12.10.5,12.10.5,12.10.5,12.10.5,12.10.5,12.10.5,12.10.5,12.10.5,12.10.5
pere/roberta-base-exp-8,1.77,278.0,250.0,512,15112.46,True,False,49.66,66.21,68.77,64.77,60.13,78.92,37.37,32.6,73.63,68.42,73.44,67.31,58.91,77.13,37.33,32.39,57.37,70.45,88.99,86.13,82.99,78.66,69.92,83.51,70.05,84.13,55.88,41.98,<9.2.0,<9.2.0,<9.2.0,<9.2.0,<9.2.0,<9.2.0,<9.2.0,<9.2.0,<9.2.0,<9.2.0,<9.2.0,<9.2.0,<9.2.0,<9.2.0
intfloat/multilingual-e5-large-instruct,1.78,560.0,250.0,514,5947.27,True,False,55.45,69.74,69.86,65.3,31.14,63.23,52.75,45.51,79.48,77.47,79.5,77.37,53.01,75.97,53.19,45.68,63.35,74.2,89.27,90.42,83.78,86.17,55.71,77.0,12.32,53.74,58.52,38.74,13.0.0,13.0.0,13.0.0,13.0.0,13.0.0,13.0.0,13.0.0,13.0.0,13.0.0,13.0.0,13.0.0,13.0.0,13.0.0,13.0.0
setu4993/LaBSE,1.78,471.0,501.0,512,25417.61,True,False,46.5,64.31,71.24,66.41,52.92,75.11,45.4,40.08,73.58,70.43,77.78,72.08,60.36,79.72,47.07,41.71,54.26,67.25,90.58,87.84,85.21,81.57,59.44,78.8,49.3,74.02,61.82,46.42,<9.2.0,<9.2.0,<9.2.0,<9.2.0,<9.2.0,<9.2.0,<9.2.0,<9.2.0,<9.2.0,<9.2.0,<9.2.0,<9.2.0,<9.2.0,<9.2.0
"152334H/miqu-1-70b-sf (few-shot, val)",1.79,68977.0,32.0,32764,2126.22,True,False,55.11,69.6,56.96,45.84,42.64,71.04,64.12,54.58,75.25,78.8,62.96,52.14,53.28,75.37,65.04,56.42,60.58,70.33,66.75,58.61,66.81,57.71,47.53,72.24,17.14,51.14,72.51,41.92,12.7.0,12.7.0,12.7.0,12.7.0,12.7.0,12.7.0,12.7.0,12.7.0,12.7.0,12.7.0,12.7.0,12.7.0,12.7.0,12.7.0
pere/roberta-debug-32,1.82,278.0,250.0,512,14958.48,True,False,50.48,66.71,68.46,64.34,64.34,80.92,35.3,30.3,75.04,72.35,72.25,65.94,70.16,84.29,36.93,31.89,53.23,65.23,89.07,85.81,83.27,78.8,70.06,83.61,66.81,82.19,47.61,34.17,<9.2.0,<9.2.0,<9.2.0,<9.2.0,<9.2.0,<9.2.0,<9.2.0,<9.2.0,<9.2.0,<9.2.0,<9.2.0,<9.2.0,<9.2.0,<9.2.0
"meta-llama/Meta-Llama-3-70B-Instruct (few-shot, val)",1.82,70554.0,128.0,8192,1672.52,True,False,53.09,68.18,63.1,55.1,40.98,69.1,63.12,51.13,53.56,67.07,77.06,67.75,47.5,71.31,60.96,46.86,59.29,69.99,80.5,76.71,76.47,73.94,47.28,69.23,32.76,60.66,71.6,39.71,12.7.0,12.7.0,12.7.0,12.7.0,12.7.0,12.7.0,12.7.0,12.7.0,12.7.0,12.7.0,12.7.0,12.7.0,12.7.0,12.7.0
pere/roberta-base-exp-32,1.83,278.0,250.0,512,15080.54,True,False,51.33,67.04,71.9,67.25,44.45,70.51,37.0,32.51,74.73,70.83,79.75,73.45,53.55,75.79,36.88,32.2,57.43,70.43,91.66,89.26,87.74,84.51,63.31,80.18,62.79,79.65,54.44,41.05,<9.2.0,<9.2.0,<9.2.0,<9.2.0,<9.2.0,<9.2.0,<9.2.0,<9.2.0,<9.2.0,<9.2.0,<9.2.0,<9.2.0,<9.2.0,<9.2.0
"gpt-4o-mini-2024-07-18 (few-shot, val)",1.85,,200.0,8191,784.26,True,False,56.91,71.25,59.96,41.55,67.13,83.05,33.63,17.52,77.69,78.73,62.45,46.68,68.93,84.15,31.14,12.11,67.45,77.5,72.74,57.58,69.17,56.34,74.27,86.86,54.83,76.91,43.45,3.67,14.0.0,14.0.0,14.0.0,14.0.0,14.0.0,14.0.0,14.0.0,14.0.0,14.0.0,14.0.0,14.0.0,14.0.0,14.0.0,14.0.0
"meta-llama/Llama-2-70b-hf (few-shot, val)",1.88,68977.0,32.0,4096,1891.65,True,False,53.24,67.81,58.06,50.1,39.71,65.9,67.47,62.51,75.46,74.35,64.76,61.08,43.27,65.62,66.95,63.04,59.68,70.62,62.46,60.77,64.68,61.69,27.34,50.42,3.95,36.08,78.69,57.44,12.7.0,12.7.0,12.7.0,12.7.0,12.7.0,12.7.0,12.7.0,12.7.0,12.7.0,12.7.0,12.7.0,12.7.0,12.7.0,12.7.0
AI-Sweden-Models/bert-large-nordic-pile-1M-steps,1.93,369.0,64.0,512,6570.9,True,False,41.53,59.82,67.4,62.44,41.62,68.99,42.46,37.3,77.43,75.95,80.65,78.69,76.56,87.86,46.79,41.54,47.11,60.7,87.5,87.45,80.57,82.71,52.62,75.01,25.06,60.75,50.51,38.4,<9.2.0,<9.2.0,<9.2.0,<9.2.0,<9.2.0,<9.2.0,<9.2.0,<9.2.0,<9.2.0,<9.2.0,<9.2.0,<9.2.0,<9.2.0,<9.2.0
"gpt-4-1106-preview (zero-shot, val)",1.93,,100.0,8191,436.04,True,False,53.69,67.91,35.79,25.86,62.98,81.27,64.87,51.96,73.54,68.68,51.31,43.84,66.39,82.1,63.21,52.22,39.62,38.68,60.16,49.38,48.74,40.98,71.38,85.52,42.94,71.26,69.46,36.04,14.0.3,14.0.3,14.0.3,14.0.3,14.0.3,14.0.3,14.0.3,14.0.3,14.0.3,14.0.3,14.0.3,14.0.3,14.0.3,14.0.3
mistralai/Mistral-Nemo-Instruct-2407 (few-shot),1.93,12248.0,131.0,1024001,7094.98,True,False,48.97,64.19,53.95,34.84,31.78,61.53,65.53,56.44,70.54,73.39,62.86,36.42,37.5,66.32,65.98,58.0,60.64,73.91,70.14,51.03,68.74,51.48,35.59,61.96,29.22,60.98,76.01,49.87,13.0.0,13.0.0,13.0.0,13.0.0,13.0.0,13.0.0,13.0.0,13.0.0,13.0.0,13.0.0,13.0.0,13.0.0,13.0.0,13.0.0
intfloat/multilingual-e5-base,1.94,278.0,250.0,512,14965.0,True,False,49.88,66.06,68.7,64.05,44.2,70.33,45.91,39.9,76.06,69.85,79.02,77.59,50.19,74.23,46.62,40.65,54.61,67.19,88.26,89.24,81.37,83.89,50.35,73.06,22.15,58.2,45.47,31.77,<9.2.0,12.6.1,<9.2.0,<9.2.0,<9.2.0,<9.2.0,<9.2.0,<9.2.0,<9.2.0,<9.2.0,<9.2.0,<9.2.0,<9.2.0,12.6.1
google/gemma-2-9b (few-shot),1.95,9242.0,256.0,8193,2037.53,True,False,38.84,45.52,44.16,25.93,43.42,69.4,66.24,60.11,80.55,77.22,50.43,27.2,50.86,72.14,65.35,59.35,62.54,75.53,54.08,34.62,54.33,37.7,50.88,74.69,41.01,69.35,72.99,46.25,13.0.0,13.0.0,13.0.0,13.0.0,13.0.0,13.0.0,13.0.0,13.0.0,13.0.0,13.0.0,13.0.0,13.0.0,13.0.0,13.0.0
pere/roberta-base-exp-32B,1.97,278.0,250.0,512,15102.57,True,False,47.83,64.9,71.81,66.85,54.99,75.82,34.74,29.92,73.27,71.87,77.97,72.1,47.19,72.1,36.17,31.07,52.19,65.6,90.6,87.83,86.76,83.48,54.98,75.67,58.33,77.88,41.75,29.17,<9.2.0,<9.2.0,<9.2.0,<9.2.0,<9.2.0,<9.2.0,<9.2.0,<9.2.0,<9.2.0,<9.2.0,<9.2.0,<9.2.0,<9.2.0,<9.2.0
"gpt-4o-mini-2024-07-18 (zero-shot, val)",1.97,,200.0,8191,908.12,True,False,49.73,65.95,57.52,35.79,57.56,77.16,64.34,51.79,73.55,71.66,52.47,29.74,52.27,71.55,61.75,48.95,39.82,37.7,60.43,37.82,55.59,32.2,54.84,74.79,33.8,62.11,70.12,36.55,14.0.1,14.0.1,14.0.1,14.0.1,14.0.1,14.0.1,14.0.1,14.0.1,14.0.1,14.0.1,14.0.1,14.0.1,14.0.1,14.0.1
vesteinn/DanskBERT,1.98,124.0,50.0,512,15748.62,True,False,52.86,68.19,72.55,69.31,75.2,86.99,43.48,37.65,67.77,62.98,72.33,67.15,33.79,64.01,37.46,32.71,47.84,60.67,86.82,84.15,79.91,76.65,51.99,72.87,30.57,62.9,50.77,36.75,<9.2.0,<9.2.0,<9.2.0,<9.2.0,<9.2.0,<9.2.0,<9.2.0,<9.2.0,<9.2.0,<9.2.0,<9.2.0,<9.2.0,<9.2.0,<9.2.0
ltg/norbert3-small,2.01,41.0,50.0,508,13515.41,True,False,39.34,58.37,67.89,64.13,50.9,74.15,39.58,34.82,63.8,57.65,74.22,68.68,37.77,65.87,35.81,31.45,51.36,61.35,90.02,86.99,86.52,83.03,67.29,82.23,56.67,76.74,63.28,48.63,<9.2.0,<9.2.0,<9.2.0,<9.2.0,<9.2.0,<9.2.0,<9.2.0,<9.2.0,<9.2.0,<9.2.0,<9.2.0,<9.2.0,<9.2.0,<9.2.0
"timpal0l/dolphin-2.9-llama3-8b-flashback (few-shot, val)",2.07,8030.0,128.0,8192,5018.29,False,True,52.17,67.14,51.37,37.56,27.98,60.57,59.94,51.65,74.99,76.76,65.33,46.88,32.65,61.25,64.54,55.71,52.9,65.38,64.51,51.06,65.66,53.9,29.34,59.36,17.42,52.01,67.16,38.49,12.7.0,12.7.0,12.7.0,12.7.0,12.7.0,12.7.0,12.7.0,12.7.0,12.7.0,12.7.0,12.7.0,12.7.0,12.7.0,12.7.0
four-two-labs/orpo-llama-3-swe (few-shot),2.08,8030.0,128.0,8192,4974.22,False,False,51.73,66.43,46.75,29.4,24.73,53.98,65.74,59.97,79.74,75.13,60.93,38.87,26.02,52.19,65.92,59.84,48.85,64.93,61.63,48.09,61.3,50.08,24.15,56.29,21.33,58.05,75.19,53.66,12.7.0,12.7.0,12.7.0,12.7.0,12.7.0,12.7.0,12.7.0,12.7.0,12.7.0,12.7.0,12.7.0,12.7.0,12.7.0,12.7.0
KBLab/megatron-bert-large-swedish-cased-165k,2.08,370.0,64.0,512,7137.91,True,False,41.02,60.13,58.5,55.82,27.1,61.03,45.72,39.99,78.0,75.01,81.05,76.08,76.79,87.59,51.7,45.71,39.53,50.9,85.99,83.09,79.47,75.61,27.39,61.03,23.56,60.05,51.83,39.01,<9.2.0,<9.2.0,<9.2.0,<9.2.0,<9.2.0,<9.2.0,<9.2.0,<9.2.0,<9.2.0,<9.2.0,<9.2.0,<9.2.0,<9.2.0,<9.2.0
timpal0l/sol (few-shot),2.09,10732.0,32.0,4096,3700.95,False,False,44.38,57.19,54.91,36.29,21.11,45.43,65.85,58.96,77.31,70.55,57.51,37.74,25.06,49.04,67.43,60.16,57.06,71.09,65.14,52.85,65.88,52.89,26.41,51.92,19.58,53.93,77.87,51.6,12.7.0,12.7.0,12.7.0,12.7.0,12.7.0,12.7.0,12.7.0,12.7.0,12.7.0,12.7.0,12.7.0,12.7.0,12.7.0,12.7.0
skole-gpt-mixtral (few-shot),2.1,,32.0,32768,3582.66,False,False,51.51,66.73,49.17,34.74,32.04,64.63,66.15,58.52,78.27,77.65,54.14,37.43,32.49,64.28,66.56,58.95,52.09,65.72,62.52,49.42,61.55,47.53,21.99,58.21,16.84,51.76,72.6,47.3,13.0.0,13.0.0,13.0.0,13.0.0,13.0.0,13.0.0,13.0.0,13.0.0,13.0.0,13.0.0,13.0.0,13.0.0,13.0.0,13.0.0
AI-Nordics/bert-large-swedish-cased,2.11,335.0,31.0,512,7199.47,True,False,38.46,58.16,60.66,56.95,32.29,63.74,43.21,37.68,77.47,75.77,78.61,72.84,72.87,85.57,49.29,43.11,38.44,52.6,83.32,80.48,77.97,74.84,37.54,64.46,23.1,58.14,51.67,39.97,<9.2.0,<9.2.0,<9.2.0,<9.2.0,<9.2.0,<9.2.0,<9.2.0,<9.2.0,<9.2.0,<9.2.0,<9.2.0,<9.2.0,<9.2.0,<9.2.0
cardiffnlp/twitter-xlm-roberta-base,2.12,278.0,250.0,512,34475.2,True,False,45.3,63.22,70.1,64.54,51.74,74.31,27.76,22.01,70.69,67.03,72.49,67.03,56.6,76.7,37.63,31.89,48.34,60.68,87.7,85.32,81.41,77.41,55.3,75.77,37.46,67.68,35.93,24.49,<9.2.0,<9.2.0,<9.2.0,<9.2.0,<9.2.0,<9.2.0,<9.2.0,<9.2.0,<9.2.0,<9.2.0,<9.2.0,<9.2.0,<9.2.0,<9.2.0
upstage/SOLAR-10.7B-v1.0 (few-shot),2.14,10732.0,32.0,4096,3780.42,True,False,46.63,59.02,58.03,38.25,15.09,40.04,67.21,62.15,77.48,70.13,59.65,39.33,16.94,40.98,68.15,62.65,55.33,69.71,68.11,57.57,68.19,56.9,10.15,36.27,7.51,35.89,80.42,55.33,12.5.3,12.5.3,12.5.3,12.5.3,12.5.3,12.5.3,12.5.3,12.5.3,12.5.3,12.5.3,12.5.3,12.5.3,12.5.3,12.5.3
"RJuro/munin-neuralbeagle-7b (few-shot, val)",2.14,7242.0,32.0,32768,2492.75,False,True,54.91,67.84,51.44,41.38,22.77,52.29,64.01,56.51,77.13,78.36,62.96,51.99,15.73,47.41,65.06,58.43,55.61,68.27,61.18,56.36,65.16,55.74,20.84,49.36,9.12,43.06,69.13,42.92,9.3.2,9.3.2,9.3.2,12.5.2,9.3.2,9.3.2,9.3.2,12.5.2,9.3.2,9.3.2,9.3.2,9.3.2,9.3.2,12.5.2
Nexusflow/Starling-LM-7B-beta (few-shot),2.14,7242.0,32.0,4096,1628.91,False,False,51.97,68.62,51.94,27.59,29.99,60.05,52.38,38.99,77.51,76.88,56.28,28.71,23.25,50.0,59.76,47.09,55.48,69.68,66.22,48.98,64.14,49.59,26.13,56.08,17.32,54.57,77.08,49.75,14.0.3,14.0.3,14.0.3,14.0.3,14.0.4,14.0.4,14.0.4,14.0.4,12.5.2,12.5.2,12.5.2,12.5.2,12.5.2,12.5.2
KBLab/megatron-bert-large-swedish-cased-110k,2.15,370.0,64.0,512,7074.64,True,False,39.2,59.33,60.18,57.15,26.68,59.41,44.87,39.34,78.45,77.12,80.39,74.83,76.28,87.37,50.85,44.56,39.15,53.0,84.03,80.97,77.98,74.25,21.39,58.08,17.1,57.0,47.41,35.32,<9.2.0,<9.2.0,<9.2.0,<9.2.0,<9.2.0,<9.2.0,<9.2.0,<9.2.0,<9.2.0,<9.2.0,<9.2.0,<9.2.0,<9.2.0,<9.2.0
AI-Sweden-Models/Llama-3-8B-instruct (few-shot),2.15,8030.0,128.0,8192,1472.36,False,False,51.63,67.43,58.57,41.07,28.82,50.35,61.33,51.98,80.1,80.57,84.77,72.07,29.17,49.46,63.19,54.68,35.3,38.72,81.96,76.25,78.42,75.4,12.11,36.7,5.94,34.64,43.62,22.15,14.0.3,14.0.3,14.0.3,14.0.3,14.0.4,14.0.4,14.0.4,14.0.4,14.1.2,14.1.2,14.1.2,14.1.2,14.1.2,14.1.2
"meta-llama/Llama-2-70b-chat-hf (few-shot, val)",2.19,68977.0,32.0,4096,1979.03,True,False,50.66,62.04,52.22,38.82,23.57,56.09,61.94,53.82,64.52,70.51,55.91,39.73,23.85,56.89,65.82,58.88,55.12,66.55,60.21,47.06,62.99,48.82,27.12,54.26,6.82,46.18,69.99,38.5,12.7.0,12.7.0,12.7.0,12.7.0,12.7.0,12.7.0,12.7.0,12.7.0,12.7.0,12.7.0,12.7.0,12.7.0,12.7.0,12.7.0
meta-llama/Llama-3.1-8B-Instruct (few-shot),2.19,8030.0,128.0,131072,1005.15,True,False,54.81,67.88,54.7,38.11,32.11,63.11,59.47,48.87,79.23,76.86,55.8,34.65,32.67,63.89,58.66,46.88,35.16,38.11,74.77,71.87,72.8,69.98,5.23,34.9,11.51,45.73,70.96,43.93,14.0.3,14.0.3,14.0.3,14.0.3,14.0.4,14.0.4,14.0.4,14.0.4,14.0.4,13.0.0,13.0.0,13.0.0,13.0.0,13.0.0
"timpal0l/BeagleCatMunin (few-shot, val)",2.19,7242.0,32.0,32768,2495.0,False,True,54.73,68.74,47.62,36.77,21.8,51.07,63.6,57.26,77.37,78.66,50.53,37.77,27.84,49.46,65.44,59.98,54.74,67.81,54.04,48.5,62.21,50.38,14.51,40.94,5.38,37.62,69.15,42.83,9.3.2,9.3.2,9.3.2,12.5.2,9.3.2,9.3.2,9.3.2,12.5.2,9.3.2,9.3.2,9.3.2,9.3.2,9.3.2,12.5.2
mhenrichsen/danskgpt-chat-v2.1 (few-shot),2.2,,32.0,32768,5085.22,True,False,54.69,69.5,51.08,35.83,30.95,62.15,64.32,56.56,75.98,74.44,54.37,42.16,17.98,56.01,64.24,55.07,53.41,69.49,62.43,51.64,60.68,48.91,-1.16,33.56,0.3,34.08,76.77,49.15,12.0.0,12.0.0,12.0.0,12.0.0,12.0.0,12.0.0,12.0.0,12.0.0,12.0.0,12.0.0,12.0.0,12.0.0,12.0.0,12.0.0
"mlabonne/NeuralBeagle14-7B (few-shot, val)",2.22,7242.0,32.0,8192,2549.38,False,True,51.29,66.57,53.02,41.35,19.73,57.07,61.26,51.69,76.03,78.25,61.25,50.76,16.28,49.04,60.05,50.96,54.04,66.46,62.47,57.71,66.69,58.83,16.75,49.11,13.0,49.33,65.43,34.48,9.3.2,9.3.2,9.3.2,12.5.2,9.3.2,9.3.2,9.3.2,12.5.2,9.3.2,9.3.2,9.3.2,9.3.2,9.3.2,12.5.2
google-bert/bert-base-multilingual-uncased,2.23,167.0,106.0,512,13992.5,True,False,33.5,54.63,64.92,60.82,46.75,72.71,41.77,37.09,63.3,59.96,70.85,65.5,48.97,73.78,42.69,38.0,37.28,48.69,82.9,79.06,77.33,72.83,49.41,73.96,43.58,71.2,54.01,40.35,<9.2.0,<9.2.0,<9.2.0,<9.2.0,<9.2.0,<9.2.0,<9.2.0,<9.2.0,<9.2.0,<9.2.0,<9.2.0,<9.2.0,<9.2.0,<9.2.0
KB/bert-base-swedish-cased,2.23,125.0,50.0,512,16181.26,True,False,33.28,54.37,61.74,58.09,33.15,64.69,33.03,28.67,75.58,73.35,81.95,76.66,78.86,89.07,43.79,38.56,38.7,50.88,85.91,83.05,79.67,76.0,39.13,67.97,24.13,60.76,27.73,19.04,<9.2.0,<9.2.0,<9.2.0,<9.2.0,<9.2.0,<9.2.0,<9.2.0,<9.2.0,<9.2.0,<9.2.0,<9.2.0,<9.2.0,<9.2.0,<9.2.0
meta-llama/Meta-Llama-3-8B-Instruct (few-shot),2.23,8030.0,128.0,8192,1007.12,True,False,48.43,62.09,57.74,40.66,27.12,60.4,59.77,46.76,59.93,67.54,69.67,52.94,27.63,60.85,60.85,49.84,34.44,37.94,74.47,65.57,72.93,65.44,27.77,61.75,20.35,57.74,69.9,42.9,12.6.1,12.6.1,12.6.1,12.6.1,12.6.1,12.6.1,12.6.1,12.6.1,14.0.4,12.6.1,12.6.1,12.6.1,12.6.1,12.6.1
"merge-crew/da-sv-dare-ties-density-0.9 (few-shot, val)",2.24,7242.0,32.0,32768,2442.55,True,True,53.73,67.51,45.61,35.04,17.08,52.62,61.18,56.67,76.38,78.3,46.61,34.1,34.16,60.06,63.5,58.77,49.4,60.71,48.24,42.53,61.5,50.9,24.12,59.38,13.2,54.42,69.52,47.93,10.0.1,10.0.1,10.0.1,10.0.1,10.0.1,10.0.1,10.0.1,10.0.1,10.0.1,10.0.1,10.0.1,10.0.1,10.0.1,10.0.1
"merge-crew/da-sv-task-arithmetic (few-shot, val)",2.24,7242.0,32.0,32768,2500.05,True,True,51.51,61.68,46.06,35.43,27.68,57.59,62.26,57.78,76.62,78.04,47.28,34.01,33.23,61.29,64.62,60.0,55.87,68.97,49.69,43.57,61.78,49.91,2.99,34.16,-1.29,33.32,68.17,44.62,10.0.1,10.0.1,10.0.1,10.0.1,10.0.1,10.0.1,10.0.1,10.0.1,10.0.1,10.0.1,10.0.1,10.0.1,10.0.1,10.0.1
"timpal0l/BeagleCatMunin2 (few-shot, val)",2.25,7242.0,32.0,32768,2477.24,False,True,47.95,55.7,51.53,40.66,14.1,40.8,64.33,58.28,73.72,67.79,60.87,47.4,6.78,35.9,65.08,58.75,58.69,70.83,61.17,54.24,65.44,54.34,15.03,40.22,5.95,39.18,69.53,42.42,9.3.1,9.3.1,9.3.1,12.5.2,9.3.1,9.3.1,9.3.1,12.5.2,9.3.1,9.3.1,9.3.1,9.3.1,9.3.1,12.5.2
KBLab/bert-base-swedish-cased,2.25,125.0,50.0,512,16164.04,True,False,33.31,54.09,61.74,58.09,33.35,64.61,33.03,28.67,75.73,73.61,81.23,75.95,78.6,88.95,43.79,38.56,38.17,50.44,85.33,82.13,79.44,75.74,39.49,68.13,22.17,60.16,27.73,19.04,<9.2.0,<9.2.0,<9.2.0,<9.2.0,<9.2.0,<9.2.0,<9.2.0,<9.2.0,<9.2.0,<9.2.0,<9.2.0,<9.2.0,<9.2.0,<9.2.0
"merge-crew/da-sv-slerp (few-shot, val)",2.25,7242.0,32.0,32768,2467.48,True,True,51.75,62.28,45.94,35.68,28.04,58.31,62.03,57.65,76.53,77.96,46.57,33.94,33.43,61.87,64.53,59.87,56.07,68.93,49.67,43.26,61.11,50.15,3.81,34.47,-1.29,33.32,68.18,44.98,10.0.1,10.0.1,10.0.1,10.0.1,10.0.1,10.0.1,10.0.1,10.0.1,10.0.1,10.0.1,10.0.1,10.0.1,10.0.1,10.0.1
"birgermoell/BeagleCatMunin-Flashback-Bellman (few-shot, val)",2.26,7242.0,32.0,32768,2890.1,False,True,52.3,64.19,50.4,38.57,21.3,47.78,63.79,58.17,76.99,76.84,52.96,41.51,14.27,40.6,64.87,59.92,52.7,66.82,53.96,49.84,63.45,53.13,14.87,40.83,2.48,35.61,67.26,41.43,9.3.1,9.3.1,9.3.1,12.5.2,9.3.1,9.3.1,9.3.1,12.5.2,9.3.1,9.3.1,9.3.1,9.3.1,9.3.1,12.5.2
Geotrend/bert-base-en-fr-de-no-da-cased,2.26,118.0,42.0,512,13972.84,True,False,34.78,55.59,63.38,59.2,41.08,69.77,44.89,40.32,61.6,62.28,76.55,70.38,37.44,66.67,43.87,39.32,35.34,48.31,88.05,84.88,83.08,79.06,31.45,63.68,36.12,66.98,54.67,41.59,<9.2.0,<9.2.0,<9.2.0,<9.2.0,<9.2.0,<9.2.0,<9.2.0,<9.2.0,<9.2.0,<9.2.0,<9.2.0,<9.2.0,<9.2.0,<9.2.0
timpal0l/Llama-3-8B-flashback-v1 (few-shot),2.26,8030.0,128.0,8192,3003.73,True,False,50.25,66.18,46.59,31.16,14.46,50.96,62.5,56.86,81.97,81.46,57.01,43.34,31.16,59.86,60.85,53.99,47.58,64.35,59.09,52.82,60.02,52.04,10.52,46.13,6.67,40.61,71.9,49.89,12.7.0,12.7.0,12.7.0,12.7.0,14.1.2,14.1.1,14.1.2,14.1.1,12.7.0,12.7.0,12.7.0,12.7.0,12.7.0,12.7.0
KBLab/megatron-bert-base-swedish-cased-600k,2.26,135.0,64.0,512,15725.82,True,False,39.4,59.02,57.97,54.71,23.5,59.54,36.99,31.87,76.09,72.74,78.91,72.93,70.08,83.4,47.18,41.14,40.2,54.68,82.2,79.13,76.64,72.9,24.45,58.75,19.18,57.93,42.59,30.69,<9.2.0,<9.2.0,<9.2.0,<9.2.0,<9.2.0,<9.2.0,<9.2.0,<9.2.0,<9.2.0,<9.2.0,<9.2.0,<9.2.0,<9.2.0,<9.2.0
"birgermoell/Rapid-Cycling (few-shot, val)",2.27,7242.0,32.0,32768,2345.88,False,True,51.25,62.67,49.99,38.37,20.66,49.98,62.4,56.82,77.72,78.4,53.66,41.97,16.22,43.17,64.72,59.75,50.41,64.49,55.93,50.51,63.85,53.11,15.74,41.16,2.23,34.7,65.65,39.81,9.3.2,9.3.2,9.3.2,12.5.2,9.3.2,9.3.2,9.3.2,12.5.2,9.3.2,9.3.2,9.3.2,9.3.2,9.3.2,12.5.2
google-bert/bert-base-multilingual-cased,2.27,178.0,120.0,512,14083.03,True,False,32.38,53.3,63.17,59.45,27.93,61.91,44.06,39.57,61.78,60.94,76.29,70.33,47.74,72.98,46.07,41.17,35.87,48.94,88.72,85.49,83.08,79.36,44.22,70.31,39.55,68.65,53.62,40.55,<9.2.0,<9.2.0,<9.2.0,<9.2.0,<9.2.0,<9.2.0,<9.2.0,<9.2.0,<9.2.0,<9.2.0,<9.2.0,<9.2.0,<9.2.0,<9.2.0
ZurichNLP/unsup-simcse-xlm-roberta-base,2.28,278.0,250.0,512,34520.24,True,False,45.07,63.33,65.1,61.96,26.83,60.41,35.05,29.92,71.12,60.88,75.49,74.57,36.69,65.77,38.9,33.55,49.62,62.56,86.56,87.3,80.57,83.03,38.45,67.14,11.38,51.68,47.61,31.5,12.6.1,12.6.1,12.6.1,<9.2.0,12.6.1,12.6.1,12.6.1,<9.2.0,12.6.1,12.6.1,12.6.1,12.6.1,12.6.1,12.6.1
CohereForAI/aya-expanse-8b (few-shot),2.28,8028.0,256.0,8192,1017.6,False,False,52.0,66.25,51.32,25.54,18.48,52.18,62.08,52.43,78.43,74.54,57.38,29.69,14.52,45.18,63.0,53.14,38.61,51.46,66.55,39.28,63.63,37.25,15.8,51.42,12.3,51.96,71.49,43.26,13.0.0,13.0.0,13.0.0,13.0.0,13.0.0,13.0.0,13.0.0,13.0.0,13.0.0,13.0.0,13.0.0,13.0.0,13.0.0,13.0.0
microsoft/infoxlm-large,2.28,560.0,250.0,512,6696.2,True,False,37.94,55.77,74.42,69.54,15.26,48.92,50.1,44.25,75.42,72.68,79.53,74.53,18.44,53.57,53.67,48.19,30.56,45.96,91.9,89.48,86.59,82.92,9.79,46.75,6.36,48.52,74.7,60.47,<9.2.0,<9.2.0,<9.2.0,<9.2.0,<9.2.0,<9.2.0,<9.2.0,<9.2.0,<9.2.0,<9.2.0,<9.2.0,<9.2.0,<9.2.0,<9.2.0
Geotrend/bert-base-25lang-cased,2.29,151.0,85.0,512,13908.28,True,False,32.88,53.56,62.53,58.99,29.01,61.89,44.11,39.51,62.5,60.57,75.62,70.17,38.18,66.99,45.91,40.96,36.21,49.48,87.99,84.84,83.1,79.18,46.43,71.65,39.82,68.68,53.12,40.01,<9.2.0,<9.2.0,<9.2.0,<9.2.0,<9.2.0,<9.2.0,<9.2.0,<9.2.0,<9.2.0,<9.2.0,<9.2.0,<9.2.0,<9.2.0,<9.2.0
facebook/xlm-v-base,2.29,778.0,902.0,512,25396.22,True,False,31.86,47.51,71.42,66.61,52.95,73.96,40.58,34.66,73.43,61.29,68.39,63.66,45.09,68.48,43.73,38.04,17.93,34.24,89.99,87.51,78.6,74.97,43.46,66.52,10.97,43.47,59.8,43.74,<9.2.0,<9.2.0,<9.2.0,<9.2.0,<9.2.0,<9.2.0,<9.2.0,<9.2.0,<9.2.0,<9.2.0,<9.2.0,<9.2.0,<9.2.0,<9.2.0
Geotrend/bert-base-en-no-cased,2.29,111.0,33.0,512,14080.79,True,False,33.91,54.87,62.66,58.6,40.96,69.68,44.63,39.93,61.8,58.93,75.33,69.89,36.62,66.91,44.71,39.95,34.97,48.21,89.07,85.89,82.69,79.22,39.58,67.91,31.27,62.81,55.17,41.89,<9.2.0,<9.2.0,<9.2.0,<9.2.0,<9.2.0,<9.2.0,<9.2.0,<9.2.0,<9.2.0,<9.2.0,<9.2.0,<9.2.0,<9.2.0,<9.2.0
"birgermoell/Flashback-Bellman (few-shot, val)",2.31,7242.0,32.0,32768,2887.36,False,True,48.21,60.08,47.71,35.65,19.55,50.98,61.69,56.46,78.29,78.77,55.29,41.59,18.45,46.38,63.83,58.42,53.24,67.94,56.44,50.1,66.56,54.48,11.96,37.26,2.5,35.26,64.09,39.21,9.3.1,9.3.1,9.3.1,12.5.2,9.3.1,9.3.1,9.3.1,12.5.2,9.3.1,9.3.1,9.3.1,9.3.1,9.3.1,12.5.2
timpal0l/njord-alpha (few-shot),2.31,7242.0,32.0,32768,5431.36,True,False,39.37,56.57,38.25,28.14,29.76,61.8,63.16,57.02,79.95,81.24,48.19,37.5,32.85,61.74,63.58,57.39,48.03,65.89,50.47,43.31,51.97,42.66,22.65,51.83,17.1,49.03,68.08,44.72,12.7.0,12.7.0,12.7.0,12.7.0,12.7.0,12.7.0,12.7.0,12.7.0,12.7.0,12.7.0,12.7.0,12.7.0,12.7.0,12.7.0
utter-project/EuroLLM-9B-Instruct (few-shot),2.31,9152.0,128.0,4096,1483.46,False,False,53.97,68.4,34.0,25.49,32.21,56.97,63.73,57.1,76.02,77.86,40.59,28.19,33.98,57.44,63.97,56.98,52.62,68.1,40.91,33.22,42.91,35.61,9.7,36.58,11.98,39.37,72.71,47.36,13.1.0,13.1.0,13.1.0,13.1.0,13.1.0,13.1.0,13.1.0,13.1.0,13.1.0,13.1.0,13.1.0,13.1.0,13.1.0,13.1.0
"AI-Sweden-Models/tyr (few-shot, val)",2.31,7242.0,32.0,32768,6079.2,False,True,50.6,65.49,47.01,36.47,13.73,52.15,61.63,56.35,78.3,79.8,56.21,44.78,14.35,48.69,65.72,61.08,51.85,64.28,58.6,52.72,63.15,54.03,0.66,33.42,0.53,33.42,68.55,43.22,12.3.2,12.5.2,12.3.2,12.3.2,12.3.2,12.5.2,12.3.2,12.3.2,12.3.2,12.5.2,12.5.2,12.3.2,12.3.2,12.3.2
Geotrend/bert-base-en-da-cased,2.31,111.0,33.0,512,14061.58,True,False,33.67,54.48,62.57,59.39,35.79,65.87,43.26,38.77,61.89,60.17,74.88,69.57,40.22,68.89,44.78,39.95,35.16,48.41,88.55,85.29,83.09,79.27,31.82,62.98,32.94,64.36,52.33,39.46,<9.2.0,<9.2.0,<9.2.0,<9.2.0,<9.2.0,<9.2.0,<9.2.0,<9.2.0,<9.2.0,<9.2.0,<9.2.0,<9.2.0,<9.2.0,<9.2.0
"birgermoell/WestLake-Munin-Cat-NorskGPT (few-shot, val)",2.31,7242.0,32.0,32768,2856.11,False,True,44.02,47.74,51.85,40.02,1.22,34.29,64.09,57.69,73.72,62.83,63.85,47.77,-0.56,33.54,66.26,60.1,58.28,69.79,63.33,53.24,68.84,53.85,18.65,45.34,10.72,43.91,70.76,44.39,9.3.1,9.3.1,9.3.1,12.5.2,9.3.1,9.3.1,9.3.1,12.5.2,9.3.1,9.3.1,9.3.1,9.3.1,9.3.1,12.5.2
meta-llama/Meta-Llama-3-8B (few-shot),2.31,8030.0,128.0,8192,1334.83,True,False,51.16,67.0,49.46,32.11,23.01,49.99,56.13,49.75,80.91,78.09,59.92,40.98,26.39,52.38,54.3,47.69,32.94,37.52,61.48,47.65,61.58,50.1,21.2,52.29,19.65,56.66,74.98,53.35,14.1.2,14.0.3,14.1.2,14.0.3,14.1.2,14.0.4,14.1.2,14.0.4,14.1.2,12.6.1,12.6.1,12.6.1,12.6.1,12.6.1
senseable/WestLake-7B-v2 (few-shot),2.31,7242.0,32.0,32768,5992.97,False,False,49.81,66.32,52.61,33.64,19.64,54.22,57.94,48.03,67.74,71.89,58.9,42.48,16.52,46.3,59.91,49.41,50.6,66.76,64.37,52.81,62.77,51.8,18.09,52.56,12.25,50.79,69.54,38.34,12.6.1,12.6.1,12.6.1,12.6.1,12.6.1,12.6.1,12.6.1,12.6.1,12.6.1,12.6.1,12.6.1,12.6.1,12.6.1,12.6.1
"birgermoell/Munin-NeuralBeagle-NorskGPT (few-shot, val)",2.31,7242.0,32.0,32768,2902.56,False,True,44.02,47.74,51.85,40.02,1.22,34.29,64.09,57.69,73.72,62.83,63.85,47.77,-0.56,33.54,66.26,60.1,58.28,69.79,63.33,53.24,68.84,53.85,18.65,45.34,10.72,43.91,70.76,44.39,9.3.1,9.3.1,9.3.1,12.5.2,9.3.1,9.3.1,9.3.1,12.5.2,9.3.1,9.3.1,9.3.1,9.3.1,9.3.1,12.5.2
microsoft/xlm-align-base,2.33,278.0,250.0,512,14744.17,True,False,47.83,65.49,70.36,65.91,11.87,48.82,35.11,29.87,73.67,68.61,78.6,73.04,15.41,53.29,37.13,32.41,54.46,68.25,90.07,87.56,85.65,82.4,12.16,50.55,8.99,48.57,64.35,49.24,<9.2.0,<9.2.0,<9.2.0,<9.2.0,<9.2.0,<9.2.0,<9.2.0,<9.2.0,<9.2.0,<9.2.0,<9.2.0,<9.2.0,<9.2.0,<9.2.0
"RJuro/munin-neuralbeagle-SkoleGPTOpenOrca-7b (few-shot, val)",2.34,7242.0,32.0,32768,3007.6,False,True,43.41,48.74,50.83,36.96,19.72,52.71,64.53,57.87,72.04,63.83,59.36,47.08,22.38,54.7,64.06,57.96,47.78,57.76,53.68,49.22,61.92,49.03,0.91,33.51,1.24,33.71,70.99,47.76,9.3.2,9.3.2,9.3.2,12.5.2,9.3.2,9.3.2,9.3.2,12.5.2,9.3.2,9.3.2,9.3.2,9.3.2,9.3.2,12.5.2
mistralai/Ministral-8B-Instruct-2410 (few-shot),2.34,8020.0,131.0,32768,1302.27,True,False,49.18,65.27,55.49,34.11,7.4,35.19,64.99,57.72,73.32,75.58,54.76,31.21,16.17,42.93,65.27,57.94,31.41,33.56,67.24,45.38,66.08,47.58,28.72,58.62,20.55,54.24,68.91,40.6,14.0.3,14.0.3,14.0.3,14.0.3,14.0.4,14.0.4,14.0.4,14.0.4,14.1.2,14.1.2,14.1.2,14.1.2,14.1.2,14.1.2
meta-llama/Llama-3.1-8B (few-shot),2.34,8030.0,128.0,131072,2986.18,True,False,47.86,62.47,50.92,34.24,29.19,59.61,55.27,48.38,80.31,76.5,62.19,43.29,30.29,56.52,49.56,42.78,34.02,37.19,65.17,52.91,60.22,50.51,32.48,63.48,18.38,49.87,58.56,33.06,14.1.2,14.0.3,14.1.2,14.0.3,14.1.2,14.0.4,14.1.2,14.0.4,14.1.2,14.1.2,14.1.2,14.1.2,14.1.2,14.1.2
"merge-crew/da-sv-ties (few-shot, val)",2.34,7242.0,32.0,32768,2457.19,True,True,51.95,65.69,45.39,34.45,13.25,45.66,62.73,58.51,76.57,78.11,48.36,34.48,20.94,44.72,63.87,59.07,44.46,52.31,47.61,42.16,60.57,48.89,23.99,60.6,11.6,53.4,69.07,47.02,10.0.1,10.0.1,10.0.1,10.0.1,10.0.1,10.0.1,10.0.1,10.0.1,10.0.1,10.0.1,10.0.1,10.0.1,10.0.1,10.0.1
ibm-granite/granite-3.0-8b-base (few-shot),2.34,8171.0,49.0,4097,973.33,True,False,47.16,64.63,44.58,33.5,19.2,53.44,63.32,58.41,75.92,75.77,44.8,34.91,24.84,59.88,62.01,56.71,53.27,66.73,49.94,46.49,52.17,46.44,17.22,50.42,12.01,47.98,69.52,45.04,13.0.0,13.0.0,13.0.0,13.0.0,13.0.0,13.0.0,13.0.0,13.0.0,13.0.0,13.0.0,13.0.0,13.0.0,13.0.0,13.0.0
timpal0l/Mistral-7B-v0.1-flashback-v2 (few-shot),2.35,7242.0,32.0,32768,5053.68,True,False,47.82,63.19,42.43,29.3,16.51,52.73,62.2,56.95,80.14,80.19,44.14,29.77,34.23,65.29,62.52,57.07,49.05,63.94,48.97,39.15,51.52,40.17,14.37,47.8,9.96,48.97,68.49,44.07,12.5.3,12.5.3,12.5.3,12.5.3,12.5.3,12.5.3,12.5.3,12.5.3,12.5.3,12.5.3,12.5.3,12.5.3,12.5.3,12.5.3
"merge-crew/da-sv-dare-ties-density-0.6 (few-shot, val)",2.35,7242.0,32.0,32768,2514.54,True,True,49.59,63.45,46.03,34.23,12.72,46.56,61.58,57.03,78.74,80.11,45.12,30.73,19.74,46.97,65.22,60.15,54.93,68.45,47.26,40.22,59.35,45.26,9.0,37.53,5.26,39.01,68.0,45.95,10.0.1,10.0.1,10.0.1,10.0.1,10.0.1,10.0.1,10.0.1,10.0.1,10.0.1,10.0.1,10.0.1,10.0.1,10.0.1,10.0.1
Mabeck/Heidrun-Mistral-7B-chat (few-shot),2.36,7242.0,32.0,32768,1418.7,False,False,49.86,65.11,51.93,34.88,20.25,52.74,35.74,25.84,77.5,73.87,55.06,41.39,17.47,47.73,64.58,58.67,49.19,63.36,61.41,52.32,59.49,49.45,15.17,50.25,10.78,50.08,73.08,48.99,14.0.3,14.0.3,14.0.3,14.0.3,10.0.1,10.0.1,10.0.1,12.5.0,10.0.1,10.0.1,10.0.1,10.0.1,10.0.1,12.5.0
jonfd/electra-small-nordic,2.37,22.0,96.0,128,5989.23,True,False,34.43,51.9,65.4,60.53,67.27,83.37,7.09,6.6,66.42,57.57,71.07,65.46,69.19,84.26,13.02,11.85,40.15,46.26,84.95,81.68,79.57,74.62,72.87,85.86,63.77,81.62,19.7,14.16,<9.2.0,<9.2.0,<9.2.0,<9.2.0,<9.2.0,<9.2.0,<9.2.0,<9.2.0,<9.2.0,<9.2.0,<9.2.0,<9.2.0,<9.2.0,<9.2.0
"mlabonne/AlphaMonarch-7B (few-shot, val)",2.39,7242.0,32.0,8192,5340.04,False,True,49.11,64.78,52.72,39.49,16.09,54.94,56.13,46.28,67.03,70.77,60.53,48.45,15.1,48.57,53.5,42.46,48.8,63.38,61.9,57.16,66.92,57.81,19.53,51.96,9.83,47.95,62.04,30.27,12.5.2,12.5.2,12.5.2,12.5.2,12.5.2,12.5.2,12.5.2,12.5.2,12.5.2,12.5.2,12.5.2,12.5.2,12.5.2,12.5.2
ibm-granite/granite-3.0-8b-instruct (few-shot),2.39,8171.0,49.0,4096,1118.16,True,False,49.31,66.02,44.92,32.65,10.14,44.99,63.24,57.34,76.78,78.27,44.94,35.67,16.96,55.03,63.13,56.83,51.36,66.19,53.79,46.58,56.13,47.13,6.83,38.36,8.09,41.05,73.03,48.01,13.0.0,13.0.0,13.0.0,13.0.0,13.0.0,13.0.0,13.0.0,13.0.0,13.0.0,13.0.0,13.0.0,13.0.0,13.0.0,13.0.0
"KennethEnevoldsen/munin_mistral-7b (few-shot, val)",2.4,7242.0,32.0,32768,2543.28,False,True,47.52,55.98,46.7,36.3,8.04,36.02,64.15,60.05,77.66,78.59,52.34,39.14,6.0,36.34,64.12,60.16,56.37,69.55,51.82,44.64,62.55,49.66,6.04,36.34,-0.02,33.47,70.75,48.85,12.3.1,12.5.2,12.3.1,12.3.2,12.3.1,12.5.2,12.3.1,12.3.2,12.3.1,12.5.2,12.5.2,12.3.2,12.3.2,12.3.2
AI-Sweden-Models/Llama-3-8B (few-shot),2.4,8030.0,128.0,8192,4140.98,True,False,46.48,55.2,36.72,27.73,26.1,59.19,64.11,58.0,81.12,77.04,36.45,27.24,26.8,59.15,64.72,58.16,41.84,56.79,44.53,36.59,47.02,39.99,19.97,47.4,15.61,43.4,73.43,50.91,12.10.5,12.10.5,12.10.5,12.10.5,12.10.5,12.10.5,12.10.5,12.10.5,12.10.5,12.10.5,12.10.5,12.10.5,12.10.5,12.10.5
danish-foundation-models/munin-7b-v0.1dev0 (few-shot),2.4,7242.0,32.0,8192,6112.86,True,False,36.47,50.72,39.12,28.74,26.76,57.02,64.41,58.75,73.05,74.56,47.1,35.06,30.29,61.4,63.51,57.39,39.21,56.54,50.43,42.19,54.2,43.92,20.51,52.48,11.66,48.13,73.95,51.57,12.4.0,12.5.2,12.4.0,12.4.0,12.4.0,12.5.2,12.4.0,12.4.0,12.4.0,12.5.2,12.5.2,12.4.0,12.4.0,12.4.0
Geotrend/bert-base-da-cased,2.4,104.0,23.0,512,15432.35,True,False,32.06,52.57,62.76,58.88,30.95,63.72,42.36,37.79,62.18,59.44,74.13,68.93,36.93,65.97,41.94,37.59,32.73,46.52,87.52,83.86,82.66,78.65,36.41,65.2,30.37,62.12,49.9,37.71,<9.2.0,<9.2.0,<9.2.0,<9.2.0,<9.2.0,<9.2.0,<9.2.0,<9.2.0,<9.2.0,<9.2.0,<9.2.0,<9.2.0,<9.2.0,<9.2.0
KBLab/megatron-bert-base-swedish-cased-125k,2.42,135.0,64.0,512,15762.86,True,False,36.31,57.37,53.93,52.04,23.46,58.91,34.34,27.85,75.85,70.58,79.29,73.18,70.43,83.85,44.01,37.56,33.88,49.21,77.98,75.03,75.0,71.0,24.23,58.89,18.18,57.28,30.08,20.56,<9.2.0,<9.2.0,<9.2.0,<9.2.0,<9.2.0,<9.2.0,<9.2.0,<9.2.0,<9.2.0,<9.2.0,<9.2.0,<9.2.0,<9.2.0,<9.2.0
google/gemma-7b (few-shot),2.43,8538.0,256.0,8192,1377.83,True,False,46.55,59.52,19.59,15.47,32.64,63.84,64.81,59.4,77.72,77.58,43.68,29.4,36.25,65.08,64.23,58.62,41.82,53.06,26.43,26.32,32.66,29.43,25.82,59.85,20.16,53.83,75.16,52.68,12.9.1,12.9.1,12.9.1,12.9.1,12.9.1,12.9.1,12.9.1,12.9.1,12.9.1,12.9.1,12.9.1,12.9.1,12.9.1,12.9.1
Mabeck/Heidrun-Mistral-7B-base (few-shot),2.44,7242.0,32.0,32768,3822.53,True,False,39.38,49.16,40.14,28.08,21.85,53.75,63.63,58.07,79.43,78.21,48.43,35.31,17.37,52.91,62.72,57.05,48.64,66.06,50.1,41.8,54.81,45.95,10.31,43.68,1.11,36.52,65.18,42.2,11.0.0,11.0.0,11.0.0,11.0.0,11.0.0,11.0.0,11.0.0,11.0.0,11.0.0,11.0.0,11.0.0,11.0.0,11.0.0,11.0.0
mistralai/Mistral-7B-v0.3 (few-shot),2.44,7248.0,33.0,32768,1364.05,True,False,45.92,61.91,43.6,32.17,15.43,46.2,64.43,59.13,79.08,78.81,49.18,39.25,11.06,38.96,64.79,58.98,44.61,62.22,50.56,44.38,52.65,46.48,12.1,43.27,9.3,46.11,68.61,45.15,12.10.4,12.10.4,12.10.4,12.10.4,12.10.4,12.10.4,12.10.4,12.10.4,12.10.4,12.10.4,12.10.4,12.10.4,12.10.4,12.10.4
alpindale/Mistral-7B-v0.2-hf (few-shot),2.44,7242.0,32.0,32768,1841.12,True,False,45.86,61.89,43.65,32.21,15.19,46.19,64.43,59.14,78.9,78.62,48.96,39.25,10.82,38.95,64.72,58.91,44.05,61.8,50.63,44.59,52.69,46.51,11.6,43.01,9.26,46.28,68.68,45.23,12.5.1,12.5.2,12.5.1,12.5.1,12.5.1,12.5.2,12.5.1,12.5.1,12.5.1,12.5.2,12.5.2,12.5.1,12.5.1,12.5.1
microsoft/infoxlm-base,2.45,278.0,250.0,512,34735.22,True,False,46.78,64.46,69.78,65.83,11.27,51.47,33.33,28.28,71.48,65.72,79.43,74.17,7.26,45.42,38.23,33.72,44.42,57.73,90.14,87.71,84.12,80.21,11.2,48.77,7.12,49.23,62.39,47.69,<9.2.0,<9.2.0,<9.2.0,<9.2.0,<9.2.0,<9.2.0,<9.2.0,<9.2.0,<9.2.0,<9.2.0,<9.2.0,<9.2.0,<9.2.0,<9.2.0
ThatsGroes/munin-SkoleGPTOpenOrca-7b-16bit (few-shot),2.45,7242.0,32.0,32768,3005.72,False,False,39.63,46.93,45.37,28.99,21.77,47.96,64.76,58.28,77.98,72.79,44.64,31.3,16.57,51.86,63.73,57.31,50.39,66.42,51.99,37.4,52.74,36.83,0.99,33.56,1.27,34.04,72.6,47.95,11.0.0,11.0.0,11.0.0,12.4.0,11.0.0,11.0.0,11.0.0,12.4.0,11.0.0,11.0.0,11.0.0,11.0.0,11.0.0,12.4.0
CohereForAI/aya-23-8B (few-shot),2.45,8028.0,256.0,8192,1121.33,False,False,47.16,63.47,47.08,32.34,8.41,37.31,63.96,58.83,76.21,67.87,60.04,43.93,7.54,35.42,63.65,58.6,35.73,50.42,60.94,53.33,59.61,50.84,6.18,35.4,4.0,36.17,71.95,46.52,13.0.0,13.0.0,13.0.0,13.0.0,13.0.0,13.0.0,13.0.0,13.0.0,13.0.0,13.0.0,13.0.0,13.0.0,13.0.0,13.0.0
meta-llama/Llama-2-13b-chat-hf (few-shot),2.45,13016.0,32.0,4096,2849.49,True,False,45.41,62.27,44.0,29.0,16.17,56.93,63.94,57.06,77.19,79.13,49.9,35.48,14.67,53.9,63.72,57.12,38.93,57.45,57.21,40.4,59.62,41.07,8.65,47.18,5.92,47.5,69.24,42.32,12.10.4,12.10.5,12.10.4,12.11.0,12.10.4,12.10.5,12.10.4,12.11.0,12.10.4,12.10.5,12.10.5,12.10.4,12.10.4,12.11.0
mistralai/Mistral-7B-v0.1 (few-shot),2.45,7242.0,32.0,32768,1445.59,True,False,43.16,54.53,45.42,32.66,8.79,38.38,64.55,59.43,80.0,79.8,53.34,40.48,4.61,34.51,64.65,58.99,47.25,64.53,52.0,43.55,55.12,45.34,8.66,38.87,6.8,39.72,70.86,46.86,<9.2.0,<9.2.0,<9.2.0,12.5.1,<9.2.0,<9.2.0,<9.2.0,12.5.1,<9.2.0,<9.2.0,<9.2.0,<9.2.0,<9.2.0,12.5.1
mhenrichsen/hestenettetLM (few-shot),2.45,7242.0,32.0,32768,1150.9,True,False,42.61,53.47,44.9,31.91,8.65,38.18,64.7,59.62,79.7,79.45,53.0,39.09,4.32,34.43,64.74,59.03,48.23,65.51,52.52,43.46,55.6,45.25,8.53,38.61,6.65,39.32,70.96,46.89,12.3.2,12.5.2,12.3.2,12.3.2,12.3.2,12.5.2,12.3.2,12.3.2,12.3.2,12.5.2,12.5.2,12.3.2,12.3.2,12.3.2
Twitter/twhin-bert-base,2.46,279.0,250.0,512,11513.72,True,False,42.17,61.25,60.01,56.13,29.43,62.08,34.82,29.79,66.62,61.9,70.17,64.19,46.72,72.15,35.79,31.38,37.02,47.88,84.11,81.35,77.22,73.67,35.42,66.3,6.87,50.7,36.16,25.98,<9.2.0,12.6.1,<9.2.0,<9.2.0,<9.2.0,<9.2.0,<9.2.0,<9.2.0,<9.2.0,<9.2.0,<9.2.0,<9.2.0,<9.2.0,12.6.1
bineric/NorskGPT-Llama-13B-v0.1 (few-shot),2.5,,32.0,4096,2856.44,False,False,44.28,55.59,44.17,31.63,3.11,34.35,63.25,55.59,79.05,77.87,49.26,36.92,0.22,33.38,63.61,56.78,48.86,64.32,56.72,43.75,57.62,43.81,9.87,44.29,6.9,48.96,69.36,41.27,12.10.4,12.10.4,12.10.4,12.10.4,12.10.4,12.10.4,12.10.4,12.10.4,12.10.4,12.10.4,12.10.4,12.10.4,12.10.4,12.10.4
bineric/NorskGPT-Llama3-8b (few-shot),2.5,8030.0,128.0,8192,3381.51,False,False,42.13,45.91,51.4,37.7,3.91,34.38,66.28,57.81,76.06,61.59,63.19,51.22,5.34,34.32,66.0,56.7,35.6,38.71,64.34,57.96,59.5,56.59,31.69,64.62,24.58,59.41,28.89,0.1,12.7.0,12.7.0,12.7.0,12.7.0,12.7.0,12.7.0,12.7.0,12.7.0,14.1.2,14.1.2,14.1.2,14.1.2,14.1.2,14.1.2
jhu-clsp/bernice,2.51,278.0,250.0,128,5566.94,True,False,47.2,64.51,61.98,58.3,40.52,67.99,15.93,13.53,70.91,67.12,71.34,65.04,53.52,76.15,18.47,16.41,39.63,49.23,84.11,81.19,77.82,73.93,45.75,71.33,33.74,63.89,7.65,5.35,<9.2.0,<9.2.0,<9.2.0,<9.2.0,<9.2.0,<9.2.0,<9.2.0,<9.2.0,<9.2.0,<9.2.0,<9.2.0,<9.2.0,<9.2.0,<9.2.0
RuterNorway/Llama-2-13b-chat-norwegian (few-shot),2.51,,32.0,4096,3254.47,False,False,43.4,57.24,43.17,31.37,11.08,43.4,63.1,56.81,74.17,76.62,50.85,39.65,7.51,37.81,63.28,57.32,41.36,58.47,58.61,47.74,60.4,47.53,6.52,38.1,3.95,42.37,65.76,38.93,9.3.1,9.3.1,9.3.1,9.3.1,9.3.1,9.3.1,9.3.1,9.3.1,9.3.1,9.3.1,9.3.1,9.3.1,9.3.1,9.3.1
clips/mfaq,2.51,278.0,250.0,128,5591.18,True,False,45.6,63.53,68.49,64.72,28.26,55.28,18.6,14.34,73.32,70.21,76.31,70.91,32.29,62.21,19.52,16.12,52.91,64.64,89.46,86.62,79.71,75.64,27.55,53.28,15.2,51.91,17.38,12.36,<9.2.0,<9.2.0,<9.2.0,<9.2.0,<9.2.0,<9.2.0,<9.2.0,<9.2.0,<9.2.0,<9.2.0,<9.2.0,<9.2.0,<9.2.0,<9.2.0
flax-community/nordic-roberta-wiki,2.51,125.0,50.0,512,16226.52,True,False,34.45,55.56,60.82,57.64,41.89,70.04,31.55,26.83,61.11,58.97,72.9,66.93,55.05,76.76,33.6,29.04,36.27,50.95,85.42,82.31,78.92,74.86,48.07,72.0,29.81,64.03,1.08,0.44,<9.2.0,<9.2.0,<9.2.0,<9.2.0,<9.2.0,<9.2.0,<9.2.0,<9.2.0,<9.2.0,<9.2.0,<9.2.0,<9.2.0,<9.2.0,<9.2.0
sentence-transformers/paraphrase-xlm-r-multilingual-v1,2.52,278.0,250.0,512,20154.46,True,False,46.39,63.97,61.17,58.41,38.61,67.08,25.77,19.9,71.33,65.44,70.22,63.97,39.6,66.6,24.75,18.65,49.93,62.37,81.26,77.69,74.05,69.84,38.26,66.01,25.17,61.27,0.0,0.0,<9.2.0,<9.2.0,<9.2.0,<9.2.0,<9.2.0,<9.2.0,<9.2.0,<9.2.0,<9.2.0,<9.2.0,<9.2.0,<9.2.0,<9.2.0,<9.2.0
mistralai/Mistral-7B-Instruct-v0.2 (few-shot),2.52,7242.0,32.0,32768,2370.41,False,False,48.09,65.4,44.89,29.13,19.06,58.77,60.81,51.56,62.9,70.61,47.92,33.0,19.95,56.49,61.42,52.51,38.79,53.72,53.42,42.63,54.34,41.06,17.06,56.51,11.0,53.26,64.27,35.74,9.2.0,9.2.0,9.3.1,12.4.0,9.2.0,9.2.0,9.3.1,12.4.0,9.2.0,9.2.0,9.2.0,9.3.1,9.3.1,12.4.0
KBLab/bert-base-swedish-cased-new,2.52,135.0,64.0,512,15932.9,True,False,38.46,58.57,59.37,57.15,4.61,49.7,28.47,23.13,76.04,72.61,79.99,74.07,73.52,85.57,35.83,30.6,33.94,47.96,83.23,80.34,79.16,75.55,9.56,52.24,4.16,50.07,33.72,22.84,<9.2.0,<9.2.0,<9.2.0,<9.2.0,<9.2.0,<9.2.0,<9.2.0,<9.2.0,<9.2.0,<9.2.0,<9.2.0,<9.2.0,<9.2.0,<9.2.0
DDSC/roberta-base-scandinavian,2.52,125.0,50.0,512,14490.87,True,False,44.48,62.62,43.9,41.25,30.37,63.92,33.71,28.89,72.28,71.62,58.84,53.63,37.61,66.93,35.43,30.59,46.74,60.25,71.73,68.5,79.8,75.76,8.02,50.3,17.04,56.87,42.5,29.26,<9.2.0,<9.2.0,<9.2.0,<9.2.0,<9.2.0,<9.2.0,<9.2.0,<9.2.0,<9.2.0,<9.2.0,<9.2.0,<9.2.0,<9.2.0,<9.2.0
neph1/bellman-7b-mistral-instruct-v0.2 (few-shot),2.53,7242.0,32.0,32768,2517.83,False,False,47.58,63.81,46.11,28.75,18.41,57.44,60.8,52.78,55.84,66.96,54.38,39.66,16.05,54.22,61.85,53.22,38.81,56.39,57.01,44.65,56.77,41.67,14.16,54.43,9.29,50.59,59.21,32.75,9.2.0,9.2.0,9.2.0,12.4.0,9.2.0,9.2.0,9.2.0,12.4.0,9.2.0,9.2.0,9.2.0,9.2.0,9.2.0,12.4.0
sentence-transformers/paraphrase-multilingual-mpnet-base-v2,2.54,278.0,250.0,512,15099.94,True,False,49.13,65.84,61.18,57.94,29.66,63.05,26.42,19.99,73.47,70.2,65.14,59.82,36.62,66.09,25.0,18.65,55.53,68.89,81.94,78.39,75.56,71.27,36.01,64.39,14.99,54.08,0.0,0.0,<9.2.0,<9.2.0,<9.2.0,<9.2.0,<9.2.0,<9.2.0,<9.2.0,<9.2.0,<9.2.0,<9.2.0,<9.2.0,<9.2.0,<9.2.0,<9.2.0
"claude-3-5-haiku-20241022 (zero-shot, val)",2.55,,,200000,276.86,True,False,56.46,71.07,59.48,42.21,20.57,49.85,57.7,38.23,59.89,62.05,57.06,38.72,9.3,35.59,58.05,39.97,3.97,32.77,69.39,47.1,62.76,42.75,31.65,54.96,5.86,38.81,66.51,36.65,14.0.1,14.0.1,14.0.1,14.0.1,14.0.2,14.0.2,14.0.3,14.0.3,14.0.2,14.0.3,14.0.3,14.0.3,14.0.3,14.0.3
bineric/NorskGPT-Llama-7B-v0.1 (few-shot),2.57,6738.0,32.0,4096,5384.08,False,False,47.73,60.64,41.63,28.51,0.0,33.41,61.7,54.25,60.91,59.47,53.95,42.16,0.32,33.39,63.41,55.28,50.94,66.55,56.18,49.39,56.96,48.3,8.19,45.17,5.55,48.92,69.72,41.35,12.3.2,12.5.2,12.3.2,12.3.2,12.3.2,12.5.2,12.3.2,12.3.2,12.3.2,12.5.2,12.5.2,12.3.2,12.3.2,12.3.2
meta-llama/Llama-2-13b-hf (few-shot),2.57,13016.0,32.0,4096,2898.43,True,False,23.01,36.55,41.28,31.98,23.5,58.11,65.52,60.29,78.45,79.73,54.52,44.11,21.55,49.54,65.01,59.71,23.75,42.92,51.12,47.26,55.35,49.99,14.0,42.71,7.61,45.86,72.68,49.24,12.10.4,12.10.5,12.10.4,12.10.5,12.10.4,12.10.5,12.10.4,12.10.5,12.10.4,12.10.5,12.10.5,12.10.4,12.10.4,12.10.5
flax-community/swe-roberta-wiki-oscar,2.58,125.0,50.0,512,15436.87,True,False,36.66,57.48,55.98,52.41,22.69,59.46,29.08,24.81,76.22,75.25,75.4,70.45,65.73,81.5,34.01,29.34,36.56,51.25,79.25,76.73,75.39,71.63,22.02,57.45,19.72,56.7,1.49,0.78,<9.2.0,<9.2.0,<9.2.0,<9.2.0,<9.2.0,<9.2.0,<9.2.0,<9.2.0,<9.2.0,<9.2.0,<9.2.0,<9.2.0,<9.2.0,<9.2.0
bineric/NorskGPT-Mistral-7b (few-shot),2.58,7242.0,32.0,32768,1269.01,False,False,40.41,44.17,50.76,32.89,0.0,33.41,63.8,57.26,74.3,60.35,58.4,40.55,0.0,33.37,65.78,59.16,35.49,38.02,62.91,46.57,60.2,43.56,15.32,45.56,9.69,44.11,49.25,27.07,9.3.1,9.3.1,9.3.1,12.5.1,9.3.1,9.3.1,9.3.1,12.5.1,14.1.2,14.0.4,14.0.4,14.1.2,14.1.2,14.0.4
sentence-transformers/stsb-xlm-r-multilingual,2.58,278.0,250.0,512,15039.9,True,False,42.26,61.41,58.52,55.04,34.8,64.51,25.68,19.6,72.77,68.13,68.94,62.54,40.21,67.11,25.99,20.09,52.16,66.79,80.08,75.93,74.59,70.26,36.3,65.52,14.21,52.78,0.0,0.0,<9.2.0,<9.2.0,<9.2.0,<9.2.0,<9.2.0,<9.2.0,<9.2.0,<9.2.0,<9.2.0,<9.2.0,<9.2.0,<9.2.0,<9.2.0,<9.2.0
mistralai/Mistral-7B-Instruct-v0.1 (few-shot),2.58,7242.0,32.0,32768,633.64,False,False,44.49,60.64,37.93,23.54,14.09,42.43,58.78,51.38,73.33,76.19,45.01,27.59,11.59,40.89,59.29,52.12,43.65,60.88,50.08,34.52,51.27,33.37,14.09,44.91,8.28,47.22,63.67,37.23,9.3.1,9.3.1,9.3.1,12.4.0,9.3.1,9.3.1,9.3.1,12.4.0,9.3.1,9.3.1,9.3.1,9.3.1,9.3.1,12.4.0
ibm-granite/granite-8b-code-base-4k (few-shot),2.59,8055.0,49.0,4096,2312.61,True,False,39.07,56.85,48.44,36.99,9.72,46.85,56.54,51.18,74.45,72.26,59.77,45.71,3.97,34.79,56.07,50.18,42.0,59.9,68.4,62.53,65.15,60.39,5.2,36.33,3.32,37.81,60.94,37.51,13.0.0,13.0.0,13.0.0,13.0.0,13.0.0,13.0.0,13.0.0,13.0.0,13.0.0,13.0.0,13.0.0,13.0.0,13.0.0,13.0.0
distilbert/distilbert-base-multilingual-cased,2.59,135.0,120.0,512,26354.74,True,False,32.53,54.09,58.12,54.97,35.53,66.86,32.96,28.19,59.66,56.16,70.08,64.46,33.71,65.32,36.44,31.48,33.16,46.93,83.62,80.61,80.69,76.61,36.1,66.11,30.1,64.29,30.04,19.26,<9.2.0,<9.2.0,<9.2.0,<9.2.0,<9.2.0,<9.2.0,<9.2.0,<9.2.0,<9.2.0,<9.2.0,<9.2.0,<9.2.0,<9.2.0,<9.2.0
meta-llama/Llama-3.2-3B (few-shot),2.6,3213.0,128.0,131073,3713.14,True,False,38.9,44.34,41.13,27.15,9.6,44.34,62.25,56.85,77.76,67.88,51.06,31.63,5.88,38.51,62.93,57.43,39.96,58.34,49.57,37.13,52.13,38.26,3.2,37.62,3.72,38.51,68.67,45.54,13.0.0,13.0.0,13.0.0,13.0.0,13.0.0,13.0.0,13.0.0,13.0.0,13.0.0,13.0.0,13.0.0,13.0.0,13.0.0,13.0.0
Geotrend/distilbert-base-25lang-cased,2.6,109.0,85.0,512,26098.8,True,False,31.81,53.25,58.44,55.32,34.13,65.98,32.18,27.6,60.69,56.69,70.56,64.49,30.83,63.39,36.45,31.41,33.19,46.63,83.59,80.55,80.29,76.08,32.6,65.19,24.97,61.39,30.69,19.93,<9.2.0,<9.2.0,<9.2.0,<9.2.0,<9.2.0,<9.2.0,<9.2.0,<9.2.0,<9.2.0,<9.2.0,<9.2.0,<9.2.0,<9.2.0,<9.2.0
google/gemma-2-2b-it (few-shot),2.6,2614.0,256.0,8193,5373.87,True,False,47.11,63.36,28.22,19.95,19.99,58.86,58.49,48.0,75.84,77.22,35.61,26.05,15.62,51.3,58.65,47.76,46.84,63.22,35.56,28.84,37.7,30.22,17.15,55.59,14.38,54.95,63.79,29.75,13.0.0,13.0.0,13.0.0,13.0.0,13.0.0,13.0.0,13.0.0,13.0.0,13.0.0,13.0.0,13.0.0,13.0.0,13.0.0,13.0.0
Geotrend/distilbert-base-en-fr-de-no-da-cased,2.61,76.0,42.0,512,26081.06,True,False,31.3,52.43,58.78,55.5,34.92,66.69,32.53,27.86,59.83,55.15,69.94,63.93,29.82,63.32,36.2,31.13,32.66,46.26,83.49,80.32,80.23,76.1,33.65,65.22,29.07,63.35,29.94,19.29,<9.2.0,<9.2.0,<9.2.0,<9.2.0,<9.2.0,<9.2.0,<9.2.0,<9.2.0,<9.2.0,<9.2.0,<9.2.0,<9.2.0,<9.2.0,<9.2.0
occiglot/occiglot-7b-eu5-instruct (few-shot),2.62,7242.0,32.0,32768,2087.8,False,False,42.31,59.29,40.19,29.73,1.14,33.83,63.95,57.89,71.73,74.97,47.67,36.91,7.9,41.24,64.48,57.78,44.46,62.0,45.5,40.02,45.96,41.28,0.0,33.41,0.0,33.86,74.97,52.19,12.2.0,12.5.2,12.3.1,12.4.0,12.2.0,12.5.2,12.3.1,12.4.0,12.2.0,12.5.2,12.5.2,12.3.1,12.3.1,12.4.0
danish-foundation-models/munin-7b-alpha (few-shot),2.62,7242.0,32.0,32768,6116.08,True,False,36.89,43.77,40.6,28.71,26.41,53.03,63.44,57.81,78.8,75.28,42.23,30.3,15.47,54.26,62.43,56.75,20.54,36.3,48.89,35.46,51.95,36.45,4.39,35.23,1.2,34.54,70.08,47.16,12.4.0,12.5.2,12.4.0,12.4.0,12.4.0,12.5.2,12.4.0,12.4.0,12.4.0,12.5.2,12.5.2,12.4.0,12.4.0,12.4.0
ibm-granite/granite-3.0-2b-instruct (few-shot),2.62,2634.0,49.0,4097,10193.87,True,False,41.86,61.22,41.79,32.67,11.86,50.92,59.28,51.97,72.76,72.65,45.23,37.99,11.25,51.22,59.36,52.22,39.87,55.71,52.68,46.01,53.17,47.77,12.08,51.41,7.18,48.84,61.0,36.0,13.0.0,13.0.0,13.0.0,13.0.0,13.0.0,13.0.0,13.0.0,13.0.0,13.0.0,13.0.0,13.0.0,13.0.0,13.0.0,13.0.0
ibm-granite/granite-8b-code-instruct-4k (few-shot),2.62,8055.0,49.0,4096,5616.81,True,False,37.11,56.47,45.9,33.0,11.7,50.31,55.71,50.11,73.93,73.97,52.85,35.11,8.27,43.29,54.5,48.49,40.71,59.35,66.91,54.98,62.82,53.14,9.5,46.31,6.74,42.1,55.3,32.83,13.0.0,13.0.0,13.0.0,13.0.0,13.0.0,13.0.0,13.0.0,13.0.0,13.0.0,13.0.0,13.0.0,13.0.0,13.0.0,13.0.0
meta-llama/Llama-3.2-3B-Instruct (few-shot),2.62,3213.0,128.0,131073,10423.76,False,False,42.77,54.7,41.12,32.5,11.52,49.37,60.18,51.14,76.98,71.38,43.74,34.37,16.01,51.83,57.83,48.38,44.13,60.09,49.66,39.31,51.98,42.48,0.67,33.81,1.11,33.03,56.91,28.62,13.0.0,13.0.0,13.0.0,13.0.0,13.0.0,13.0.0,13.0.0,13.0.0,13.0.0,13.0.0,13.0.0,13.0.0,13.0.0,13.0.0
Geotrend/distilbert-base-en-no-cased,2.63,69.0,33.0,512,26597.05,True,False,32.95,54.57,57.53,54.43,33.63,65.69,32.05,27.21,59.53,57.93,69.28,63.61,29.36,63.6,35.34,30.42,32.32,47.12,83.93,81.01,79.39,75.07,36.15,66.57,30.17,63.98,30.26,19.71,<9.2.0,<9.2.0,<9.2.0,<9.2.0,<9.2.0,<9.2.0,<9.2.0,<9.2.0,<9.2.0,<9.2.0,<9.2.0,<9.2.0,<9.2.0,<9.2.0
occiglot/occiglot-7b-eu5 (few-shot),2.63,7242.0,32.0,32768,2219.46,True,False,44.62,62.62,37.93,29.5,0.28,33.48,62.89,58.05,76.56,78.16,49.02,41.69,2.18,36.26,63.65,58.98,44.95,61.88,45.28,41.73,46.0,42.96,0.0,33.41,0.0,33.86,66.65,43.88,12.1.0,12.5.2,12.1.0,12.1.0,12.1.0,12.5.2,12.1.0,12.1.0,12.1.0,12.5.2,12.5.2,12.1.0,12.1.0,12.1.0
tollefj/nordavind-7b-instruct-warm (few-shot),2.64,7248.0,33.0,2048,6450.44,False,False,49.44,66.0,38.39,24.87,7.5,47.53,57.72,51.24,77.91,76.08,47.24,24.94,5.55,48.57,57.55,51.41,38.05,47.06,38.82,30.48,43.28,33.87,8.45,46.75,7.5,48.14,64.21,40.47,12.3.2,12.5.2,12.3.2,12.4.0,12.3.2,12.5.2,12.3.2,12.4.0,12.3.2,12.5.2,12.5.2,12.3.2,12.3.2,12.4.0
Geotrend/distilbert-base-en-da-cased,2.64,69.0,33.0,512,26196.27,True,False,31.89,53.99,59.5,56.28,36.0,67.38,33.19,28.41,59.42,55.74,69.62,63.51,29.01,62.65,36.82,31.82,29.37,44.05,83.27,80.29,79.59,75.31,31.5,64.62,24.06,61.01,29.69,18.62,<9.2.0,<9.2.0,<9.2.0,<9.2.0,<9.2.0,<9.2.0,<9.2.0,<9.2.0,<9.2.0,<9.2.0,<9.2.0,<9.2.0,<9.2.0,<9.2.0
Geotrend/distilbert-base-da-cased,2.66,61.0,23.0,512,28949.94,True,False,32.13,53.89,58.36,55.3,34.75,65.89,32.16,27.5,58.47,56.03,69.25,63.9,29.8,63.53,35.37,30.61,30.7,43.77,82.84,79.91,78.83,74.64,34.24,65.6,27.2,62.87,26.22,16.44,<9.2.0,<9.2.0,<9.2.0,<9.2.0,<9.2.0,<9.2.0,<9.2.0,<9.2.0,<9.2.0,<9.2.0,<9.2.0,<9.2.0,<9.2.0,<9.2.0
TrustLLMeu/baseline-7-8b_1t-tokens_llama (few-shot),2.67,7800.0,100.0,4096,6196.57,True,False,45.67,58.41,34.25,30.39,10.62,53.2,56.92,50.77,79.18,76.66,42.87,40.34,8.65,46.95,57.58,51.56,37.79,56.41,42.77,40.31,45.69,43.11,8.77,49.11,8.47,49.65,65.11,44.24,13.0.0,13.0.0,13.0.0,13.0.0,13.0.0,13.0.0,13.0.0,13.0.0,13.0.0,13.0.0,13.0.0,13.0.0,13.0.0,13.0.0
meta-llama/Llama-2-7b-hf (few-shot),2.69,6738.0,32.0,4096,930.05,True,False,43.91,61.54,31.77,22.31,0.31,33.43,63.54,58.44,79.05,75.52,44.11,31.64,7.34,43.83,63.16,57.49,41.74,57.91,42.13,37.17,43.8,37.48,0.0,33.41,0.02,33.88,66.18,44.19,9.2.0,9.2.0,9.2.0,12.5.1,9.2.0,9.2.0,9.2.0,12.5.1,9.2.0,9.2.0,9.2.0,9.2.0,9.2.0,12.5.1
LumiOpen/Viking-33B@1000B (few-shot),2.69,33119.0,131.0,4099,2079.9,True,False,45.05,62.23,34.22,22.52,9.4,44.83,60.33,54.92,77.68,78.86,42.35,28.31,8.08,50.52,60.34,54.57,40.79,57.84,40.4,30.41,44.45,34.06,5.91,47.81,2.98,45.49,59.72,37.75,12.9.0,12.9.0,12.9.0,12.9.0,12.9.0,12.9.0,12.9.0,12.9.0,12.9.0,12.9.0,12.9.0,12.9.0,12.9.0,12.9.0
norallm/normistral-7b-warm-instruct (few-shot),2.7,,33.0,2048,6193.5,True,False,47.48,63.93,39.83,25.99,4.55,42.91,57.45,49.23,63.64,65.08,51.45,26.49,5.8,51.04,57.09,48.95,37.98,43.91,46.49,31.87,51.46,35.87,7.86,47.2,7.23,46.62,59.27,33.31,12.6.1,12.6.1,12.6.1,12.6.1,12.6.1,12.6.1,12.6.1,12.6.1,12.6.1,12.6.1,12.6.1,12.6.1,12.6.1,12.6.1
meta-llama/Llama-2-7b-chat-hf (few-shot),2.71,6738.0,32.0,4096,2643.05,False,False,44.88,62.35,35.44,24.63,9.74,47.42,61.34,55.04,66.18,72.0,39.72,29.85,6.74,45.55,60.9,54.05,41.56,57.09,44.99,38.59,49.09,39.09,3.04,36.81,4.03,40.55,61.99,33.77,9.3.1,9.3.1,9.3.1,12.4.0,9.3.1,9.3.1,9.3.1,12.4.0,9.3.1,9.3.1,9.3.1,9.3.1,9.3.1,12.4.0
NorwAI/NorwAI-Mistral-7B (few-shot),2.71,7537.0,68.0,4096,3034.67,True,False,48.39,64.51,21.47,16.98,12.46,52.33,58.49,52.51,80.26,77.89,23.88,17.99,13.5,52.55,60.74,55.02,49.0,65.98,21.09,20.45,26.31,26.42,7.15,40.83,7.98,45.21,68.04,47.7,12.10.5,12.10.5,12.10.5,12.10.5,12.10.4,12.10.5,12.10.5,12.10.5,12.10.4,12.10.4,12.10.4,12.10.4,12.10.4,12.10.4
sentence-transformers/paraphrase-multilingual-MiniLM-L12-v2,2.71,118.0,250.0,512,29200.68,True,False,44.48,63.11,56.75,53.43,26.74,62.19,25.53,17.89,72.19,67.88,66.5,59.99,28.75,63.3,23.08,15.91,47.53,62.73,78.31,74.65,72.13,67.28,26.92,61.93,14.63,56.24,0.0,0.0,<9.2.0,<9.2.0,<9.2.0,<9.2.0,<9.2.0,<9.2.0,<9.2.0,<9.2.0,<9.2.0,<9.2.0,<9.2.0,<9.2.0,<9.2.0,<9.2.0
sarnikowski/convbert-medium-small-da-cased,2.71,24.0,29.0,512,13820.64,True,False,36.85,56.27,64.28,59.29,63.55,81.41,29.88,24.52,57.67,53.64,58.01,53.87,13.4,55.37,30.11,24.92,32.4,44.59,79.5,76.09,73.03,68.84,41.65,70.35,25.53,62.04,8.15,5.41,<9.2.0,<9.2.0,<9.2.0,<9.2.0,<9.2.0,<9.2.0,<9.2.0,<9.2.0,<9.2.0,<9.2.0,<9.2.0,<9.2.0,<9.2.0,<9.2.0
emillykkejensen/Phi-3-mini-4k-instruct-dansk (few-shot),2.71,3821.0,32.0,4096,1360.1,False,False,44.93,62.99,39.96,25.49,4.01,45.8,60.67,55.01,68.43,68.82,47.81,27.94,3.63,43.69,58.8,53.03,42.27,56.76,56.41,37.55,53.95,38.44,0.0,33.41,0.21,34.08,53.48,29.35,12.10.4,12.10.4,12.10.4,12.10.4,12.10.4,12.10.4,12.10.4,12.10.4,12.10.4,12.10.4,12.10.4,12.10.4,12.10.4,12.10.4
Twitter/twhin-bert-large,2.71,561.0,250.0,512,9706.97,True,False,39.36,58.64,66.39,62.24,7.06,49.71,38.42,33.88,63.35,60.33,74.26,68.2,16.07,52.48,41.72,36.77,34.17,43.74,86.26,83.48,80.1,76.17,12.11,50.33,4.28,45.75,16.38,11.74,<9.2.0,<9.2.0,<9.2.0,<9.2.0,<9.2.0,<9.2.0,<9.2.0,<9.2.0,<9.2.0,<9.2.0,<9.2.0,<9.2.0,<9.2.0,<9.2.0
microsoft/Phi-3-mini-4k-instruct (few-shot),2.74,3821.0,32.0,4096,3194.33,True,False,42.6,61.52,41.37,24.64,6.52,45.01,57.75,50.57,67.17,70.99,46.15,24.28,5.3,47.01,57.49,51.12,37.18,55.44,56.33,36.68,54.68,37.85,6.76,41.69,6.79,45.45,52.56,30.11,12.10.5,12.10.5,12.10.5,12.10.5,12.10.5,12.10.5,12.10.5,12.10.5,12.10.4,12.10.4,12.10.4,12.10.4,12.10.4,12.10.4
"merge-crew/da-sv-dare-ties-density-0.3 (few-shot, val)",2.74,7242.0,32.0,32768,2460.88,True,True,48.49,63.06,30.16,25.03,5.52,38.81,57.22,52.44,75.33,77.99,32.37,24.6,12.73,45.51,58.32,53.05,38.98,58.23,35.98,27.51,47.39,36.42,11.54,49.91,5.2,46.19,56.56,37.54,10.0.1,10.0.1,10.0.1,10.0.1,10.0.1,10.0.1,10.0.1,10.0.1,10.0.1,10.0.1,10.0.1,10.0.1,10.0.1,10.0.1
jannikskytt/MeDa-Bert,2.74,111.0,32.0,511,16113.51,True,False,44.62,62.33,64.64,59.54,47.47,70.55,29.91,23.14,53.98,52.94,48.32,45.04,3.33,51.06,29.17,23.15,38.94,53.58,71.69,68.09,60.0,56.64,30.32,62.42,7.99,53.24,37.28,24.02,<9.2.0,<9.2.0,<9.2.0,<9.2.0,<9.2.0,<9.2.0,<9.2.0,<9.2.0,<9.2.0,<9.2.0,<9.2.0,<9.2.0,<9.2.0,<9.2.0
timpal0l/Mistral-7B-v0.1-flashback-v2-instruct (few-shot),2.75,7242.0,32.0,32768,5172.48,False,False,40.65,57.47,37.02,27.64,7.48,46.56,59.07,52.71,77.06,79.02,46.74,33.57,14.0,53.89,63.45,56.74,32.19,43.19,50.34,45.09,52.06,46.88,-0.22,33.41,0.0,33.86,40.19,20.57,12.3.2,12.5.2,12.3.2,12.4.0,12.3.2,12.5.2,12.3.2,12.4.0,12.3.2,12.5.2,12.5.2,12.3.2,12.3.2,12.4.0
Addedk/kbbert-distilled-cased,2.75,82.0,50.0,512,29698.43,True,False,31.18,53.05,57.84,54.75,13.25,53.61,27.5,22.73,71.28,69.73,80.12,73.78,51.58,73.82,33.47,28.16,33.42,48.63,81.82,78.3,75.89,72.08,14.99,52.87,13.63,53.34,0.0,0.0,<9.2.0,<9.2.0,<9.2.0,<9.2.0,<9.2.0,<9.2.0,<9.2.0,<9.2.0,<9.2.0,<9.2.0,<9.2.0,<9.2.0,<9.2.0,<9.2.0
AI-Sweden-Models/gpt-sw3-40b (few-shot),2.76,39927.0,64.0,2048,408.99,True,False,47.81,64.26,26.57,17.35,11.13,51.34,60.13,53.78,80.44,77.81,32.0,17.02,10.73,51.37,60.53,53.8,31.05,45.69,24.07,19.09,26.67,21.18,10.8,52.29,8.89,47.62,71.66,48.78,12.9.0,12.9.0,12.9.0,12.9.0,12.9.0,12.9.0,12.9.0,12.9.0,12.9.0,12.9.0,12.9.0,12.9.0,12.9.0,12.9.0
danish-foundation-models/encoder-medium-v1,2.77,111.0,32.0,512,16130.05,True,False,39.91,58.47,63.42,58.69,51.01,74.54,31.49,25.76,58.7,58.15,49.62,46.05,2.23,46.43,30.8,25.45,36.56,51.54,68.66,65.08,61.77,57.87,31.23,63.55,5.4,44.64,34.52,22.56,<9.2.0,<9.2.0,<9.2.0,<9.2.0,<9.2.0,<9.2.0,<9.2.0,<9.2.0,<9.2.0,<9.2.0,<9.2.0,<9.2.0,<9.2.0,<9.2.0
mideind/IceBERT-xlmr-ic3,2.78,278.0,250.0,512,11004.24,True,False,37.47,56.94,58.49,56.15,6.71,45.62,35.52,30.6,66.01,57.28,70.57,70.41,10.2,50.8,36.08,30.71,37.19,47.27,82.46,83.74,74.22,77.5,13.25,48.39,7.96,45.68,30.21,18.75,12.7.0,12.7.0,12.7.0,12.7.0,12.7.0,12.7.0,12.7.0,12.7.0,12.7.0,12.7.0,12.7.0,12.7.0,12.7.0,12.7.0
AI-Sweden-Models/gpt-sw3-20b (few-shot),2.81,20918.0,64.0,2048,1875.24,True,False,30.23,41.05,27.41,19.03,11.34,46.62,59.56,52.8,79.2,79.87,31.86,21.95,12.26,46.9,60.28,53.58,34.5,42.21,30.82,25.27,39.56,32.12,15.17,49.46,12.46,48.89,66.15,42.81,12.10.0,9.3.1,9.3.1,9.3.1,12.10.0,9.3.1,9.3.1,9.3.1,12.10.0,9.3.1,9.3.1,9.3.1,9.3.1,9.3.1
neuralmagic/Sparse-Llama-3.1-8B-2of4 (few-shot),2.81,8030.0,128.0,131072,2996.46,True,False,37.08,54.37,27.6,25.68,10.84,49.05,63.61,58.67,76.57,76.28,33.21,32.18,10.51,49.04,63.06,58.15,32.18,50.19,35.54,35.62,36.61,37.38,0.0,33.25,0.0,32.79,68.45,43.47,13.2.0,13.2.0,13.2.0,13.2.0,13.2.0,13.2.0,13.2.0,13.2.0,13.2.0,13.2.0,13.2.0,13.2.0,13.2.0,13.2.0
Qwen/Qwen1.5-4B-Chat (few-shot),2.81,3950.0,152.0,32768,4347.23,False,False,42.04,60.76,35.96,28.58,8.65,49.56,59.73,53.68,64.08,69.62,40.19,31.88,5.43,38.32,59.57,53.21,32.7,45.73,44.83,40.11,46.29,41.63,3.57,37.05,1.61,37.85,67.11,42.55,10.0.1,12.5.2,12.1.0,12.5.2,10.0.1,12.5.2,12.1.0,12.5.2,10.0.1,12.5.2,12.5.2,12.1.0,12.1.0,12.5.2
Maltehb/danish-bert-botxo,2.82,111.0,32.0,512,16091.06,True,False,43.79,62.26,66.71,61.55,45.96,69.62,32.91,26.29,57.42,56.53,50.29,47.15,4.94,51.57,30.28,24.16,40.65,55.2,72.62,69.33,58.73,55.12,29.47,62.25,12.95,55.31,2.56,0.91,<9.2.0,<9.2.0,<9.2.0,<9.2.0,<9.2.0,<9.2.0,<9.2.0,<9.2.0,<9.2.0,<9.2.0,<9.2.0,<9.2.0,<9.2.0,<9.2.0
allenai/OLMo-1.7-7B-hf (few-shot),2.82,6888.0,50.0,4096,3371.43,True,False,31.57,46.48,33.8,25.32,2.76,44.96,59.5,54.2,76.6,64.63,41.25,32.87,6.37,49.55,61.35,54.87,36.68,46.78,42.78,37.34,42.85,37.34,2.39,43.99,1.91,44.2,62.28,39.16,12.10.4,12.10.5,12.10.4,12.10.5,12.10.4,12.10.5,12.10.4,12.10.5,12.10.4,12.10.5,12.10.5,12.10.4,12.10.4,12.10.5
DDSC/roberta-base-danish,2.83,125.0,50.0,512,15003.66,True,False,43.9,62.31,63.84,59.85,17.16,56.47,31.5,26.94,64.02,62.27,65.95,60.53,0.8,47.24,33.13,28.46,32.29,49.08,76.14,72.24,72.88,68.61,0.45,49.14,-0.08,45.89,36.47,23.91,<9.2.0,<9.2.0,<9.2.0,<9.2.0,<9.2.0,<9.2.0,<9.2.0,<9.2.0,<9.2.0,<9.2.0,<9.2.0,<9.2.0,<9.2.0,<9.2.0
norallm/normistral-7b-warm (few-shot),2.83,7248.0,33.0,2048,3174.78,True,False,40.51,55.84,37.8,24.74,3.35,44.6,55.58,49.08,76.09,74.78,48.78,26.81,2.53,47.37,55.09,48.93,27.05,45.3,42.29,31.45,46.29,35.99,1.63,38.29,2.57,40.92,61.85,39.18,11.0.0,11.0.0,11.0.0,11.0.0,11.0.0,11.0.0,11.0.0,11.0.0,11.0.0,11.0.0,11.0.0,11.0.0,11.0.0,11.0.0
google/gemma-7b-it (few-shot),2.83,8538.0,256.0,8192,1792.03,False,False,29.21,52.86,43.83,34.03,12.96,55.83,56.52,49.76,28.63,50.95,59.26,52.73,11.43,53.31,53.24,46.67,28.14,49.76,59.77,56.12,60.98,57.99,14.01,56.43,10.15,54.56,74.34,51.08,12.7.0,12.7.0,12.7.0,12.7.0,12.7.0,12.7.0,12.7.0,12.7.0,12.10.0,12.10.0,12.10.0,12.10.0,12.10.0,12.10.0
NorwAI/NorwAI-Llama2-7B (few-shot),2.84,7033.0,68.0,4096,4437.75,True,False,45.89,63.12,16.72,15.96,11.25,51.88,59.3,53.17,79.36,76.34,24.98,25.5,5.75,41.27,60.74,54.74,36.06,52.59,31.45,31.64,33.85,34.29,8.34,45.11,6.84,45.28,69.39,48.31,12.10.5,12.10.5,12.10.5,12.10.5,12.10.5,12.10.5,12.10.5,12.10.5,12.10.4,12.10.4,12.10.4,12.10.4,12.10.4,12.10.4
ltg/norbert3-xs,2.84,15.0,50.0,508,14208.46,True,False,39.16,58.91,59.94,58.86,2.16,48.93,28.57,24.69,59.27,55.26,67.53,62.96,2.83,49.25,27.79,24.11,49.92,63.75,87.63,84.17,80.19,75.7,7.93,50.87,5.06,51.44,34.67,22.46,<9.2.0,<9.2.0,<9.2.0,<9.2.0,<9.2.0,<9.2.0,<9.2.0,<9.2.0,<9.2.0,<9.2.0,<9.2.0,<9.2.0,<9.2.0,<9.2.0
sarnikowski/electra-small-discriminator-da-256-cased,2.85,13.0,29.0,512,20339.7,True,False,24.38,40.85,60.63,56.9,68.58,84.12,27.53,21.03,57.93,53.71,52.79,48.47,14.72,55.92,26.37,20.54,29.97,42.12,73.15,70.05,66.34,62.07,40.79,69.48,25.08,61.74,3.62,1.93,<9.2.0,<9.2.0,<9.2.0,<9.2.0,<9.2.0,<9.2.0,<9.2.0,<9.2.0,<9.2.0,<9.2.0,<9.2.0,<9.2.0,<9.2.0,<9.2.0
birgermoell/roberta-swedish-scandi,2.85,125.0,50.0,512,15384.84,True,False,33.51,54.93,49.22,47.83,12.08,54.24,28.88,24.49,69.96,68.67,68.55,62.0,52.88,75.25,32.49,27.99,29.68,43.64,72.74,69.79,69.74,65.59,15.83,55.51,8.7,52.69,1.93,1.04,<9.2.0,<9.2.0,<9.2.0,<9.2.0,<9.2.0,<9.2.0,<9.2.0,<9.2.0,<9.2.0,<9.2.0,<9.2.0,<9.2.0,<9.2.0,<9.2.0
MaLA-LM/emma-500-llama2-7b (few-shot),2.86,6738.0,32.0,4096,6275.17,True,False,29.32,41.08,28.18,24.25,2.9,37.93,62.92,56.48,75.64,76.06,41.49,38.09,0.66,33.73,63.85,57.48,32.67,44.37,36.96,34.68,39.38,37.06,2.18,38.05,5.33,44.3,67.75,45.23,13.0.0,13.0.0,13.0.0,13.0.0,13.0.0,13.0.0,13.0.0,13.0.0,13.0.0,13.0.0,13.0.0,13.0.0,13.0.0,13.0.0
Addedk/mbert-swedish-distilled-cased,2.87,135.0,120.0,512,26091.07,True,False,31.16,52.25,56.36,53.98,21.08,56.96,23.61,19.63,62.1,60.27,73.41,66.98,34.86,66.98,21.09,18.1,30.38,42.84,82.98,79.8,76.65,72.29,21.99,54.54,19.06,56.45,15.24,9.47,<9.2.0,<9.2.0,<9.2.0,<9.2.0,<9.2.0,<9.2.0,<9.2.0,<9.2.0,<9.2.0,<9.2.0,<9.2.0,<9.2.0,<9.2.0,<9.2.0
sarnikowski/convbert-small-da-cased,2.89,13.0,29.0,512,14273.42,True,False,29.52,47.81,60.59,57.31,57.1,78.14,25.69,20.16,53.7,51.98,55.06,51.37,12.38,55.18,27.59,22.53,32.49,43.12,76.07,72.78,70.94,66.73,35.43,66.84,21.11,60.09,2.78,1.84,<9.2.0,<9.2.0,<9.2.0,<9.2.0,<9.2.0,<9.2.0,<9.2.0,<9.2.0,<9.2.0,<9.2.0,<9.2.0,<9.2.0,<9.2.0,<9.2.0
LumiOpen/Viking-13B (few-shot),2.91,14030.0,131.0,4097,839.52,True,False,48.71,60.9,28.6,20.29,2.3,37.21,58.96,53.85,78.66,78.34,31.55,18.37,5.69,44.98,57.87,52.93,29.22,39.25,26.76,23.69,35.38,27.52,2.58,36.11,2.79,36.17,53.61,34.41,12.10.5,12.10.5,12.10.5,12.10.5,12.10.5,12.10.5,12.10.5,12.10.5,12.10.5,12.10.5,12.10.4,12.10.4,12.10.4,12.10.4
HPLT/gpt-33b-nordic-prerelease (few-shot),2.91,33119.0,131.0,4099,501.12,True,False,44.7,60.56,25.35,17.77,1.43,34.16,58.32,52.29,76.75,74.66,33.61,22.18,1.66,33.6,56.96,50.68,38.88,54.92,31.38,24.32,37.84,29.35,3.41,35.53,3.11,39.8,51.24,30.39,12.9.1,12.9.1,12.10.0,12.10.0,12.9.1,12.9.1,12.10.0,12.10.0,12.9.1,12.9.1,12.10.0,12.10.0,12.10.0,12.10.0
ibm-granite/granite-3.0-2b-base (few-shot),2.91,2534.0,49.0,4097,10186.88,True,False,29.5,42.61,32.34,24.48,3.89,37.29,59.15,53.67,68.85,70.02,36.54,28.79,2.6,40.21,59.78,54.58,35.36,54.88,43.0,35.39,45.08,38.16,2.79,41.9,1.95,38.91,59.74,37.33,13.0.0,13.0.0,13.0.0,13.0.0,13.0.0,13.0.0,13.0.0,13.0.0,13.0.0,13.0.0,13.0.0,13.0.0,13.0.0,13.0.0
ibm-granite/granite-3.0-3b-a800m-instruct (few-shot),2.92,3374.0,49.0,4096,10246.27,True,False,31.44,48.96,37.37,26.81,5.27,40.63,55.05,48.41,68.96,72.76,40.68,24.33,4.77,43.64,56.63,49.73,32.29,51.91,44.89,34.93,48.08,34.39,7.49,47.79,4.65,45.75,47.59,26.37,13.0.0,13.0.0,13.0.0,13.0.0,13.0.0,13.0.0,13.0.0,13.0.0,13.0.0,13.0.0,13.0.0,13.0.0,13.0.0,13.0.0
stabilityai/stablelm-2-1_6b (few-shot),2.93,1645.0,100.0,4096,7258.53,True,False,39.09,45.25,28.45,22.9,1.43,37.98,57.34,51.67,75.15,61.46,38.0,29.74,1.04,34.49,58.91,53.11,33.71,55.0,41.64,39.43,42.37,40.79,-0.19,33.29,-0.01,34.51,50.96,30.14,12.10.8,12.10.8,12.10.8,12.10.8,12.10.8,12.10.8,12.10.8,12.10.8,12.10.8,12.10.8,12.10.8,12.10.8,12.10.8,12.10.8
01-ai/Yi-1.5-6B (few-shot),2.94,6061.0,64.0,4097,2867.41,True,False,12.73,22.69,35.21,23.65,4.75,35.71,61.53,55.95,70.71,71.19,45.55,26.78,4.83,36.64,61.21,55.25,27.86,31.62,46.02,35.05,48.72,35.97,2.41,35.6,2.5,34.9,67.06,44.7,13.0.0,13.0.0,13.0.0,13.0.0,13.0.0,13.0.0,13.0.0,13.0.0,13.0.0,13.0.0,13.0.0,13.0.0,13.0.0,13.0.0
NbAiLab/nb-llama-3.1-8B (few-shot),2.96,8030.0,128.0,131072,1297.18,True,False,37.14,44.74,44.83,29.75,10.13,38.99,25.61,8.09,80.41,76.59,53.65,39.64,5.81,35.16,27.86,10.43,31.84,35.1,51.85,39.77,54.79,44.97,36.3,64.51,32.19,62.68,21.7,0.71,14.1.2,14.0.4,14.1.2,14.0.4,14.1.2,14.0.4,14.1.2,14.0.4,14.1.2,14.0.4,14.0.4,14.1.2,14.1.2,14.0.4
dbmdz/bert-base-historic-multilingual-cased,2.98,111.0,32.0,512,20046.97,True,False,24.17,43.75,47.61,45.91,8.14,51.78,30.51,25.19,64.25,63.62,68.83,63.29,28.62,59.33,34.26,28.78,25.68,41.65,68.63,64.83,67.7,63.7,6.73,48.2,3.35,47.52,34.64,22.57,<9.2.0,<9.2.0,<9.2.0,<9.2.0,<9.2.0,<9.2.0,<9.2.0,<9.2.0,<9.2.0,<9.2.0,<9.2.0,<9.2.0,<9.2.0,<9.2.0
AI-Sweden-Models/gpt-sw3-20b-instruct (few-shot),2.98,20918.0,64.0,2048,1830.86,True,False,32.78,47.79,15.94,14.05,7.86,41.91,60.27,52.16,68.23,71.17,15.7,14.65,12.39,50.99,60.86,52.04,40.89,59.86,23.95,21.43,26.55,25.06,9.45,44.62,8.32,42.3,67.93,43.19,9.3.1,9.3.1,9.3.1,9.3.1,9.3.1,9.3.1,9.3.1,9.3.1,9.3.1,9.3.1,9.3.1,9.3.1,9.3.1,9.3.1
ibm-granite/granite-3b-code-instruct-2k (few-shot),2.99,3483.0,49.0,2048,9058.91,True,False,31.54,50.61,37.21,27.74,6.3,49.09,51.51,44.86,65.67,64.0,50.1,42.8,4.55,45.11,49.35,42.83,26.21,43.33,53.78,49.41,55.14,51.07,3.9,43.86,2.42,41.58,45.77,24.86,13.0.0,13.0.0,13.0.0,13.0.0,13.0.0,13.0.0,13.0.0,13.0.0,13.0.0,13.0.0,13.0.0,13.0.0,13.0.0,13.0.0
google/gemma-2-2b (few-shot),2.99,2614.0,256.0,8193,5235.32,True,False,34.94,42.58,17.29,13.87,6.39,45.03,59.95,54.94,76.36,65.98,30.45,23.98,6.06,49.8,60.59,55.19,32.61,47.91,20.47,21.28,24.18,24.41,3.22,36.61,3.91,45.37,63.31,41.16,13.0.0,13.0.0,13.0.0,13.0.0,13.0.0,13.0.0,13.0.0,13.0.0,13.0.0,13.0.0,13.0.0,13.0.0,13.0.0,13.0.0
sentence-transformers/distilbert-multilingual-nli-stsb-quora-ranking,2.99,135.0,120.0,512,33753.4,True,False,36.6,56.93,54.48,52.85,8.84,51.76,21.36,15.42,68.33,64.03,65.5,59.72,14.81,55.5,22.88,16.11,44.59,59.87,77.81,74.83,72.22,68.32,8.98,52.49,5.72,50.4,0.0,0.0,<9.2.0,<9.2.0,<9.2.0,<9.2.0,<9.2.0,<9.2.0,<9.2.0,<9.2.0,<9.2.0,<9.2.0,<9.2.0,<9.2.0,<9.2.0,<9.2.0
sentence-transformers/quora-distilbert-multilingual,3.0,135.0,120.0,512,26458.45,True,False,36.6,56.93,54.48,52.85,8.84,51.76,19.76,13.97,68.36,63.94,65.5,59.72,14.81,55.5,22.88,16.11,44.59,59.87,77.81,74.83,72.22,68.32,8.98,52.49,5.72,50.4,0.0,0.0,<9.2.0,<9.2.0,<9.2.0,<9.2.0,<9.2.0,<9.2.0,<9.2.0,<9.2.0,<9.2.0,<9.2.0,<9.2.0,<9.2.0,<9.2.0,<9.2.0
microsoft/Phi-3-mini-128k-instruct (few-shot),3.0,3821.0,32.0,131072,7311.73,True,False,40.85,59.79,4.51,3.71,5.43,46.21,58.44,51.76,51.53,62.14,42.36,21.33,3.11,47.93,57.21,51.11,33.3,51.15,52.18,29.83,50.53,31.94,2.63,40.21,4.0,44.87,61.14,37.08,12.9.1,12.9.1,12.9.1,12.9.1,12.9.1,12.9.1,12.9.1,12.9.1,12.9.1,12.9.1,12.9.1,12.9.1,12.9.1,12.9.1
AI-Sweden-Models/gpt-sw3-6.7b-v2 (few-shot),3.01,7111.0,64.0,2048,2350.93,True,False,18.07,27.21,20.84,16.93,10.54,48.37,57.23,51.22,77.47,78.6,28.73,20.43,8.78,42.28,56.51,50.57,34.67,54.62,29.62,24.4,32.3,29.23,8.37,48.94,7.76,46.16,67.57,44.62,9.2.0,9.2.0,9.2.0,12.5.1,9.2.0,9.2.0,9.2.0,12.5.1,9.2.0,9.2.0,9.2.0,9.2.0,9.2.0,12.5.1
meta-llama/Llama-3.2-1B-Instruct (few-shot),3.01,1236.0,128.0,131073,7435.78,False,False,36.94,49.24,35.45,30.39,1.12,44.63,53.34,44.61,71.86,71.15,41.6,37.22,3.72,48.04,52.9,43.57,27.43,42.83,44.66,41.13,47.78,44.3,0.07,34.07,1.14,33.17,39.37,18.0,13.0.0,13.0.0,13.0.0,13.0.0,13.0.0,13.0.0,13.0.0,13.0.0,13.0.0,13.0.0,13.0.0,13.0.0,13.0.0,13.0.0
LumiOpen/Viking-7B (few-shot),3.02,7550.0,131.0,4096,1430.69,True,False,38.74,49.48,23.98,17.18,1.04,33.67,56.29,50.17,72.02,72.36,30.64,23.9,1.08,38.63,54.59,48.72,35.86,52.28,22.37,23.75,29.9,26.84,1.03,36.12,2.92,36.47,54.65,34.39,12.7.0,12.7.0,12.7.0,12.7.0,12.7.0,12.7.0,12.7.0,12.7.0,12.7.0,12.7.0,12.7.0,12.7.0,12.7.0,12.7.0
ibm-granite/granite-3b-code-base-2k (few-shot),3.02,3483.0,49.0,2048,2731.51,True,False,35.47,52.7,38.62,27.71,5.07,43.91,50.96,45.21,70.61,60.47,51.76,41.73,6.24,46.34,50.56,44.67,23.83,45.39,53.93,48.95,54.04,49.74,3.91,42.54,1.55,40.63,12.14,2.37,13.0.0,13.0.0,13.0.0,13.0.0,13.0.0,13.0.0,13.0.0,13.0.0,13.0.0,13.0.0,13.0.0,13.0.0,13.0.0,13.0.0
dbmdz/bert-medium-historic-multilingual-cased,3.04,42.0,32.0,512,24291.12,True,False,27.93,50.86,49.88,46.74,5.42,48.29,28.62,22.93,59.66,55.24,66.11,61.03,26.28,59.64,30.54,24.36,26.33,40.67,69.65,66.15,66.78,62.75,6.62,48.37,5.16,45.99,27.15,15.75,<9.2.0,<9.2.0,<9.2.0,<9.2.0,<9.2.0,<9.2.0,<9.2.0,<9.2.0,<9.2.0,<9.2.0,<9.2.0,<9.2.0,<9.2.0,<9.2.0
utter-project/EuroLLM-1.7B-Instruct (few-shot),3.06,1657.0,128.0,4096,15008.58,True,False,37.92,46.23,19.61,17.44,2.81,38.15,56.82,50.05,72.24,68.89,27.41,24.45,0.13,36.22,56.59,49.77,30.63,37.24,31.43,30.82,36.92,37.8,0.98,42.0,1.67,34.92,55.11,33.24,13.1.0,13.1.0,13.1.0,13.1.0,13.1.0,13.1.0,13.1.0,13.1.0,13.1.0,13.1.0,13.1.0,13.1.0,13.1.0,13.1.0
Maltehb/aelaectra-danish-electra-small-cased,3.07,14.0,32.0,128,4592.9,True,False,32.72,49.84,63.31,58.18,67.74,83.32,0.0,0.0,55.68,52.81,57.82,54.55,19.26,58.62,0.0,0.0,29.0,41.72,71.85,68.2,67.14,62.61,33.57,65.22,21.79,60.32,0.05,0.03,<9.2.0,<9.2.0,<9.2.0,<9.2.0,<9.2.0,<9.2.0,<9.2.0,<9.2.0,<9.2.0,<9.2.0,<9.2.0,<9.2.0,<9.2.0,<9.2.0
HPLT/gpt-13b-nordic-prerelease (few-shot),3.09,14030.0,131.0,4099,3519.54,True,False,37.19,53.63,28.72,20.53,2.96,46.67,54.83,49.53,72.26,72.58,32.19,24.93,2.39,48.49,53.44,48.92,27.32,38.3,28.94,27.01,33.83,30.49,1.46,49.06,-0.59,45.94,40.88,25.62,12.6.1,12.6.1,12.6.1,12.6.1,12.6.1,12.6.1,12.6.1,12.6.1,12.6.1,12.6.1,12.6.1,12.6.1,12.6.1,12.6.1
jjzha/dajobbert-base-uncased,3.1,110.0,32.0,512,16243.43,True,False,39.65,59.23,60.78,55.74,37.67,65.47,22.46,15.41,55.49,55.99,42.99,39.98,4.69,51.01,20.83,14.22,33.31,48.75,65.95,62.62,55.29,51.5,20.34,58.57,8.07,53.43,0.14,0.0,<9.2.0,<9.2.0,<9.2.0,<9.2.0,<9.2.0,<9.2.0,<9.2.0,<9.2.0,<9.2.0,<9.2.0,<9.2.0,<9.2.0,<9.2.0,<9.2.0
google/gemma-2b (few-shot),3.12,2506.0,256.0,8192,6087.12,True,False,40.21,46.73,19.97,16.51,2.27,38.71,56.27,50.55,75.45,64.08,14.67,14.85,3.82,44.81,57.35,51.73,32.89,42.58,15.53,15.49,19.78,18.86,1.18,33.34,0.0,32.79,53.15,33.33,12.1.0,12.5.2,12.1.0,12.1.0,12.1.0,12.5.2,12.1.0,12.1.0,12.1.0,12.5.2,12.5.2,12.1.0,12.1.0,12.1.0
openGPT-X/Teuken-7B-instruct-research-v0.4 (few-shot),3.14,7453.0,251.0,4096,1253.66,False,False,21.93,31.67,34.66,21.37,1.5,33.84,60.53,52.36,51.8,57.15,35.02,17.87,6.15,36.62,60.0,50.85,16.02,30.81,37.36,24.19,42.83,28.06,-0.08,33.74,2.29,35.36,56.15,31.6,14.0.4,14.0.4,14.0.4,14.0.4,14.0.4,14.0.4,14.0.4,14.0.4,14.0.4,14.0.4,14.0.4,14.0.4,14.0.4,14.0.4
AI-Sweden-Models/gpt-sw3-1.3b-instruct (few-shot),3.14,1445.0,64.0,2048,4544.34,True,False,27.14,42.34,14.73,14.44,2.65,40.63,54.18,46.38,73.34,68.41,19.04,19.98,2.9,44.43,54.69,47.45,35.58,44.49,33.08,34.51,38.28,40.5,0.82,34.78,1.43,34.19,58.71,36.06,9.3.1,12.5.2,12.1.0,12.4.0,9.3.1,12.5.2,12.1.0,12.4.0,9.3.1,12.5.2,12.5.2,12.1.0,12.1.0,12.4.0
Maltehb/aelaectra-danish-electra-small-uncased,3.16,14.0,32.0,128,5995.22,True,False,34.45,51.4,62.52,57.14,65.15,82.32,2.75,2.51,57.71,53.54,39.17,36.74,17.1,57.41,0.13,0.11,33.41,45.12,59.76,55.95,51.44,48.14,32.87,65.82,20.09,59.27,0.0,0.0,<9.2.0,<9.2.0,<9.2.0,<9.2.0,<9.2.0,<9.2.0,<9.2.0,<9.2.0,<9.2.0,<9.2.0,<9.2.0,<9.2.0,<9.2.0,<9.2.0
meta-llama/Llama-3.2-1B (few-shot),3.17,1236.0,128.0,131073,7577.45,True,False,35.97,49.88,19.82,17.2,2.14,44.16,51.92,46.59,74.33,73.73,29.89,27.65,1.06,43.95,52.7,46.89,29.5,49.19,30.54,29.88,31.34,30.46,-0.13,37.46,0.02,39.49,34.02,19.59,13.0.0,13.0.0,13.0.0,13.0.0,13.0.0,13.0.0,13.0.0,13.0.0,13.0.0,13.0.0,13.0.0,13.0.0,13.0.0,13.0.0
Qwen/Qwen1.5-4B (few-shot),3.17,3950.0,152.0,32768,3247.86,True,False,39.62,56.09,32.28,23.24,5.38,36.31,60.63,54.16,5.2,30.65,37.26,29.89,1.85,33.71,60.15,54.15,36.97,55.08,32.12,32.01,36.86,35.46,5.27,40.91,1.4,33.64,62.87,40.0,10.0.1,12.5.2,12.1.0,12.1.0,9.3.2,12.5.2,12.1.0,12.1.0,10.0.1,12.5.2,12.5.2,12.1.0,12.1.0,12.1.0
ibm-granite/granite-7b-base (few-shot),3.17,6738.0,32.0,2048,4405.37,True,False,31.65,51.95,24.93,22.23,0.06,34.3,57.0,51.47,72.0,69.12,33.34,30.5,0.25,43.46,57.96,52.53,16.98,27.01,32.21,31.19,36.62,36.4,1.57,41.68,0.97,40.1,44.62,26.28,12.10.5,12.10.5,12.10.5,12.10.5,12.10.5,12.10.5,12.10.5,12.10.5,12.10.5,12.10.5,12.10.5,12.10.5,12.10.5,12.10.5
ibm-granite/granite-7b-instruct (few-shot),3.18,6738.0,32.0,4096,3136.16,True,False,31.21,50.13,23.87,20.19,2.04,45.31,54.08,47.36,65.51,69.73,29.08,25.68,0.5,45.71,54.03,46.52,21.5,36.73,37.73,31.57,40.07,35.25,0.86,44.09,2.01,41.46,48.7,27.03,13.0.0,13.2.0,13.2.0,13.2.0,13.0.0,13.2.0,13.2.0,13.2.0,13.0.0,13.2.0,13.2.0,13.2.0,13.2.0,13.2.0
ibm-granite/granite-3.0-3b-a800m-base (few-shot),3.24,3374.0,49.0,4096,10504.04,True,False,6.85,19.42,31.8,23.06,0.97,36.48,55.19,49.83,57.18,62.72,36.01,24.61,1.52,38.3,56.97,51.04,31.9,53.03,40.08,33.17,43.96,32.96,-0.07,35.01,1.27,38.1,43.13,23.32,13.0.0,13.0.0,13.0.0,13.0.0,13.0.0,13.0.0,13.0.0,13.0.0,13.0.0,13.0.0,13.0.0,13.0.0,13.0.0,13.0.0
NorwAI/NorwAI-Mistral-7B-instruct (few-shot),3.25,7537.0,68.0,4096,3027.1,False,False,42.16,45.21,13.78,11.9,3.52,39.81,31.67,20.02,77.76,67.99,20.97,16.21,2.35,38.48,38.84,28.65,47.78,64.33,27.49,24.26,32.33,29.29,3.92,45.78,4.27,42.86,29.01,2.46,12.10.4,12.10.5,12.10.5,12.10.5,12.10.4,12.10.5,12.10.5,12.10.5,12.10.4,12.10.4,12.10.4,12.10.4,12.10.4,12.10.4
HPLT/gpt-7b-nordic-prerelease (few-shot),3.26,7550.0,131.0,4096,1382.06,True,False,37.77,55.35,21.98,18.42,1.26,34.03,52.54,46.03,61.96,67.81,27.07,25.24,2.65,40.25,52.35,46.16,17.44,35.51,20.25,20.45,28.99,27.5,3.2,34.58,2.61,34.49,40.73,21.5,12.3.2,12.5.2,12.3.2,12.3.2,12.3.2,12.5.2,12.3.2,12.3.2,12.3.2,12.5.2,12.5.2,12.3.2,12.3.2,12.3.2
google/gemma-2b-it (few-shot),3.26,2506.0,256.0,8192,6470.59,False,False,34.03,52.42,24.44,17.37,2.25,42.33,49.76,42.12,43.97,57.41,33.51,23.48,0.53,39.6,47.28,39.39,22.01,40.48,39.78,31.15,43.58,36.6,2.76,44.34,1.45,39.55,56.65,32.42,12.1.0,12.5.2,12.1.0,12.4.0,12.1.0,12.5.2,12.1.0,12.4.0,12.1.0,12.5.2,12.5.2,12.1.0,12.1.0,12.4.0
AI-Sweden-Models/gpt-sw3-6.7b-v2-instruct (few-shot),3.27,7111.0,64.0,2048,1472.78,True,False,2.85,18.05,15.35,14.74,10.99,54.07,58.22,50.51,56.6,62.73,14.58,14.79,10.92,52.63,57.9,50.18,34.39,50.45,24.67,24.58,29.03,29.83,2.42,35.49,5.11,38.37,68.98,42.52,9.2.0,9.2.0,9.2.0,12.4.0,9.2.0,9.2.0,9.2.0,12.4.0,9.2.0,9.2.0,9.2.0,9.2.0,9.2.0,12.4.0
HuggingFaceTB/SmolLM2-1.7B-Instruct (few-shot),3.28,1711.0,49.0,8192,15970.88,True,False,18.49,35.29,29.44,20.31,1.73,38.18,50.4,44.39,64.46,69.83,37.37,26.31,4.49,46.63,49.57,43.92,24.05,40.36,37.6,29.3,38.38,30.13,3.56,38.6,2.61,38.57,25.34,13.58,13.1.0,13.1.0,13.1.0,13.1.0,13.1.0,13.1.0,13.1.0,13.1.0,13.1.0,13.1.0,13.1.0,13.1.0,13.1.0,13.1.0
EuropeanParliament/EUBERT,3.29,94.0,66.0,512,20070.41,True,False,27.33,49.78,41.09,40.4,21.58,59.41,26.68,20.68,59.0,56.25,38.36,37.63,19.4,58.63,26.64,19.23,19.81,40.9,49.92,49.17,44.37,43.43,8.64,53.17,3.11,50.44,26.33,15.89,12.6.1,12.6.1,12.6.1,12.6.1,12.6.1,12.6.1,12.6.1,12.6.1,12.6.1,12.6.1,12.6.1,12.6.1,12.6.1,12.6.1
allenai/OLMo-7B (few-shot),3.29,6888.0,50.0,2051,5402.86,True,False,30.76,44.83,26.76,19.46,0.55,39.4,52.49,45.65,72.08,63.52,37.36,28.59,-0.86,33.84,51.46,45.16,21.46,38.36,34.42,27.79,35.17,30.7,0.34,33.6,0.26,34.69,9.85,0.12,12.5.2,12.5.2,12.5.2,12.5.2,12.5.2,12.5.2,12.5.2,12.5.2,12.5.2,12.5.2,12.5.2,12.5.2,12.5.2,12.5.2
AI-Sweden-Models/gpt-sw3-6.7b (few-shot),3.33,7111.0,64.0,2048,2285.21,True,False,22.71,35.11,18.23,14.77,5.03,49.0,55.56,49.11,53.68,58.92,18.83,17.59,3.49,46.13,55.99,49.81,18.23,38.93,22.35,23.89,21.98,27.22,1.68,39.93,2.49,40.26,64.25,41.8,11.0.0,11.0.0,11.0.0,11.0.0,11.0.0,11.0.0,11.0.0,11.0.0,11.0.0,11.0.0,11.0.0,11.0.0,11.0.0,11.0.0
mhenrichsen/danskgpt-tiny-chat (few-shot),3.36,1100.0,32.0,2048,1744.69,False,False,34.05,52.43,22.31,19.3,0.7,40.47,48.91,41.82,45.94,55.94,27.31,26.33,-0.97,36.69,41.66,35.57,27.49,48.0,28.74,28.29,30.34,30.02,-2.17,33.52,0.26,34.12,38.96,19.1,9.1.2,9.1.2,9.1.2,12.4.0,9.1.2,9.1.2,9.1.2,12.4.0,9.1.2,9.1.2,9.1.2,9.1.2,9.1.2,12.4.0
AI-Sweden-Models/gpt-sw3-1.3b (few-shot),3.36,1445.0,64.0,2048,4607.55,True,False,28.65,47.83,8.8,8.63,2.84,49.21,51.59,45.34,71.38,73.21,6.08,8.77,1.17,49.78,51.69,45.55,27.28,49.18,13.49,14.8,14.74,15.09,3.09,42.87,1.86,38.18,54.3,34.91,9.3.1,9.3.1,9.3.1,12.5.1,9.3.1,9.3.1,9.3.1,12.5.1,9.3.1,9.3.1,9.3.1,9.3.1,9.3.1,12.5.1
sentence-transformers/distiluse-base-multilingual-cased-v1,3.39,135.0,120.0,512,34041.87,True,False,27.78,49.38,46.78,44.41,3.04,46.85,23.22,15.52,60.06,55.65,49.86,44.53,3.18,48.38,23.46,16.08,25.98,40.58,60.76,58.35,59.62,55.9,2.65,48.09,3.47,48.98,0.82,0.2,<9.2.0,<9.2.0,<9.2.0,<9.2.0,<9.2.0,<9.2.0,<9.2.0,<9.2.0,<9.2.0,<9.2.0,<9.2.0,<9.2.0,<9.2.0,<9.2.0
openGPT-X/Teuken-7B-instruct-commercial-v0.4 (few-shot),3.39,7453.0,251.0,4096,1437.66,True,False,13.77,23.78,29.49,21.57,0.0,33.49,59.23,51.53,20.2,21.73,37.17,25.25,6.13,39.55,56.9,46.66,10.69,26.94,34.78,27.42,39.0,31.27,6.17,50.5,5.9,49.15,55.3,31.25,14.0.4,14.0.4,14.0.4,14.0.4,14.0.4,14.0.4,14.0.4,14.0.4,14.0.4,14.0.4,14.0.4,14.0.4,14.0.4,14.0.4
NbAiLab/nb-gpt-j-6B-alpaca (few-shot),3.4,6055.0,50.0,1024,2606.86,False,False,27.68,46.61,12.95,11.68,1.65,47.94,47.4,38.6,60.17,65.99,13.28,13.4,1.52,45.19,46.83,37.23,32.6,47.47,23.82,22.08,26.04,24.47,0.34,44.47,2.26,45.41,42.76,21.33,10.0.1,9.3.1,10.0.1,12.4.0,10.0.1,9.3.1,10.0.1,12.4.0,10.0.1,9.3.2,9.3.2,10.0.1,10.0.1,12.4.0
HuggingFaceTB/SmolLM2-1.7B (few-shot),3.4,1711.0,49.0,8192,16248.88,True,False,9.93,23.57,24.47,18.7,1.22,35.31,47.54,42.09,68.31,72.51,35.96,26.41,3.61,49.47,49.32,43.26,23.25,36.07,26.7,24.56,28.23,28.27,-0.47,33.93,0.26,33.32,26.51,13.4,13.1.0,13.1.0,13.1.0,13.1.0,13.1.0,13.1.0,13.1.0,13.1.0,13.1.0,13.1.0,13.1.0,13.1.0,13.1.0,13.1.0
KBLab/albert-base-swedish-cased-alpha,3.43,14.0,50.0,512,15925.14,True,False,19.79,42.09,29.9,28.27,6.15,52.04,21.55,15.96,56.57,53.47,47.19,44.34,20.92,59.05,30.47,23.86,18.85,36.76,66.97,62.99,63.9,59.95,5.83,51.59,4.02,51.66,0.0,0.0,<9.2.0,<9.2.0,<9.2.0,<9.2.0,<9.2.0,<9.2.0,<9.2.0,<9.2.0,<9.2.0,<9.2.0,<9.2.0,<9.2.0,<9.2.0,<9.2.0
NbAiLab/nb-llama-3.1-8B-Instruct (few-shot),3.44,8030.0,128.0,131072,1295.56,True,False,24.82,35.81,21.87,18.1,2.89,41.5,52.94,44.86,43.55,46.98,32.54,26.2,1.93,42.44,51.57,44.8,10.64,21.52,31.65,29.36,31.54,29.54,1.81,35.34,1.72,33.81,32.61,16.32,14.0.4,14.0.4,14.0.4,14.0.4,14.0.4,14.0.4,14.0.4,14.0.4,14.0.4,14.0.4,14.0.4,14.0.4,14.0.4,14.0.4
AI-Sweden-Models/gpt-sw3-356m-instruct (few-shot),3.44,471.0,64.0,2048,5854.62,True,False,34.94,49.66,11.28,11.02,2.08,45.41,42.03,36.59,59.0,54.09,14.84,15.9,0.06,34.76,40.44,34.37,30.88,46.07,24.38,25.79,31.28,33.48,-0.3,34.93,0.45,33.74,42.69,23.99,9.3.2,12.5.2,12.1.0,12.4.0,9.3.2,12.5.2,12.1.0,12.4.0,9.3.2,12.5.2,12.5.2,12.1.0,12.1.0,12.4.0
ibm-granite/granite-3.0-1b-a400m-instruct (few-shot),3.44,1335.0,49.0,4096,7964.03,True,False,22.35,44.97,30.63,20.55,1.95,46.94,43.95,37.3,58.78,60.51,33.8,21.7,0.72,45.33,42.4,35.45,19.55,40.67,36.99,28.69,37.27,27.84,1.95,43.75,2.31,46.79,19.74,7.33,13.2.0,13.2.0,13.2.0,13.2.0,13.2.0,13.2.0,13.2.0,13.2.0,13.2.0,13.2.0,13.2.0,13.2.0,13.2.0,13.2.0
dbmdz/bert-mini-historic-multilingual-cased,3.44,12.0,32.0,512,47121.63,True,False,26.03,48.46,41.7,38.74,2.19,49.8,20.76,13.82,56.1,52.92,50.07,47.04,5.05,51.08,22.34,14.49,24.59,40.34,61.55,58.24,59.9,56.03,3.45,50.8,2.72,48.79,7.49,3.99,<9.2.0,<9.2.0,<9.2.0,<9.2.0,<9.2.0,<9.2.0,<9.2.0,<9.2.0,<9.2.0,<9.2.0,<9.2.0,<9.2.0,<9.2.0,<9.2.0
state-spaces/mamba-2.8b-hf (few-shot),3.45,2768.0,50.0,32769,2721.51,True,False,10.47,19.91,17.58,15.48,1.23,36.92,49.37,42.56,71.7,71.01,23.25,20.55,-0.82,40.8,46.93,40.48,31.06,45.42,26.9,24.65,34.59,33.15,0.21,36.38,-0.17,40.22,22.83,10.35,13.0.0,13.0.0,13.0.0,13.0.0,13.0.0,13.0.0,13.0.0,13.0.0,13.0.0,13.0.0,13.0.0,13.0.0,13.0.0,13.0.0
Qwen/Qwen1.5-1.8B-Chat (few-shot),3.47,1837.0,152.0,32768,8303.55,False,False,26.58,45.88,18.0,14.88,0.63,33.42,49.4,41.66,52.54,60.44,20.94,18.26,0.34,36.61,50.53,43.55,19.85,35.75,26.99,24.61,25.74,24.51,1.96,44.22,-0.01,39.57,31.16,16.33,11.0.0,12.5.2,12.1.0,12.5.0,11.0.0,12.5.2,12.1.0,12.5.0,11.0.0,12.5.2,12.5.2,12.1.0,12.1.0,12.5.0
sentence-transformers/distiluse-base-multilingual-cased,3.47,135.0,120.0,512,19205.51,True,False,30.13,46.78,26.96,25.63,2.01,48.79,16.49,8.25,63.04,56.5,51.67,53.62,2.32,48.77,17.75,8.93,32.83,43.32,63.79,67.14,60.96,64.65,1.09,48.72,0.18,47.3,0.0,0.0,12.6.1,12.6.1,12.6.1,12.6.1,12.6.1,12.6.1,12.6.1,12.6.1,12.6.1,12.6.1,12.6.1,12.6.1,12.6.1,12.6.1
sentence-transformers/distiluse-base-multilingual-cased-v2,3.47,135.0,120.0,512,33246.61,True,False,30.13,46.78,26.96,25.63,2.01,48.79,16.4,8.22,62.71,57.24,51.67,53.62,2.32,48.77,17.62,8.76,32.83,43.32,63.79,67.14,60.96,64.65,1.09,48.72,0.18,47.3,0.0,0.0,12.6.1,12.6.1,12.6.1,12.6.1,12.6.1,12.6.1,12.6.1,12.6.1,12.6.1,12.6.1,12.6.1,12.6.1,12.6.1,12.6.1
Qwen/Qwen1.5-1.8B (few-shot),3.52,1837.0,152.0,32768,5665.51,True,False,29.03,46.75,9.83,8.97,0.56,33.34,53.2,46.43,51.91,59.44,18.01,18.55,1.49,40.76,51.87,44.83,22.82,43.88,12.1,12.85,13.42,13.82,2.7,47.68,2.21,42.8,30.78,16.31,10.0.1,12.5.2,12.1.0,12.1.0,10.0.1,12.5.2,12.1.0,12.1.0,10.0.1,12.5.2,12.5.2,12.1.0,12.1.0,12.1.0
PleIAs/Pleias-1.2b-Preview (few-shot),3.53,1195.0,66.0,2048,10756.07,True,False,28.95,48.32,28.3,22.93,0.2,34.12,43.32,36.39,39.68,47.78,36.29,31.64,0.96,36.56,38.42,32.64,19.42,26.64,38.96,36.82,40.42,38.81,-0.13,33.43,0.77,33.8,8.66,4.7,14.1.2,14.0.4,14.1.2,14.0.4,14.1.2,14.0.4,14.1.2,14.0.4,14.1.2,14.0.4,14.0.4,14.1.2,14.1.2,14.0.4
allenai/OLMo-7B-Twin-2T (few-shot),3.53,6888.0,50.0,2051,5484.4,True,False,18.3,27.62,7.52,6.6,3.23,45.74,51.37,46.35,70.04,60.77,20.49,19.5,2.28,36.86,51.08,45.85,25.52,41.44,9.06,8.39,17.16,16.0,0.68,45.09,0.17,42.02,6.96,0.46,12.5.2,12.5.2,12.5.2,12.5.2,12.5.2,12.5.2,12.5.2,12.5.2,12.5.2,12.5.2,12.5.2,12.5.2,12.5.2,12.5.2
jannesg/bertsson,3.53,124.0,50.0,512,15313.79,True,False,24.11,44.78,32.63,32.76,2.91,46.98,22.17,15.37,61.67,59.12,51.13,46.67,2.87,48.92,25.1,17.24,23.21,44.26,49.3,46.11,46.11,43.01,2.26,45.07,-0.66,44.5,1.5,0.68,<9.2.0,<9.2.0,<9.2.0,<9.2.0,<9.2.0,<9.2.0,<9.2.0,<9.2.0,<9.2.0,<9.2.0,<9.2.0,<9.2.0,<9.2.0,<9.2.0
AI-Sweden-Models/gpt-sw3-356m (few-shot),3.57,471.0,64.0,2048,5757.63,True,False,27.61,39.77,16.13,14.9,1.96,38.4,39.67,34.79,34.29,36.76,23.77,23.06,1.57,40.84,38.82,33.7,34.21,47.17,27.37,27.94,31.22,31.39,0.92,40.71,1.25,43.49,32.1,18.52,9.3.1,9.3.1,9.3.2,12.5.1,9.3.1,9.3.1,9.3.2,12.5.1,9.3.1,9.3.1,9.3.1,9.3.2,9.3.2,12.5.1
ibm-granite/granite-3.0-1b-a400m-base (few-shot),3.63,1385.0,49.0,4096,7808.38,True,False,17.52,27.96,16.82,14.28,1.53,36.59,44.65,40.21,55.06,50.38,23.26,20.21,1.81,40.07,39.42,35.49,17.59,35.34,31.16,30.2,29.73,28.89,1.07,44.05,1.59,41.39,14.48,6.92,13.2.0,13.2.0,13.2.0,13.2.0,13.2.0,13.2.0,13.2.0,13.2.0,13.2.0,13.2.0,13.2.0,13.2.0,13.2.0,13.2.0
NbAiLab/nb-llama-3.2-1B (few-shot),3.71,1236.0,128.0,131072,3423.62,True,False,32.94,46.54,9.2,8.11,1.59,45.39,31.5,23.1,73.13,64.78,4.49,4.08,2.5,41.66,29.52,22.14,19.76,25.69,10.6,10.1,22.63,21.78,2.8,41.56,0.17,37.59,14.63,3.99,14.1.2,14.0.4,14.1.2,14.0.4,14.1.2,14.0.4,14.1.2,14.0.4,14.1.2,14.0.4,14.0.4,14.1.2,14.1.2,14.0.4
mhenrichsen/danskgpt-tiny (few-shot),3.73,1100.0,32.0,2048,8596.74,True,False,26.31,44.07,14.13,12.15,-0.54,44.56,38.99,32.12,31.93,43.8,23.92,22.42,0.46,43.45,35.67,30.81,18.09,31.83,27.37,27.19,27.59,28.03,-0.19,41.38,-0.8,40.66,16.14,5.84,<9.2.0,<9.2.0,<9.2.0,12.5.1,<9.2.0,<9.2.0,<9.2.0,12.5.1,<9.2.0,<9.2.0,<9.2.0,<9.2.0,<9.2.0,12.5.1
PleIAs/Pleias-3b-Preview (few-shot),3.74,3212.0,66.0,4096,6513.19,True,False,13.01,28.28,15.93,14.68,0.05,40.73,41.96,36.85,45.75,50.33,21.42,20.27,-0.25,44.95,37.44,32.71,18.74,27.39,28.82,28.03,27.81,26.0,-0.46,36.22,-0.84,37.42,21.98,12.66,14.1.2,14.0.4,14.1.2,14.0.4,14.1.2,14.0.4,14.1.2,14.0.4,14.1.2,14.0.4,14.0.4,14.1.2,14.1.2,14.0.4
3ebdola/Dialectal-Arabic-XLM-R-Base,3.75,278.0,250.0,512,12782.54,True,False,22.07,44.7,36.51,36.31,1.63,45.36,9.48,3.09,44.95,48.17,42.78,40.46,1.43,48.66,16.77,8.71,12.69,32.23,55.55,52.52,53.53,50.23,2.79,47.71,1.66,46.6,0.6,0.0,<9.2.0,<9.2.0,<9.2.0,<9.2.0,<9.2.0,<9.2.0,<9.2.0,<9.2.0,<9.2.0,<9.2.0,<9.2.0,<9.2.0,<9.2.0,<9.2.0
alexanderfalk/danbert-small-cased,3.77,83.0,52.0,512,30013.37,True,False,30.67,51.76,33.05,31.68,13.01,55.11,5.3,1.56,53.88,52.3,22.47,20.74,1.55,44.06,3.07,1.12,24.39,40.44,42.18,39.53,37.39,34.88,7.29,49.37,2.57,46.0,0.0,0.0,<9.2.0,<9.2.0,<9.2.0,<9.2.0,<9.2.0,<9.2.0,<9.2.0,<9.2.0,<9.2.0,<9.2.0,<9.2.0,<9.2.0,<9.2.0,<9.2.0
RuterNorway/Llama-2-7b-chat-norwegian (few-shot),3.79,,32.0,4096,10889.7,False,False,10.65,28.33,10.12,9.84,-0.66,33.61,28.87,26.08,31.11,36.84,22.38,22.09,0.09,33.42,50.14,44.36,12.22,23.5,21.04,20.44,18.71,19.91,-1.18,35.7,0.36,37.66,50.11,26.86,9.3.1,9.3.1,9.3.1,12.5.2,9.3.1,9.3.1,9.3.1,12.5.2,9.3.1,9.3.1,9.3.1,9.3.1,9.3.1,12.5.2
PleIAs/Pleias-Nano (few-shot),3.81,1195.0,66.0,2048,2519.09,True,False,29.12,49.93,16.17,14.33,-0.47,33.18,41.23,34.8,23.71,32.87,14.09,15.95,1.74,38.94,37.8,32.0,22.22,32.6,27.47,27.1,23.82,27.33,-2.06,35.29,-0.77,35.74,5.33,2.48,14.1.2,14.0.4,14.1.2,14.0.4,14.1.2,14.0.4,14.1.2,14.0.4,14.1.2,14.0.4,14.0.4,14.1.2,14.1.2,14.0.4
Qwen/Qwen1.5-0.5B-Chat (few-shot),3.82,620.0,152.0,32768,11740.04,False,False,10.72,25.21,17.38,15.74,1.32,42.05,40.37,34.58,40.23,49.01,18.57,17.69,0.21,39.6,35.01,29.49,11.49,27.12,29.52,29.79,31.27,31.91,0.29,40.21,-0.12,39.92,17.09,7.8,11.0.0,12.5.2,12.1.0,12.4.0,11.0.0,12.5.2,12.1.0,12.4.0,11.0.0,12.5.2,12.5.2,12.1.0,12.1.0,12.4.0
Qwen/Qwen1.5-0.5B (few-shot),3.84,620.0,152.0,32768,11371.34,True,False,8.88,24.27,19.01,17.08,0.66,37.98,38.31,32.78,26.58,28.64,28.96,26.49,-1.88,35.45,40.95,34.59,6.31,20.67,34.46,33.09,33.41,33.91,-1.59,36.27,0.61,38.84,16.2,5.95,10.0.1,12.5.2,12.1.0,12.1.0,10.0.1,12.5.2,12.1.0,12.1.0,10.0.1,12.5.2,12.5.2,12.1.0,12.1.0,12.1.0
dbmdz/bert-tiny-historic-multilingual-cased,3.84,5.0,32.0,512,78027.26,True,False,20.71,40.07,33.62,31.69,1.19,48.46,7.68,4.19,57.41,53.5,26.87,25.42,-1.06,48.72,10.83,5.54,19.19,37.36,46.11,43.54,35.18,33.22,2.76,50.99,0.42,49.39,0.0,0.0,<9.2.0,12.6.1,<9.2.0,<9.2.0,<9.2.0,<9.2.0,<9.2.0,<9.2.0,<9.2.0,<9.2.0,<9.2.0,<9.2.0,<9.2.0,<9.2.0
allenai/OLMo-1B (few-shot),3.94,1177.0,50.0,2051,8536.09,True,False,17.94,32.8,13.39,12.39,-2.02,40.63,26.24,23.65,38.95,43.61,29.39,29.93,-1.35,40.7,20.3,17.85,9.95,29.01,30.79,32.18,31.12,33.1,-0.95,39.37,-0.04,42.36,3.06,0.0,12.1.0,12.5.2,12.1.0,12.1.0,12.1.0,12.5.2,12.1.0,12.1.0,12.1.0,12.5.2,12.5.2,12.1.0,12.1.0,12.1.0
RabotaRu/HRBert-mini,3.99,80.0,200.0,512,54950.85,True,False,20.33,40.95,22.21,21.7,0.9,48.85,7.23,2.73,52.31,51.51,24.61,23.05,1.32,46.8,8.44,2.86,15.07,35.8,31.87,30.31,32.47,30.59,1.26,48.42,0.49,45.93,0.0,0.0,<9.2.0,<9.2.0,<9.2.0,<9.2.0,<9.2.0,<9.2.0,<9.2.0,<9.2.0,<9.2.0,<9.2.0,<9.2.0,<9.2.0,<9.2.0,<9.2.0
NbAiLab/nb-gpt-j-6B-v2 (few-shot),4.0,6051.0,50.0,1024,2555.5,False,False,27.8,43.8,0.24,0.25,0.56,34.04,21.33,6.84,27.42,38.74,0.31,0.29,0.07,35.8,31.12,17.82,20.84,35.78,5.29,4.93,6.77,6.78,0.45,34.65,0.48,32.86,22.78,2.43,10.0.1,9.3.1,11.0.0,12.5.1,10.0.1,9.3.1,11.0.0,12.5.1,10.0.1,9.3.1,9.3.1,11.0.0,11.0.0,12.5.1
fresh-xlm-roberta-base,4.11,278.0,250.0,512,2214.08,True,False,17.37,36.83,16.04,15.6,1.34,35.45,6.64,1.58,51.11,50.09,11.91,11.31,0.86,39.16,7.2,2.0,12.6,32.27,25.49,23.54,25.94,24.1,0.5,36.93,1.83,37.67,0.0,0.0,<9.2.0,<9.2.0,<9.2.0,<9.2.0,<9.2.0,<9.2.0,<9.2.0,<9.2.0,<9.2.0,<9.2.0,<9.2.0,<9.2.0,<9.2.0,<9.2.0
HuggingFaceTB/SmolLM2-360M (few-shot),4.13,362.0,49.0,8192,22023.39,True,False,3.61,19.01,12.68,12.32,1.79,36.23,32.48,28.12,11.52,29.3,18.22,17.97,1.72,34.96,31.25,27.27,6.21,23.74,26.6,23.6,23.7,23.04,-0.39,33.4,0.21,35.33,10.23,4.65,13.1.0,13.1.0,13.1.0,13.1.0,13.1.0,13.1.0,13.1.0,13.1.0,13.1.0,13.1.0,13.1.0,13.1.0,13.1.0,13.1.0
AI-Sweden-Models/gpt-sw3-126m-instruct (few-shot),4.13,186.0,64.0,2048,7717.03,True,False,6.37,25.43,13.98,13.46,0.41,33.31,24.27,20.46,12.47,23.03,23.05,24.35,0.08,33.34,24.25,20.43,5.13,20.41,27.66,28.61,30.88,31.97,0.0,33.25,0.0,32.79,15.63,7.55,9.3.2,11.0.0,11.0.0,12.4.0,9.3.2,9.3.2,11.0.0,12.4.0,9.3.2,11.0.0,11.0.0,11.0.0,11.0.0,12.4.0
NbAiLab/nb-llama-3.2-3B (few-shot),4.14,3213.0,128.0,131072,1880.5,True,False,8.71,18.01,0.06,0.1,2.9,34.74,9.63,1.4,72.06,60.27,1.37,1.26,8.44,40.95,8.27,0.45,15.1,25.71,2.73,2.88,0.26,0.32,13.58,44.75,7.78,42.13,16.4,0.15,14.1.2,14.0.4,14.1.2,14.0.4,14.1.2,14.0.4,14.1.2,14.0.4,14.1.2,14.0.4,14.0.4,14.1.2,14.1.2,14.0.4
PleIAs/Pleias-350m-Preview (few-shot),4.15,353.0,66.0,2048,10241.69,True,False,9.47,25.66,13.84,13.12,-0.36,39.52,26.85,22.1,14.15,25.9,22.09,21.86,-0.04,36.18,26.25,21.6,7.91,17.44,26.59,26.61,26.78,26.94,0.28,36.0,0.04,41.17,2.88,0.65,14.1.2,14.0.4,14.1.2,14.0.4,14.1.2,14.0.4,14.1.2,14.0.4,14.1.2,14.0.4,14.0.4,14.1.2,14.1.2,14.0.4
HuggingFaceTB/SmolLM2-360M-Instruct (few-shot),4.18,362.0,49.0,8192,21776.98,True,False,2.66,16.29,8.97,8.62,1.65,44.5,28.73,24.92,9.34,26.0,13.64,16.38,2.2,41.62,30.05,26.06,7.6,26.47,20.37,21.57,21.27,22.34,1.31,45.75,0.51,38.71,10.53,4.8,13.1.0,13.1.0,13.1.0,13.1.0,13.1.0,13.1.0,13.1.0,13.1.0,13.1.0,13.1.0,13.1.0,13.1.0,13.1.0,13.1.0
PleIAs/Pleias-Pico (few-shot),4.19,353.0,66.0,2048,2330.93,True,False,13.31,34.38,10.59,10.29,0.52,33.76,20.46,16.61,17.38,34.6,16.28,16.34,-0.45,36.19,22.13,17.78,8.05,22.59,25.02,25.54,21.59,21.51,-0.15,36.65,-0.97,39.0,2.47,0.37,14.1.2,14.0.4,14.1.2,14.0.4,14.1.2,14.0.4,14.1.2,14.0.4,14.1.2,14.0.4,14.0.4,14.1.2,14.1.2,14.0.4
fresh-electra-small,4.21,14.0,31.0,512,7840.02,True,False,18.61,35.23,12.87,13.23,0.3,37.84,0.0,0.0,55.54,52.75,10.54,9.71,-0.15,35.33,0.04,0.02,15.29,34.15,18.38,17.08,12.76,11.65,0.17,36.29,0.37,35.08,0.0,0.0,<9.2.0,<9.2.0,<9.2.0,<9.2.0,<9.2.0,<9.2.0,<9.2.0,<9.2.0,<9.2.0,<9.2.0,<9.2.0,<9.2.0,<9.2.0,<9.2.0
NbAiLab/nb-gpt-j-6B@sharded (few-shot),4.21,,50.0,1024,2630.15,True,False,11.0,26.09,0.36,1.82,-0.11,33.76,17.35,5.15,33.5,39.3,0.01,0.11,-0.02,34.92,18.06,4.79,20.64,36.75,0.22,1.66,0.24,1.43,-0.99,33.37,-0.15,32.83,22.14,0.53,10.0.1,9.3.1,10.0.1,12.5.1,10.0.1,9.3.1,10.0.1,12.5.1,10.0.1,9.3.1,9.3.1,10.0.1,10.0.1,12.5.1
NorwAI/NorwAI-Mistral-7B-pretrain (few-shot),4.24,7537.0,68.0,4096,3023.95,True,False,3.55,22.75,12.82,12.37,0.68,35.13,24.31,19.85,17.76,28.16,9.75,9.18,1.22,43.54,18.46,14.98,8.7,25.39,12.77,14.13,10.51,9.95,0.0,38.54,0.82,37.77,10.19,1.85,12.10.5,12.10.5,12.10.5,12.10.5,12.10.5,12.10.5,12.10.5,12.10.5,12.10.4,12.10.4,12.10.4,12.10.4,12.10.4,12.10.4
RJuro/kanelsnegl-v0.2 (few-shot),4.3,7242.0,32.0,512,1373.32,True,False,4.81,19.31,0.0,0.0,0.0,33.25,30.05,0.0,28.62,35.36,0.0,0.0,0.0,33.3,19.59,0.0,1.27,9.77,0.0,0.0,0.0,0.0,0.0,33.25,0.0,32.79,32.25,0.0,10.0.1,10.0.1,10.0.1,10.0.1,10.0.1,10.0.1,10.0.1,10.0.1,10.0.1,10.0.1,10.0.1,10.0.1,10.0.1,10.0.1
HuggingFaceTB/SmolLM2-135M (few-shot),4.36,135.0,49.0,8192,26346.08,True,False,3.79,21.06,13.72,13.41,-0.45,39.69,17.28,14.69,-3.03,24.39,19.15,20.52,0.06,36.05,16.55,14.18,8.84,29.74,24.37,26.91,24.69,27.6,-1.2,36.09,-0.5,36.68,2.31,0.16,13.1.0,13.1.0,13.1.0,13.1.0,13.1.0,13.1.0,13.1.0,13.1.0,13.1.0,13.1.0,13.1.0,13.1.0,13.1.0,13.1.0
AI-Sweden-Models/gpt-sw3-126m (few-shot),4.36,186.0,64.0,2048,8957.78,True,False,9.18,26.36,3.43,5.56,-0.22,34.2,19.46,16.64,8.15,24.31,5.66,8.37,-0.81,36.81,19.18,16.4,7.78,21.7,13.55,15.9,9.38,11.18,-1.46,43.3,-2.97,44.41,6.65,2.32,9.2.0,9.2.0,9.2.0,12.5.1,9.2.0,9.2.0,9.2.0,12.5.1,9.2.0,9.2.0,9.2.0,9.2.0,9.2.0,12.5.1
HuggingFaceTB/SmolLM2-135M-Instruct (few-shot),4.37,135.0,49.0,8192,25602.11,True,False,2.61,18.95,12.11,11.48,0.25,39.65,16.74,14.02,7.41,28.42,17.09,18.78,0.47,38.19,13.94,11.73,2.78,26.17,20.89,22.28,19.62,21.82,-0.98,40.63,0.93,40.91,2.19,0.15,13.1.0,13.1.0,13.1.0,13.1.0,13.1.0,13.1.0,13.1.0,13.1.0,13.1.0,13.1.0,13.1.0,13.1.0,13.1.0,13.1.0
RJuro/kanelsnegl-v0.1 (few-shot),4.39,7242.0,32.0,512,5847.39,True,False,13.0,24.41,0.0,0.0,0.0,33.25,12.39,0.0,34.63,40.92,0.0,0.0,0.0,33.3,8.92,0.0,0.95,9.68,0.0,0.0,0.0,0.0,0.0,33.25,0.0,32.79,33.45,0.0,9.3.1,9.3.1,9.3.1,12.5.1,9.3.1,9.3.1,9.3.1,12.5.1,9.3.1,9.3.1,9.3.1,9.3.1,9.3.1,12.5.1
NorGLM/NorGPT-369M (few-shot),4.7,,64.0,1024,19895.92,True,False,2.06,20.38,1.13,0.97,-0.36,41.52,4.2,0.32,5.5,28.77,1.47,1.32,-2.19,40.52,4.36,0.1,3.41,14.87,3.14,2.91,3.0,2.65,0.22,33.42,0.27,38.2,2.27,0.0,12.5.2,12.5.2,12.5.2,12.5.2,12.5.2,12.5.2,12.5.2,12.5.2,12.5.2,12.5.2,12.5.2,12.5.2,12.5.2,12.5.2
ai-forever/mGPT (few-shot),4.72,,100.0,1024,11734.33,True,False,2.61,20.51,0.65,0.59,-0.73,41.15,2.68,1.99,0.0,19.32,0.0,0.0,0.49,39.12,7.85,6.24,4.76,16.95,0.08,0.07,0.0,0.0,0.67,40.42,-0.88,40.7,0.74,0.0,10.0.1,9.3.1,11.0.0,12.5.1,10.0.1,9.3.1,11.0.0,12.5.1,10.0.1,9.3.1,9.3.1,11.0.0,11.0.0,12.5.1
peter-sk/gpt-neox-da (few-shot),4.79,1515.0,50.0,1024,6025.33,True,False,-0.52,28.55,0.64,0.52,-0.02,36.82,2.89,0.48,4.75,27.85,0.26,0.26,-0.6,40.53,1.07,0.06,-1.43,20.9,0.29,0.29,0.25,0.27,-0.42,35.77,1.11,39.28,3.15,0.0,10.0.1,10.0.1,10.0.1,10.0.1,10.0.1,10.0.1,10.0.1,10.0.1,10.0.1,10.0.1,10.0.1,10.0.1,10.0.1,10.0.1
Sigurdur/qa-icebreaker (few-shot),4.81,110.0,32.0,1024,44888.92,False,False,0.07,27.86,0.0,0.0,0.0,33.25,0.08,0.0,-0.1,22.69,0.0,0.0,0.0,33.3,0.02,0.0,1.0,13.84,0.0,0.0,0.0,0.0,0.0,33.25,0.0,32.79,0.53,0.0,12.7.0,12.7.0,12.7.0,12.7.0,12.7.0,12.7.0,12.7.0,12.7.0,12.7.0,12.7.0,12.7.0,12.7.0,12.7.0,12.7.0
ssmits/Falcon2-5.5B-multilingual (few-shot),4.82,5465.0,65.0,8192,7691.9,True,False,0.0,18.12,0.0,0.0,0.0,33.25,0.03,0.02,0.0,19.16,0.0,0.0,0.0,33.3,0.0,0.0,0.0,9.59,0.0,0.0,0.0,0.0,0.0,33.25,0.0,32.79,0.09,0.0,13.0.0,13.0.0,13.0.0,13.0.0,13.0.0,13.0.0,13.0.0,13.0.0,13.0.0,13.0.0,13.0.0,13.0.0,13.0.0,13.0.0
Sigurdur/icebreaker (few-shot),4.83,110.0,32.0,1024,48618.98,False,False,0.0,18.12,0.0,0.0,0.0,33.25,0.04,0.0,-3.6,20.29,0.0,0.0,0.0,33.3,0.05,0.0,0.0,9.59,0.0,0.0,0.0,0.0,0.0,33.25,0.0,32.79,0.47,0.0,12.7.0,12.7.0,12.7.0,12.7.0,12.7.0,12.7.0,12.7.0,12.7.0,12.7.0,12.7.0,12.7.0,12.7.0,12.7.0,12.7.0
