model,nlu_rank,nlg_rank,parameters,vocabulary_size,context,speed,commercial,merge,norec_primary,norec_secondary,norne_nb_primary,norne_nb_secondary,norne_nn_primary,norne_nn_secondary,scala_nb_primary,scala_nb_secondary,scala_nn_primary,scala_nn_secondary,norquad_primary,norquad_secondary,no_sammendrag_primary,no_sammendrag_secondary,mmlu_no_primary,mmlu_no_secondary,hellaswag_no_primary,hellaswag_no_secondary,norec_version,norne_nb_version,norne_nn_version,scala_nb_version,scala_nn_version,norquad_version,no_sammendrag_version,mmlu_no_version,hellaswag_no_version,speed_version
ltg/norbert3-large,1.13,999.0,354.0,50.0,512,5048.17,True,False,64.62,75.4,93.12,90.13,89.39,86.03,77.97,88.19,76.3,87.68,79.64,66.03,,,,,,,0.0.0,0.0.0,0.0.0,0.0.0,0.0.0,0.0.0,0.0.0,0.0.0,0.0.0,0.0.0
NbAiLab/nb-bert-large,1.25,999.0,355.0,50.0,512,6343.25,True,False,63.4,74.6,91.32,87.09,87.29,83.06,78.43,88.75,79.59,89.56,73.8,59.2,,,,,,,0.0.0,0.0.0,0.0.0,0.0.0,0.0.0,0.0.0,0.0.0,0.0.0,0.0.0,0.0.0
"gpt-4-0613 (few-shot, val)",1.32,1.08,,100.0,8191,597.21,True,False,72.72,81.35,81.16,63.39,75.75,60.44,77.3,88.39,57.18,76.4,75.24,47.5,65.92,19.24,68.77,76.56,88.3,91.13,0.0.0,0.0.0,0.0.0,0.0.0,0.0.0,12.9.0,9.3.2,9.3.2,9.3.2,12.5.3
ltg/norbert3-base,1.34,999.0,124.0,50.0,512,11405.28,True,False,59.73,70.77,92.36,89.79,88.49,85.45,74.4,86.34,68.85,83.17,72.51,57.67,,,,,,,0.0.0,0.0.0,0.0.0,0.0.0,0.0.0,0.0.0,0.0.0,0.0.0,0.0.0,0.0.0
AI-Sweden-Models/roberta-large-1160k,1.36,999.0,355.0,50.0,512,14014.08,True,False,60.11,70.55,92.01,92.36,87.17,88.75,72.85,85.73,65.56,82.23,75.42,60.38,,,,,,,10.0.1,10.0.1,10.0.1,10.0.1,10.0.1,10.0.1,0.0.0,0.0.0,0.0.0,12.10.0
AI-Sweden-Models/roberta-large-1350k,1.37,999.0,355.0,50.0,512,5743.56,True,False,58.77,69.56,92.49,92.58,87.22,88.71,76.3,87.19,64.11,80.68,75.73,60.69,,,,,,,10.0.1,10.0.1,10.0.1,10.0.1,10.0.1,10.0.1,0.0.0,0.0.0,0.0.0,10.0.1
"gpt-4o-2024-05-13 (few-shot, val)",1.47,1.16,,200.0,127997,916.47,True,False,66.66,77.7,79.07,64.17,81.56,64.06,64.53,79.17,54.7,74.94,74.52,43.51,63.25,13.02,73.81,80.39,89.91,92.42,12.10.2,12.10.0,12.10.0,12.10.2,12.10.2,12.10.0,12.10.0,12.10.2,12.10.2,12.10.0
KennethEnevoldsen/dfm-sentence-encoder-large-1,1.49,999.0,355.0,50.0,512,6245.47,True,False,59.61,71.4,86.39,85.2,83.22,82.5,67.88,82.75,62.44,80.43,70.77,55.69,,,,,,,0.0.0,0.0.0,0.0.0,0.0.0,0.0.0,0.0.0,0.0.0,0.0.0,0.0.0,0.0.0
"gpt-4-1106-preview (few-shot, val)",1.49,1.22,,100.0,128000,575.52,True,False,62.55,72.41,77.48,55.87,78.7,57.58,74.45,86.22,56.31,74.04,73.39,44.67,63.6,13.15,70.84,78.12,86.3,89.53,12.10.2,12.10.0,12.10.0,12.10.2,12.10.2,12.10.0,12.10.0,12.10.2,12.10.2,12.5.3
NbAiLab/nb-roberta-base-scandi-1e4,1.49,999.0,278.0,250.0,512,15073.66,True,False,59.84,72.11,92.09,89.67,86.85,83.35,73.33,85.89,71.06,84.78,57.42,43.67,,,,,,,0.0.0,0.0.0,0.0.0,0.0.0,0.0.0,0.0.0,0.0.0,0.0.0,0.0.0,0.0.0
"meta-llama/Meta-Llama-3-70B (few-shot, val)",1.51,1.52,70554.0,128.0,8192,311.65,True,False,66.74,74.89,75.31,64.9,75.94,62.81,59.82,79.17,47.56,71.91,82.3,60.87,65.78,20.46,62.45,71.6,65.29,72.5,12.7.0,12.7.0,12.7.0,12.7.0,12.7.0,12.7.0,12.7.0,12.7.0,12.7.0,12.7.0
KennethEnevoldsen/dfm-sentence-encoder-large-2,1.52,999.0,355.0,50.0,512,6568.66,True,False,58.73,70.1,86.78,85.37,83.28,82.22,70.73,84.71,59.58,78.86,71.02,56.04,,,,,,,0.0.0,0.0.0,0.0.0,0.0.0,0.0.0,0.0.0,0.0.0,0.0.0,0.0.0,0.0.0
NbAiLab/nb-roberta-base-scandi,1.52,999.0,278.0,250.0,512,15078.99,True,False,59.98,71.7,92.24,89.66,87.58,84.23,70.18,83.83,70.81,84.45,58.3,44.27,,,,,,,0.0.0,0.0.0,0.0.0,0.0.0,0.0.0,0.0.0,0.0.0,0.0.0,0.0.0,0.0.0
danish-foundation-models/encoder-large-v1,1.56,999.0,355.0,50.0,512,6670.77,True,False,55.59,67.82,88.66,84.6,84.59,80.07,71.43,84.61,53.3,74.52,72.48,57.38,,,,,,,0.0.0,0.0.0,0.0.0,0.0.0,0.0.0,0.0.0,0.0.0,0.0.0,0.0.0,0.0.0
google/rembert,1.58,999.0,576.0,250.0,512,11735.9,True,False,54.19,65.18,88.7,84.95,86.11,82.16,69.83,84.72,54.84,75.13,71.29,58.18,,,,,,,0.0.0,0.0.0,0.0.0,0.0.0,0.0.0,0.0.0,0.0.0,0.0.0,0.0.0,12.7.0
NbAiLab/nb-bert-base,1.59,999.0,178.0,120.0,512,14050.04,True,False,60.84,72.16,93.01,89.36,88.43,84.38,73.89,86.19,72.1,85.37,45.28,33.01,,,,,,,0.0.0,0.0.0,0.0.0,0.0.0,0.0.0,0.0.0,0.0.0,0.0.0,0.0.0,0.0.0
microsoft/mdeberta-v3-base,1.6,999.0,279.0,251.0,512,20637.23,True,False,53.69,63.69,91.9,89.55,86.81,83.46,70.55,84.79,61.21,79.87,63.72,48.82,,,,,,,0.0.0,0.0.0,0.0.0,0.0.0,0.0.0,0.0.0,0.0.0,0.0.0,0.0.0,12.7.0
pere/roberta-base-exp-8,1.61,999.0,278.0,250.0,512,15112.46,True,False,57.37,70.45,88.99,86.13,82.99,78.66,69.92,83.51,70.05,84.13,55.88,41.98,,,,,,,0.0.0,0.0.0,0.0.0,0.0.0,0.0.0,0.0.0,0.0.0,0.0.0,0.0.0,0.0.0
intfloat/multilingual-e5-large,1.62,999.0,560.0,250.0,512,6731.95,True,False,61.52,72.72,89.86,90.64,84.32,86.52,62.34,79.94,34.88,66.51,70.46,53.01,,,,,,,0.0.0,0.0.0,0.0.0,0.0.0,0.0.0,0.0.0,0.0.0,0.0.0,0.0.0,0.0.0
KennethEnevoldsen/dfm-sentence-encoder-medium-3,1.63,999.0,178.0,120.0,512,14050.48,True,False,59.1,70.5,91.17,91.04,87.3,88.83,74.32,86.47,72.94,86.07,45.46,34.06,,,,,,,0.0.0,0.0.0,0.0.0,0.0.0,0.0.0,0.0.0,0.0.0,0.0.0,0.0.0,0.0.0
google/gemma-2-27b-it (few-shot),1.64,1.56,27227.0,256.0,8193,1516.14,True,False,67.14,78.63,67.35,56.75,66.61,57.24,64.66,81.94,52.49,75.95,73.41,44.85,66.24,20.99,58.34,68.54,70.87,77.92,13.0.0,13.0.0,13.0.0,13.0.0,13.0.0,13.0.0,13.0.0,13.0.0,13.0.0,13.0.0
pere/roberta-base-exp-32,1.65,999.0,278.0,250.0,512,15080.54,True,False,57.43,70.43,91.66,89.26,87.74,84.51,63.31,80.18,62.79,79.65,54.44,41.05,,,,,,,0.0.0,0.0.0,0.0.0,0.0.0,0.0.0,0.0.0,0.0.0,0.0.0,0.0.0,0.0.0
sentence-transformers/use-cmlm-multilingual,1.66,999.0,472.0,501.0,512,30230.67,True,False,56.35,69.31,90.08,87.12,86.04,81.89,59.38,78.02,46.54,71.78,70.46,55.05,,,,,,,0.0.0,0.0.0,0.0.0,0.0.0,0.0.0,0.0.0,0.0.0,0.0.0,0.0.0,12.7.0
NbAiLab/nb-sbert-base,1.67,999.0,178.0,120.0,512,17756.84,True,False,60.57,72.7,90.96,90.87,87.34,88.75,72.11,85.08,70.2,84.26,40.55,29.94,,,,,,,12.10.5,12.10.5,12.10.5,12.10.5,12.10.5,12.10.5,0.0.0,0.0.0,0.0.0,12.10.5
vesteinn/ScandiBERT-no-faroese,1.67,999.0,124.0,50.0,512,15435.6,True,False,50.9,60.96,91.09,88.45,85.72,81.88,69.34,83.11,66.24,82.36,62.96,48.45,,,,,,,0.0.0,0.0.0,0.0.0,0.0.0,0.0.0,0.0.0,0.0.0,0.0.0,0.0.0,0.0.0
vesteinn/FoBERT,1.69,999.0,124.0,50.0,512,15623.28,True,False,52.44,62.48,90.65,88.03,84.88,81.01,68.77,83.1,65.4,81.72,56.76,43.13,,,,,,,0.0.0,0.0.0,0.0.0,0.0.0,0.0.0,0.0.0,0.0.0,0.0.0,0.0.0,0.0.0
pere/roberta-debug-8,1.69,999.0,278.0,250.0,512,15103.14,True,False,55.25,66.95,91.16,88.71,84.75,80.56,68.03,82.12,66.9,82.33,55.71,41.65,,,,,,,0.0.0,0.0.0,0.0.0,0.0.0,0.0.0,0.0.0,0.0.0,0.0.0,0.0.0,0.0.0
ltg/norbert3-small,1.7,999.0,41.0,50.0,512,13515.41,True,False,51.36,61.35,90.02,86.99,86.52,83.03,67.29,82.23,56.67,76.74,63.28,48.63,,,,,,,0.0.0,0.0.0,0.0.0,0.0.0,0.0.0,0.0.0,0.0.0,0.0.0,0.0.0,0.0.0
"claude-3-5-sonnet-20241022 (zero-shot, val)",1.72,3.47,,,200000,192.92,True,False,50.92,63.0,74.23,70.66,70.5,65.71,76.1,88.02,72.03,85.28,67.69,40.57,62.57,10.84,24.04,37.19,-0.8,23.98,14.0.3,14.0.3,14.0.3,14.0.3,14.0.3,14.0.3,14.0.3,14.0.3,14.0.3,14.0.3
FacebookAI/xlm-roberta-large,1.74,999.0,561.0,250.0,512,17896.69,True,False,50.25,63.55,91.66,89.34,86.19,82.86,55.51,74.0,43.89,68.88,72.69,57.57,,,,,,,0.0.0,0.0.0,0.0.0,0.0.0,0.0.0,0.0.0,0.0.0,0.0.0,0.0.0,12.7.0
abhishek/autotrain-llama3-oh-sft-v0-2 (few-shot),1.75,1.76,70554.0,128.0,8190,2668.37,False,False,63.91,75.51,80.97,74.56,79.69,75.12,39.82,60.91,26.86,53.05,75.8,47.06,65.47,18.47,60.88,70.6,57.46,66.74,12.9.1,12.9.1,12.9.1,12.9.1,12.9.1,12.9.1,12.9.1,12.9.1,12.9.1,12.9.1
setu4993/LaBSE,1.77,999.0,471.0,501.0,512,25417.61,True,False,54.26,67.25,90.58,87.84,85.21,81.57,59.44,78.8,49.3,74.02,61.82,46.42,,,,,,,0.0.0,0.0.0,0.0.0,0.0.0,0.0.0,0.0.0,0.0.0,0.0.0,0.0.0,12.7.0
pere/roberta-debug-32,1.8,999.0,278.0,250.0,512,14958.48,True,False,53.23,65.23,89.07,85.81,83.27,78.8,70.06,83.61,66.81,82.19,47.61,34.17,,,,,,,0.0.0,0.0.0,0.0.0,0.0.0,0.0.0,0.0.0,0.0.0,0.0.0,0.0.0,0.0.0
google/gemma-2-9b-it (few-shot),1.83,1.75,9242.0,256.0,8193,2062.05,True,False,61.06,73.45,61.82,44.91,60.41,46.29,62.46,81.11,52.99,76.14,70.14,39.1,65.94,19.22,49.45,61.63,67.96,75.79,13.0.0,13.0.0,13.0.0,13.0.0,13.0.0,13.0.0,13.0.0,13.0.0,13.0.0,13.0.0
"gpt-4o-mini-2024-07-18 (few-shot, val)",1.83,1.61,,200.0,8191,784.26,True,False,67.45,77.5,72.74,57.58,69.17,56.34,74.27,86.86,54.83,76.91,43.45,3.67,63.0,11.59,59.93,69.69,76.01,81.33,14.0.0,14.0.0,14.0.0,14.0.0,14.0.0,14.0.0,14.0.1,14.0.1,14.0.1,14.0.1
"meta-llama/Meta-Llama-3-70B-Instruct (few-shot, val)",1.84,1.62,70554.0,128.0,8190,1672.52,True,False,59.29,69.99,80.5,76.71,76.47,73.94,47.28,69.23,32.76,60.66,71.6,39.71,65.7,19.36,63.58,72.58,63.41,71.91,12.7.0,12.7.0,12.7.0,12.7.0,12.7.0,12.7.0,12.7.0,12.7.0,12.7.0,12.7.0
"gpt-3.5-turbo-0613 (few-shot, val)",1.86,2.15,,100.0,4095,920.94,True,False,58.88,71.0,77.7,68.71,73.92,67.96,54.29,73.02,32.82,56.05,73.47,45.35,64.18,14.1,40.26,54.88,59.02,68.63,0.0.0,0.0.0,0.0.0,0.0.0,0.0.0,12.9.0,11.0.0,0.0.0,0.0.0,12.5.3
intfloat/multilingual-e5-large-instruct,1.92,999.0,560.0,250.0,514,5947.27,True,False,63.35,74.2,89.27,90.42,83.78,86.17,55.71,77.0,12.32,53.74,58.52,38.74,,,,,,,13.0.0,13.0.0,13.0.0,13.0.0,13.0.0,13.0.0,0.0.0,0.0.0,0.0.0,13.0.0
google/gemma-2-27b (few-shot),1.95,1.84,27227.0,256.0,8193,1530.93,True,False,64.15,76.14,42.58,43.06,40.43,40.42,51.59,72.57,42.41,68.76,80.21,58.55,66.84,22.18,57.29,67.76,53.73,63.55,13.0.0,13.0.0,13.0.0,13.0.0,13.0.0,13.0.0,13.0.0,13.0.0,13.0.0,13.0.0
pere/roberta-base-exp-32B,1.97,999.0,278.0,250.0,512,15102.57,True,False,52.19,65.6,90.6,87.83,86.76,83.48,54.98,75.67,58.33,77.88,41.75,29.17,,,,,,,0.0.0,0.0.0,0.0.0,0.0.0,0.0.0,0.0.0,0.0.0,0.0.0,0.0.0,0.0.0
mistralai/Mistral-Nemo-Instruct-2407 (few-shot),1.97,2.51,12248.0,131.0,1024001,7094.98,True,False,60.64,73.91,70.14,51.03,68.74,51.48,35.59,61.96,29.22,60.98,76.01,49.87,64.61,16.1,39.07,53.89,37.95,51.35,13.0.0,13.0.0,13.0.0,13.0.0,13.0.0,13.0.0,13.0.0,13.0.0,13.0.0,13.0.0
"gpt-4o-2024-05-13 (zero-shot, val)",1.98,1.44,,200.0,8191,636.59,True,False,36.27,35.73,77.72,57.89,71.7,50.78,71.7,85.59,58.79,76.83,72.82,40.95,62.76,10.95,69.22,76.95,76.4,82.27,14.0.3,14.0.3,14.0.3,14.0.3,14.0.3,14.0.3,14.0.3,14.0.3,14.0.3,14.0.3
google/gemma-2-9b (few-shot),1.98,2.03,9242.0,256.0,8193,2037.53,True,False,62.54,75.53,54.08,34.62,54.33,37.7,50.88,74.69,41.01,69.35,72.99,46.25,65.67,20.11,50.81,62.98,53.37,63.52,13.0.0,13.0.0,13.0.0,13.0.0,13.0.0,13.0.0,13.0.0,13.0.0,13.0.0,13.0.0
"152334H/miqu-1-70b-sf (few-shot, val)",2.04,1.98,68977.0,32.0,32762,2126.22,True,False,60.58,70.33,66.75,58.61,66.81,57.71,47.53,72.24,17.14,51.14,72.51,41.92,64.64,16.59,51.01,63.2,58.23,67.46,12.7.0,12.7.0,12.7.0,12.7.0,12.7.0,12.7.0,12.7.0,12.7.0,12.7.0,12.7.0
timpal0l/sol (few-shot),2.17,2.07,10732.0,32.0,4096,3700.95,False,False,57.06,71.09,65.14,52.85,65.88,52.89,26.41,51.92,19.58,53.93,77.87,51.6,66.21,20.29,36.06,51.47,64.97,73.41,12.7.0,12.7.0,12.7.0,12.7.0,12.7.0,12.7.0,12.7.0,12.7.0,12.7.0,12.7.0
vesteinn/DanskBERT,2.17,999.0,124.0,50.0,512,15748.62,True,False,47.84,60.67,86.82,84.15,79.91,76.65,51.99,72.87,30.57,62.9,50.77,36.75,,,,,,,0.0.0,0.0.0,0.0.0,0.0.0,0.0.0,0.0.0,0.0.0,0.0.0,0.0.0,0.0.0
intfloat/multilingual-e5-base,2.17,999.0,278.0,250.0,512,14965.0,True,False,54.61,67.19,88.26,89.24,81.37,83.89,50.35,73.06,22.15,58.2,45.47,31.77,,,,,,,0.0.0,0.0.0,0.0.0,0.0.0,0.0.0,12.6.1,0.0.0,0.0.0,0.0.0,0.0.0
AI-Sweden-Models/bert-large-nordic-pile-1M-steps,2.2,999.0,369.0,64.0,512,6570.9,True,False,47.11,60.7,87.5,87.45,80.57,82.71,52.62,75.01,25.06,60.75,50.51,38.4,,,,,,,0.0.0,0.0.0,0.0.0,0.0.0,0.0.0,0.0.0,0.0.0,0.0.0,0.0.0,0.0.0
"meta-llama/Llama-2-70b-hf (few-shot, val)",2.2,2.11,68977.0,32.0,4094,1891.65,True,False,59.68,70.62,62.46,60.77,64.68,61.69,27.34,50.42,3.95,36.08,78.69,57.44,66.09,21.12,43.88,57.62,53.85,64.34,12.7.0,12.7.0,12.7.0,12.7.0,12.7.0,12.7.0,12.7.0,12.7.0,12.7.0,12.7.0
abhishek/autotrain-llama3-orpo-v2 (few-shot),2.22,2.77,8030.0,128.0,8190,8531.82,False,False,51.3,66.17,74.62,66.51,74.22,67.02,26.03,61.04,19.9,58.22,71.62,45.31,63.93,14.84,33.28,48.46,30.6,45.31,12.8.0,12.8.0,12.8.0,12.8.0,12.8.0,12.8.0,12.8.0,12.8.0,12.8.0,12.8.0
mistralai/Ministral-8B-Instruct-2410 (few-shot),2.22,2.45,8020.0,131.0,32768,929.75,True,False,54.49,69.23,69.85,59.43,68.83,59.51,28.55,61.53,17.47,52.6,71.05,43.55,64.05,16.34,34.93,50.67,49.83,61.44,13.0.0,13.0.0,13.0.0,13.0.0,13.0.0,13.0.0,13.0.0,13.0.0,13.0.0,14.0.1
microsoft/xlm-align-base,2.23,999.0,278.0,250.0,512,14744.17,True,False,54.46,68.25,90.07,87.56,85.65,82.4,12.16,50.55,8.99,48.57,64.35,49.24,,,,,,,0.0.0,0.0.0,0.0.0,0.0.0,0.0.0,0.0.0,0.0.0,0.0.0,0.0.0,0.0.0
meta-llama/Llama-3.1-8B (few-shot),2.23,2.71,8030.0,128.0,131072,2363.74,True,False,52.87,68.71,64.62,53.5,65.1,56.43,28.34,58.57,22.4,53.51,75.98,53.2,63.88,16.54,35.8,51.22,30.31,46.84,12.11.0,12.11.0,12.11.0,12.11.0,12.11.0,13.0.0,13.0.0,13.0.0,13.0.0,14.0.1
Nexusflow/Starling-LM-7B-beta (few-shot),2.24,2.47,7242.0,32.0,4096,1972.18,False,False,55.48,69.68,66.22,48.98,64.14,49.59,26.13,56.08,17.32,54.57,77.08,49.75,65.32,18.53,29.72,46.95,46.78,59.65,12.5.2,12.5.2,12.5.2,12.5.2,12.5.2,12.5.2,12.5.2,12.5.2,12.5.2,14.0.3
cardiffnlp/twitter-xlm-roberta-base,2.26,999.0,278.0,250.0,512,34475.2,True,False,48.34,60.68,87.7,85.32,81.41,77.41,55.3,75.77,37.46,67.68,35.93,24.49,,,,,,,0.0.0,0.0.0,0.0.0,0.0.0,0.0.0,0.0.0,0.0.0,0.0.0,0.0.0,12.7.0
meta-llama/Meta-Llama-3-8B-Instruct (few-shot),2.27,2.77,8030.0,128.0,8192,1040.29,True,False,50.62,65.69,74.47,65.57,72.93,65.44,27.77,61.75,20.35,57.74,69.9,42.9,63.98,14.75,33.44,48.76,30.91,45.85,12.6.1,12.6.1,12.6.1,12.6.1,12.6.1,12.6.1,12.6.1,12.6.1,12.6.1,14.0.2
"gpt-4-1106-preview (zero-shot, val)",2.27,1.71,,100.0,8191,436.04,True,False,39.62,38.68,60.16,49.38,48.74,40.98,71.38,85.52,42.94,71.26,69.46,36.04,62.75,10.78,68.89,76.76,59.02,67.34,14.0.3,14.0.3,14.0.3,14.0.3,14.0.3,14.0.3,14.0.3,14.0.3,14.0.3,14.0.3
"birgermoell/WestLake-Munin-Cat-NorskGPT (few-shot, val)",2.29,2.52,7242.0,32.0,32768,2856.11,False,True,58.28,69.79,63.33,53.24,68.84,53.85,18.65,45.34,10.72,43.91,70.76,44.39,65.94,19.92,26.61,44.8,46.64,59.84,9.3.1,9.3.1,9.3.1,9.3.1,9.3.1,12.5.2,9.3.1,9.3.1,9.3.1,9.3.1
"birgermoell/Munin-NeuralBeagle-NorskGPT (few-shot, val)",2.29,2.52,7242.0,32.0,32768,2902.56,False,True,58.28,69.79,63.33,53.24,68.84,53.85,18.65,45.34,10.72,43.91,70.76,44.39,65.94,19.92,26.61,44.8,46.64,59.84,9.3.1,9.3.1,9.3.1,9.3.1,9.3.1,12.5.2,9.3.1,9.3.1,9.3.1,9.3.1
upstage/SOLAR-10.7B-v1.0 (few-shot),2.29,2.18,10732.0,32.0,4096,3780.42,True,False,55.33,69.71,68.11,57.57,68.19,56.9,10.15,36.27,7.51,35.89,80.42,55.33,65.51,19.63,35.57,51.45,62.76,71.77,12.5.3,12.5.3,12.5.3,12.5.3,12.5.3,12.5.3,12.5.3,12.5.3,12.5.3,12.5.3
google-bert/bert-base-multilingual-uncased,2.29,999.0,167.0,106.0,512,13992.5,True,False,37.28,48.69,82.9,79.06,77.33,72.83,49.41,73.96,43.58,71.2,54.01,40.35,,,,,,,0.0.0,0.0.0,0.0.0,0.0.0,0.0.0,0.0.0,0.0.0,0.0.0,0.0.0,0.0.0
meta-llama/Llama-3.1-8B-Instruct (few-shot),2.31,2.44,8030.0,128.0,131072,1042.12,True,False,57.3,71.58,74.77,71.87,72.8,69.98,5.23,34.9,11.51,45.73,70.96,43.93,66.08,19.8,38.1,52.64,39.3,54.03,13.0.0,13.0.0,13.0.0,13.0.0,13.0.0,13.0.0,13.0.0,13.0.0,13.0.0,14.0.2
google-bert/bert-base-multilingual-cased,2.32,999.0,178.0,120.0,512,14083.03,True,False,35.87,48.94,88.72,85.49,83.08,79.36,44.22,70.31,39.55,68.65,53.62,40.55,,,,,,,0.0.0,0.0.0,0.0.0,0.0.0,0.0.0,0.0.0,0.0.0,0.0.0,0.0.0,0.0.0
Geotrend/bert-base-25lang-cased,2.32,999.0,151.0,85.0,512,13908.28,True,False,36.21,49.48,87.99,84.84,83.1,79.18,46.43,71.65,39.82,68.68,53.12,40.01,,,,,,,0.0.0,0.0.0,0.0.0,0.0.0,0.0.0,0.0.0,0.0.0,0.0.0,0.0.0,0.0.0
jonfd/electra-small-nordic,2.33,999.0,22.0,96.0,128,5989.23,True,False,40.15,46.26,84.95,81.68,79.57,74.62,72.87,85.86,63.77,81.62,19.7,14.16,,,,,,,0.0.0,0.0.0,0.0.0,0.0.0,0.0.0,0.0.0,0.0.0,0.0.0,0.0.0,0.0.0
bineric/NorskGPT-Llama3-8b (few-shot),2.33,2.37,8030.0,128.0,8190,3694.76,False,False,48.4,61.42,66.94,60.25,67.69,61.57,24.26,57.31,18.43,52.28,74.57,46.8,65.84,19.08,33.55,49.43,47.32,59.11,12.7.0,12.7.0,12.7.0,12.7.0,12.7.0,12.7.0,12.7.0,12.7.0,12.7.0,12.7.0
four-two-labs/orpo-llama-3-swe (few-shot),2.33,2.83,8030.0,128.0,8192,4974.22,False,False,48.85,64.93,61.63,48.09,61.3,50.08,24.15,56.29,21.33,58.05,75.19,53.66,63.67,16.08,33.52,49.78,26.04,43.74,12.7.0,12.7.0,12.7.0,12.7.0,12.7.0,12.7.0,12.7.0,12.7.0,12.7.0,12.7.0
"timpal0l/dolphin-2.9-llama3-8b-flashback (few-shot, val)",2.34,2.89,8030.0,128.0,8192,5018.29,False,True,52.9,65.38,64.51,51.06,65.66,53.9,29.34,59.36,17.42,52.01,67.16,38.49,64.12,15.41,25.77,43.4,31.8,46.8,12.7.0,12.7.0,12.7.0,12.7.0,12.7.0,12.7.0,12.7.0,12.7.0,12.7.0,12.7.0
ZurichNLP/unsup-simcse-xlm-roberta-base,2.35,999.0,278.0,250.0,512,34520.24,True,False,49.62,62.56,86.56,87.3,80.57,83.03,38.45,67.14,11.38,51.68,47.61,31.5,,,,,,,12.6.1,12.6.1,12.6.1,12.6.1,12.6.1,12.6.1,0.0.0,0.0.0,0.0.0,12.7.0
Geotrend/bert-base-en-no-cased,2.35,999.0,111.0,33.0,512,14080.79,True,False,34.97,48.21,89.07,85.89,82.69,79.22,39.58,67.91,31.27,62.81,55.17,41.89,,,,,,,0.0.0,0.0.0,0.0.0,0.0.0,0.0.0,0.0.0,0.0.0,0.0.0,0.0.0,0.0.0
skole-gpt-mixtral (few-shot),2.36,2.58,,32.0,32768,3582.66,False,False,52.09,65.72,62.52,49.42,61.55,47.53,21.99,58.21,16.84,51.76,72.6,47.3,64.7,17.1,39.99,54.9,32.16,48.12,13.0.0,13.0.0,13.0.0,13.0.0,13.0.0,13.0.0,13.0.0,13.0.0,13.0.0,13.0.0
bineric/NorskGPT-Mistral-7b (few-shot),2.36,2.41,7242.0,32.0,32768,2442.87,False,False,56.9,70.81,63.28,47.72,61.25,45.04,13.86,44.84,10.17,46.48,74.38,49.03,65.72,19.24,32.37,49.0,47.62,60.59,9.3.1,9.3.1,9.3.1,9.3.1,9.3.1,12.5.1,11.0.0,9.3.1,9.3.1,9.3.1
Geotrend/bert-base-en-fr-de-no-da-cased,2.36,999.0,118.0,42.0,512,13972.84,True,False,35.34,48.31,88.05,84.88,83.08,79.06,31.45,63.68,36.12,66.98,54.67,41.59,,,,,,,0.0.0,0.0.0,0.0.0,0.0.0,0.0.0,0.0.0,0.0.0,0.0.0,0.0.0,0.0.0
meta-llama/Meta-Llama-3-8B (few-shot),2.37,2.85,8030.0,128.0,8192,1046.19,True,False,49.87,66.15,61.48,47.65,61.58,50.1,21.2,52.29,19.65,56.66,74.98,53.35,63.38,15.74,33.02,49.25,24.93,42.47,12.6.1,12.6.1,12.6.1,12.6.1,12.6.1,12.6.1,12.6.1,12.6.1,12.6.1,14.0.2
"RJuro/munin-neuralbeagle-7b (few-shot, val)",2.37,2.59,7242.0,32.0,32768,2492.75,False,True,55.61,68.27,61.18,56.36,65.16,55.74,20.84,49.36,9.12,43.06,69.13,42.92,65.99,19.46,27.77,45.43,39.67,54.26,9.3.2,9.3.2,9.3.2,9.3.2,9.3.2,12.5.2,9.3.2,9.3.2,9.3.2,9.3.2
"gpt-4o-mini-2024-07-18 (zero-shot, val)",2.38,1.8,,200.0,8191,908.12,True,False,39.82,37.7,60.43,37.82,55.59,32.2,54.84,74.79,33.8,62.11,70.12,36.55,62.77,10.94,56.96,67.11,68.7,75.86,14.0.1,14.0.1,14.0.1,14.0.1,14.0.1,14.0.1,14.0.1,14.0.3,14.0.3,14.0.3
"meta-llama/Llama-2-70b-chat-hf (few-shot, val)",2.39,2.66,68977.0,32.0,3841,1979.03,True,False,55.12,66.55,60.21,47.06,62.99,48.82,27.12,54.26,6.82,46.18,69.99,38.5,65.11,17.82,32.3,48.32,34.43,49.65,12.7.0,12.7.0,12.7.0,12.7.0,12.7.0,12.7.0,12.7.0,12.7.0,12.7.0,12.7.0
"timpal0l/BeagleCatMunin2 (few-shot, val)",2.39,2.59,7242.0,32.0,32768,2477.24,False,True,58.69,70.83,61.17,54.24,65.44,54.34,15.03,40.22,5.95,39.18,69.53,42.42,66.08,20.15,27.31,45.04,41.63,56.02,9.3.1,9.3.1,9.3.1,9.3.1,9.3.1,12.5.2,9.3.1,9.3.1,9.3.1,9.3.1
Geotrend/bert-base-en-da-cased,2.42,999.0,111.0,33.0,512,14061.58,True,False,35.16,48.41,88.55,85.29,83.09,79.27,31.82,62.98,32.94,64.36,52.33,39.46,,,,,,,0.0.0,0.0.0,0.0.0,0.0.0,0.0.0,0.0.0,0.0.0,0.0.0,0.0.0,0.0.0
"mlabonne/NeuralBeagle14-7B (few-shot, val)",2.42,2.71,7242.0,32.0,8192,2549.38,False,True,54.04,66.46,62.47,57.71,66.69,58.83,16.75,49.11,13.0,49.33,65.43,34.48,65.74,19.13,28.39,45.59,35.19,50.12,9.3.2,9.3.2,9.3.2,9.3.2,9.3.2,12.5.2,9.3.2,9.3.2,9.3.2,9.3.2
microsoft/infoxlm-base,2.46,999.0,278.0,250.0,512,34735.22,True,False,44.42,57.73,90.14,87.71,84.12,80.21,11.2,48.77,7.12,49.23,62.39,47.69,,,,,,,0.0.0,0.0.0,0.0.0,0.0.0,0.0.0,0.0.0,0.0.0,0.0.0,0.0.0,12.7.0
senseable/WestLake-7B-v2 (few-shot),2.47,2.66,7242.0,32.0,32768,5992.97,False,False,50.6,66.76,64.37,52.81,62.77,51.8,18.09,52.56,12.25,50.79,69.54,38.34,65.09,17.27,27.33,45.16,41.59,56.02,12.6.1,12.6.1,12.6.1,12.6.1,12.6.1,12.6.1,12.6.1,12.6.1,12.6.1,12.6.1
KBLab/megatron-bert-large-swedish-cased-165k,2.47,999.0,370.0,64.0,512,7137.91,True,False,39.53,50.9,85.99,83.09,79.47,75.61,27.39,61.03,23.56,60.05,51.83,39.01,,,,,,,0.0.0,0.0.0,0.0.0,0.0.0,0.0.0,0.0.0,0.0.0,0.0.0,0.0.0,0.0.0
AI-Nordics/bert-large-swedish-cased,2.48,999.0,335.0,31.0,512,7199.47,True,False,38.44,52.6,83.32,80.48,77.97,74.84,37.54,64.46,23.1,58.14,51.67,39.97,,,,,,,0.0.0,0.0.0,0.0.0,0.0.0,0.0.0,0.0.0,0.0.0,0.0.0,0.0.0,0.0.0
Geotrend/bert-base-da-cased,2.48,999.0,104.0,23.0,512,15432.35,True,False,32.73,46.52,87.52,83.86,82.66,78.65,36.41,65.2,30.37,62.12,49.9,37.71,,,,,,,0.0.0,0.0.0,0.0.0,0.0.0,0.0.0,0.0.0,0.0.0,0.0.0,0.0.0,0.0.0
"timpal0l/BeagleCatMunin (few-shot, val)",2.5,2.81,7242.0,32.0,32768,2495.0,False,True,54.74,67.81,54.04,48.5,62.21,50.38,14.51,40.94,5.38,37.62,69.15,42.83,65.6,19.07,25.82,43.75,32.01,48.4,9.3.2,9.3.2,9.3.2,9.3.2,9.3.2,12.5.2,9.3.2,9.3.2,9.3.2,9.3.2
Mabeck/Heidrun-Mistral-7B-chat (few-shot),2.5,2.92,7242.0,32.0,32768,5821.93,False,False,49.19,63.36,61.41,52.32,59.49,49.45,15.17,50.25,10.78,50.08,73.08,48.99,64.22,16.72,27.64,45.78,25.74,43.95,10.0.1,10.0.1,10.0.1,10.0.1,10.0.1,12.5.0,12.5.0,10.0.1,10.0.1,10.0.1
"merge-crew/da-sv-dare-ties-density-0.9 (few-shot, val)",2.5,3.07,7242.0,32.0,32768,2442.55,True,True,49.4,60.71,48.24,42.53,61.5,50.9,24.12,59.38,13.2,54.42,69.52,47.93,64.56,17.62,26.21,42.54,17.0,33.52,10.0.1,10.0.1,10.0.1,10.0.1,10.0.1,10.0.1,10.0.1,10.0.1,10.0.1,10.0.1
microsoft/infoxlm-large,2.52,999.0,560.0,250.0,512,6696.2,True,False,30.56,45.96,91.9,89.48,86.59,82.92,9.79,46.75,6.36,48.52,74.7,60.47,,,,,,,0.0.0,0.0.0,0.0.0,0.0.0,0.0.0,0.0.0,0.0.0,0.0.0,0.0.0,0.0.0
"mlabonne/AlphaMonarch-7B (few-shot, val)",2.52,2.69,7242.0,32.0,8192,5340.04,False,True,48.8,63.38,61.9,57.16,66.92,57.81,19.53,51.96,9.83,47.95,62.04,30.27,64.72,17.4,28.18,45.23,36.2,50.74,12.5.2,12.5.2,12.5.2,12.5.2,12.5.2,12.5.2,12.5.2,12.5.2,12.5.2,12.5.2
mhenrichsen/danskgpt-chat-v2.1 (few-shot),2.55,2.53,,32.0,32768,5085.22,True,False,53.41,69.49,62.43,51.64,60.68,48.91,-1.16,33.56,0.3,34.08,76.77,49.15,63.65,13.19,38.47,53.57,40.13,54.87,12.0.0,12.0.0,12.0.0,12.0.0,12.0.0,12.0.0,12.0.0,12.0.0,12.0.0,12.0.0
"KennethEnevoldsen/munin_mistral-7b (few-shot, val)",2.56,2.97,7242.0,32.0,32768,2543.28,False,True,56.37,69.55,51.82,44.64,62.55,49.66,6.04,36.34,-0.02,33.47,70.75,48.85,63.74,16.64,28.43,45.94,20.49,40.0,12.3.1,12.5.2,12.5.2,12.3.2,12.3.2,12.3.2,12.3.2,12.3.2,12.3.2,12.3.2
ibm-granite/granite-3.0-8b-base (few-shot),2.56,2.96,8171.0,49.0,4096,5116.13,True,False,53.27,66.73,49.94,46.49,52.17,46.44,17.22,50.42,12.01,47.98,69.52,45.04,63.01,15.82,24.31,42.68,30.34,47.38,13.0.0,13.0.0,13.0.0,13.0.0,13.0.0,13.0.0,13.0.0,13.0.0,13.0.0,13.0.0
ibm-granite/granite-3.0-8b-instruct (few-shot),2.57,3.04,8171.0,49.0,4096,5090.05,True,False,51.36,66.19,53.79,46.58,56.13,47.13,6.83,38.36,8.09,41.05,73.03,48.01,62.4,13.68,24.55,42.12,26.71,44.15,13.0.0,13.0.0,13.0.0,13.0.0,13.0.0,13.0.0,13.0.0,13.0.0,13.0.0,13.0.0
timpal0l/njord-alpha (few-shot),2.57,2.96,7242.0,32.0,32768,5431.36,True,False,48.03,65.89,50.47,43.31,51.97,42.66,22.65,51.83,17.1,49.03,68.08,44.72,65.48,19.57,25.82,42.08,21.35,37.35,12.7.0,12.7.0,12.7.0,12.7.0,12.7.0,12.7.0,12.7.0,12.7.0,12.7.0,12.7.0
"birgermoell/BeagleCatMunin-Flashback-Bellman (few-shot, val)",2.57,2.68,7242.0,32.0,32768,2890.1,False,True,52.7,66.82,53.96,49.84,63.45,53.13,14.87,40.83,2.48,35.61,67.26,41.43,65.23,18.64,27.42,45.2,36.05,51.68,9.3.1,9.3.1,9.3.1,9.3.1,9.3.1,12.5.2,9.3.1,9.3.1,9.3.1,9.3.1
"birgermoell/Rapid-Cycling (few-shot, val)",2.59,2.77,7242.0,32.0,32768,2345.88,False,True,50.41,64.49,55.93,50.51,63.85,53.11,15.74,41.16,2.23,34.7,65.65,39.81,65.1,18.12,26.34,44.69,34.85,50.23,9.3.2,9.3.2,9.3.2,9.3.2,9.3.2,12.5.2,9.3.2,9.3.2,9.3.2,9.3.2
"birgermoell/Flashback-Bellman (few-shot, val)",2.59,2.81,7242.0,32.0,32768,2887.36,False,True,53.24,67.94,56.44,50.1,66.56,54.48,11.96,37.26,2.5,35.26,64.09,39.21,64.96,17.92,26.64,44.88,31.14,48.01,9.3.1,9.3.1,9.3.1,9.3.1,9.3.1,12.5.2,9.3.1,9.3.1,9.3.1,9.3.1
CohereForAI/aya-expanse-8b (few-shot),2.59,2.62,8028.0,256.0,8192,5581.05,False,False,38.61,51.46,66.55,39.28,63.63,37.25,15.8,51.42,12.3,51.96,71.49,43.26,64.48,17.46,36.48,52.32,35.85,51.83,13.0.0,13.0.0,13.0.0,13.0.0,13.0.0,13.0.0,13.0.0,13.0.0,13.0.0,13.0.0
timpal0l/Llama-3-8B-flashback-v1 (few-shot),2.59,3.29,8030.0,128.0,8192,4806.85,True,False,47.58,64.35,59.09,52.82,60.02,52.04,10.52,46.13,6.67,40.61,71.9,49.89,58.88,10.65,29.17,46.02,17.46,36.36,12.7.0,12.7.0,12.7.0,12.7.0,12.7.0,12.7.0,12.7.0,12.7.0,12.7.0,12.7.0
"merge-crew/da-sv-dare-ties-density-0.6 (few-shot, val)",2.59,3.19,7242.0,32.0,32768,2514.54,True,True,54.93,68.45,47.26,40.22,59.35,45.26,9.0,37.53,5.26,39.01,68.0,45.95,64.25,16.92,21.89,39.61,15.32,34.57,10.0.1,10.0.1,10.0.1,10.0.1,10.0.1,10.0.1,10.0.1,10.0.1,10.0.1,10.0.1
bineric/NorskGPT-Llama-13B-v0.1 (few-shot),2.61,2.84,13016.0,32.0,4096,2856.44,False,False,48.86,64.32,56.72,43.75,57.62,43.81,9.87,44.29,6.9,48.96,69.36,41.27,64.86,16.84,24.51,42.96,31.41,47.68,12.10.4,12.10.4,12.10.4,12.10.4,12.10.4,12.10.4,12.10.4,12.10.4,12.10.4,12.10.4
KB/bert-base-swedish-cased,2.61,999.0,125.0,50.0,512,16181.26,True,False,38.7,50.88,85.91,83.05,79.67,76.0,39.13,67.97,24.13,60.76,27.73,19.04,,,,,,,0.0.0,0.0.0,0.0.0,0.0.0,0.0.0,0.0.0,0.0.0,0.0.0,0.0.0,0.0.0
"merge-crew/da-sv-slerp (few-shot, val)",2.61,2.87,7242.0,32.0,32768,2467.48,True,True,56.07,68.93,49.67,43.26,61.11,50.15,3.81,34.47,-1.29,33.32,68.18,44.98,64.97,18.14,28.63,45.94,25.43,43.48,10.0.1,10.0.1,10.0.1,10.0.1,10.0.1,10.0.1,10.0.1,10.0.1,10.0.1,10.0.1
"merge-crew/da-sv-task-arithmetic (few-shot, val)",2.61,2.87,7242.0,32.0,32768,2500.05,True,True,55.87,68.97,49.69,43.57,61.78,49.91,2.99,34.16,-1.29,33.32,68.17,44.62,64.94,18.09,28.26,45.78,25.83,43.63,10.0.1,10.0.1,10.0.1,10.0.1,10.0.1,10.0.1,10.0.1,10.0.1,10.0.1,10.0.1
clips/mfaq,2.62,999.0,278.0,250.0,128,5591.18,True,False,52.91,64.64,89.46,86.62,79.71,75.64,27.55,53.28,15.2,51.91,17.38,12.36,,,,,,,0.0.0,0.0.0,0.0.0,0.0.0,0.0.0,0.0.0,0.0.0,0.0.0,0.0.0,0.0.0
"merge-crew/da-sv-ties (few-shot, val)",2.62,3.09,7242.0,32.0,32768,2457.19,True,True,44.46,52.31,47.61,42.16,60.57,48.89,23.99,60.6,11.6,53.4,69.07,47.02,64.59,17.61,27.13,42.23,15.65,31.76,10.0.1,10.0.1,10.0.1,10.0.1,10.0.1,10.0.1,10.0.1,10.0.1,10.0.1,10.0.1
"AI-Sweden-Models/tyr (few-shot, val)",2.62,2.98,7242.0,32.0,32768,6079.2,False,True,51.85,64.28,58.6,52.72,63.15,54.03,0.66,33.42,0.53,33.42,68.55,43.22,64.57,17.58,26.09,44.41,23.43,42.3,12.3.2,12.5.2,12.5.2,12.3.2,12.3.2,12.3.2,12.3.2,12.3.2,12.3.2,12.3.2
KBLab/megatron-bert-large-swedish-cased-110k,2.63,999.0,370.0,64.0,512,7074.64,True,False,39.15,53.0,84.03,80.97,77.98,74.25,21.39,58.08,17.1,57.0,47.41,35.32,,,,,,,0.0.0,0.0.0,0.0.0,0.0.0,0.0.0,0.0.0,0.0.0,0.0.0,0.0.0,0.0.0
AI-Sweden-Models/Llama-3-8B-instruct (few-shot),2.63,1.91,8030.0,128.0,8192,1480.08,False,False,38.52,53.36,85.07,84.47,81.43,79.7,0.0,33.41,0.0,33.86,66.67,40.52,65.02,16.74,41.57,55.57,72.25,78.88,12.10.4,12.10.4,12.10.4,12.10.4,12.10.4,12.10.4,12.10.4,12.10.4,12.10.4,14.0.3
timpal0l/Mistral-7B-v0.1-flashback-v2 (few-shot),2.63,3.17,7242.0,32.0,32768,5053.68,True,False,49.05,63.94,48.97,39.15,51.52,40.17,14.37,47.8,9.96,48.97,68.49,44.07,63.32,16.33,25.07,43.13,15.56,35.85,12.5.3,12.5.3,12.5.3,12.5.3,12.5.3,12.5.3,12.5.3,12.5.3,12.5.3,12.5.3
bineric/NorskGPT-Llama-7B-v0.1 (few-shot),2.63,3.02,6738.0,32.0,4096,5384.08,False,False,50.94,66.55,56.18,49.39,56.96,48.3,8.19,45.17,5.55,48.92,69.72,41.35,64.21,15.54,21.27,40.69,26.81,44.27,12.3.2,12.5.2,12.5.2,12.3.2,12.3.2,12.3.2,12.3.2,12.3.2,12.3.2,12.3.2
KBLab/megatron-bert-base-swedish-cased-600k,2.64,999.0,135.0,64.0,512,15725.82,True,False,40.2,54.68,82.2,79.13,76.64,72.9,24.45,58.75,19.18,57.93,42.59,30.69,,,,,,,0.0.0,0.0.0,0.0.0,0.0.0,0.0.0,0.0.0,0.0.0,0.0.0,0.0.0,0.0.0
utter-project/EuroLLM-9B-Instruct (few-shot),2.64,2.51,9152.0,128.0,4096,5762.51,False,False,52.62,68.1,40.91,33.22,42.91,35.61,9.7,36.58,11.98,39.37,72.71,47.36,65.77,19.35,36.97,52.08,37.64,51.95,13.1.0,13.1.0,13.1.0,13.1.0,13.1.0,13.1.0,13.1.0,13.1.0,13.1.0,13.1.0
DDSC/roberta-base-scandinavian,2.65,999.0,125.0,50.0,512,14490.87,True,False,46.74,60.25,71.73,68.5,79.8,75.76,8.02,50.3,17.04,56.87,42.5,29.26,,,,,,,0.0.0,0.0.0,0.0.0,0.0.0,0.0.0,0.0.0,0.0.0,0.0.0,0.0.0,0.0.0
mhenrichsen/hestenettetLM (few-shot),2.67,3.13,7242.0,32.0,4096,1395.65,True,False,48.23,65.51,52.52,43.46,55.6,45.25,8.53,38.61,6.65,39.32,70.96,46.89,63.53,16.54,27.67,45.77,14.2,34.89,12.3.2,12.5.2,12.5.2,12.3.2,12.3.2,12.3.2,12.3.2,12.3.2,12.3.2,14.0.3
mistralai/Mistral-7B-v0.1 (few-shot),2.67,3.17,7242.0,32.0,4096,1445.59,True,False,47.25,64.53,52.0,43.55,55.12,45.34,8.66,38.87,6.8,39.72,70.86,46.86,63.49,16.48,27.78,45.76,10.88,32.43,0.0.0,0.0.0,0.0.0,0.0.0,0.0.0,12.5.1,11.0.0,9.1.2,9.1.2,14.0.3
AI-Sweden-Models/Llama-3-8B (few-shot),2.67,2.92,8030.0,128.0,8192,4140.98,True,False,41.84,56.79,44.53,36.59,47.02,39.99,19.97,47.4,15.61,43.4,73.43,50.91,65.29,19.34,30.85,46.02,18.61,36.62,12.10.5,12.10.5,12.10.5,12.10.5,12.10.5,12.10.5,12.10.5,12.10.5,12.10.5,12.10.5
KBLab/bert-base-swedish-cased,2.68,999.0,125.0,50.0,512,16164.04,True,False,38.17,50.44,85.33,82.13,79.44,75.74,39.49,68.13,22.17,60.16,27.73,19.04,,,,,,,0.0.0,0.0.0,0.0.0,0.0.0,0.0.0,0.0.0,0.0.0,0.0.0,0.0.0,0.0.0
ltg/norbert3-xs,2.68,999.0,15.0,50.0,512,14208.46,True,False,49.92,63.75,87.63,84.17,80.19,75.7,7.93,50.87,5.06,51.44,34.67,22.46,,,,,,,0.0.0,0.0.0,0.0.0,0.0.0,0.0.0,0.0.0,0.0.0,0.0.0,0.0.0,0.0.0
danish-foundation-models/munin-7b-v0.1dev0 (few-shot),2.68,2.84,7242.0,32.0,8192,6112.86,True,False,39.21,56.54,50.43,42.19,54.2,43.92,20.51,52.48,11.66,48.13,73.95,51.57,65.46,19.21,28.97,45.7,25.41,42.75,12.4.0,12.5.2,12.5.2,12.4.0,12.4.0,12.4.0,12.4.0,12.4.0,12.4.0,12.5.0
facebook/xlm-v-base,2.71,999.0,778.0,902.0,512,25396.22,True,False,17.93,34.24,89.99,87.51,78.6,74.97,43.46,66.52,10.97,43.47,59.8,43.74,,,,,,,0.0.0,0.0.0,0.0.0,0.0.0,0.0.0,0.0.0,0.0.0,0.0.0,0.0.0,12.7.0
ThatsGroes/munin-SkoleGPTOpenOrca-7b-16bit (few-shot),2.71,2.95,7242.0,32.0,32768,3005.72,False,False,50.39,66.42,51.99,37.4,52.74,36.83,0.99,33.56,1.27,34.04,72.6,47.95,64.2,16.28,25.74,43.89,26.36,44.31,11.0.0,11.0.0,11.0.0,11.0.0,11.0.0,12.4.0,12.4.0,11.0.0,11.0.0,11.0.0
"RJuro/munin-neuralbeagle-SkoleGPTOpenOrca-7b (few-shot, val)",2.71,2.66,7242.0,32.0,32768,3007.6,False,True,47.78,57.76,53.68,49.22,61.92,49.03,0.91,33.51,1.24,33.71,70.99,47.76,64.23,16.9,28.59,46.48,42.57,56.64,9.3.2,9.3.2,9.3.2,9.3.2,9.3.2,12.5.2,9.3.2,9.3.2,9.3.2,9.3.2
distilbert/distilbert-base-multilingual-cased,2.73,999.0,135.0,120.0,512,26354.74,True,False,33.16,46.93,83.62,80.61,80.69,76.61,36.1,66.11,30.1,64.29,30.04,19.26,,,,,,,0.0.0,0.0.0,0.0.0,0.0.0,0.0.0,0.0.0,0.0.0,0.0.0,0.0.0,0.0.0
Geotrend/distilbert-base-en-no-cased,2.74,999.0,69.0,33.0,512,26597.05,True,False,32.32,47.12,83.93,81.01,79.39,75.07,36.15,66.57,30.17,63.98,30.26,19.71,,,,,,,0.0.0,0.0.0,0.0.0,0.0.0,0.0.0,0.0.0,0.0.0,0.0.0,0.0.0,0.0.0
Twitter/twhin-bert-base,2.74,999.0,279.0,250.0,512,11513.72,True,False,37.02,47.88,84.11,81.35,77.22,73.67,35.42,66.3,6.87,50.7,36.16,25.98,,,,,,,0.0.0,0.0.0,0.0.0,0.0.0,0.0.0,12.6.1,0.0.0,0.0.0,0.0.0,0.0.0
mistralai/Mistral-7B-v0.3 (few-shot),2.74,3.16,7248.0,33.0,32768,1364.05,True,False,44.61,62.22,50.56,44.38,52.65,46.48,12.1,43.27,9.3,46.11,68.61,45.15,63.13,16.19,28.31,45.93,13.59,33.95,12.10.4,12.10.4,12.10.4,12.10.4,12.10.4,12.10.4,12.10.5,12.10.4,12.10.4,14.0.3
Geotrend/distilbert-base-25lang-cased,2.75,999.0,109.0,85.0,512,26098.8,True,False,33.19,46.63,83.59,80.55,80.29,76.08,32.6,65.19,24.97,61.39,30.69,19.93,,,,,,,0.0.0,0.0.0,0.0.0,0.0.0,0.0.0,0.0.0,0.0.0,0.0.0,0.0.0,0.0.0
RuterNorway/Llama-2-13b-chat-norwegian (few-shot),2.75,3.0,,32.0,4094,3254.47,False,False,41.36,58.47,58.61,47.74,60.4,47.53,6.52,38.1,3.95,42.37,65.76,38.93,65.33,18.7,23.32,42.01,22.3,41.29,9.3.1,9.3.1,9.3.1,9.3.1,9.3.1,9.3.1,9.3.1,9.3.1,9.3.1,12.9.0
ibm-granite/granite-8b-code-base-4k (few-shot),2.75,3.63,8055.0,49.0,4096,2312.61,True,False,42.0,59.9,68.4,62.53,65.15,60.39,5.2,36.33,3.32,37.81,60.94,37.51,61.27,13.34,12.42,34.82,8.32,30.87,13.0.0,13.0.0,13.0.0,13.0.0,13.0.0,13.0.0,13.0.0,13.0.0,13.0.0,13.0.0
jhu-clsp/bernice,2.76,999.0,278.0,250.0,128,5566.94,True,False,39.63,49.23,84.11,81.19,77.82,73.93,45.75,71.33,33.74,63.89,7.65,5.35,,,,,,,0.0.0,0.0.0,0.0.0,0.0.0,0.0.0,0.0.0,0.0.0,0.0.0,0.0.0,0.0.0
alpindale/Mistral-7B-v0.2-hf (few-shot),2.76,3.16,7242.0,32.0,32768,1841.12,True,False,44.05,61.8,50.63,44.59,52.69,46.51,11.6,43.01,9.26,46.28,68.68,45.23,63.11,16.14,28.19,45.83,13.65,34.0,12.5.1,12.5.2,12.5.2,12.5.1,12.5.1,12.5.1,12.5.1,12.5.1,12.5.1,12.5.2
Geotrend/distilbert-base-en-fr-de-no-da-cased,2.76,999.0,76.0,42.0,512,26081.06,True,False,32.66,46.26,83.49,80.32,80.23,76.1,33.65,65.22,29.07,63.35,29.94,19.29,,,,,,,0.0.0,0.0.0,0.0.0,0.0.0,0.0.0,0.0.0,0.0.0,0.0.0,0.0.0,0.0.0
Mabeck/Heidrun-Mistral-7B-base (few-shot),2.77,3.22,7242.0,32.0,32768,3822.53,True,False,48.64,66.06,50.1,41.8,54.81,45.95,10.31,43.68,1.11,36.52,65.18,42.2,62.29,14.65,27.39,45.6,11.76,32.87,11.0.0,11.0.0,11.0.0,11.0.0,11.0.0,11.0.0,11.0.0,11.0.0,11.0.0,11.0.0
meta-llama/Llama-2-13b-chat-hf (few-shot),2.77,3.03,13016.0,32.0,4096,2849.49,True,False,38.93,57.45,57.21,40.4,59.62,41.07,8.65,47.18,5.92,47.5,69.24,42.32,65.12,17.27,23.88,42.37,22.33,41.0,12.10.4,12.10.5,12.10.5,12.10.4,12.10.4,12.11.0,12.11.0,12.10.4,12.10.4,12.10.4
google/gemma-7b (few-shot),2.79,2.65,8538.0,256.0,8190,1377.83,True,False,41.82,53.06,26.43,26.32,32.66,29.43,25.82,59.85,20.16,53.83,75.16,52.68,64.02,17.65,39.96,53.03,27.82,41.21,12.9.1,12.9.1,12.9.1,12.9.1,12.9.1,12.9.1,12.9.1,12.9.1,12.9.1,12.10.0
mistralai/Mistral-7B-Instruct-v0.2 (few-shot),2.8,3.11,7242.0,32.0,32768,2370.41,False,False,38.79,53.72,53.42,42.63,54.34,41.06,17.06,56.51,11.0,53.26,64.27,35.74,64.43,16.11,20.37,39.32,21.16,39.85,9.2.0,9.2.0,9.2.0,9.3.1,9.3.1,12.4.0,12.4.0,9.3.2,9.3.2,14.0.3
sentence-transformers/paraphrase-xlm-r-multilingual-v1,2.8,999.0,278.0,250.0,512,20154.46,True,False,49.93,62.37,81.26,77.69,74.05,69.84,38.26,66.01,25.17,61.27,0.0,0.0,,,,,,,0.0.0,0.0.0,0.0.0,0.0.0,0.0.0,0.0.0,0.0.0,0.0.0,0.0.0,12.8.0
mistralai/Mistral-7B-Instruct-v0.1 (few-shot),2.8,3.31,7242.0,32.0,32766,633.64,False,False,43.65,60.88,50.08,34.52,51.27,33.37,14.09,44.91,8.28,47.22,63.67,37.23,62.39,14.24,20.44,39.51,15.87,35.89,9.3.1,9.3.1,9.3.1,9.3.1,9.3.1,12.4.0,12.4.0,9.3.1,9.3.1,12.9.0
sentence-transformers/paraphrase-multilingual-mpnet-base-v2,2.8,999.0,278.0,250.0,512,15099.94,True,False,55.53,68.89,81.94,78.39,75.56,71.27,36.01,64.39,14.99,54.08,0.0,0.0,,,,,,,0.0.0,0.0.0,0.0.0,0.0.0,0.0.0,0.0.0,0.0.0,0.0.0,0.0.0,0.0.0
google/gemma-7b-it (few-shot),2.82,3.35,8538.0,256.0,8192,1792.03,False,False,28.14,49.76,59.77,56.12,60.98,57.99,14.01,56.43,10.15,54.56,74.34,51.08,60.86,13.66,19.07,37.82,16.52,35.24,12.10.0,12.10.0,12.10.0,12.10.0,12.10.0,12.10.0,12.10.0,12.10.0,12.10.0,12.7.0
google/gemma-2-2b-it (few-shot),2.82,2.9,2614.0,256.0,8193,5373.87,True,False,46.84,63.22,35.56,28.84,37.7,30.22,17.15,55.59,14.38,54.95,63.79,29.75,64.58,17.0,23.02,41.85,33.13,49.47,13.0.0,13.0.0,13.0.0,13.0.0,13.0.0,13.0.0,13.0.0,13.0.0,13.0.0,13.0.0
neph1/bellman-7b-mistral-instruct-v0.2 (few-shot),2.83,3.48,7242.0,32.0,32768,2517.83,False,False,38.81,56.39,57.01,44.65,56.77,41.67,14.16,54.43,9.29,50.59,59.21,32.75,62.13,12.18,17.08,37.0,10.52,31.85,9.2.0,9.2.0,9.2.0,9.2.0,9.2.0,12.4.0,12.4.0,9.2.0,9.2.0,9.2.0
ibm-granite/granite-8b-code-instruct-4k (few-shot),2.84,3.69,8055.0,49.0,4096,5616.81,True,False,40.71,59.35,66.91,54.98,62.82,53.14,9.5,46.31,6.74,42.1,55.3,32.83,60.59,12.74,11.35,32.01,6.21,29.05,13.0.0,13.0.0,13.0.0,13.0.0,13.0.0,13.0.0,13.0.0,13.0.0,13.0.0,13.0.0
Geotrend/distilbert-base-en-da-cased,2.84,999.0,69.0,33.0,512,26196.27,True,False,29.37,44.05,83.27,80.29,79.59,75.31,31.5,64.62,24.06,61.01,29.69,18.62,,,,,,,0.0.0,0.0.0,0.0.0,0.0.0,0.0.0,0.0.0,0.0.0,0.0.0,0.0.0,0.0.0
CohereForAI/aya-23-8B (few-shot),2.84,3.14,8028.0,256.0,8192,5607.73,False,False,35.73,50.42,60.94,53.33,59.61,50.84,6.18,35.4,4.0,36.17,71.95,46.52,62.45,15.67,20.14,38.69,27.5,44.6,13.0.0,13.0.0,13.0.0,13.0.0,13.0.0,13.0.0,13.0.0,13.0.0,13.0.0,13.0.0
Geotrend/distilbert-base-da-cased,2.85,999.0,61.0,23.0,512,28949.94,True,False,30.7,43.77,82.84,79.91,78.83,74.64,34.24,65.6,27.2,62.87,26.22,16.44,,,,,,,0.0.0,0.0.0,0.0.0,0.0.0,0.0.0,0.0.0,0.0.0,0.0.0,0.0.0,0.0.0
sentence-transformers/stsb-xlm-r-multilingual,2.87,999.0,278.0,250.0,512,15039.9,True,False,52.16,66.79,80.08,75.93,74.59,70.26,36.3,65.52,14.21,52.78,0.0,0.0,,,,,,,0.0.0,0.0.0,0.0.0,0.0.0,0.0.0,0.0.0,0.0.0,0.0.0,0.0.0,0.0.0
occiglot/occiglot-7b-eu5-instruct (few-shot),2.87,3.22,7242.0,32.0,32768,2087.8,False,False,44.46,62.0,45.5,40.02,45.96,41.28,0.0,33.41,0.0,33.86,74.97,52.19,63.95,16.91,20.61,39.79,16.18,36.19,12.2.0,12.5.2,12.5.2,12.3.1,12.3.1,12.4.0,12.4.0,12.3.1,12.3.1,12.3.1
jannikskytt/MeDa-Bert,2.87,999.0,111.0,32.0,512,16113.51,True,False,38.94,53.58,71.69,68.09,60.0,56.64,30.32,62.42,7.99,53.24,37.28,24.02,,,,,,,0.0.0,0.0.0,0.0.0,0.0.0,0.0.0,0.0.0,0.0.0,0.0.0,0.0.0,0.0.0
meta-llama/Llama-3.2-3B (few-shot),2.89,3.44,3213.0,128.0,131073,3713.14,True,False,39.96,58.34,49.57,37.13,52.13,38.26,3.2,37.62,3.72,38.51,68.67,45.54,58.99,11.04,21.88,40.31,14.24,33.82,13.0.0,13.0.0,13.0.0,13.0.0,13.0.0,13.0.0,13.0.0,13.0.0,13.0.0,13.0.0
ibm-granite/granite-3.0-2b-instruct (few-shot),2.9,3.49,2634.0,49.0,4097,10193.87,True,False,39.87,55.71,52.68,46.01,53.17,47.77,12.08,51.41,7.18,48.84,61.0,36.0,62.24,14.11,15.78,36.32,9.98,31.35,13.0.0,13.0.0,13.0.0,13.0.0,13.0.0,13.0.0,13.0.0,13.0.0,13.0.0,13.0.0
flax-community/nordic-roberta-wiki,2.91,999.0,125.0,50.0,512,16226.52,True,False,36.27,50.95,85.42,82.31,78.92,74.86,48.07,72.0,29.81,64.03,1.08,0.44,,,,,,,0.0.0,0.0.0,0.0.0,0.0.0,0.0.0,0.0.0,0.0.0,0.0.0,0.0.0,0.0.0
KBLab/megatron-bert-base-swedish-cased-125k,2.92,999.0,135.0,64.0,512,15762.86,True,False,33.88,49.21,77.98,75.03,75.0,71.0,24.23,58.89,18.18,57.28,30.08,20.56,,,,,,,0.0.0,0.0.0,0.0.0,0.0.0,0.0.0,0.0.0,0.0.0,0.0.0,0.0.0,0.0.0
meta-llama/Llama-2-7b-chat-hf (few-shot),2.93,3.39,6738.0,32.0,4096,2643.05,False,False,41.56,57.09,44.99,38.59,49.09,39.09,3.04,36.81,4.03,40.55,61.99,33.77,63.59,14.15,14.81,34.79,12.69,31.84,9.3.1,9.3.1,9.3.1,9.3.1,9.3.1,12.4.0,12.4.0,9.3.1,9.3.1,9.3.1
mideind/IceBERT-xlmr-ic3,2.95,999.0,278.0,250.0,512,11004.24,True,False,37.19,47.27,82.46,83.74,74.22,77.5,13.25,48.39,7.96,45.68,30.21,18.75,,,,,,,12.7.0,12.7.0,12.7.0,12.7.0,12.7.0,12.7.0,0.0.0,0.0.0,0.0.0,0.0.0
NorwAI/NorwAI-Mistral-7B (few-shot),2.95,3.67,7537.0,68.0,4065,3034.67,True,False,49.0,65.98,21.09,20.45,26.31,26.42,7.15,40.83,7.98,45.21,68.04,47.7,63.87,17.88,5.83,27.83,5.39,27.82,12.10.4,12.10.4,12.10.4,12.10.4,12.10.4,12.10.4,12.10.4,12.10.4,12.10.4,12.10.5
danish-foundation-models/encoder-medium-v1,2.95,999.0,111.0,32.0,512,16130.05,True,False,36.56,51.54,68.66,65.08,61.77,57.87,31.23,63.55,5.4,44.64,34.52,22.56,,,,,,,0.0.0,0.0.0,0.0.0,0.0.0,0.0.0,0.0.0,0.0.0,0.0.0,0.0.0,0.0.0
occiglot/occiglot-7b-eu5 (few-shot),2.95,3.27,7242.0,32.0,32768,2219.46,True,False,44.95,61.88,45.28,41.73,46.0,42.96,0.0,33.41,0.0,33.86,66.65,43.88,63.26,16.04,20.87,39.98,13.1,34.2,12.1.0,12.5.2,12.5.2,12.1.0,12.1.0,12.1.0,12.1.0,12.1.0,12.2.0,12.2.0
KBLab/bert-base-swedish-cased-new,2.95,999.0,135.0,64.0,512,15932.9,True,False,33.94,47.96,83.23,80.34,79.16,75.55,9.56,52.24,4.16,50.07,33.72,22.84,,,,,,,0.0.0,0.0.0,0.0.0,0.0.0,0.0.0,0.0.0,0.0.0,0.0.0,0.0.0,0.0.0
emillykkejensen/Phi-3-mini-4k-instruct-dansk (few-shot),2.97,3.45,3821.0,32.0,4096,1360.1,False,False,42.27,56.76,56.41,37.55,53.95,38.44,0.0,33.41,0.21,34.08,53.48,29.35,60.58,12.77,18.57,39.13,13.36,34.7,12.10.4,12.10.4,12.10.4,12.10.4,12.10.4,12.10.4,12.10.4,12.10.4,12.10.4,12.10.4
meta-llama/Llama-3.2-3B-Instruct (few-shot),2.97,3.13,3213.0,128.0,131073,10423.76,False,False,44.13,60.09,49.66,39.31,51.98,42.48,0.67,33.81,1.11,33.03,56.91,28.62,60.5,10.91,26.82,45.32,20.98,40.34,13.0.0,13.0.0,13.0.0,13.0.0,13.0.0,13.0.0,13.0.0,13.0.0,13.0.0,13.0.0
meta-llama/Llama-2-13b-hf (few-shot),2.97,3.14,13016.0,32.0,4096,2898.43,True,False,23.75,42.92,51.12,47.26,55.35,49.99,14.0,42.71,7.61,45.86,72.68,49.24,64.56,18.13,23.6,42.2,16.55,35.97,12.10.4,12.10.5,12.10.5,12.10.4,12.10.4,12.10.5,12.10.5,12.10.4,12.10.4,12.10.4
meta-llama/Llama-2-7b-hf (few-shot),2.98,3.55,6738.0,32.0,3841,930.05,True,False,41.74,57.91,42.13,37.17,43.8,37.48,0.0,33.41,0.02,33.88,66.18,44.19,62.3,14.85,14.48,35.35,6.49,28.64,9.2.0,9.2.0,9.2.0,9.2.0,9.2.0,12.5.1,11.0.0,9.2.0,9.2.0,12.9.0
norallm/normistral-7b-warm-instruct (few-shot),2.99,3.59,7248.0,33.0,2048,6193.5,True,False,37.98,43.91,46.49,31.87,51.46,35.87,7.86,47.2,7.23,46.62,59.27,33.31,64.52,17.03,5.22,25.35,9.32,29.64,12.6.1,12.6.1,12.6.1,12.6.1,12.6.1,12.6.1,12.6.1,12.6.1,12.6.1,12.6.1
sentence-transformers/paraphrase-multilingual-MiniLM-L12-v2,2.99,999.0,118.0,250.0,512,29200.68,True,False,47.53,62.73,78.31,74.65,72.13,67.28,26.92,61.93,14.63,56.24,0.0,0.0,,,,,,,0.0.0,0.0.0,0.0.0,0.0.0,0.0.0,0.0.0,0.0.0,0.0.0,0.0.0,12.8.0
sarnikowski/convbert-medium-small-da-cased,2.99,999.0,24.0,29.0,512,13820.64,True,False,32.4,44.59,79.5,76.09,73.03,68.84,41.65,70.35,25.53,62.04,8.15,5.41,,,,,,,0.0.0,0.0.0,0.0.0,0.0.0,0.0.0,0.0.0,0.0.0,0.0.0,0.0.0,0.0.0
microsoft/Phi-3-mini-4k-instruct (few-shot),3.0,3.4,3821.0,32.0,4096,5224.17,True,False,37.18,55.44,56.33,36.68,54.68,37.85,6.76,41.69,6.79,45.45,52.56,30.11,61.44,13.62,15.54,36.69,17.55,37.93,12.10.4,12.10.4,12.10.4,12.10.4,12.10.4,12.10.4,12.10.4,12.10.4,12.10.4,12.10.5
TrustLLMeu/baseline-7-8b_1t-tokens_llama (few-shot),3.0,4.03,7800.0,100.0,4096,6196.57,True,False,37.79,56.41,42.77,40.31,45.69,43.11,8.77,49.11,8.47,49.65,65.11,44.24,61.05,13.39,-1.34,22.6,-0.94,24.17,13.0.0,13.0.0,13.0.0,13.0.0,13.0.0,13.0.0,13.0.0,13.0.0,13.0.0,13.0.0
AI-Sweden-Models/gpt-sw3-20b (few-shot),3.03,3.73,20918.0,64.0,2046,1875.24,True,False,34.5,42.21,30.82,25.27,39.56,32.12,15.17,49.46,12.46,48.89,66.15,42.81,63.1,16.05,4.51,27.45,5.27,28.47,12.10.0,9.3.1,9.3.1,9.3.1,9.3.1,9.3.1,9.3.1,9.3.1,9.3.1,12.9.0
tollefj/nordavind-7b-instruct-warm (few-shot),3.03,3.76,7248.0,33.0,2048,6450.44,False,False,38.05,47.06,38.82,30.48,43.28,33.87,8.45,46.75,7.5,48.14,64.21,40.47,64.04,17.41,2.6,25.13,3.83,26.37,12.3.2,12.5.2,12.5.2,12.3.2,12.3.2,12.4.0,12.4.0,12.3.2,12.3.2,12.3.2
LumiOpen/Viking-33B@1000B (few-shot),3.06,4.19,33119.0,131.0,4097,2079.9,True,False,40.79,57.84,40.4,30.41,44.45,34.06,5.91,47.81,2.98,45.49,59.72,37.75,56.55,9.81,1.16,23.71,-0.29,24.91,12.9.0,12.9.0,12.9.0,12.9.0,12.9.0,12.9.0,12.9.0,12.9.0,12.9.0,12.9.0
"merge-crew/da-sv-dare-ties-density-0.3 (few-shot, val)",3.06,3.71,7242.0,32.0,32768,2460.88,True,True,38.98,58.23,35.98,27.51,47.39,36.42,11.54,49.91,5.2,46.19,56.56,37.54,61.99,14.07,10.4,29.84,2.52,24.84,10.0.1,10.0.1,10.0.1,10.0.1,10.0.1,10.0.1,10.0.1,10.0.1,10.0.1,10.0.1
Twitter/twhin-bert-large,3.06,999.0,562.0,250.0,512,9706.97,True,False,34.17,43.74,86.26,83.48,80.1,76.17,12.11,50.33,4.28,45.75,16.38,11.74,,,,,,,0.0.0,0.0.0,0.0.0,0.0.0,0.0.0,0.0.0,0.0.0,0.0.0,0.0.0,12.7.0
Addedk/mbert-swedish-distilled-cased,3.07,999.0,135.0,120.0,512,26091.07,True,False,30.38,42.84,82.98,79.8,76.65,72.29,21.99,54.54,19.06,56.45,15.24,9.47,,,,,,,0.0.0,0.0.0,0.0.0,0.0.0,0.0.0,0.0.0,0.0.0,0.0.0,0.0.0,0.0.0
AI-Sweden-Models/gpt-sw3-20b-instruct (few-shot),3.07,3.41,20918.0,64.0,1793,1830.86,True,False,40.89,59.86,23.95,21.43,26.55,25.06,9.45,44.62,8.32,42.3,67.93,43.19,65.9,19.68,7.24,29.4,11.76,32.09,9.3.1,9.3.1,9.3.1,9.3.1,9.3.1,9.3.1,9.3.1,9.3.1,9.3.1,12.7.0
microsoft/Phi-3-mini-128k-instruct (few-shot),3.08,3.41,3821.0,32.0,130817,7311.73,True,False,33.3,51.15,52.18,29.83,50.53,31.94,2.63,40.21,4.0,44.87,61.14,37.08,60.69,12.72,17.34,38.04,17.43,38.01,12.9.1,12.9.1,12.9.1,12.9.1,12.9.1,12.9.1,12.10.0,12.10.0,12.10.0,12.10.0
allenai/OLMo-1.7-7B-hf (few-shot),3.09,3.68,6888.0,50.0,4096,3371.43,True,False,36.68,46.78,42.78,37.34,42.85,37.34,2.39,43.99,1.91,44.2,62.28,39.16,59.58,12.71,13.41,33.01,7.83,29.5,12.10.4,12.10.5,12.10.5,12.10.4,12.10.4,12.10.5,12.10.5,12.10.4,12.10.4,12.10.4
flax-community/swe-roberta-wiki-oscar,3.1,999.0,125.0,50.0,512,15436.87,True,False,36.56,51.25,79.25,76.73,75.39,71.63,22.02,57.45,19.72,56.7,1.49,0.78,,,,,,,0.0.0,0.0.0,0.0.0,0.0.0,0.0.0,0.0.0,0.0.0,0.0.0,0.0.0,0.0.0
Qwen/Qwen1.5-4B-Chat (few-shot),3.1,3.43,3950.0,152.0,32768,4347.23,False,False,32.7,45.73,44.83,40.11,46.29,41.63,3.57,37.05,1.61,37.85,67.11,42.55,60.53,12.86,17.0,37.67,16.18,36.91,10.0.1,12.5.2,12.5.2,12.1.0,12.1.0,12.5.2,12.1.0,12.1.0,12.1.0,9.3.2
DDSC/roberta-base-danish,3.11,999.0,125.0,50.0,512,15003.66,True,False,32.29,49.08,76.14,72.24,72.88,68.61,0.45,49.14,-0.08,45.89,36.47,23.91,,,,,,,0.0.0,0.0.0,0.0.0,0.0.0,0.0.0,0.0.0,0.0.0,0.0.0,0.0.0,0.0.0
NorwAI/NorwAI-Llama2-7B (few-shot),3.11,3.79,7033.0,68.0,4096,4437.75,True,False,36.06,52.59,31.45,31.64,33.85,34.29,8.34,45.11,6.84,45.28,69.39,48.31,63.06,17.34,3.28,25.97,1.87,26.44,12.10.4,12.10.4,12.10.4,12.10.4,12.10.4,12.10.4,12.10.4,12.10.4,12.10.4,12.10.5
AI-Sweden-Models/gpt-sw3-6.7b-v2 (few-shot),3.12,3.81,7111.0,64.0,2048,2350.93,True,False,34.67,54.62,29.62,24.4,32.3,29.23,8.37,48.94,7.76,46.16,67.57,44.62,61.61,14.34,3.03,25.6,5.57,27.61,9.2.0,9.2.0,9.2.0,9.2.0,9.2.0,12.5.1,11.0.0,9.2.0,9.2.0,9.2.0
ibm-granite/granite-3.0-2b-base (few-shot),3.13,3.46,2534.0,49.0,4097,10186.88,True,False,35.36,54.88,43.0,35.39,45.08,38.16,2.79,41.9,1.95,38.91,59.74,37.33,62.0,14.22,15.76,36.68,12.98,34.07,13.0.0,13.0.0,13.0.0,13.0.0,13.0.0,13.0.0,13.0.0,13.0.0,13.0.0,13.0.0
sarnikowski/convbert-small-da-cased,3.14,999.0,13.0,29.0,512,14273.42,True,False,32.49,43.12,76.07,72.78,70.94,66.73,35.43,66.84,21.11,60.09,2.78,1.84,,,,,,,0.0.0,0.0.0,0.0.0,0.0.0,0.0.0,0.0.0,0.0.0,0.0.0,0.0.0,0.0.0
MaLA-LM/emma-500-llama2-7b (few-shot),3.15,4.18,6738.0,32.0,4096,6275.17,True,False,32.67,44.37,36.96,34.68,39.38,37.06,2.18,38.05,5.33,44.3,67.75,45.23,51.44,8.37,9.35,30.22,4.85,27.55,13.0.0,13.0.0,13.0.0,13.0.0,13.0.0,13.0.0,13.0.0,13.0.0,13.0.0,13.0.0
sarnikowski/electra-small-discriminator-da-256-cased,3.16,999.0,13.0,29.0,512,20339.7,True,False,29.97,42.12,73.15,70.05,66.34,62.07,40.79,69.48,25.08,61.74,3.62,1.93,,,,,,,0.0.0,0.0.0,0.0.0,0.0.0,0.0.0,0.0.0,0.0.0,0.0.0,0.0.0,0.0.0
01-ai/Yi-1.5-6B (few-shot),3.16,3.2,6061.0,64.0,4097,2867.41,True,False,27.86,31.62,46.02,35.05,48.72,35.97,2.41,35.6,2.5,34.9,67.06,44.7,60.92,13.73,23.93,42.87,22.39,41.71,13.0.0,13.0.0,13.0.0,13.0.0,13.0.0,13.0.0,13.0.0,13.0.0,13.0.0,13.0.0
"claude-3-5-haiku-20241022 (zero-shot, val)",3.17,3.56,,,200000,276.86,True,False,3.97,32.77,69.39,47.1,62.76,42.75,31.65,54.96,5.86,38.81,66.51,36.65,62.53,10.78,16.62,27.77,2.63,22.23,14.0.2,14.0.3,14.0.3,14.0.3,14.0.3,14.0.3,14.0.3,14.0.3,14.0.3,14.0.1
danish-foundation-models/munin-7b-alpha (few-shot),3.18,3.03,7242.0,32.0,32768,6116.08,True,False,20.54,36.3,48.89,35.46,51.95,36.45,4.39,35.23,1.2,34.54,70.08,47.16,63.67,15.98,29.07,46.18,19.15,38.37,12.4.0,12.5.2,12.5.2,12.4.0,12.4.0,12.4.0,12.4.0,12.4.0,12.4.0,12.4.0
Qwen/Qwen1.5-4B (few-shot),3.18,3.61,3950.0,152.0,32768,3247.86,True,False,36.97,55.08,32.12,32.01,36.86,35.46,5.27,40.91,1.4,33.64,62.87,40.0,57.64,11.53,16.5,36.63,13.27,34.42,10.0.1,12.5.2,12.5.2,12.1.0,12.1.0,12.1.0,12.1.0,12.1.0,12.1.0,12.1.0
AI-Sweden-Models/gpt-sw3-40b (few-shot),3.2,3.73,39927.0,64.0,1793,408.99,True,False,31.05,45.69,24.07,19.09,26.67,21.18,10.8,52.29,8.89,47.62,71.66,48.78,61.58,15.13,6.67,28.84,6.25,29.0,12.9.0,12.9.0,12.9.0,12.9.0,12.9.0,12.9.0,12.9.1,12.9.1,12.9.1,12.9.1
Maltehb/danish-bert-botxo,3.2,999.0,111.0,32.0,512,16091.06,True,False,40.65,55.2,72.62,69.33,58.73,55.12,29.47,62.25,12.95,55.31,2.56,0.91,,,,,,,0.0.0,0.0.0,0.0.0,0.0.0,0.0.0,0.0.0,0.0.0,0.0.0,0.0.0,0.0.0
AI-Sweden-Models/gpt-sw3-6.7b-v2-instruct (few-shot),3.2,3.53,7111.0,64.0,2048,1472.78,True,False,34.39,50.45,24.67,24.58,29.03,29.83,2.42,35.49,5.11,38.37,68.98,42.52,64.07,17.41,6.89,27.44,12.81,32.38,9.2.0,9.2.0,9.2.0,9.2.0,9.2.0,12.4.0,12.4.0,9.2.0,9.3.1,14.0.3
neuralmagic/Sparse-Llama-3.1-8B-2of4 (few-shot),3.21,2.97,8030.0,128.0,131072,2996.46,True,False,32.18,50.19,35.54,35.62,36.61,37.38,0.0,33.25,0.0,32.79,68.45,43.47,60.89,14.01,24.47,42.42,33.51,48.18,13.2.0,13.2.0,13.2.0,13.2.0,13.2.0,13.2.0,13.2.0,13.2.0,13.2.0,14.0.3
sentence-transformers/quora-distilbert-multilingual,3.21,999.0,135.0,120.0,512,26458.45,True,False,44.59,59.87,77.81,74.83,72.22,68.32,8.98,52.49,5.72,50.4,0.0,0.0,,,,,,,0.0.0,0.0.0,0.0.0,0.0.0,0.0.0,0.0.0,0.0.0,0.0.0,0.0.0,0.0.0
sentence-transformers/distilbert-multilingual-nli-stsb-quora-ranking,3.21,999.0,135.0,120.0,512,33753.4,True,False,44.59,59.87,77.81,74.83,72.22,68.32,8.98,52.49,5.72,50.4,0.0,0.0,,,,,,,0.0.0,0.0.0,0.0.0,0.0.0,0.0.0,0.0.0,0.0.0,0.0.0,0.0.0,12.8.0
HPLT/gpt-33b-nordic-prerelease (few-shot),3.22,4.28,33119.0,131.0,4097,501.12,True,False,38.88,54.92,31.38,24.32,37.84,29.35,3.41,35.53,3.11,39.8,51.24,30.39,55.01,8.21,-1.56,21.86,0.51,25.31,12.9.1,12.9.1,12.10.0,12.10.0,12.10.0,12.10.0,12.10.0,12.10.0,12.10.0,12.10.0
ibm-granite/granite-3.0-3b-a800m-instruct (few-shot),3.23,3.78,3374.0,49.0,4096,10246.27,True,False,32.29,51.91,44.89,34.93,48.08,34.39,7.49,47.79,4.65,45.75,47.59,26.37,59.77,11.96,11.54,32.89,3.42,26.93,13.0.0,13.0.0,13.0.0,13.0.0,13.0.0,13.0.0,13.0.0,13.0.0,13.0.0,13.0.0
norallm/normistral-7b-warm (few-shot),3.24,3.88,7248.0,33.0,2048,3174.78,True,False,27.05,45.3,42.29,31.45,46.29,35.99,1.63,38.29,2.57,40.92,61.85,39.18,62.81,17.08,1.5,23.0,-0.05,25.0,11.0.0,11.0.0,11.0.0,11.0.0,11.0.0,11.0.0,11.0.0,11.0.0,11.0.0,11.0.0
Maltehb/aelaectra-danish-electra-small-cased,3.26,999.0,14.0,32.0,128,4592.9,True,False,29.0,41.72,71.85,68.2,67.14,62.61,33.57,65.22,21.79,60.32,0.05,0.03,,,,,,,0.0.0,0.0.0,0.0.0,0.0.0,0.0.0,0.0.0,0.0.0,0.0.0,0.0.0,12.4.0
AI-Sweden-Models/gpt-sw3-1.3b-instruct (few-shot),3.27,3.91,1445.0,64.0,2048,4544.34,True,False,35.58,44.49,33.08,34.51,38.28,40.5,0.82,34.78,1.43,34.19,58.71,36.06,63.11,15.22,-0.68,24.35,-0.32,24.5,9.3.1,12.5.2,12.5.2,12.1.0,12.1.0,12.4.0,12.4.0,12.1.0,12.1.0,12.1.0
dbmdz/bert-base-historic-multilingual-cased,3.27,999.0,111.0,32.0,512,20046.97,True,False,25.68,41.65,68.63,64.83,67.7,63.7,6.73,48.2,3.35,47.52,34.64,22.57,,,,,,,0.0.0,0.0.0,0.0.0,0.0.0,0.0.0,0.0.0,0.0.0,0.0.0,0.0.0,12.8.0
Addedk/kbbert-distilled-cased,3.28,999.0,82.0,50.0,512,29698.43,True,False,33.42,48.63,81.82,78.3,75.89,72.08,14.99,52.87,13.63,53.34,0.0,0.0,,,,,,,0.0.0,0.0.0,0.0.0,0.0.0,0.0.0,0.0.0,0.0.0,0.0.0,0.0.0,0.0.0
dbmdz/bert-medium-historic-multilingual-cased,3.3,999.0,42.0,32.0,512,24291.12,True,False,26.33,40.67,69.65,66.15,66.78,62.75,6.62,48.37,5.16,45.99,27.15,15.75,,,,,,,0.0.0,0.0.0,0.0.0,0.0.0,0.0.0,0.0.0,0.0.0,0.0.0,0.0.0,0.0.0
stabilityai/stablelm-2-1_6b (few-shot),3.3,4.33,1645.0,100.0,4096,7258.53,True,False,33.71,55.0,41.64,39.43,42.37,40.79,-0.19,33.29,-0.01,34.51,50.96,30.14,49.22,6.32,6.67,28.3,3.5,26.82,12.10.8,12.10.8,12.10.8,12.10.8,12.10.8,12.10.8,12.10.8,12.10.8,12.10.8,12.10.8
ibm-granite/granite-3b-code-instruct-2k (few-shot),3.32,3.85,3483.0,49.0,2048,9058.91,True,False,26.21,43.33,53.78,49.41,55.14,51.07,3.9,43.86,2.42,41.58,45.77,24.86,57.11,10.81,10.36,29.64,5.85,27.84,13.0.0,13.0.0,13.0.0,13.0.0,13.0.0,13.0.0,13.0.0,13.0.0,13.0.0,13.0.0
timpal0l/Mistral-7B-v0.1-flashback-v2-instruct (few-shot),3.33,3.48,7242.0,32.0,32768,5172.48,False,False,32.19,43.19,50.34,45.09,52.06,46.88,-0.22,33.41,0.0,33.86,40.19,20.57,58.71,11.81,22.27,41.36,11.71,32.8,12.3.2,12.5.2,12.5.2,12.3.2,12.3.2,12.4.0,12.4.0,12.3.2,12.3.2,12.3.2
google/gemma-2-2b (few-shot),3.34,3.49,2614.0,256.0,8193,5235.32,True,False,32.61,47.91,20.47,21.28,24.18,24.41,3.22,36.61,3.91,45.37,63.31,41.16,60.17,13.48,19.03,38.84,7.35,28.89,13.0.0,13.0.0,13.0.0,13.0.0,13.0.0,13.0.0,13.0.0,13.0.0,13.0.0,13.0.0
utter-project/EuroLLM-1.7B-Instruct (few-shot),3.36,4.03,1657.0,128.0,4096,15008.58,True,False,30.63,37.24,31.43,30.82,36.92,37.8,0.98,42.0,1.67,34.92,55.11,33.24,59.45,10.85,1.85,24.15,-1.18,24.23,13.1.0,13.1.0,13.1.0,13.1.0,13.1.0,13.1.0,13.1.0,13.1.0,13.1.0,13.1.0
NorwAI/NorwAI-Mistral-7B-instruct (few-shot),3.37,3.72,7537.0,68.0,4065,3027.1,False,False,47.78,64.33,27.49,24.26,32.33,29.29,3.92,45.78,4.27,42.86,29.01,2.46,62.75,13.28,8.41,32.09,2.92,25.82,12.10.4,12.10.4,12.10.4,12.10.4,12.10.4,12.10.4,12.10.4,12.10.4,12.10.4,12.10.5
LumiOpen/Viking-7B (few-shot),3.37,4.38,7550.0,131.0,4096,1430.69,True,False,35.86,52.28,22.37,23.75,29.9,26.84,1.03,36.12,2.92,36.47,54.65,34.39,53.25,6.87,-1.16,21.94,-0.55,25.09,12.7.0,12.7.0,12.7.0,12.7.0,12.7.0,12.7.0,12.7.0,12.7.0,12.7.0,14.0.3
Maltehb/aelaectra-danish-electra-small-uncased,3.38,999.0,14.0,32.0,128,5995.22,True,False,33.41,45.12,59.76,55.95,51.44,48.14,32.87,65.82,20.09,59.27,0.0,0.0,,,,,,,0.0.0,0.0.0,0.0.0,0.0.0,0.0.0,0.0.0,0.0.0,0.0.0,0.0.0,0.0.0
birgermoell/roberta-swedish-scandi,3.41,999.0,125.0,50.0,512,15384.84,True,False,29.68,43.64,72.74,69.79,69.74,65.59,15.83,55.51,8.7,52.69,1.93,1.04,,,,,,,0.0.0,0.0.0,0.0.0,0.0.0,0.0.0,0.0.0,0.0.0,0.0.0,0.0.0,0.0.0
google/gemma-2b-it (few-shot),3.42,4.01,2506.0,256.0,8192,6470.59,False,False,22.01,40.48,39.78,31.15,43.58,36.6,2.76,44.34,1.45,39.55,56.65,32.42,55.43,11.54,7.68,29.15,1.06,25.48,12.1.0,12.5.2,12.5.2,12.1.0,12.1.0,12.4.0,12.4.0,12.1.0,12.1.0,12.1.0
ibm-granite/granite-3.0-3b-a800m-base (few-shot),3.42,3.74,3374.0,49.0,4096,10504.04,True,False,31.9,53.03,40.08,33.17,43.96,32.96,-0.07,35.01,1.27,38.1,43.13,23.32,59.98,11.97,11.78,33.75,5.48,28.09,13.0.0,13.0.0,13.0.0,13.0.0,13.0.0,13.0.0,13.0.0,13.0.0,13.0.0,13.0.0
LumiOpen/Viking-13B (few-shot),3.44,4.21,14030.0,131.0,4097,839.52,True,False,29.22,39.25,26.76,23.69,35.38,27.52,2.58,36.11,2.79,36.17,53.61,34.41,56.69,8.56,-0.56,21.99,-0.43,24.54,12.10.5,12.10.5,12.10.4,12.10.4,12.10.4,12.10.4,12.10.4,12.10.4,12.10.4,12.10.5
jjzha/dajobbert-base-uncased,3.45,999.0,110.0,32.0,512,16243.43,True,False,33.31,48.75,65.95,62.62,55.29,51.5,20.34,58.57,8.07,53.43,0.14,0.0,,,,,,,0.0.0,0.0.0,0.0.0,0.0.0,0.0.0,0.0.0,0.0.0,0.0.0,0.0.0,0.0.0
meta-llama/Llama-3.2-1B-Instruct (few-shot),3.47,3.87,1236.0,128.0,131073,7435.78,False,False,27.43,42.83,44.66,41.13,47.78,44.3,0.07,34.07,1.14,33.17,39.37,18.0,57.67,10.42,11.67,33.08,3.53,26.63,13.0.0,13.0.0,13.0.0,13.0.0,13.0.0,13.0.0,13.0.0,13.0.0,13.0.0,13.0.0
ibm-granite/granite-7b-instruct (few-shot),3.5,3.78,6738.0,32.0,4096,3136.16,True,False,21.5,36.73,37.73,31.57,40.07,35.25,0.86,44.09,2.01,41.46,48.7,27.03,59.05,11.7,9.41,30.9,7.04,29.08,13.0.0,13.2.0,13.2.0,13.2.0,13.2.0,13.2.0,13.2.0,13.2.0,13.2.0,13.2.0
google/gemma-2b (few-shot),3.51,3.83,2506.0,256.0,8192,6087.12,True,False,32.89,42.58,15.53,15.49,19.78,18.86,1.18,33.34,0.0,32.79,53.15,33.33,57.65,10.13,11.27,32.73,5.1,28.63,12.1.0,12.5.2,12.5.2,12.1.0,12.1.0,12.1.0,12.1.0,12.1.0,12.1.0,12.1.0
NbAiLab/nb-gpt-j-6B-alpaca (few-shot),3.56,4.07,6055.0,50.0,1024,2606.86,False,False,32.6,47.47,23.82,22.08,26.04,24.47,0.34,44.47,2.26,45.41,42.76,21.33,58.08,11.74,2.13,26.3,1.87,25.87,10.0.1,9.3.2,9.3.2,10.0.1,10.0.1,12.4.0,12.4.0,10.0.1,10.0.1,9.3.2
AI-Sweden-Models/gpt-sw3-356m-instruct (few-shot),3.57,4.02,471.0,64.0,2048,5854.62,True,False,30.88,46.07,24.38,25.79,31.28,33.48,-0.3,34.93,0.45,33.74,42.69,23.99,60.73,11.71,-1.01,21.9,-0.5,25.0,9.3.2,12.5.2,12.5.2,12.1.0,12.1.0,12.4.0,12.4.0,12.1.0,12.1.0,12.1.0
AI-Sweden-Models/gpt-sw3-6.7b (few-shot),3.58,3.95,7111.0,64.0,2048,2285.21,True,False,18.23,38.93,22.35,23.89,21.98,27.22,1.68,39.93,2.49,40.26,64.25,41.8,60.38,12.5,2.13,26.47,0.98,25.66,11.0.0,11.0.0,11.0.0,11.0.0,11.0.0,11.0.0,11.0.0,11.0.0,11.0.0,11.0.0
AI-Sweden-Models/gpt-sw3-356m (few-shot),3.59,4.24,471.0,64.0,2048,5757.63,True,False,34.21,47.17,27.37,27.94,31.22,31.39,0.92,40.71,1.25,43.49,32.1,18.52,54.28,8.28,0.33,22.37,0.11,24.94,9.3.1,9.3.1,9.3.1,9.3.2,9.3.2,12.5.1,11.0.0,9.3.2,9.3.2,9.3.2
sentence-transformers/distiluse-base-multilingual-cased-v2,3.6,999.0,135.0,120.0,512,33246.61,True,False,32.83,43.32,63.79,67.14,60.96,64.65,1.09,48.72,0.18,47.3,0.0,0.0,,,,,,,12.6.1,12.6.1,12.6.1,12.6.1,12.6.1,12.6.1,0.0.0,0.0.0,0.0.0,12.8.0
sentence-transformers/distiluse-base-multilingual-cased,3.6,999.0,135.0,120.0,512,19205.51,True,False,32.83,43.32,63.79,67.14,60.96,64.65,1.09,48.72,0.18,47.3,0.0,0.0,,,,,,,12.6.1,12.6.1,12.6.1,12.6.1,12.6.1,12.6.1,0.0.0,0.0.0,0.0.0,0.0.0
dbmdz/bert-mini-historic-multilingual-cased,3.61,999.0,12.0,32.0,512,47121.63,True,False,24.59,40.34,61.55,58.24,59.9,56.03,3.45,50.8,2.72,48.79,7.49,3.99,,,,,,,0.0.0,0.0.0,0.0.0,0.0.0,0.0.0,0.0.0,0.0.0,0.0.0,0.0.0,0.0.0
AI-Sweden-Models/gpt-sw3-1.3b (few-shot),3.61,4.08,1445.0,64.0,2048,4607.55,True,False,27.28,49.18,13.49,14.8,14.74,15.09,3.09,42.87,1.86,38.18,54.3,34.91,58.46,11.38,-0.01,24.32,0.25,25.1,9.3.1,9.3.1,9.3.1,9.3.1,9.3.1,12.5.1,11.0.0,9.3.1,9.3.1,9.3.1
HPLT/gpt-13b-nordic-prerelease (few-shot),3.63,4.24,14030.0,131.0,4097,3519.54,True,False,27.32,38.3,28.94,27.01,33.83,30.49,1.46,49.06,-0.59,45.94,40.88,25.62,54.05,7.52,0.32,24.79,0.92,25.43,12.6.1,12.6.1,12.6.1,12.6.1,12.6.1,12.6.1,12.6.1,12.6.1,12.6.1,12.6.1
mhenrichsen/danskgpt-tiny-chat (few-shot),3.65,3.99,1100.0,32.0,2048,1744.69,False,False,27.49,48.0,28.74,28.29,30.34,30.02,-2.17,33.52,0.26,34.12,38.96,19.1,60.01,9.76,3.21,27.07,0.18,25.0,9.1.2,9.1.2,9.1.2,9.1.2,9.1.2,12.4.0,12.4.0,9.1.2,9.1.2,9.1.2
meta-llama/Llama-3.2-1B (few-shot),3.65,4.26,1236.0,128.0,131073,7577.45,True,False,29.5,49.19,30.54,29.88,31.34,30.46,-0.13,37.46,0.02,39.49,34.02,19.59,53.31,7.37,2.49,25.63,2.53,26.3,13.0.0,13.0.0,13.0.0,13.0.0,13.0.0,13.0.0,13.0.0,13.0.0,13.0.0,13.0.0
ibm-granite/granite-3b-code-base-2k (few-shot),3.66,4.18,3483.0,49.0,2048,2731.51,True,False,23.83,45.39,53.93,48.95,54.04,49.74,3.91,42.54,1.55,40.63,12.14,2.37,50.59,7.28,8.68,31.15,6.19,29.29,13.0.0,13.0.0,13.0.0,13.0.0,13.0.0,13.0.0,13.0.0,13.0.0,13.0.0,13.0.0
EuropeanParliament/EUBERT,3.67,999.0,94.0,66.0,512,20070.41,True,False,19.81,40.9,49.92,49.17,44.37,43.43,8.64,53.17,3.11,50.44,26.33,15.89,,,,,,,12.6.1,12.6.1,12.6.1,12.6.1,12.6.1,12.6.1,0.0.0,0.0.0,0.0.0,0.0.0
HuggingFaceTB/SmolLM2-1.7B-Instruct (few-shot),3.67,4.27,1711.0,49.0,8192,15970.88,True,False,24.05,40.36,37.6,29.3,38.38,30.13,3.56,38.6,2.61,38.57,25.34,13.58,48.55,8.21,9.52,30.72,3.62,27.07,13.1.0,13.1.0,13.1.0,13.1.0,13.1.0,13.1.0,13.1.0,13.1.0,13.1.0,13.1.0
ibm-granite/granite-7b-base (few-shot),3.68,4.01,6738.0,32.0,2048,4405.37,True,False,16.98,27.01,32.21,31.19,36.62,36.4,1.57,41.68,0.97,40.1,44.62,26.28,55.91,9.21,8.41,29.77,2.47,26.33,12.10.5,12.10.5,12.10.5,12.10.5,12.10.5,12.10.5,12.10.5,12.10.8,12.10.8,12.10.8
sentence-transformers/distiluse-base-multilingual-cased-v1,3.72,999.0,135.0,120.0,512,34041.87,True,False,25.98,40.58,60.76,58.35,59.62,55.9,2.65,48.09,3.47,48.98,0.82,0.2,,,,,,,0.0.0,0.0.0,0.0.0,0.0.0,0.0.0,0.0.0,0.0.0,0.0.0,0.0.0,12.8.0
KBLab/albert-base-swedish-cased-alpha,3.74,999.0,14.0,50.0,512,15925.14,True,False,18.85,36.76,66.97,62.99,63.9,59.95,5.83,51.59,4.02,51.66,0.0,0.0,,,,,,,0.0.0,0.0.0,0.0.0,0.0.0,0.0.0,0.0.0,0.0.0,0.0.0,0.0.0,0.0.0
state-spaces/mamba-2.8b-hf (few-shot),3.75,4.24,2768.0,50.0,32769,2721.51,True,False,31.06,45.42,26.9,24.65,34.59,33.15,0.21,36.38,-0.17,40.22,22.83,10.35,53.77,9.67,-0.16,23.32,1.32,25.63,13.0.0,13.0.0,13.0.0,13.0.0,13.0.0,13.0.0,13.0.0,13.0.0,13.0.0,13.0.0
HPLT/gpt-7b-nordic-prerelease (few-shot),3.78,4.5,7550.0,131.0,4096,1382.06,True,False,17.44,35.51,20.25,20.45,28.99,27.5,3.2,34.58,2.61,34.49,40.73,21.5,49.59,5.67,0.86,21.96,0.0,25.02,12.3.2,12.5.2,12.5.2,12.3.2,12.3.2,12.3.2,12.3.2,12.3.2,12.3.2,14.0.3
HuggingFaceTB/SmolLM2-1.7B (few-shot),3.82,3.95,1711.0,49.0,8192,16248.88,True,False,23.25,36.07,26.7,24.56,28.23,28.27,-0.47,33.93,0.26,33.32,26.51,13.4,56.31,9.78,11.12,33.35,2.53,26.29,13.1.0,13.1.0,13.1.0,13.1.0,13.1.0,13.1.0,13.1.0,13.1.0,13.1.0,13.1.0
ibm-granite/granite-3.0-1b-a400m-instruct (few-shot),3.89,4.19,1335.0,49.0,4096,7964.03,True,False,19.55,40.67,36.99,28.69,37.27,27.84,1.95,43.75,2.31,46.79,19.74,7.33,56.69,9.12,-0.29,22.82,0.99,25.16,13.2.0,13.2.0,13.2.0,13.2.0,13.2.0,13.2.0,13.2.0,13.2.0,13.2.0,13.2.0
Qwen/Qwen1.5-1.8B-Chat (few-shot),3.89,4.02,1837.0,152.0,32768,8303.55,False,False,19.85,35.75,26.99,24.61,25.74,24.51,1.96,44.22,-0.01,39.57,31.16,16.33,55.08,8.11,7.79,29.5,5.61,28.45,11.0.0,12.5.2,12.5.2,12.1.0,12.1.0,12.5.0,12.5.0,12.1.0,12.1.0,9.3.2
jannesg/bertsson,3.9,999.0,124.0,50.0,512,15313.79,True,False,23.21,44.26,49.3,46.11,46.11,43.01,2.26,45.07,-0.66,44.5,1.5,0.68,,,,,,,0.0.0,0.0.0,0.0.0,0.0.0,0.0.0,0.0.0,0.0.0,0.0.0,0.0.0,0.0.0
RuterNorway/Llama-2-7b-chat-norwegian (few-shot),3.91,4.26,,32.0,4096,10889.7,False,False,12.22,23.5,21.04,20.44,18.71,19.91,-1.18,35.7,0.36,37.66,50.11,26.86,53.49,9.38,0.21,26.88,-0.3,24.48,9.3.1,9.3.1,9.3.1,9.3.1,9.3.1,12.5.2,11.0.0,9.3.1,9.3.1,9.3.1
alexanderfalk/danbert-small-cased,3.91,999.0,83.0,52.0,512,30013.37,True,False,24.39,40.44,42.18,39.53,37.39,34.88,7.29,49.37,2.57,46.0,0.0,0.0,,,,,,,0.0.0,0.0.0,0.0.0,0.0.0,0.0.0,0.0.0,0.0.0,0.0.0,0.0.0,0.0.0
3ebdola/Dialectal-Arabic-XLM-R-Base,3.95,999.0,278.0,250.0,512,12782.54,True,False,12.69,32.23,55.55,52.52,53.53,50.23,2.79,47.71,1.66,46.6,0.6,0.0,,,,,,,0.0.0,0.0.0,0.0.0,0.0.0,0.0.0,0.0.0,0.0.0,0.0.0,0.0.0,12.8.0
allenai/OLMo-7B (few-shot),3.95,4.63,6888.0,50.0,2049,5402.86,True,False,21.46,38.36,34.42,27.79,35.17,30.7,0.34,33.6,0.26,34.69,9.85,0.12,45.34,5.61,2.61,27.69,0.96,25.05,12.5.2,12.5.2,12.5.2,12.5.2,12.5.2,12.5.2,12.5.2,12.5.2,12.5.2,12.5.2
Qwen/Qwen1.5-1.8B (few-shot),3.96,3.99,1837.0,152.0,32768,5665.51,True,False,22.82,43.88,12.1,12.85,13.42,13.82,2.7,47.68,2.21,42.8,30.78,16.31,54.48,8.22,9.57,30.18,6.02,28.58,10.0.1,12.5.2,12.5.2,12.1.0,12.1.0,12.1.0,12.1.0,12.1.0,12.1.0,12.1.0
ibm-granite/granite-3.0-1b-a400m-base (few-shot),3.98,4.21,1385.0,49.0,4096,7808.38,True,False,17.59,35.34,31.16,30.2,29.73,28.89,1.07,44.05,1.59,41.39,14.48,6.92,55.43,8.39,0.05,22.29,-0.1,24.9,13.2.0,13.2.0,13.2.0,13.2.0,13.2.0,13.2.0,13.2.0,13.2.0,13.2.0,13.2.0
dbmdz/bert-tiny-historic-multilingual-cased,4.03,999.0,5.0,32.0,512,78027.26,True,False,19.19,37.36,46.11,43.54,35.18,33.22,2.76,50.99,0.42,49.39,0.0,0.0,,,,,,,0.0.0,0.0.0,0.0.0,0.0.0,0.0.0,0.0.0,0.0.0,0.0.0,0.0.0,0.0.0
mhenrichsen/danskgpt-tiny (few-shot),4.03,4.14,1100.0,32.0,2048,8596.74,True,False,18.09,31.83,27.37,27.19,27.59,28.03,-0.19,41.38,-0.8,40.66,16.14,5.84,56.77,9.18,-0.5,23.75,0.07,25.26,0.0.0,0.0.0,0.0.0,0.0.0,0.0.0,12.5.1,11.0.0,0.0.0,0.0.0,0.0.0
Qwen/Qwen1.5-0.5B-Chat (few-shot),4.11,6.26,620.0,152.0,32768,11740.04,False,False,11.49,27.12,29.52,29.79,31.27,31.91,0.29,40.21,-0.12,39.92,17.09,7.8,9.92,1.42,0.29,24.63,0.49,24.95,11.0.0,12.5.2,12.5.2,12.1.0,12.1.0,12.4.0,12.5.0,12.1.0,12.1.0,9.3.2
NbAiLab/nb-gpt-j-6B-v2 (few-shot),4.11,4.7,6051.0,50.0,1024,2555.5,False,False,20.84,35.78,5.29,4.93,6.77,6.78,0.45,34.65,0.48,32.86,22.78,2.43,44.23,6.81,0.17,24.43,-0.49,24.19,10.0.1,9.3.1,9.3.1,11.0.0,11.0.0,12.5.1,11.0.0,11.0.0,11.0.0,9.3.1
allenai/OLMo-7B-Twin-2T (few-shot),4.15,4.81,6888.0,50.0,2049,5484.4,True,False,25.52,41.44,9.06,8.39,17.16,16.0,0.68,45.09,0.17,42.02,6.96,0.46,40.94,5.09,2.43,24.94,2.35,26.35,12.5.2,12.5.2,12.5.2,12.5.2,12.5.2,12.5.2,12.5.2,12.5.2,12.5.2,12.5.2
Qwen/Qwen1.5-0.5B (few-shot),4.17,4.33,620.0,152.0,32768,11371.34,True,False,6.31,20.67,34.46,33.09,33.41,33.91,-1.59,36.27,0.61,38.84,16.2,5.95,49.88,5.75,2.81,25.21,2.92,26.67,10.0.1,12.5.2,12.5.2,12.1.0,12.1.0,12.1.0,12.1.0,12.1.0,12.1.0,9.3.2
RabotaRu/HRBert-mini,4.21,999.0,80.0,200.0,512,54950.85,True,False,15.07,35.8,31.87,30.31,32.47,30.59,1.26,48.42,0.49,45.93,0.0,0.0,,,,,,,0.0.0,0.0.0,0.0.0,0.0.0,0.0.0,0.0.0,0.0.0,0.0.0,0.0.0,0.0.0
AI-Sweden-Models/gpt-sw3-126m-instruct (few-shot),4.22,4.08,186.0,64.0,2048,7717.03,True,False,5.13,20.41,27.66,28.61,30.88,31.97,0.0,33.25,0.0,32.79,15.63,7.55,58.91,9.74,-0.68,22.92,0.32,25.12,9.3.2,11.0.0,11.0.0,11.0.0,11.0.0,12.4.0,12.4.0,11.0.0,11.0.0,11.0.0
NbAiLab/nb-gpt-j-6B@sharded (few-shot),4.23,5.0,,50.0,1024,2630.15,True,False,20.64,36.75,0.22,1.66,0.24,1.43,-0.99,33.37,-0.15,32.83,22.14,0.53,38.55,5.75,0.63,24.41,-0.09,24.42,10.0.1,9.3.1,9.3.1,10.0.1,10.0.1,12.5.1,11.0.0,10.0.1,10.0.1,9.3.1
allenai/OLMo-1B (few-shot),4.26,4.88,1177.0,50.0,2049,8536.09,True,False,9.95,29.01,30.79,32.18,31.12,33.1,-0.95,39.37,-0.04,42.36,3.06,0.0,40.45,4.0,0.32,24.22,0.12,24.92,12.1.0,12.5.2,12.5.2,12.1.0,12.1.0,12.1.0,12.1.0,12.1.0,12.1.0,12.1.0
fresh-xlm-roberta-base,4.27,999.0,278.0,250.0,512,2214.08,True,False,12.6,32.27,25.49,23.54,25.94,24.1,0.5,36.93,1.83,37.67,0.0,0.0,,,,,,,0.0.0,0.0.0,0.0.0,0.0.0,0.0.0,0.0.0,0.0.0,0.0.0,0.0.0,12.6.1
fresh-electra-small,4.32,999.0,14.0,31.0,512,7840.02,True,False,15.29,34.15,18.38,17.08,12.76,11.65,0.17,36.29,0.37,35.08,0.0,0.0,,,,,,,0.0.0,0.0.0,0.0.0,0.0.0,0.0.0,0.0.0,0.0.0,0.0.0,0.0.0,12.8.0
HuggingFaceTB/SmolLM2-360M (few-shot),4.32,4.55,362.0,49.0,8192,22023.39,True,False,6.21,23.74,26.6,23.6,23.7,23.04,-0.39,33.4,0.21,35.33,10.23,4.65,48.59,6.8,-1.13,21.8,-0.51,24.82,13.1.0,13.1.0,13.1.0,13.1.0,13.1.0,13.1.0,13.1.0,13.1.0,13.1.0,13.1.0
HuggingFaceTB/SmolLM2-360M-Instruct (few-shot),4.33,4.55,362.0,49.0,8192,21776.98,True,False,7.6,26.47,20.37,21.57,21.27,22.34,1.31,45.75,0.51,38.71,10.53,4.8,49.27,7.39,-0.9,21.85,-1.0,24.21,13.1.0,13.1.0,13.1.0,13.1.0,13.1.0,13.1.0,13.1.0,13.1.0,13.1.0,13.1.0
HuggingFaceTB/SmolLM2-135M (few-shot),4.34,4.3,135.0,49.0,8192,26346.08,True,False,8.84,29.74,24.37,26.91,24.69,27.6,-1.2,36.09,-0.5,36.68,2.31,0.16,53.61,6.64,-0.81,24.67,-0.71,24.42,13.1.0,13.1.0,13.1.0,13.1.0,13.1.0,13.1.0,13.1.0,13.1.0,13.1.0,13.1.0
NorwAI/NorwAI-Mistral-7B-pretrain (few-shot),4.38,4.45,7537.0,68.0,4065,3023.95,True,False,8.7,25.39,12.77,14.13,10.51,9.95,0.0,38.54,0.82,37.77,10.19,1.85,49.76,6.51,-2.42,21.73,1.23,25.06,12.10.4,12.10.4,12.10.4,12.10.4,12.10.4,12.10.4,12.10.4,12.10.4,12.10.4,12.10.5
RJuro/kanelsnegl-v0.1 (few-shot),4.47,4.04,7242.0,32.0,510,5847.39,True,False,0.95,9.68,0.0,0.0,0.0,0.0,0.0,33.25,0.0,32.79,33.45,0.0,59.32,9.47,0.18,21.91,0.3,25.03,9.3.1,9.3.1,9.3.1,9.3.1,9.3.1,12.5.1,11.0.0,9.3.1,9.3.1,12.10.0
RJuro/kanelsnegl-v0.2 (few-shot),4.49,4.08,7242.0,32.0,512,1373.32,True,False,1.27,9.77,0.0,0.0,0.0,0.0,0.0,33.25,0.0,32.79,32.25,0.0,59.1,9.14,0.83,21.96,0.09,25.03,10.0.1,10.0.1,10.0.1,10.0.1,10.0.1,10.0.1,11.0.0,10.0.1,11.0.0,11.0.0
HuggingFaceTB/SmolLM2-135M-Instruct (few-shot),4.51,4.29,135.0,49.0,8192,25602.11,True,False,2.78,26.17,20.89,22.28,19.62,21.82,-0.98,40.63,0.93,40.91,2.19,0.15,53.93,6.6,-0.48,25.53,-0.53,24.68,13.1.0,13.1.0,13.1.0,13.1.0,13.1.0,13.1.0,13.1.0,13.1.0,13.1.0,13.1.0
AI-Sweden-Models/gpt-sw3-126m (few-shot),4.52,4.35,186.0,64.0,2048,8957.78,True,False,7.78,21.7,13.55,15.9,9.38,11.18,-1.46,43.3,-2.97,44.41,6.65,2.32,51.68,7.39,0.39,23.22,-0.8,24.77,9.2.0,9.2.0,9.2.0,9.2.0,9.2.0,12.5.1,11.0.0,9.2.0,9.2.0,9.2.0
ai-forever/mGPT (few-shot),4.68,5.3,,100.0,2046,11734.33,True,False,4.76,16.95,0.08,0.07,0.0,0.0,0.67,40.42,-0.88,40.7,0.74,0.0,31.66,0.93,0.72,22.86,-0.2,24.94,10.0.1,9.3.1,9.3.1,11.0.0,11.0.0,12.5.1,12.0.0,11.0.0,11.0.0,12.10.0
NorGLM/NorGPT-369M (few-shot),4.69,4.7,,64.0,1024,19895.92,True,False,3.41,14.87,3.14,2.91,3.0,2.65,0.22,33.42,0.27,38.2,2.27,0.0,45.57,4.96,-0.45,24.16,-0.27,24.77,12.5.2,12.5.2,12.5.2,12.5.2,12.5.2,12.5.2,12.5.2,12.5.2,12.5.2,12.5.2
Sigurdur/qa-icebreaker (few-shot),4.79,999.0,110.0,32.0,1024,44888.92,False,False,1.0,13.84,0.0,0.0,0.0,0.0,0.0,33.25,0.0,32.79,0.53,0.0,,,,,,,12.7.0,12.7.0,12.7.0,12.7.0,12.7.0,12.7.0,0.0.0,0.0.0,0.0.0,12.5.2
peter-sk/gpt-neox-da (few-shot),4.8,4.83,1515.0,50.0,1024,6025.33,True,False,-1.43,20.9,0.29,0.29,0.25,0.27,-0.42,35.77,1.11,39.28,3.15,0.0,41.89,3.46,0.69,24.93,0.55,25.11,10.0.1,10.0.1,10.0.1,10.0.1,10.0.1,10.0.1,11.0.0,10.0.1,10.0.1,10.0.1
Sigurdur/icebreaker (few-shot),4.81,4.97,110.0,32.0,1024,48618.98,False,False,0.0,9.59,0.0,0.0,0.0,0.0,0.0,33.25,0.0,32.79,0.47,0.0,39.58,0.78,0.18,22.92,-0.09,24.7,12.7.0,12.7.0,12.7.0,12.7.0,12.7.0,12.7.0,12.7.0,12.7.0,12.7.0,12.5.2
ssmits/Falcon2-5.5B-multilingual (few-shot),4.81,4.83,5465.0,65.0,8192,7691.9,True,False,0.0,9.59,0.0,0.0,0.0,0.0,0.0,33.25,0.0,32.79,0.09,0.0,41.98,0.21,1.14,24.51,0.64,24.68,13.0.0,13.0.0,13.0.0,13.0.0,13.0.0,13.0.0,13.0.0,13.0.0,13.0.0,13.0.0
norallm/normistral-7b-scratch (few-shot),999.0,3.98,7248.0,33.0,2048,3191.78,True,False,,,,,,,,,,,,,60.36,12.69,0.99,24.0,-0.16,24.84,0.0.0,0.0.0,0.0.0,0.0.0,0.0.0,0.0.0,11.0.0,10.0.1,10.0.1,10.0.1
01-ai/Yi-6B (few-shot),999.0,3.25,6061.0,64.0,4094,6435.34,True,False,,,43.44,33.41,46.33,34.05,,,,,62.78,40.28,61.98,14.38,23.14,41.88,16.5,36.98,0.0.0,9.3.2,9.3.2,0.0.0,0.0.0,12.5.1,12.0.0,10.0.1,10.0.1,12.10.0
01-ai/Yi-6B-Chat (few-shot),999.0,3.19,6061.0,64.0,4096,2278.2,False,False,34.7,53.91,,,,,1.07,33.77,4.15,35.39,66.09,42.46,62.58,14.83,23.57,42.56,19.8,39.4,11.0.0,0.0.0,0.0.0,11.0.0,11.0.0,11.0.0,11.0.0,11.0.0,11.0.0,11.0.0
