model,generative_type,rank,parameters,vocabulary_size,context,commercial,merge,sentiment_headlines_es,conll_es,scala_es,mlqa_es,sentiment_headlines_es_version,conll_es_version,scala_es_version,mlqa_es_version
"<a href='https://ai.google.dev/gemini-api/docs/models#gemini-1.5-pro-002'>gemini/gemini-1.5-pro-002 (few-shot, val)</a>",ğŸ“,1.10@@1.10,,256128.0,2097152.0,âœ“,âœ—,52.00 Â± 2.78 / 65.06 Â± 2.38@@51.99731354306339,76.85 Â± 1.15 / 74.50 Â± 1.46@@76.8535740521617,37.67 Â± 6.76 / 66.87 Â± 4.21@@37.66626849895691,68.94 Â± 1.51 / 38.79 Â± 1.81@@68.93706457903372,15.5.0@@150500,15.6.1.dev0@@150601,15.5.0@@150500,15.5.0@@150500
"<a href='https://ai.google.dev/gemini-api/docs/models#gemini-2.0-flash-001'>gemini/gemini-2.0-flash-001 (few-shot, val)</a>",ğŸ“,1.17@@1.17,,256128.0,1048576.0,âœ“,âœ—,53.14 Â± 1.96 / 65.53 Â± 2.02@@53.137384897510856,76.67 Â± 1.88 / 74.96 Â± 1.54@@76.67008963113446,40.76 Â± 4.53 / 68.65 Â± 2.76@@40.763862943676166,63.23 Â± 1.35 / 29.60 Â± 1.70@@63.226602872416585,15.5.0@@150500,15.6.1.dev0@@150601,15.5.0@@150500,15.5.0@@150500
"<a href='https://ai.google.dev/gemini-api/docs/models#gemini-2.0-flash-lite-001'>gemini/gemini-2.0-flash-lite-001 (few-shot, val)</a>",ğŸ“,1.21@@1.21,,256128.0,1048576.0,âœ“,âœ—,53.57 Â± 2.21 / 66.27 Â± 2.43@@53.570959407472195,72.02 Â± 2.71 / 70.61 Â± 1.97@@72.02342134316882,43.89 Â± 6.98 / 70.43 Â± 3.93@@43.888940212615054,63.83 Â± 1.46 / 28.25 Â± 3.00@@63.831163788139484,15.5.0@@150500,15.6.1.dev0@@150601,15.5.0@@150500,15.5.0@@150500
"<a href='https://platform.openai.com/docs/models/gpt-4o'>gpt-4o-2024-05-13 (few-shot, val)</a>",ğŸ“,1.29@@1.29,,200019.0,128000.0,âœ“,âœ—,47.00 Â± 2.93 / 59.76 Â± 2.44@@47.00137354381398,81.06 Â± 1.36 / 71.31 Â± 2.10@@81.0614227662296,33.51 Â± 3.96 / 61.10 Â± 2.74@@33.51211594081603,67.36 Â± 0.87 / 31.59 Â± 1.65@@67.36484403889696,15.4.2@@150402,15.6.1.dev0@@150601,15.4.2@@150402,15.4.2@@150402
<a href='https://huggingface.co/Qwen/Qwen2.5-72B-Instruct'>Qwen/Qwen2.5-72B-Instruct (few-shot)</a>,ğŸ“,1.30@@1.30,72706203648.0,152064.0,32768.0,âœ“,âœ—,51.13 Â± 1.78 / 66.36 Â± 1.26@@51.12504543848814,69.79 Â± 1.24 / 62.83 Â± 0.95@@69.79426218760301,39.36 Â± 3.09 / 68.02 Â± 1.89@@39.3585212591112,62.91 Â± 0.76 / 32.74 Â± 2.00@@62.91078690496727,15.6.1.dev0@@150601,15.6.1.dev0@@150601,15.6.1.dev0@@150601,15.6.1.dev0@@150601
"<a href='https://ai.google.dev/gemini-api/docs/models#gemini-1.5-flash-002'>gemini/gemini-1.5-flash-002 (few-shot, val)</a>",ğŸ“,1.40@@1.40,,256128.0,1048576.0,âœ“,âœ—,53.40 Â± 2.25 / 66.13 Â± 2.22@@53.401643634197406,73.55 Â± 1.21 / 60.42 Â± 1.48@@73.55443208107971,30.57 Â± 4.62 / 60.59 Â± 3.03@@30.567053916404564,64.10 Â± 1.15 / 32.03 Â± 1.63@@64.1040894475511,15.5.0.dev0@@150500,15.6.1.dev0@@150601,15.5.0.dev0@@150500,15.5.0.dev0@@150500
<a href='https://huggingface.co/google/gemma-3-27b-pt'>google/gemma-3-27b-pt (few-shot)</a>,ğŸ§ ,1.46@@1.46,27432406640.0,262144.0,,âœ“,âœ—,45.76 Â± 2.22 / 60.83 Â± 2.39@@45.763477371487994,60.36 Â± 1.70 / 56.98 Â± 1.54@@60.36071422849973,40.39 Â± 1.73 / 69.58 Â± 1.14@@40.38518654355686,66.26 Â± 2.64 / 37.82 Â± 4.14@@66.25898883777754,15.6.1@@150601,15.6.1@@150601,15.6.1@@150601,15.6.1@@150601
<a href='https://huggingface.co/google/gemma-3-27b-it'>google/gemma-3-27b-it (few-shot)</a>,ğŸ“,1.46@@1.46,27432406640.0,262144.0,,âœ“,âœ—,52.65 Â± 1.71 / 67.15 Â± 1.50@@52.64842415275872,70.92 Â± 1.02 / 61.26 Â± 2.19@@70.91529110673261,32.89 Â± 3.60 / 64.43 Â± 2.48@@32.89085815016941,62.29 Â± 0.77 / 34.14 Â± 1.73@@62.28898599621486,15.5.0@@150500,15.5.0.dev0@@150500,15.5.0@@150500,15.5.0@@150500
<a href='https://huggingface.co/mistralai/Mistral-Small-24B-Instruct-2501'>mistralai/Mistral-Small-24B-Instruct-2501 (few-shot)</a>,ğŸ“,1.48@@1.48,23572403200.0,131072.0,32768.0,âœ“,âœ—,51.95 Â± 2.04 / 64.99 Â± 1.92@@51.94849855755106,71.31 Â± 0.91 / 60.69 Â± 1.60@@71.30955738796733,33.10 Â± 0.66 / 55.84 Â± 0.94@@33.102345484177356,59.94 Â± 1.20 / 35.64 Â± 0.98@@59.943963126547956,15.4.1@@150401,15.6.1.dev0@@150601,15.4.1@@150401,15.4.1@@150401
"<a href='https://platform.openai.com/docs/models/gpt-4o-mini'>gpt-4o-mini-2024-07-18 (few-shot, val)</a>",ğŸ“,1.50@@1.50,,200019.0,128000.0,âœ“,âœ—,51.12 Â± 2.57 / 64.50 Â± 2.17@@51.122460641898826,72.49 Â± 1.94 / 58.91 Â± 3.38@@72.49352698143754,29.24 Â± 3.10 / 57.10 Â± 1.90@@29.240424338256254,66.40 Â± 1.42 / 33.13 Â± 2.25@@66.3988695435224,15.4.2@@150402,15.6.1.dev0@@150601,15.4.2@@150402,15.4.2@@150402
<a href='https://huggingface.co/google/gemma-3-12b-it'>google/gemma-3-12b-it (few-shot)</a>,ğŸ“,1.56@@1.56,12187325040.0,262144.0,,âœ“,âœ—,47.12 Â± 2.19 / 61.63 Â± 1.96@@47.118615926852044,68.47 Â± 1.54 / 60.01 Â± 1.97@@68.46854895814609,33.05 Â± 2.27 / 63.45 Â± 1.61@@33.05336026078539,62.21 Â± 0.48 / 34.65 Â± 1.46@@62.20531678483754,15.5.0@@150500,15.5.0.dev0@@150500,15.5.0@@150500,15.5.0@@150500
"<a href='https://docs.x.ai/docs/models'>xai/grok-2-1212 (zero-shot, val)</a>",ğŸ“,1.57@@1.57,,,131072.0,âœ“,âœ—,46.37 Â± 2.09 / 58.57 Â± 1.65@@46.373646498051244,70.30 Â± 1.08 / 56.80 Â± 1.70@@70.29694607812868,32.90 Â± 3.27 / 57.32 Â± 2.11@@32.89576975597068,63.07 Â± 1.08 / 32.34 Â± 1.39@@63.06610719871387,15.5.0.dev0@@150500,15.6.1.dev0@@150601,15.5.0.dev0@@150500,15.5.0.dev0@@150500
"<a href='https://ai.google.dev/gemini-api/docs/models#gemini-2.5-pro-preview-03-25'>gemini/gemini-2.5-pro-preview-03-25 (zero-shot, val)</a>",ğŸ¤”,1.59@@1.59,,256128.0,1048576.0,âœ“,âœ—,39.31 Â± 2.26 / 52.14 Â± 2.21@@39.31412308236143,77.24 Â± 1.48 / 61.61 Â± 2.20@@77.24092171042976,30.79 Â± 2.96 / 58.55 Â± 2.08@@30.790408165000628,62.13 Â± 1.14 / 27.71 Â± 1.20@@62.12732686479868,15.5.0@@150500,15.6.1.dev0@@150601,15.5.0@@150500,15.5.0@@150500
<a href='https://huggingface.co/CohereForAI/aya-expanse-32b'>CohereForAI/aya-expanse-32b (few-shot)</a>,ğŸ“,1.61@@1.61,32296476672.0,256000.0,8192.0,âœ—,âœ—,48.75 Â± 1.90 / 65.43 Â± 1.41@@48.753732528895846,67.72 Â± 0.99 / 58.57 Â± 1.36@@67.71697065711393,27.76 Â± 2.91 / 62.92 Â± 2.09@@27.76384165676806,66.52 Â± 0.46 / 38.66 Â± 1.01@@66.52080856333347,15.4.1@@150401,15.6.1.dev0@@150601,15.4.1.dev0@@150401,15.4.1.dev0@@150401
"<a href='https://platform.openai.com/docs/models/gpt-4.1-nano'>gpt-4.1-nano-2025-04-14 (few-shot, val)</a>",ğŸ“,1.61@@1.61,,,1047576.0,âœ“,âœ—,42.63 Â± 2.64 / 57.81 Â± 2.39@@42.63253597273485,66.90 Â± 1.48 / 55.39 Â± 2.05@@66.89603064026002,33.11 Â± 3.87 / 63.00 Â± 2.64@@33.10576422746283,62.18 Â± 2.63 / 30.00 Â± 3.27@@62.18333384310991,15.6.1.dev0@@150601,15.6.1.dev0@@150601,15.6.1.dev0@@150601,15.6.1.dev0@@150601
"<a href='https://platform.openai.com/docs/models/gpt-4o'>gpt-4o-2024-05-13 (zero-shot, val)</a>",ğŸ“,1.64@@1.64,,200019.0,128000.0,âœ“,âœ—,40.21 Â± 1.99 / 52.87 Â± 1.59@@40.212192327924996,68.93 Â± 1.72 / 60.45 Â± 2.04@@68.93134327319872,31.47 Â± 4.18 / 61.50 Â± 2.42@@31.473554525731,65.63 Â± 1.09 / 31.04 Â± 1.42@@65.63336735705424,15.4.1@@150401,15.6.1.dev0@@150601,15.4.1@@150401,15.4.1@@150401
"<a href='https://docs.x.ai/docs/models'>xai/grok-3-beta (zero-shot, val)</a>",ğŸ“,1.69@@1.69,,,131072.0,âœ“,âœ—,48.10 Â± 2.53 / 63.31 Â± 2.07@@48.09949993695341,72.80 Â± 1.38 / 63.76 Â± 1.78@@72.79707734626732,22.05 Â± 5.02 / 58.21 Â± 2.76@@22.05217457252365,59.35 Â± 0.77 / 24.07 Â± 0.80@@59.35228172785596,15.6.1.dev0@@150601,15.6.1.dev0@@150601,15.6.1.dev0@@150601,15.6.1.dev0@@150601
"<a href='https://platform.openai.com/docs/models/gpt-4.1'>gpt-4.1-2025-04-14 (zero-shot, val)</a>",ğŸ“,1.71@@1.71,,,1047576.0,âœ“,âœ—,40.41 Â± 2.49 / 54.35 Â± 1.92@@40.40924529752729,68.69 Â± 1.81 / 54.51 Â± 2.22@@68.68563664970517,31.72 Â± 3.87 / 61.77 Â± 2.32@@31.72331912555605,59.74 Â± 0.83 / 21.99 Â± 0.93@@59.73705248658471,15.6.1.dev0@@150601,15.6.1.dev0@@150601,15.6.1.dev0@@150601,15.6.1.dev0@@150601
"<a href='https://ai.google.dev/gemini-api/docs/models#gemini-1.5-flash-8b-001'>gemini/gemini-1.5-flash-8b-001 (few-shot, val)</a>",ğŸ“,1.71@@1.71,8000000000.0,256128.0,1048576.0,âœ“,âœ—,46.84 Â± 2.34 / 59.65 Â± 2.03@@46.84407041615009,62.69 Â± 2.50 / 56.54 Â± 1.99@@62.69447145252238,28.73 Â± 5.66 / 60.70 Â± 3.61@@28.726229422643485,62.89 Â± 1.11 / 28.70 Â± 1.45@@62.891700388468735,15.5.0.dev0@@150500,15.6.1.dev0@@150601,15.5.0.dev0@@150500,15.5.0.dev0@@150500
<a href='https://huggingface.co/google/gemma-2-27b-it'>google/gemma-2-27b-it (few-shot)</a>,ğŸ“,1.72@@1.72,27227128320.0,256000.0,8192.0,âœ“,âœ—,49.32 Â± 2.23 / 63.68 Â± 2.01@@49.322059485309346,47.80 Â± 1.93 / 41.95 Â± 2.24@@47.803476728569514,36.10 Â± 2.75 / 63.98 Â± 2.51@@36.10156200424259,62.89 Â± 0.62 / 34.08 Â± 1.65@@62.888081485152114,15.6.1@@150601,15.6.1@@150601,15.6.1@@150601,15.6.1@@150601
"<a href='https://ai.google.dev/gemini-api/docs/models#gemini-1.5-pro-002'>gemini/gemini-1.5-pro-002 (zero-shot, val)</a>",ğŸ“,1.73@@1.73,,256128.0,2097152.0,âœ“,âœ—,42.40 Â± 2.12 / 55.28 Â± 1.85@@42.398920272302085,69.62 Â± 1.55 / 56.34 Â± 1.72@@69.6200131326419,22.27 Â± 4.38 / 57.91 Â± 2.43@@22.265705453182754,67.55 Â± 1.01 / 35.84 Â± 1.65@@67.55158876359562,15.5.0@@150500,15.6.1.dev0@@150601,15.5.0@@150500,15.5.0@@150500
<a href='https://huggingface.co/ThatsGroes/gemma-2-27b-it-FP8-Dynamic'>ThatsGroes/gemma-2-27b-it-FP8-Dynamic (few-shot)</a>,ğŸ“,1.74@@1.74,28410968576.0,256000.0,8192.0,âœ“,âœ—,49.23 Â± 2.42 / 63.29 Â± 2.22@@49.231788227564195,45.84 Â± 1.57 / 39.26 Â± 2.12@@45.842144201955726,34.24 Â± 1.54 / 61.87 Â± 1.39@@34.24189465300118,61.96 Â± 0.71 / 32.99 Â± 1.86@@61.9556038936076,15.5.0@@150500,15.6.1.dev0@@150601,15.5.0@@150500,15.5.0@@150500
"<a href='https://platform.openai.com/docs/models/gpt-4.1-mini'>gpt-4.1-mini-2025-04-14 (zero-shot, val)</a>",ğŸ“,1.76@@1.76,,,1047576.0,âœ“,âœ—,47.91 Â± 1.81 / 63.72 Â± 1.41@@47.90825694621045,58.05 Â± 2.12 / 35.94 Â± 1.71@@58.04796117672666,26.26 Â± 3.44 / 56.26 Â± 2.03@@26.26251462944272,63.98 Â± 1.13 / 29.37 Â± 1.11@@63.97878935068483,15.6.1.dev0@@150601,15.6.1.dev0@@150601,15.6.1.dev0@@150601,15.6.1.dev0@@150601
<a href='https://huggingface.co/google/gemma-2-27b'>google/gemma-2-27b (few-shot)</a>,ğŸ§ ,1.78@@1.78,27227128320.0,256000.0,8192.0,âœ“,âœ—,44.75 Â± 3.28 / 61.21 Â± 2.99@@44.74891984547914,48.05 Â± 2.11 / 45.21 Â± 2.03@@48.04943030876423,31.07 Â± 2.28 / 64.44 Â± 1.46@@31.0652546329857,69.34 Â± 1.43 / 44.99 Â± 2.75@@69.33581207772684,15.6.1@@150601,15.6.1@@150601,15.6.1@@150601,15.6.1@@150601
"<a href='https://platform.openai.com/docs/models/gpt-4o-mini'>gpt-4o-mini-2024-07-18 (zero-shot, val)</a>",ğŸ“,1.81@@1.81,,200019.0,128000.0,âœ“,âœ—,48.69 Â± 2.48 / 60.19 Â± 1.89@@48.69410498496366,66.77 Â± 1.91 / 34.91 Â± 1.56@@66.76655515350889,21.20 Â± 4.81 / 57.58 Â± 2.54@@21.195572460352857,62.18 Â± 0.94 / 28.93 Â± 1.33@@62.17688723328032,15.4.1.dev0@@150401,15.6.1.dev0@@150601,15.4.1.dev0@@150401,15.4.1.dev0@@150401
"<a href='https://ai.google.dev/gemini-api/docs/models#gemini-2.0-flash-001'>gemini/gemini-2.0-flash-001 (zero-shot, val)</a>",ğŸ“,1.81@@1.81,,256128.0,1048576.0,âœ“,âœ—,47.71 Â± 1.62 / 61.16 Â± 1.40@@47.709955092657566,68.75 Â± 1.48 / 60.13 Â± 1.31@@68.74782594933306,19.90 Â± 4.35 / 55.96 Â± 2.18@@19.904651837766536,60.66 Â± 0.95 / 26.47 Â± 1.08@@60.658528081058726,15.5.0@@150500,15.6.1.dev0@@150601,15.5.0@@150500,15.5.0@@150500
"<a href='https://docs.anthropic.com/en/docs/about-claude/models/all-models'>claude-3-5-sonnet-20241022 (zero-shot, val)</a>",ğŸ“,1.82@@1.82,,,200000.0,âœ“,âœ—,39.43 Â± 2.19 / 48.45 Â± 1.55@@39.42721660347991,68.62 Â± 0.96 / 66.07 Â± 1.20@@68.62009142975232,28.34 Â± 3.73 / 56.72 Â± 2.21@@28.343115422142983,56.11 Â± 0.94 / 20.02 Â± 1.05@@56.10691422570725,15.4.1@@150401,15.6.1.dev0@@150601,15.4.2@@150402,15.4.2@@150402
<a href='https://huggingface.co/speakleash/Bielik-11B-v2.3-Instruct'>speakleash/Bielik-11B-v2.3-Instruct (few-shot)</a>,ğŸ“,1.83@@1.83,11168796672.0,32128.0,32768.0,âœ“,âœ“,44.69 Â± 2.97 / 62.12 Â± 2.31@@44.68993960311698,64.73 Â± 1.86 / 57.36 Â± 1.83@@64.73075261865485,21.23 Â± 1.92 / 59.44 Â± 1.33@@21.233867719260992,68.15 Â± 1.00 / 40.24 Â± 2.36@@68.14757000809398,15.4.1@@150401,15.6.1.dev0@@150601,15.4.1@@150401,15.4.1@@150401
<a href='https://huggingface.co/upstage/SOLAR-10.7B-v1.0'>upstage/SOLAR-10.7B-v1.0 (few-shot)</a>,ğŸ§ ,1.85@@1.85,10731524096.0,32000.0,4096.0,âœ“,âœ—,43.31 Â± 3.07 / 61.48 Â± 2.46@@43.30960849680407,63.94 Â± 1.66 / 59.40 Â± 1.27@@63.942743382759495,19.48 Â± 3.25 / 59.20 Â± 1.75@@19.484485180647887,70.14 Â± 0.72 / 43.67 Â± 2.05@@70.14087925254576,15.4.1@@150401,15.6.1.dev0@@150601,15.4.1@@150401,15.4.1@@150401
"<a href='https://ai.google.dev/gemini-api/docs/models#gemini-1.5-flash-002'>gemini/gemini-1.5-flash-002 (zero-shot, val)</a>",ğŸ“,1.85@@1.85,,256128.0,1048576.0,âœ“,âœ—,43.33 Â± 2.25 / 57.09 Â± 1.98@@43.333033919492365,62.74 Â± 1.23 / 37.61 Â± 1.15@@62.73615390659256,26.71 Â± 3.42 / 55.93 Â± 2.00@@26.710339694751294,57.79 Â± 1.22 / 26.34 Â± 1.15@@57.788503889467975,15.5.0.dev0@@150500,15.6.1.dev0@@150601,15.5.0.dev0@@150500,15.5.0.dev0@@150500
<a href='https://huggingface.co/deepcogito/cogito-v1-preview-llama-8B'>deepcogito/cogito-v1-preview-llama-8B (few-shot)</a>,ğŸ“,1.85@@1.85,8030261248.0,128256.0,131072.0,âœ“,âœ—,43.55 Â± 2.04 / 57.79 Â± 1.89@@43.549195678042615,63.07 Â± 1.39 / 55.02 Â± 1.93@@63.07437001440995,22.46 Â± 3.28 / 59.51 Â± 2.00@@22.462675518038576,62.57 Â± 0.74 / 35.36 Â± 1.52@@62.565295435098236,15.5.0@@150500,15.6.1.dev0@@150601,15.5.0@@150500,15.5.0@@150500
<a href='https://huggingface.co/google/gemma-2-9b-it'>google/gemma-2-9b-it (few-shot)</a>,ğŸ“,1.86@@1.86,9241705984.0,256000.0,8192.0,âœ“,âœ—,49.85 Â± 1.11 / 66.55 Â± 0.76@@49.85266470269901,37.01 Â± 0.98 / 32.34 Â± 0.87@@37.010687060521384,33.78 Â± 1.38 / 59.90 Â± 1.51@@33.77939703984616,63.58 Â± 0.63 / 36.46 Â± 1.07@@63.58340385361023,15.6.1@@150601,15.6.1@@150601,15.6.1@@150601,15.6.1@@150601
<a href='https://huggingface.co/CohereForAI/aya-expanse-8b'>CohereForAI/aya-expanse-8b (few-shot)</a>,ğŸ“,1.88@@1.88,8028033024.0,256000.0,8192.0,âœ—,âœ—,49.16 Â± 2.09 / 65.02 Â± 1.69@@49.15872998781623,59.90 Â± 1.25 / 47.48 Â± 1.04@@59.89543340320632,17.95 Â± 2.44 / 58.06 Â± 1.46@@17.945914264149174,65.25 Â± 0.85 / 37.39 Â± 1.76@@65.2511003366694,15.5.0.dev0@@150500,15.5.0.dev0@@150500,15.5.0.dev0@@150500,15.5.0.dev0@@150500
<a href='https://huggingface.co/intfloat/multilingual-e5-large'>intfloat/multilingual-e5-large</a>,ğŸ”,1.88@@1.88,559890946.0,250002.0,512.0,âœ“,âœ—,50.03 Â± 2.97 / 65.88 Â± 3.22@@50.030066753796795,84.40 Â± 0.54 / 84.21 Â± 0.56@@84.40258789460758,9.06 Â± 6.86 / 52.98 Â± 4.18@@9.062405314059305,51.46 Â± 2.59 / 29.74 Â± 1.56@@51.46411531060604,15.6.1.dev0@@150601,15.6.1.dev0@@150601,15.6.1.dev0@@150601,15.6.1.dev0@@150601
"<a href='https://ai.google.dev/gemini-api/docs/models#gemini-1.5-flash-8b-001'>gemini/gemini-1.5-flash-8b-001 (zero-shot, val)</a>",ğŸ“,1.91@@1.91,8000000000.0,256128.0,1048576.0,âœ“,âœ—,48.70 Â± 2.17 / 60.31 Â± 1.63@@48.69837911793665,63.59 Â± 1.19 / 40.43 Â± 1.07@@63.58516634224978,17.35 Â± 5.49 / 58.03 Â± 2.67@@17.35234389879254,60.57 Â± 1.32 / 28.99 Â± 1.25@@60.57362641270551,15.5.0.dev0@@150500,15.6.1.dev0@@150601,15.5.0.dev0@@150500,15.5.0.dev0@@150500
<a href='https://huggingface.co/meta-llama/Llama-3.1-8B-Instruct'>meta-llama/Llama-3.1-8B-Instruct (few-shot)</a>,ğŸ“,1.91@@1.91,8030261248.0,128256.0,131072.0,âœ“,âœ—,44.85 Â± 2.53 / 61.15 Â± 2.07@@44.84586409432206,67.97 Â± 1.50 / 60.92 Â± 1.65@@67.96852626982543,20.78 Â± 2.87 / 58.25 Â± 1.86@@20.784481464923346,56.93 Â± 0.84 / 23.74 Â± 2.10@@56.92574793729749,15.5.0.dev0@@150500,15.5.0.dev0@@150500,15.5.0.dev0@@150500,15.5.0.dev0@@150500
"<a href='https://ai.google.dev/gemini-api/docs/models#gemini-2.0-flash-lite-001'>gemini/gemini-2.0-flash-lite-001 (zero-shot, val)</a>",ğŸ“,1.91@@1.91,,256128.0,1048576.0,âœ“,âœ—,46.20 Â± 2.03 / 58.54 Â± 1.65@@46.195915144117954,56.57 Â± 1.82 / 38.23 Â± 1.60@@56.5739336011874,23.95 Â± 4.83 / 60.76 Â± 2.44@@23.95215226429545,60.83 Â± 0.97 / 24.38 Â± 1.01@@60.83074750397526,15.5.0@@150500,15.6.1.dev0@@150601,15.5.0@@150500,15.5.0@@150500
<a href='https://huggingface.co/ibm-granite/granite-3.0-8b-base'>ibm-granite/granite-3.0-8b-base (few-shot)</a>,ğŸ§ ,1.95@@1.95,8170835968.0,49152.0,4096.0,âœ“,âœ—,46.12 Â± 2.67 / 62.68 Â± 3.08@@46.11908888194084,50.55 Â± 0.80 / 44.30 Â± 1.54@@50.548849274431284,25.47 Â± 2.40 / 59.60 Â± 3.39@@25.468347929407013,65.01 Â± 2.12 / 38.39 Â± 3.63@@65.01086114679103,15.5.0.dev0@@150500,15.5.0.dev0@@150500,15.5.0.dev0@@150500,15.5.0.dev0@@150500
<a href='https://huggingface.co/microsoft/mdeberta-v3-base'>microsoft/mdeberta-v3-base</a>,ğŸ”,1.95@@1.95,278811651.0,251000.0,512.0,âœ“,âœ—,10.64 Â± 9.98 / 29.26 Â± 10.01@@10.642647847011776,81.60 Â± 0.88 / 82.58 Â± 0.65@@81.60414798072983,40.48 Â± 7.82 / 68.69 Â± 4.29@@40.482809745275716,44.50 Â± 1.00 / 23.86 Â± 1.00@@44.49787769172561,15.6.1.dev0@@150601,15.6.1.dev0@@150601,15.6.1.dev0@@150601,15.6.1.dev0@@150601
<a href='https://huggingface.co/allenai/Llama-3.1-Tulu-3-8B'>allenai/Llama-3.1-Tulu-3-8B (few-shot)</a>,ğŸ“,1.96@@1.96,8030326784.0,128264.0,131072.0,âœ“,âœ—,44.51 Â± 2.45 / 62.49 Â± 1.62@@44.51266140951154,60.39 Â± 1.34 / 55.85 Â± 1.33@@60.393104670970246,17.68 Â± 3.75 / 56.25 Â± 1.96@@17.676443544669272,63.29 Â± 0.95 / 39.04 Â± 1.30@@63.288425647297075,15.5.0.dev0@@150500,15.5.0.dev0@@150500,15.5.0.dev0@@150500,15.5.0.dev0@@150500
<a href='https://huggingface.co/meta-llama/Meta-Llama-3-8B-Instruct'>meta-llama/Meta-Llama-3-8B-Instruct (few-shot)</a>,ğŸ“,1.97@@1.97,8030261248.0,128256.0,8192.0,âœ“,âœ—,45.09 Â± 1.60 / 61.56 Â± 1.45@@45.087157100361765,66.43 Â± 1.56 / 61.82 Â± 1.35@@66.4313334368703,18.95 Â± 2.76 / 56.29 Â± 1.43@@18.95154266625873,55.12 Â± 0.62 / 20.80 Â± 1.46@@55.12258124779489,15.5.0.dev0@@150500,15.5.0.dev0@@150500,15.5.0.dev0@@150500,15.5.0.dev0@@150500
"<a href='https://platform.openai.com/docs/models/gpt-4.1-nano'>gpt-4.1-nano-2025-04-14 (zero-shot, val)</a>",ğŸ“,1.99@@1.99,,,1047576.0,âœ“,âœ—,48.93 Â± 2.25 / 60.34 Â± 1.76@@48.927813391579534,60.73 Â± 1.43 / 56.84 Â± 1.60@@60.72582613975045,18.01 Â± 3.90 / 58.87 Â± 1.91@@18.007979036213612,55.20 Â± 0.94 / 24.00 Â± 1.05@@55.198576183694726,15.6.1.dev0@@150601,15.6.1.dev0@@150601,15.6.1.dev0@@150601,15.6.1.dev0@@150601
<a href='https://huggingface.co/google/gemma-2-9b'>google/gemma-2-9b (few-shot)</a>,ğŸ§ ,1.99@@1.99,9241705984.0,256000.0,8192.0,âœ“,âœ—,43.12 Â± 2.98 / 59.06 Â± 4.01@@43.11536798149183,44.17 Â± 2.44 / 40.54 Â± 1.85@@44.17122162115096,28.81 Â± 3.99 / 63.16 Â± 2.32@@28.805022593869538,65.37 Â± 1.54 / 37.94 Â± 2.79@@65.36680999295449,15.6.1@@150601,15.6.1@@150601,15.6.1@@150601,15.6.1@@150601
<a href='https://huggingface.co/allenai/Llama-3.1-Tulu-3-8B-DPO'>allenai/Llama-3.1-Tulu-3-8B-DPO (few-shot)</a>,ğŸ“,2.00@@2.00,8030326784.0,128264.0,131072.0,âœ“,âœ—,45.55 Â± 2.25 / 63.34 Â± 1.53@@45.54577037103457,60.58 Â± 1.31 / 56.93 Â± 1.21@@60.57542892481611,16.36 Â± 3.48 / 55.55 Â± 2.01@@16.362424620986477,63.89 Â± 0.70 / 38.19 Â± 1.69@@63.88816938902979,15.4.2@@150402,15.5.0.dev0@@150500,15.4.2@@150402,15.5.0.dev0@@150500
<a href='https://huggingface.co/google/gemma-3-4b-it'>google/gemma-3-4b-it (few-shot)</a>,ğŸ“,2.02@@2.02,4300079472.0,262144.0,,âœ“,âœ—,42.62 Â± 1.48 / 58.49 Â± 1.39@@42.62286245771765,54.72 Â± 1.27 / 48.63 Â± 1.47@@54.723671468060175,22.40 Â± 2.88 / 60.38 Â± 1.65@@22.399527416805583,58.47 Â± 0.56 / 29.65 Â± 1.24@@58.4725470350798,15.5.0@@150500,15.5.0.dev0@@150500,15.5.0@@150500,15.5.0@@150500
<a href='https://huggingface.co/ibm-granite/granite-3.0-8b-instruct'>ibm-granite/granite-3.0-8b-instruct (few-shot)</a>,ğŸ“,2.05@@2.05,8170848256.0,49155.0,4096.0,âœ“,âœ—,48.18 Â± 1.55 / 63.78 Â± 1.48@@48.1755910419306,52.51 Â± 1.58 / 42.86 Â± 1.82@@52.50827527529462,17.07 Â± 1.61 / 56.32 Â± 1.24@@17.067689624480447,64.53 Â± 1.20 / 40.88 Â± 1.02@@64.53060535961444,15.5.0.dev0@@150500,15.5.0.dev0@@150500,15.5.0.dev0@@150500,15.5.0.dev0@@150500
<a href='https://huggingface.co/intfloat/multilingual-e5-base'>intfloat/multilingual-e5-base</a>,ğŸ”,2.07@@2.07,278044162.0,250002.0,512.0,âœ“,âœ—,47.29 Â± 2.29 / 64.53 Â± 1.69@@47.28985539235503,83.16 Â± 0.54 / 84.10 Â± 0.54@@83.16291382849998,10.64 Â± 9.74 / 52.04 Â± 5.90@@10.642853751021745,40.22 Â± 1.77 / 20.71 Â± 1.51@@40.221756148092055,15.6.1.dev0@@150601,15.6.1.dev0@@150601,15.6.1.dev0@@150601,15.6.1.dev0@@150601
<a href='https://huggingface.co/utter-project/EuroLLM-9B'>utter-project/EuroLLM-9B (few-shot)</a>,ğŸ§ ,2.10@@2.10,9152319488.0,128000.0,4096.0,âœ“,âœ—,42.11 Â± 2.31 / 60.16 Â± 1.74@@42.10958351765862,52.02 Â± 2.29 / 44.90 Â± 1.57@@52.0169246381903,15.57 Â± 3.26 / 45.99 Â± 3.93@@15.572339615618919,67.85 Â± 0.83 / 44.13 Â± 1.41@@67.84774187181394,15.4.1@@150401,15.6.1.dev0@@150601,15.4.1@@150401,15.4.1@@150401
<a href='https://huggingface.co/senseable/WestLake-7B-v2'>senseable/WestLake-7B-v2 (few-shot)</a>,ğŸ§ ,2.13@@2.13,7241732096.0,32000.0,32768.0,âœ—,âœ—,45.49 Â± 2.12 / 62.89 Â± 1.53@@45.48797045350724,64.53 Â± 1.35 / 58.72 Â± 1.73@@64.52539641970287,8.09 Â± 2.14 / 41.09 Â± 2.22@@8.089711289184578,58.92 Â± 2.38 / 27.18 Â± 3.93@@58.92006718992955,15.5.0.dev0@@150500,15.5.0.dev0@@150500,15.5.0.dev0@@150500,15.5.0.dev0@@150500
<a href='https://huggingface.co/google/gemma-3-12b-pt'>google/gemma-3-12b-pt (few-shot)</a>,ğŸ§ ,2.14@@2.14,12187325040.0,262144.0,,âœ“,âœ—,34.36 Â± 2.67 / 55.15 Â± 1.95@@34.36168710850874,52.86 Â± 2.41 / 48.64 Â± 1.85@@52.85703223589826,20.53 Â± 6.45 / 52.67 Â± 7.31@@20.53184501522649,67.45 Â± 1.05 / 43.14 Â± 1.99@@67.44878090454054,15.5.0@@150500,15.5.0.dev0@@150500,15.5.0@@150500,15.5.0@@150500
<a href='https://huggingface.co/nvidia/mistral-nemo-minitron-8b-base'>nvidia/mistral-nemo-minitron-8b-base (few-shot)</a>,ğŸ§ ,2.14@@2.14,8414105600.0,131072.0,8192.0,âœ“,âœ—,34.56 Â± 2.67 / 49.07 Â± 3.51@@34.56420544366583,60.55 Â± 2.14 / 54.96 Â± 1.45@@60.548655235576156,14.34 Â± 3.06 / 46.16 Â± 4.49@@14.342763797214733,66.71 Â± 1.33 / 42.34 Â± 2.52@@66.70971003911663,15.5.0.dev0@@150500,15.5.0.dev0@@150500,15.5.0.dev0@@150500,15.5.0.dev0@@150500
<a href='https://huggingface.co/deepcogito/cogito-v1-preview-llama-3B'>deepcogito/cogito-v1-preview-llama-3B (few-shot)</a>,ğŸ“,2.15@@2.15,3606752256.0,128256.0,131072.0,âœ“,âœ—,36.06 Â± 2.42 / 50.05 Â± 2.27@@36.063609210128355,57.51 Â± 0.87 / 46.06 Â± 1.04@@57.51346334823451,19.42 Â± 1.84 / 52.95 Â± 1.04@@19.421545466250855,58.31 Â± 1.05 / 35.07 Â± 1.36@@58.306872214288454,15.5.0@@150500,15.6.1.dev0@@150601,15.5.0@@150500,15.5.0@@150500
"<a href='https://docs.anthropic.com/en/docs/about-claude/models/all-models'>claude-3-5-haiku-20241022 (zero-shot, val)</a>",ğŸ“,2.16@@2.16,,,200000.0,âœ“,âœ—,36.97 Â± 2.37 / 47.15 Â± 1.39@@36.96530061363526,60.03 Â± 1.64 / 41.47 Â± 1.81@@60.03282312792724,17.97 Â± 4.79 / 49.09 Â± 2.58@@17.967588058956295,58.16 Â± 1.09 / 24.63 Â± 0.91@@58.16386754645107,15.4.2@@150402,15.6.1.dev0@@150601,15.4.2@@150402,15.4.2@@150402
<a href='https://huggingface.co/nvidia/mistral-nemo-minitron-8b-instruct'>nvidia/mistral-nemo-minitron-8b-instruct (few-shot)</a>,ğŸ“,2.16@@2.16,8414105600.0,131072.0,8192.0,âœ“,âœ—,48.90 Â± 1.39 / 64.92 Â± 1.12@@48.899157425135,62.90 Â± 1.18 / 53.85 Â± 1.98@@62.904178000872655,28.35 Â± 2.34 / 62.37 Â± 1.32@@28.351882909361535,21.57 Â± 0.94 / 0.02 Â± 0.02@@21.56821508767601,15.5.0.dev0@@150500,15.5.0.dev0@@150500,15.5.0.dev0@@150500,15.5.0.dev0@@150500
<a href='https://huggingface.co/utter-project/EuroLLM-9B-Instruct'>utter-project/EuroLLM-9B-Instruct (few-shot)</a>,ğŸ“,2.18@@2.18,9152319488.0,128000.0,4096.0,âœ—,âœ—,44.58 Â± 1.58 / 62.38 Â± 1.19@@44.58348506897442,39.12 Â± 1.48 / 32.75 Â± 1.41@@39.12025233809885,20.83 Â± 0.91 / 58.44 Â± 1.43@@20.83092906957318,62.71 Â± 1.76 / 41.46 Â± 1.29@@62.714426871860404,15.4.1@@150401,15.6.1.dev0@@150601,15.4.1@@150401,15.4.1@@150401
<a href='https://huggingface.co/meta-llama/Llama-3.2-3B-Instruct'>meta-llama/Llama-3.2-3B-Instruct (few-shot)</a>,ğŸ“,2.18@@2.18,3212749824.0,128256.0,131072.0,âœ“,âœ—,41.41 Â± 1.85 / 57.42 Â± 1.64@@41.411206143242666,60.63 Â± 1.09 / 50.32 Â± 1.40@@60.625982191475025,15.04 Â± 1.72 / 56.65 Â± 0.91@@15.036183689736255,52.14 Â± 0.75 / 23.17 Â± 1.70@@52.14137289174214,15.5.0.dev0@@150500,15.5.0.dev0@@150500,15.5.0.dev0@@150500,15.5.0.dev0@@150500
<a href='https://huggingface.co/NousResearch/DeepHermes-3-Llama-3-8B-Preview'>NousResearch/DeepHermes-3-Llama-3-8B-Preview (few-shot)</a>,ğŸ“,2.20@@2.20,8030261248.0,128256.0,131072.0,âœ“,âœ—,45.89 Â± 1.46 / 63.13 Â± 1.18@@45.89252863724641,60.78 Â± 1.83 / 52.70 Â± 2.13@@60.77804791963837,7.13 Â± 1.21 / 39.21 Â± 3.08@@7.130776083821953,59.77 Â± 2.04 / 30.97 Â± 3.64@@59.76558755954839,15.5.0.dev0@@150500,15.5.0.dev0@@150500,15.5.0.dev0@@150500,15.5.0.dev0@@150500
<a href='https://huggingface.co/mistralai/Mistral-7B-Instruct-v0.1'>mistralai/Mistral-7B-Instruct-v0.1 (few-shot)</a>,ğŸ“,2.21@@2.21,7241732096.0,32000.0,32768.0,âœ“,âœ—,41.35 Â± 2.84 / 57.18 Â± 2.62@@41.35388367214895,52.78 Â± 2.02 / 42.80 Â± 2.50@@52.77611861021294,14.11 Â± 1.31 / 55.75 Â± 1.05@@14.110664174016515,59.98 Â± 1.39 / 35.80 Â± 2.45@@59.977744874361335,15.5.0.dev0@@150500,15.5.0.dev0@@150500,15.5.0.dev0@@150500,15.5.0.dev0@@150500
<a href='https://huggingface.co/setu4993/LaBSE'>setu4993/LaBSE</a>,ğŸ”,2.24@@2.24,470927360.0,501153.0,512.0,âœ“,âœ—,40.27 Â± 2.13 / 59.62 Â± 1.54@@40.26511191463185,85.12 Â± 0.92 / 85.22 Â± 0.82@@85.11662836938238,6.45 Â± 6.55 / 52.30 Â± 3.51@@6.454778662334262,39.34 Â± 1.15 / 21.19 Â± 0.54@@39.33862142006757,15.6.1.dev0@@150601,15.6.1.dev0@@150601,15.6.1.dev0@@150601,15.6.1.dev0@@150601
<a href='https://huggingface.co/meta-llama/Meta-Llama-3-8B'>meta-llama/Meta-Llama-3-8B (few-shot)</a>,ğŸ§ ,2.26@@2.26,8030261248.0,128256.0,8192.0,âœ“,âœ—,37.44 Â± 3.94 / 56.31 Â± 3.14@@37.438758275288365,58.23 Â± 2.39 / 54.74 Â± 2.00@@58.22724136750409,8.66 Â± 4.33 / 45.81 Â± 3.15@@8.655457408725058,65.70 Â± 1.46 / 42.18 Â± 2.44@@65.69658792276883,15.5.0.dev0@@150500,15.5.0.dev0@@150500,15.5.0.dev0@@150500,15.5.0.dev0@@150500
<a href='https://huggingface.co/neuralmagic/Sparse-Llama-3.1-8B-2of4'>neuralmagic/Sparse-Llama-3.1-8B-2of4 (few-shot)</a>,ğŸ§ ,2.33@@2.33,8030261248.0,128256.0,131072.0,âœ“,âœ—,34.88 Â± 3.54 / 54.53 Â± 2.47@@34.877296691225155,51.49 Â± 2.23 / 49.97 Â± 1.90@@51.489512365823444,10.69 Â± 2.26 / 49.86 Â± 2.87@@10.685352915395637,66.04 Â± 1.10 / 43.62 Â± 1.03@@66.04105535691248,15.5.0.dev0@@150500,15.5.0.dev0@@150500,15.5.0.dev0@@150500,15.5.0.dev0@@150500
<a href='https://huggingface.co/google/rembert'>google/rembert</a>,ğŸ”,2.34@@2.34,575923843.0,250300.0,512.0,âœ“,âœ—,7.84 Â± 6.32 / 28.07 Â± 7.07@@7.8400709653818375,84.58 Â± 0.55 / 84.53 Â± 0.50@@84.58248723996007,19.81 Â± 11.33 / 54.88 Â± 9.61@@19.805949503581445,49.44 Â± 2.36 / 28.11 Â± 2.05@@49.43963981233844,15.6.1.dev0@@150601,15.6.1.dev0@@150601,15.6.1.dev0@@150601,15.6.1.dev0@@150601
<a href='https://huggingface.co/google/gemma-2-2b-it'>google/gemma-2-2b-it (few-shot)</a>,ğŸ“,2.34@@2.34,2614341888.0,256000.0,8192.0,âœ“,âœ—,41.22 Â± 2.81 / 57.68 Â± 2.64@@41.21689613686154,37.31 Â± 0.66 / 32.29 Â± 0.53@@37.30593040212995,16.88 Â± 2.68 / 52.75 Â± 1.45@@16.87520327493777,60.20 Â± 0.52 / 33.29 Â± 1.42@@60.20134854365362,15.4.1.dev0@@150401,15.6.1.dev0@@150601,15.4.1.dev0@@150401,15.4.1.dev0@@150401
<a href='https://huggingface.co/ibm-granite/granite-8b-code-base-4k'>ibm-granite/granite-8b-code-base-4k (few-shot)</a>,ğŸ§ ,2.36@@2.36,8054910976.0,49152.0,4096.0,âœ“,âœ—,37.73 Â± 1.67 / 56.38 Â± 1.20@@37.73444537698717,62.24 Â± 1.62 / 58.12 Â± 1.77@@62.24112464622997,4.53 Â± 2.08 / 44.94 Â± 4.03@@4.527323675268448,61.53 Â± 1.82 / 38.63 Â± 2.88@@61.53149970837222,15.5.0.dev0@@150500,15.5.0.dev0@@150500,15.5.0.dev0@@150500,15.5.0.dev0@@150500
<a href='https://huggingface.co/occiglot/occiglot-7b-eu5'>occiglot/occiglot-7b-eu5 (few-shot)</a>,ğŸ§ ,2.36@@2.36,7241732096.0,32000.0,32768.0,âœ“,âœ—,35.33 Â± 3.02 / 49.55 Â± 3.89@@35.33414167278589,52.15 Â± 2.54 / 48.88 Â± 2.49@@52.149801651964665,8.66 Â± 2.67 / 50.78 Â± 3.37@@8.664223107023458,63.75 Â± 2.64 / 39.77 Â± 3.70@@63.754126537225076,15.5.0.dev0@@150500,15.5.0.dev0@@150500,15.5.0.dev0@@150500,15.5.0.dev0@@150500
<a href='https://huggingface.co/ibm-granite/granite-8b-code-instruct-4k'>ibm-granite/granite-8b-code-instruct-4k (few-shot)</a>,ğŸ“,2.37@@2.37,8054910976.0,49152.0,4096.0,âœ“,âœ—,37.42 Â± 2.61 / 54.03 Â± 3.30@@37.41519344961869,61.24 Â± 1.92 / 56.67 Â± 1.83@@61.242337400871726,6.37 Â± 1.43 / 51.66 Â± 1.20@@6.373797418938963,58.44 Â± 1.26 / 36.87 Â± 1.99@@58.43731165390368,15.6.1@@150601,15.6.1@@150601,15.6.1@@150601,15.6.1@@150601
<a href='https://huggingface.co/tiiuae/falcon-11B'>tiiuae/falcon-11B (few-shot)</a>,ğŸ“,2.37@@2.37,11102822400.0,65024.0,8192.0,âœ“,âœ—,43.53 Â± 3.33 / 60.50 Â± 3.00@@43.532532450081646,48.45 Â± 3.02 / 43.63 Â± 2.12@@48.452215806603796,25.29 Â± 1.58 / 59.56 Â± 1.76@@25.293808311724558,32.76 Â± 5.36 / 12.52 Â± 5.30@@32.76445602834538,15.4.1@@150401,15.6.1.dev0@@150601,15.4.1@@150401,15.4.1@@150401
<a href='https://huggingface.co/google/gemma-7b'>google/gemma-7b (few-shot)</a>,ğŸ§ ,2.38@@2.38,8537680896.0,256000.0,8192.0,âœ“,âœ—,36.25 Â± 2.87 / 57.06 Â± 1.95@@36.25480525552353,35.58 Â± 1.89 / 32.80 Â± 1.36@@35.58030301003153,19.08 Â± 1.10 / 57.82 Â± 1.15@@19.07590632143174,65.03 Â± 2.11 / 40.73 Â± 3.67@@65.03114180007205,15.6.1.dev0@@150601,15.6.1.dev0@@150601,15.6.1.dev0@@150601,15.6.1.dev0@@150601
<a href='https://huggingface.co/Qwen/Qwen2.5-Math-7B'>Qwen/Qwen2.5-Math-7B (few-shot)</a>,ğŸ“,2.39@@2.39,7615616512.0,152064.0,4096.0,âœ“,âœ—,40.68 Â± 1.97 / 59.75 Â± 1.57@@40.683696023999836,54.68 Â± 1.87 / 48.83 Â± 1.49@@54.67743305131646,9.62 Â± 1.50 / 43.97 Â± 3.77@@9.622824978640415,54.16 Â± 4.13 / 30.63 Â± 4.80@@54.16292607440911,15.6.1@@150601,15.6.1@@150601,15.6.1@@150601,15.6.1@@150601
<a href='https://huggingface.co/google/gemma-3-4b-pt'>google/gemma-3-4b-pt (few-shot)</a>,ğŸ§ ,2.44@@2.44,4300079472.0,262144.0,,âœ“,âœ—,33.23 Â± 3.26 / 47.76 Â± 3.20@@33.225380664971816,38.78 Â± 2.83 / 35.96 Â± 2.66@@38.77749907219055,14.57 Â± 2.82 / 53.64 Â± 3.61@@14.565266958761452,63.40 Â± 1.64 / 36.67 Â± 3.22@@63.40194365136706,15.5.0@@150500,15.6.1@@150601,15.6.0.dev0@@150600,15.6.1@@150601
<a href='https://huggingface.co/mistralai/Mistral-7B-v0.3'>mistralai/Mistral-7B-v0.3 (few-shot)</a>,ğŸ§ ,2.44@@2.44,7248023552.0,32768.0,32768.0,âœ“,âœ—,31.21 Â± 3.35 / 47.56 Â± 2.65@@31.208176583705338,57.19 Â± 2.01 / 53.11 Â± 2.07@@57.19133620004146,4.85 Â± 1.99 / 36.08 Â± 2.17@@4.854978065203891,64.36 Â± 1.72 / 41.29 Â± 2.79@@64.36445016215343,15.5.0.dev0@@150500,15.5.0.dev0@@150500,15.5.0.dev0@@150500,15.5.0.dev0@@150500
<a href='https://huggingface.co/mistralai/Mistral-7B-v0.1'>mistralai/Mistral-7B-v0.1 (few-shot)</a>,ğŸ§ ,2.47@@2.47,7241732096.0,32000.0,32768.0,âœ“,âœ—,27.39 Â± 3.86 / 43.41 Â± 2.41@@27.389111558439893,58.10 Â± 2.18 / 52.95 Â± 1.97@@58.101820882067656,6.59 Â± 2.98 / 40.62 Â± 3.58@@6.593409455277942,64.02 Â± 2.29 / 40.54 Â± 3.63@@64.02077792215056,15.5.0.dev0@@150500,15.5.0.dev0@@150500,15.5.0.dev0@@150500,15.5.0.dev0@@150500
<a href='https://huggingface.co/FacebookAI/xlm-roberta-large'>FacebookAI/xlm-roberta-large</a>,ğŸ”,2.48@@2.48,561192082.0,250002.0,512.0,âœ“,âœ—,12.48 Â± 11.46 / 31.42 Â± 11.06@@12.479400331670366,83.63 Â± 0.96 / 83.59 Â± 0.78@@83.63460231909819,10.19 Â± 8.11 / 46.97 Â± 7.12@@10.192589315081484,50.70 Â± 1.96 / 29.66 Â± 1.30@@50.701340072747826,15.6.1.dev0@@150601,15.6.1.dev0@@150601,15.6.1.dev0@@150601,15.6.1.dev0@@150601
<a href='https://huggingface.co/mistralai/Mistral-7B-Instruct-v0.2'>mistralai/Mistral-7B-Instruct-v0.2 (few-shot)</a>,ğŸ“,2.49@@2.49,7241732096.0,32000.0,32768.0,âœ—,âœ—,39.56 Â± 2.24 / 55.47 Â± 2.09@@39.556138811309104,54.13 Â± 1.89 / 46.95 Â± 1.56@@54.13099514759716,14.15 Â± 1.02 / 52.62 Â± 2.25@@14.146871970071363,40.31 Â± 2.24 / 11.38 Â± 3.04@@40.30549587594878,15.5.0.dev0@@150500,15.5.0.dev0@@150500,15.5.0.dev0@@150500,15.6.1@@150601
<a href='https://huggingface.co/Twitter/twhin-bert-large'>Twitter/twhin-bert-large</a>,ğŸ”,2.54@@2.54,561713298.0,250002.0,512.0,âœ“,âœ—,33.72 Â± 4.09 / 54.40 Â± 3.50@@33.72494086558145,83.64 Â± 0.93 / 83.97 Â± 1.02@@83.64254739286048,4.87 Â± 5.49 / 46.51 Â± 5.81@@4.874803599374416,24.19 Â± 6.82 / 12.22 Â± 4.99@@24.191068425450105,15.6.1.dev0@@150601,15.6.1.dev0@@150601,15.6.1.dev0@@150601,15.6.1.dev0@@150601
<a href='https://huggingface.co/meta-llama/Llama-2-13b-hf'>meta-llama/Llama-2-13b-hf (few-shot)</a>,ğŸ§ ,2.57@@2.57,13015866880.0,32000.0,4096.0,âœ“,âœ—,26.76 Â± 4.63 / 46.63 Â± 3.06@@26.757725812036803,54.73 Â± 3.13 / 51.66 Â± 2.99@@54.73471504189068,1.61 Â± 2.11 / 33.93 Â± 0.54@@1.6065369866502095,63.41 Â± 1.78 / 36.54 Â± 3.17@@63.409213042216095,15.4.1@@150401,15.6.1.dev0@@150601,15.4.1@@150401,15.4.1@@150401
<a href='https://huggingface.co/TrustLLMeu/baseline-7-8b_2-3t-tokens_llama'>TrustLLMeu/baseline-7-8b_2-3t-tokens_llama (few-shot)</a>,ğŸ§ ,2.59@@2.59,7799574528.0,100096.0,4096.0,âœ“,âœ—,34.39 Â± 1.89 / 48.71 Â± 1.96@@34.385078881607946,52.25 Â± 3.52 / 49.26 Â± 2.90@@52.248926508247926,3.31 Â± 2.43 / 35.85 Â± 1.48@@3.3084362653715935,58.25 Â± 2.06 / 37.74 Â± 2.01@@58.24619474832315,15.5.0.dev0@@150500,15.6.1@@150601,15.6.1@@150601,15.6.1@@150601
<a href='https://huggingface.co/ZurichNLP/unsup-simcse-xlm-roberta-base'>ZurichNLP/unsup-simcse-xlm-roberta-base</a>,ğŸ”,2.71@@2.71,277453570.0,250002.0,514.0,âœ“,âœ—,27.15 Â± 8.85 / 48.24 Â± 7.69@@27.14701966172615,82.10 Â± 0.70 / 82.82 Â± 0.62@@82.10467603936247,2.76 Â± 2.03 / 47.16 Â± 3.80@@2.75988377397169,21.30 Â± 3.30 / 8.10 Â± 1.86@@21.297236126033447,15.6.1.dev0@@150601,15.6.1.dev0@@150601,15.6.1.dev0@@150601,15.6.1.dev0@@150601
<a href='https://huggingface.co/Twitter/twhin-bert-base'>Twitter/twhin-bert-base</a>,ğŸ”,2.76@@2.76,279080594.0,250002.0,512.0,âœ“,âœ—,31.19 Â± 4.17 / 52.34 Â± 3.37@@31.192796319793082,81.68 Â± 0.98 / 82.60 Â± 0.88@@81.67616473369414,1.48 Â± 1.31 / 44.94 Â± 3.73@@1.4751243639201528,15.03 Â± 0.58 / 5.25 Â± 0.30@@15.027472399205726,15.6.1.dev0@@150601,15.6.1.dev0@@150601,15.6.1.dev0@@150601,15.6.1.dev0@@150601
<a href='https://huggingface.co/google/gemma-3-1b-it'>google/gemma-3-1b-it (few-shot)</a>,ğŸ“,2.76@@2.76,999885952.0,262144.0,32768.0,âœ“,âœ—,34.59 Â± 2.43 / 54.02 Â± 2.29@@34.59442318278054,45.75 Â± 1.67 / 42.76 Â± 1.54@@45.75059587021569,5.75 Â± 1.64 / 49.56 Â± 2.46@@5.746496840948265,44.07 Â± 0.75 / 17.22 Â± 1.68@@44.07076084155422,15.6.1@@150601,15.6.1@@150601,15.6.1@@150601,15.6.1@@150601
<a href='https://huggingface.co/sentence-transformers/paraphrase-xlm-r-multilingual-v1'>sentence-transformers/paraphrase-xlm-r-multilingual-v1</a>,ğŸ”,2.76@@2.76,278044162.0,250002.0,512.0,âœ“,âœ—,38.92 Â± 2.23 / 58.97 Â± 1.68@@38.9231400483644,75.38 Â± 0.81 / 77.34 Â± 0.63@@75.37847026962496,1.82 Â± 2.94 / 47.35 Â± 3.45@@1.817075782515318,12.45 Â± 0.65 / 2.62 Â± 0.45@@12.44836110188916,15.6.1.dev0@@150601,15.6.1.dev0@@150601,15.6.1.dev0@@150601,15.6.1.dev0@@150601
<a href='https://huggingface.co/openGPT-X/Teuken-7B-instruct-research-v0.4'>openGPT-X/Teuken-7B-instruct-research-v0.4 (few-shot)</a>,ğŸ“,2.77@@2.77,7452725248.0,250680.0,4096.0,âœ—,âœ—,33.08 Â± 3.34 / 48.78 Â± 4.43@@33.080222513946964,43.84 Â± 1.88 / 32.22 Â± 1.47@@43.8425004519243,0.00 Â± 0.00 / 33.36 Â± 0.27@@0.0,59.32 Â± 0.70 / 34.54 Â± 1.54@@59.323879459150966,15.6.1@@150601,15.6.1@@150601,15.6.1@@150601,15.6.1@@150601
<a href='https://huggingface.co/sentence-transformers/stsb-xlm-r-multilingual'>sentence-transformers/stsb-xlm-r-multilingual</a>,ğŸ”,2.81@@2.81,278044162.0,250002.0,512.0,âœ“,âœ—,40.93 Â± 2.08 / 60.12 Â± 1.53@@40.934205901908705,75.60 Â± 0.60 / 77.04 Â± 0.49@@75.59516653186124,-0.02 Â± 1.29 / 49.03 Â± 0.63@@-0.02196476845870647,12.59 Â± 0.43 / 3.32 Â± 0.43@@12.585773005892724,15.6.1.dev0@@150601,15.6.1.dev0@@150601,15.6.1.dev0@@150601,15.6.1.dev0@@150601
<a href='https://huggingface.co/sentence-transformers/quora-distilbert-multilingual'>sentence-transformers/quora-distilbert-multilingual</a>,ğŸ”,2.87@@2.87,134734080.0,119547.0,512.0,âœ“,âœ—,36.39 Â± 4.07 / 56.99 Â± 2.91@@36.387925193030476,74.09 Â± 0.51 / 75.77 Â± 0.72@@74.09173649922647,0.42 Â± 1.49 / 44.59 Â± 4.33@@0.4164991274374462,11.55 Â± 0.43 / 2.22 Â± 0.18@@11.54999194748167,15.6.1.dev0@@150601,15.6.1.dev0@@150601,15.6.1.dev0@@150601,15.6.1.dev0@@150601
<a href='https://huggingface.co/sentence-transformers/distilbert-multilingual-nli-stsb-quora-ranking'>sentence-transformers/distilbert-multilingual-nli-stsb-quora-ranking</a>,ğŸ”,2.87@@2.87,134734080.0,119547.0,512.0,âœ“,âœ—,36.39 Â± 4.07 / 56.99 Â± 2.91@@36.387925193030476,73.91 Â± 0.48 / 75.64 Â± 0.74@@73.90519186090762,0.42 Â± 1.49 / 44.59 Â± 4.33@@0.4193067372000154,11.55 Â± 0.45 / 2.23 Â± 0.19@@11.547556933225632,15.6.1.dev0@@150601,15.6.1.dev0@@150601,15.6.1.dev0@@150601,15.6.1.dev0@@150601
<a href='https://huggingface.co/cardiffnlp/twitter-xlm-roberta-base'>cardiffnlp/twitter-xlm-roberta-base</a>,ğŸ”,2.89@@2.89,278045955.0,250002.0,514.0,âœ“,âœ—,22.07 Â± 10.26 / 41.73 Â± 10.52@@22.073677770787427,80.02 Â± 0.77 / 80.89 Â± 0.44@@80.0166179967386,3.82 Â± 4.94 / 41.09 Â± 6.48@@3.824532544134054,13.77 Â± 0.48 / 3.91 Â± 0.40@@13.767217426911438,15.6.1.dev0@@150601,15.6.1.dev0@@150601,15.6.1.dev0@@150601,15.6.1.dev0@@150601
<a href='https://huggingface.co/TrustLLMeu/baseline-7-8b_1t-tokens_llama'>TrustLLMeu/baseline-7-8b_1t-tokens_llama (few-shot)</a>,ğŸ§ ,2.89@@2.89,7799574528.0,100096.0,4096.0,âœ“,âœ—,19.77 Â± 3.30 / 32.29 Â± 3.41@@19.774384316123054,44.85 Â± 3.81 / 42.10 Â± 3.73@@44.84876806921109,2.86 Â± 1.67 / 41.92 Â± 3.58@@2.8569870477908745,55.05 Â± 2.41 / 33.64 Â± 2.61@@55.04827481386131,15.6.1@@150601,15.6.1@@150601,15.6.1@@150601,15.6.1@@150601
<a href='https://huggingface.co/google/gemma-3-1b-pt'>google/gemma-3-1b-pt (few-shot)</a>,ğŸ§ ,2.95@@2.95,999885952.0,262144.0,32768.0,âœ“,âœ—,32.73 Â± 2.30 / 51.21 Â± 2.55@@32.73085483659809,38.76 Â± 5.11 / 36.88 Â± 5.07@@38.75648219174088,-0.77 Â± 1.67 / 44.32 Â± 3.10@@-0.771605146706809,46.07 Â± 2.79 / 25.45 Â± 3.07@@46.0711016713773,15.6.1@@150601,15.6.1@@150601,15.6.1@@150601,15.6.1@@150601
<a href='https://huggingface.co/LumiOpen/Viking-13B'>LumiOpen/Viking-13B (few-shot)</a>,ğŸ§ ,2.96@@2.96,14030361600.0,131072.0,4096.0,âœ“,âœ—,28.31 Â± 1.76 / 39.78 Â± 0.79@@28.308042267323124,44.28 Â± 3.36 / 41.23 Â± 2.84@@44.27697761245564,0.57 Â± 1.25 / 39.80 Â± 3.70@@0.5732591052231986,47.69 Â± 2.62 / 28.80 Â± 2.39@@47.68541581786737,15.4.1@@150401,15.6.1.dev0@@150601,15.4.1@@150401,15.4.1@@150401
<a href='https://huggingface.co/Geotrend/distilbert-base-25lang-cased'>Geotrend/distilbert-base-25lang-cased</a>,ğŸ”,3.00@@3.00,108867577.0,84985.0,512.0,âœ“,âœ—,20.91 Â± 7.91 / 43.21 Â± 7.98@@20.913224300742996,79.43 Â± 0.73 / 80.58 Â± 0.49@@79.43397085957648,2.27 Â± 3.05 / 43.67 Â± 5.57@@2.2685971407291436,14.32 Â± 0.39 / 5.00 Â± 0.39@@14.323847910214628,15.6.1.dev0@@150601,15.6.1.dev0@@150601,15.6.1.dev0@@150601,15.6.1.dev0@@150601
<a href='https://huggingface.co/microsoft/xlm-align-base'>microsoft/xlm-align-base</a>,ğŸ”,3.02@@3.02,278045955.0,250002.0,514.0,âœ“,âœ—,7.22 Â± 9.60 / 31.16 Â± 8.08@@7.219210191582465,81.41 Â± 0.80 / 82.34 Â± 0.55@@81.4101920553749,3.01 Â± 2.94 / 48.19 Â± 2.27@@3.007287994711924,19.93 Â± 3.26 / 6.91 Â± 1.86@@19.933739579330926,15.6.1.dev0@@150601,15.6.1.dev0@@150601,15.6.1.dev0@@150601,15.6.1.dev0@@150601
<a href='https://huggingface.co/sentence-transformers/paraphrase-multilingual-MiniLM-L12-v2'>sentence-transformers/paraphrase-multilingual-MiniLM-L12-v2</a>,ğŸ”,3.02@@3.02,117654272.0,250037.0,512.0,âœ“,âœ—,33.83 Â± 4.62 / 54.75 Â± 3.25@@33.8281214069679,64.48 Â± 1.55 / 67.27 Â± 1.55@@64.48140502964932,0.29 Â± 1.14 / 49.18 Â± 0.60@@0.29390056947239074,12.70 Â± 0.30 / 1.88 Â± 0.23@@12.698120533140965,15.6.1.dev0@@150601,15.6.1.dev0@@150601,15.6.1.dev0@@150601,15.6.1.dev0@@150601
<a href='https://huggingface.co/utter-project/EuroLLM-1.7B'>utter-project/EuroLLM-1.7B (few-shot)</a>,ğŸ§ ,3.06@@3.06,,128000.0,4096.0,âœ“,âœ—,25.26 Â± 2.26 / 42.62 Â± 3.30@@25.264893800983103,36.71 Â± 1.85 / 37.96 Â± 2.18@@36.70687414371459,1.14 Â± 0.89 / 42.97 Â± 4.70@@1.1369693486412837,51.26 Â± 1.92 / 30.64 Â± 1.94@@51.25952962173428,15.6.1@@150601,15.6.1@@150601,15.6.1@@150601,15.6.1@@150601
<a href='https://huggingface.co/openGPT-X/Teuken-7B-instruct-commercial-v0.4'>openGPT-X/Teuken-7B-instruct-commercial-v0.4 (few-shot)</a>,ğŸ“,3.07@@3.07,7452725248.0,250680.0,4096.0,âœ“,âœ—,20.54 Â± 2.40 / 33.57 Â± 2.52@@20.53511631951767,39.49 Â± 1.61 / 31.79 Â± 1.86@@39.49234494904744,0.00 Â± 0.00 / 33.36 Â± 0.27@@0.0,54.25 Â± 1.20 / 32.29 Â± 1.77@@54.25269462174803,15.6.1@@150601,15.6.1@@150601,15.6.1@@150601,15.6.1@@150601
<a href='https://huggingface.co/meta-llama/Llama-3.2-1B'>meta-llama/Llama-3.2-1B (few-shot)</a>,ğŸ§ ,3.11@@3.11,1235814400.0,128256.0,131072.0,âœ“,âœ—,29.87 Â± 3.29 / 45.04 Â± 5.11@@29.873183357422832,30.76 Â± 5.63 / 29.90 Â± 5.02@@30.761699172833858,0.88 Â± 0.85 / 36.25 Â± 3.71@@0.8756156573883928,47.08 Â± 4.66 / 26.49 Â± 4.71@@47.08230578259311,15.6.1.dev0@@150601,15.6.1.dev0@@150601,15.6.1.dev0@@150601,15.6.1.dev0@@150601
<a href='https://huggingface.co/HuggingFaceTB/SmolLM2-1.7B-Instruct'>HuggingFaceTB/SmolLM2-1.7B-Instruct (few-shot)</a>,ğŸ“,3.12@@3.12,1711376384.0,49152.0,8192.0,âœ“,âœ—,21.49 Â± 2.04 / 34.92 Â± 3.23@@21.489334984225472,32.98 Â± 6.56 / 31.62 Â± 3.42@@32.9801202177498,2.54 Â± 0.72 / 38.36 Â± 2.29@@2.5420362438942607,50.44 Â± 1.41 / 25.98 Â± 2.54@@50.43644042865107,15.6.1@@150601,15.6.1@@150601,15.6.1@@150601,15.6.1@@150601
<a href='https://huggingface.co/answerdotai/ModernBERT-large'>answerdotai/ModernBERT-large</a>,ğŸ”,3.15@@3.15,395881664.0,50368.0,8192.0,âœ“,âœ—,10.60 Â± 2.27 / 34.57 Â± 3.70@@10.595033616011415,61.82 Â± 1.35 / 65.38 Â± 1.17@@61.82379471580288,7.83 Â± 3.28 / 52.60 Â± 2.49@@7.830119788769961,20.64 Â± 1.74 / 7.28 Â± 1.01@@20.644908845401506,15.5.0.dev0@@150500,15.6.1.dev0@@150601,15.5.0.dev0@@150500,15.5.0.dev0@@150500
<a href='https://huggingface.co/HuggingFaceTB/SmolLM2-1.7B'>HuggingFaceTB/SmolLM2-1.7B (few-shot)</a>,ğŸ§ ,3.15@@3.15,1711376384.0,49152.0,8192.0,âœ“,âœ—,25.68 Â± 1.93 / 40.10 Â± 2.54@@25.67582579175301,29.49 Â± 5.46 / 29.22 Â± 4.60@@29.485236054289665,1.83 Â± 1.55 / 46.23 Â± 3.83@@1.829943924435878,46.34 Â± 3.04 / 27.94 Â± 2.93@@46.337376011676945,15.6.1@@150601,15.6.1@@150601,15.6.1@@150601,15.6.1@@150601
<a href='https://huggingface.co/sentence-transformers/distiluse-base-multilingual-cased-v1'>sentence-transformers/distiluse-base-multilingual-cased-v1</a>,ğŸ”,3.25@@3.25,134734080.0,119547.0,512.0,âœ“,âœ—,28.45 Â± 5.31 / 50.94 Â± 5.25@@28.447651122749733,52.67 Â± 2.42 / 55.92 Â± 2.35@@52.6744907192042,0.30 Â± 1.83 / 43.40 Â± 2.44@@0.29825926805757164,10.33 Â± 0.66 / 1.12 Â± 0.26@@10.325244116623228,15.6.1.dev0@@150601,15.6.1.dev0@@150601,15.6.1.dev0@@150601,15.6.1.dev0@@150601
<a href='https://huggingface.co/EuropeanParliament/EUBERT'>EuropeanParliament/EUBERT</a>,ğŸ”,3.29@@3.29,93990500.0,65636.0,512.0,âœ“,âœ—,17.69 Â± 4.90 / 42.64 Â± 5.35@@17.68934330450303,59.23 Â± 1.19 / 57.77 Â± 0.97@@59.22737364127566,2.29 Â± 2.30 / 48.54 Â± 2.47@@2.29121079313051,14.00 Â± 0.60 / 4.35 Â± 0.42@@13.997213394213622,15.6.1.dev0@@150601,15.6.1.dev0@@150601,15.6.1.dev0@@150601,15.6.1.dev0@@150601
<a href='https://huggingface.co/answerdotai/ModernBERT-base'>answerdotai/ModernBERT-base</a>,ğŸ”,3.38@@3.38,149655232.0,50368.0,8192.0,âœ“,âœ—,14.40 Â± 2.51 / 39.84 Â± 1.76@@14.395881630330656,60.66 Â± 1.36 / 64.65 Â± 1.13@@60.66388151704074,0.62 Â± 1.51 / 48.33 Â± 0.80@@0.6177928072106218,13.56 Â± 1.39 / 3.58 Â± 0.96@@13.555051864972082,15.5.0.dev0@@150500,15.6.1.dev0@@150601,15.5.0.dev0@@150500,15.5.0.dev0@@150500
<a href='https://huggingface.co/google/gemma-7b-it'>google/gemma-7b-it (few-shot)</a>,ğŸ“,3.39@@3.39,8537680896.0,256000.0,8192.0,âœ—,âœ—,24.61 Â± 4.61 / 37.35 Â± 6.49@@24.60779657112942,39.38 Â± 2.84 / 38.20 Â± 2.49@@39.3809894947477,2.10 Â± 1.97 / 38.15 Â± 4.22@@2.1008392239793197,17.57 Â± 1.70 / 1.30 Â± 0.45@@17.566649067874803,15.6.1@@150601,15.6.1@@150601,15.6.1@@150601,15.6.1@@150601
<a href='https://huggingface.co/utter-project/EuroLLM-1.7B-Instruct'>utter-project/EuroLLM-1.7B-Instruct (few-shot)</a>,ğŸ“,3.48@@3.48,1656850432.0,128000.0,4096.0,âœ“,âœ—,0.00 Â± 0.00 / 15.63 Â± 0.30@@0.0,35.24 Â± 3.28 / 35.51 Â± 2.74@@35.241778690141054,0.08 Â± 1.45 / 38.20 Â± 3.28@@0.08345051711738487,51.11 Â± 1.81 / 28.58 Â± 2.77@@51.10941001109031,15.6.1@@150601,15.6.1@@150601,15.6.1@@150601,15.6.1@@150601
<a href='https://huggingface.co/dbmdz/bert-base-historic-multilingual-cased'>dbmdz/bert-base-historic-multilingual-cased</a>,ğŸ”,3.49@@3.49,111243522.0,32000.0,512.0,âœ“,âœ—,1.22 Â± 4.08 / 26.71 Â± 3.96@@1.2206679820864672,70.98 Â± 0.92 / 73.62 Â± 1.05@@70.97557149151491,-0.58 Â± 1.78 / 43.40 Â± 4.19@@-0.580214072400169,9.71 Â± 4.93 / 3.85 Â± 2.03@@9.714784011617233,15.6.1.dev0@@150601,15.6.1.dev0@@150601,15.6.1.dev0@@150601,15.6.1.dev0@@150601
<a href='https://huggingface.co/Qwen/Qwen2.5-Math-1.5B'>Qwen/Qwen2.5-Math-1.5B (few-shot)</a>,ğŸ“,3.61@@3.61,1543714304.0,151936.0,4096.0,âœ“,âœ—,18.35 Â± 2.76 / 33.53 Â± 3.16@@18.354398390263192,36.50 Â± 3.11 / 34.83 Â± 3.16@@36.503553677901806,0.48 Â± 0.63 / 33.64 Â± 0.61@@0.4813140174716129,14.29 Â± 1.01 / 0.01 Â± 0.02@@14.28979298781949,15.6.1@@150601,15.6.1.dev0@@150601,15.6.1.dev0@@150601,15.6.1.dev0@@150601
<a href='https://huggingface.co/PleIAs/Pleias-350m-Preview'>PleIAs/Pleias-350m-Preview (few-shot)</a>,ğŸ§ ,3.69@@3.69,353424384.0,65536.0,2048.0,âœ“,âœ—,2.94 Â± 3.60 / 25.39 Â± 3.53@@2.9383574975699314,40.23 Â± 3.10 / 39.46 Â± 2.99@@40.22803754070098,0.28 Â± 1.90 / 37.40 Â± 3.73@@0.2764247356216916,24.61 Â± 1.59 / 10.24 Â± 1.58@@24.606796460912594,15.6.1@@150601,15.6.1@@150601,15.6.1@@150601,15.6.1@@150601
<a href='https://huggingface.co/PleIAs/Pleias-Pico'>PleIAs/Pleias-Pico (few-shot)</a>,ğŸ§ ,3.80@@3.80,353424384.0,65536.0,2048.0,âœ“,âœ—,3.87 Â± 2.96 / 24.63 Â± 3.34@@3.8744771397353848,32.21 Â± 4.95 / 32.70 Â± 4.23@@32.21054882529557,0.10 Â± 1.98 / 37.86 Â± 3.49@@0.09540664906127094,21.46 Â± 1.55 / 5.87 Â± 2.01@@21.462640064774092,15.6.1@@150601,15.6.1@@150601,15.6.1@@150601,15.6.1@@150601
<a href='https://huggingface.co/HuggingFaceTB/SmolLM2-135M'>HuggingFaceTB/SmolLM2-135M (few-shot)</a>,ğŸ§ ,3.89@@3.89,134515008.0,49152.0,8192.0,âœ“,âœ—,4.50 Â± 1.30 / 24.80 Â± 2.94@@4.500190480866184,32.27 Â± 2.81 / 31.23 Â± 2.83@@32.27420353291024,-0.83 Â± 0.71 / 33.65 Â± 0.46@@-0.8311361507718459,14.70 Â± 1.77 / 6.96 Â± 1.54@@14.70179829525839,15.4.1@@150401,15.6.1.dev0@@150601,15.4.1@@150401,15.4.1@@150401
<a href='https://huggingface.co/AI-Sweden-Models/gpt-sw3-356m'>AI-Sweden-Models/gpt-sw3-356m (few-shot)</a>,ğŸ§ ,3.93@@3.93,470607872.0,64000.0,2048.0,âœ“,âœ—,6.01 Â± 2.62 / 24.43 Â± 2.96@@6.010234816300343,30.94 Â± 4.32 / 30.32 Â± 3.68@@30.93876394068678,0.00 Â± 0.00 / 33.36 Â± 0.27@@0.0,9.00 Â± 1.42 / 4.30 Â± 1.29@@9.004601449373979,15.4.1@@150401,15.6.1.dev0@@150601,15.4.1@@150401,15.4.1@@150401
fresh-xlm-roberta-base,ğŸ”,4.01@@4.01,278885778.0,250002.0,512.0,âœ“,âœ—,6.91 Â± 4.81 / 29.37 Â± 7.17@@6.911334838274072,25.06 Â± 1.90 / 24.55 Â± 1.96@@25.057943057929556,-0.46 Â± 1.47 / 36.10 Â± 3.20@@-0.4581012101548611,3.92 Â± 2.22 / 0.22 Â± 0.13@@3.9229552019406264,15.6.1.dev0@@150601,15.6.1.dev0@@150601,15.6.1.dev0@@150601,15.6.1.dev0@@150601
<a href='https://huggingface.co/HuggingFaceTB/SmolLM2-135M-Instruct'>HuggingFaceTB/SmolLM2-135M-Instruct (few-shot)</a>,ğŸ“,4.11@@4.11,134515008.0,49152.0,8192.0,âœ“,âœ—,0.44 Â± 1.12 / 19.90 Â± 1.56@@0.43661945307324573,21.31 Â± 4.02 / 21.69 Â± 3.77@@21.311317917779572,0.22 Â± 0.43 / 34.51 Â± 2.35@@0.21820693906359567,13.02 Â± 1.60 / 3.28 Â± 1.40@@13.015833153966886,15.4.1@@150401,15.6.1.dev0@@150601,15.4.1@@150401,15.4.1@@150401
<a href='https://huggingface.co/AI-Sweden-Models/gpt-sw3-356m-instruct'>AI-Sweden-Models/gpt-sw3-356m-instruct (few-shot)</a>,ğŸ“,4.13@@4.13,470607872.0,64000.0,2048.0,âœ“,âœ—,2.48 Â± 2.61 / 24.24 Â± 2.70@@2.4791775695592215,15.84 Â± 6.55 / 15.82 Â± 6.74@@15.84190296435351,-0.84 Â± 0.85 / 33.35 Â± 0.27@@-0.8421911867887188,9.49 Â± 0.80 / 0.00 Â± 0.00@@9.487117996503633,15.4.1@@150401,15.6.1.dev0@@150601,15.4.2@@150402,15.4.2@@150402
fresh-electra-small,ğŸ”,4.26@@4.26,13738755.0,32000.0,128.0,âœ“,âœ—,0.00 Â± 0.00 / 19.15 Â± 0.28@@0.0,21.57 Â± 0.99 / 20.45 Â± 0.95@@21.566102639877172,0.19 Â± 0.37 / 33.42 Â± 0.27@@0.1899837703138306,0.00 Â± 0.00 / 0.00 Â± 0.00@@0.0,15.6.1.dev0@@150601,15.6.1.dev0@@150601,15.6.1.dev0@@150601,15.6.1.dev0@@150601
<a href='https://huggingface.co/AI-Sweden-Models/gpt-sw3-126m-instruct'>AI-Sweden-Models/gpt-sw3-126m-instruct (few-shot)</a>,ğŸ“,4.29@@4.29,186112512.0,64000.0,2048.0,âœ“,âœ—,0.35 Â± 2.27 / 22.00 Â± 3.17@@0.3507661710506149,13.68 Â± 5.02 / 13.92 Â± 5.12@@13.684056830018879,-0.05 Â± 0.46 / 33.54 Â± 0.44@@-0.04668932329657281,6.30 Â± 0.71 / 0.00 Â± 0.00@@6.304846451256942,15.4.1@@150401,15.6.1.dev0@@150601,15.4.1@@150401,15.4.1@@150401
<a href='https://huggingface.co/openai-community/gpt2-medium'>openai-community/gpt2-medium (few-shot)</a>,ğŸ§ ,4.32@@4.32,379988992.0,50257.0,1024.0,âœ“,âœ—,1.86 Â± 3.13 / 17.32 Â± 2.33@@1.8612421423232721,2.88 Â± 3.93 / 2.75 Â± 3.74@@2.884709619194675,0.73 Â± 1.59 / 37.25 Â± 3.67@@0.7296759978770532,4.79 Â± 0.99 / 1.63 Â± 0.82@@4.786223116036354,15.4.1@@150401,15.6.1.dev0@@150601,15.4.1@@150401,15.4.1@@150401
<a href='https://huggingface.co/AI-Sweden-Models/gpt-sw3-126m'>AI-Sweden-Models/gpt-sw3-126m (few-shot)</a>,ğŸ§ ,4.34@@4.34,186112512.0,64000.0,2048.0,âœ“,âœ—,3.07 Â± 1.57 / 22.86 Â± 3.67@@3.0682305689268485,7.67 Â± 3.94 / 8.47 Â± 3.46@@7.670276092129144,0.41 Â± 2.05 / 41.63 Â± 4.30@@0.4109727894700019,2.97 Â± 1.18 / 1.04 Â± 0.69@@2.970382447257644,15.4.1@@150401,15.6.1.dev0@@150601,15.4.1@@150401,15.4.1@@150401
<a href='https://huggingface.co/dbmdz/bert-tiny-historic-multilingual-cased'>dbmdz/bert-tiny-historic-multilingual-cased</a>,ğŸ”,4.35@@4.35,4624642.0,32000.0,512.0,âœ“,âœ—,2.01 Â± 2.28 / 22.44 Â± 3.03@@2.0070256285817276,0.00 Â± 0.00 / 0.00 Â± 0.00@@0.0,0.44 Â± 1.57 / 38.42 Â± 3.84@@0.44022854941476913,8.40 Â± 1.49 / 0.38 Â± 0.13@@8.40034583507561,15.6.1.dev0@@150601,15.6.1.dev0@@150601,15.6.1.dev0@@150601,15.6.1.dev0@@150601
<a href='https://huggingface.co/openai-community/gpt2-large'>openai-community/gpt2-large (few-shot)</a>,ğŸ§ ,4.39@@4.39,811778816.0,50257.0,1024.0,âœ“,âœ—,1.36 Â± 3.49 / 20.76 Â± 3.11@@1.3559506039403268,2.04 Â± 2.80 / 2.69 Â± 3.62@@2.0369675011401327,-0.08 Â± 0.85 / 34.32 Â± 1.75@@-0.08178613198577697,5.20 Â± 1.13 / 1.57 Â± 0.95@@5.199694311676343,15.4.1@@150401,15.6.1.dev0@@150601,15.4.1@@150401,15.4.1@@150401
<a href='https://huggingface.co/openai-community/gpt2'>openai-community/gpt2 (few-shot)</a>,ğŸ§ ,4.47@@4.47,137022720.0,50257.0,1024.0,âœ“,âœ—,0.04 Â± 1.32 / 15.63 Â± 0.94@@0.03591479855112982,1.33 Â± 1.84 / 1.79 Â± 2.51@@1.3300366905023353,0.01 Â± 0.68 / 39.06 Â± 3.73@@0.006531608552268519,2.24 Â± 0.88 / 0.62 Â± 0.40@@2.243258686925315,15.4.1@@150401,15.6.1.dev0@@150601,15.4.1@@150401,15.4.1@@150401
<a href='https://huggingface.co/timpal0l/Mistral-7B-v0.1-flashback-v2'>timpal0l/Mistral-7B-v0.1-flashback-v2 (few-shot)</a>,ğŸ“,-@@100,7241732096.0,32000.0,32768.0,âœ“,âœ—,9.77 Â± 5.36 / 26.28 Â± 4.45@@9.767996995406678,-@@-1,-@@-1,-@@-1,15.6.1.dev0@@150601,-@@0,-@@0,-@@0
<a href='https://huggingface.co/NovaSky-AI/Sky-T1-32B-Preview'>NovaSky-AI/Sky-T1-32B-Preview (few-shot)</a>,ğŸ“,-@@100,32763876352.0,152064.0,32768.0,âœ“,âœ—,50.63 Â± 1.31 / 64.73 Â± 1.22@@50.628040129836236,-@@-1,-@@-1,-@@-1,15.4.2.dev0@@150402,-@@0,-@@0,-@@0
<a href='https://huggingface.co/CohereForAI/aya-23-35B'>CohereForAI/aya-23-35B (few-shot)</a>,ğŸ“,-@@100,34980831232.0,256000.0,8192.0,âœ—,âœ—,42.07 Â± 2.51 / 58.93 Â± 2.52@@42.07462003917638,-@@-1,26.73 Â± 2.58 / 62.12 Â± 2.15@@26.72764426287366,67.91 Â± 1.42 / 40.97 Â± 2.90@@67.90669456282838,15.5.0@@150500,-@@0,15.5.0@@150500,15.5.0@@150500
<a href='https://huggingface.co/microsoft/phi-2'>microsoft/phi-2 (few-shot)</a>,ğŸ§ ,-@@100,2779683840.0,51200.0,2048.0,âœ“,âœ—,27.95 Â± 2.47 / 48.13 Â± 2.93@@27.945530767698322,-@@-1,-0.22 Â± 1.70 / 40.73 Â± 3.12@@-0.21536966141527497,-@@-1,15.6.1.dev0@@150601,-@@0,15.6.1.dev0@@150601,-@@0
<a href='https://huggingface.co/sentence-transformers/distiluse-base-multilingual-cased-v2'>sentence-transformers/distiluse-base-multilingual-cased-v2</a>,ğŸ”,-@@100,134734080.0,119547.0,512.0,âœ“,âœ—,20.81 Â± 7.06 / 40.25 Â± 8.28@@20.81411762659792,57.72 Â± 1.82 / 61.53 Â± 1.80@@57.72155839104796,1.22 Â± 0.98 / 47.47 Â± 1.79@@1.2224073650879625,-@@-1,15.6.1.dev0@@150601,15.6.1.dev0@@150601,15.6.1.dev0@@150601,-@@0
<a href='https://huggingface.co/google/gemma-2-2b'>google/gemma-2-2b (few-shot)</a>,ğŸ§ ,-@@100,2614341888.0,256000.0,8192.0,âœ“,âœ—,23.22 Â± 2.59 / 37.09 Â± 2.61@@23.22268124889575,-@@-1,4.83 Â± 1.54 / 50.07 Â± 1.60@@4.831897915774304,58.38 Â± 4.09 / 35.21 Â± 4.54@@58.381951166807276,15.4.1.dev0@@150401,-@@0,15.4.1.dev0@@150401,15.4.1.dev0@@150401
<a href='https://huggingface.co/ibm-granite/granite-20b-code-instruct'>ibm-granite/granite-20b-code-instruct (few-shot)</a>,ğŸ“,-@@100,20066993152.0,49152.0,8192.0,âœ“,âœ—,14.34 Â± 2.06 / 27.39 Â± 2.13@@14.337181440004857,-@@-1,-@@-1,-@@-1,15.4.2.dev0@@150402,-@@0,-@@0,-@@0
<a href='https://huggingface.co/ibm-granite/granite-34b-code-instruct'>ibm-granite/granite-34b-code-instruct (few-shot)</a>,ğŸ“,-@@100,33715603456.0,49152.0,8192.0,âœ“,âœ—,35.47 Â± 2.04 / 51.69 Â± 2.21@@35.46904248071815,-@@-1,-@@-1,-@@-1,15.4.2.dev0@@150402,-@@0,-@@0,-@@0
<a href='https://huggingface.co/intfloat/multilingual-e5-large-instruct'>intfloat/multilingual-e5-large-instruct</a>,ğŸ”,-@@100,559890432.0,250002.0,512.0,âœ“,âœ—,-@@-1,0.00 Â± 0.00 / 0.00 Â± 0.00@@0.0,-@@-1,-@@-1,-@@0,15.6.1.dev0@@150601,-@@0,-@@0
<a href='https://huggingface.co/meta-llama/Llama-3.1-70B-Instruct'>meta-llama/Llama-3.1-70B-Instruct (few-shot)</a>,ğŸ“,-@@100,70553706496.0,128256.0,131072.0,âœ“,âœ—,53.79 Â± 1.71 / 68.07 Â± 1.33@@53.79452653505474,-@@-1,28.31 Â± 1.59 / 60.68 Â± 1.01@@28.31372309751365,-@@-1,15.6.1.dev0@@150601,-@@0,15.6.1.dev0@@150601,-@@0
<a href='https://huggingface.co/norallm/normistral-11b-warm'>norallm/normistral-11b-warm (few-shot)</a>,ğŸ§ ,-@@100,11429893120.0,51200.0,1024000.0,âœ“,âœ—,31.70 Â± 2.49 / 46.74 Â± 2.53@@31.702178201422242,-@@-1,0.38 Â± 0.75 / 33.40 Â± 0.27@@0.3815201671872209,62.62 Â± 1.10 / 38.89 Â± 1.70@@62.622926769803904,15.4.1@@150401,-@@0,15.4.1@@150401,15.4.1@@150401
<a href='https://huggingface.co/meta-llama/Llama-3.2-1B-Instruct'>meta-llama/Llama-3.2-1B-Instruct (few-shot)</a>,ğŸ“,-@@100,1235814400.0,128256.0,131072.0,âœ“,âœ—,26.82 Â± 2.82 / 38.37 Â± 3.37@@26.816837387698655,-@@-1,0.67 Â± 0.94 / 33.44 Â± 0.31@@0.6722386395294958,-@@-1,15.6.1.dev0@@150601,-@@0,15.6.1.dev0@@150601,-@@0
<a href='https://huggingface.co/microsoft/phi-4'>microsoft/phi-4 (few-shot)</a>,ğŸ“,-@@100,14659507200.0,100352.0,16384.0,âœ“,âœ—,49.55 Â± 1.69 / 65.85 Â± 1.17@@49.5499289460361,-@@-1,38.73 Â± 2.98 / 67.80 Â± 2.36@@38.732315539273785,-@@-1,15.5.0@@150500,-@@0,15.5.0@@150500,-@@0
<a href='https://huggingface.co/sentence-transformers/distiluse-base-multilingual-cased'>sentence-transformers/distiluse-base-multilingual-cased</a>,ğŸ”,-@@100,134734080.0,119547.0,512.0,âœ“,âœ—,20.81 Â± 7.06 / 40.25 Â± 8.28@@20.81411762659792,57.75 Â± 1.83 / 61.54 Â± 1.78@@57.75132003667982,1.23 Â± 0.98 / 47.47 Â± 1.75@@1.2258671251700426,-@@-1,15.6.1.dev0@@150601,15.6.1.dev0@@150601,15.6.1.dev0@@150601,-@@0
