model,rank,parameters,vocabulary_size,context,speed,commercial,merge,swerec,suc3,scala_sv,scandiqa_sv,swerec_version,suc3_version,scala_sv_version,scandiqa_sv_version
"gpt-4-0613 (few-shot, val)",1.16,,100256.0,8192,597.21,✓,✗,79.19 ± 1.87 / 80.56 ± 1.82@@79.19133225040193,76.86 ± 1.89 / 54.97 ± 4.44@@76.86485242492223,80.93 ± 1.67 / 89.90 ± 0.93@@80.92650096408921,65.15 ± 1.11 / 53.81 ± 1.28@@65.14797502455619,<9.2.0@@0,<9.2.0@@0,<9.2.0@@0,12.9.0@@120900
meta-llama/Meta-Llama-3-70B (few-shot),1.24,70553706496.0,128256.0,8192,1298.94,✓,✗,81.52 ± 0.71 / 79.89 ± 1.55@@81.52007884604083,75.15 ± 2.00 / 59.47 ± 4.87@@75.14683816033596,64.20 ± 1.38 / 81.88 ± 0.69@@64.20256814238014,68.74 ± 1.30 / 62.31 ± 2.66@@68.74063602307541,14.3.0@@140300,14.3.0@@140300,14.3.0@@140300,14.3.0@@140300
meta-llama/Llama-3.1-405B-Instruct-FP8 (few-shot),1.25,405868625920.0,128256.0,131072,798.95,✓,✗,80.70 ± 0.46 / 79.67 ± 0.67@@80.69588988165437,76.27 ± 1.55 / 73.77 ± 1.72@@76.26688277527919,68.85 ± 1.48 / 83.10 ± 0.95@@68.8534836572833,66.31 ± 1.05 / 56.41 ± 2.22@@66.30596002545573,14.0.4@@140004,14.0.4@@140004,14.0.4@@140004,14.0.4@@140004
"gpt-4o-2024-05-13 (few-shot, val)",1.26,,200019.0,128000,916.47,✓,✗,77.16 ± 2.65 / 79.22 ± 2.36@@77.15716651688709,76.66 ± 2.11 / 60.34 ± 4.71@@76.65628919038222,68.99 ± 4.33 / 83.37 ± 2.61@@68.98664221678186,67.71 ± 0.96 / 57.96 ± 1.35@@67.70637587047779,12.10.2@@121002,12.10.0@@121000,12.10.2@@121002,12.10.0@@121000
"gpt-4-1106-preview (few-shot, val)",1.26,,100256.0,128000,575.52,✓,✗,77.59 ± 1.38 / 78.78 ± 1.69@@77.59451964195583,74.45 ± 3.09 / 49.97 ± 4.23@@74.44684938971369,71.35 ± 3.10 / 83.98 ± 2.23@@71.34765117363143,66.76 ± 1.10 / 56.56 ± 1.39@@66.76310846777446,12.10.2@@121002,12.10.0@@121000,12.10.2@@121002,12.10.0@@121000
AI-Sweden-Models/roberta-large-1160k,1.28,355362819.0,50265.0,512,14014.08,✓,✗,77.25 ± 1.20 / 73.96 ± 2.59@@77.25436057450797,82.65 ± 1.04 / 80.43 ± 0.93@@82.65119664613684,77.90 ± 1.45 / 88.63 ± 0.76@@77.90074490028118,55.64 ± 1.07 / 49.64 ± 1.11@@55.641794988546145,10.0.1@@100001,10.0.1@@100001,10.0.1@@100001,10.0.1@@100001
AI-Sweden-Models/roberta-large-1350k,1.3,355362819.0,50265.0,512,5743.56,✓,✗,77.37 ± 1.25 / 73.57 ± 3.43@@77.36550537616425,82.97 ± 0.98 / 81.14 ± 1.14@@82.96853863249845,73.81 ± 4.60 / 86.33 ± 2.48@@73.81010973259,55.34 ± 1.33 / 49.50 ± 1.32@@55.339683662045765,10.0.1@@100001,10.0.1@@100001,10.0.1@@100001,10.0.1@@100001
meta-llama/Llama-3.1-70B-Instruct (few-shot),1.32,70553706496.0,128256.0,131072,1408.67,✓,✗,81.69 ± 0.62 / 81.33 ± 0.85@@81.68601698785386,72.16 ± 1.93 / 50.59 ± 2.82@@72.16440437487452,63.97 ± 1.73 / 81.83 ± 0.85@@63.96774957808214,66.35 ± 0.76 / 57.99 ± 1.26@@66.34580773585478,14.0.3@@140003,14.0.3@@140003,14.0.3@@140003,14.0.3@@140003
KBLab/megatron-bert-large-swedish-cased-165k,1.37,369557507.0,64128.0,512,7137.91,✓,✗,78.00 ± 0.89 / 75.01 ± 2.18@@78.00142298767021,81.05 ± 1.34 / 76.08 ± 1.45@@81.04725484333247,76.79 ± 1.70 / 87.59 ± 1.06@@76.78708063424506,51.70 ± 0.89 / 45.71 ± 1.09@@51.70409471316333,<9.2.0@@0,<9.2.0@@0,<9.2.0@@0,<9.2.0@@0
meta-llama/Llama-3.3-70B-Instruct (few-shot),1.37,70553706496.0,128256.0,131072,1353.36,✓,✗,81.15 ± 0.64 / 80.25 ± 0.97@@81.14877715130234,71.98 ± 2.05 / 51.44 ± 3.30@@71.9772104255384,64.46 ± 1.14 / 81.56 ± 0.73@@64.46015051141342,64.14 ± 1.00 / 51.22 ± 1.77@@64.14300091599014,14.0.3@@140003,14.0.3@@140003,14.0.3@@140003,14.0.3@@140003
"claude-3-5-sonnet-20241022 (zero-shot, val)",1.37,,,200000,168.2,✓,✗,77.70 ± 2.39 / 77.22 ± 2.00@@77.70031549261454,70.22 ± 2.34 / 58.75 ± 1.43@@70.21587675818077,74.34 ± 2.79 / 87.04 ± 1.39@@74.33691610591404,60.05 ± 0.93 / 49.32 ± 1.33@@60.05228919384334,14.0.3@@140003,14.0.3@@140003,14.0.3@@140003,14.0.3@@140003
KBLab/megatron-bert-large-swedish-cased-110k,1.38,369557507.0,64128.0,512,7074.64,✓,✗,78.45 ± 0.79 / 77.12 ± 0.86@@78.44553544044881,80.39 ± 1.34 / 74.83 ± 1.44@@80.38972242699876,76.28 ± 1.86 / 87.37 ± 1.15@@76.27820213216492,50.85 ± 0.56 / 44.56 ± 0.52@@50.852534181692924,<9.2.0@@0,<9.2.0@@0,<9.2.0@@0,<9.2.0@@0
"gpt-4o-2024-05-13 (zero-shot, val)",1.4,,200019.0,8191,882.4,✓,✗,74.85 ± 2.89 / 74.58 ± 2.54@@74.85129158055011,75.06 ± 2.26 / 44.92 ± 1.50@@75.06377528453866,65.23 ± 2.16 / 80.52 ± 1.22@@65.22993669891697,63.85 ± 1.17 / 53.02 ± 1.40@@63.852505460146084,14.0.3@@140003,14.0.3@@140003,14.0.3@@140003,14.0.3@@140003
intfloat/multilingual-e5-large,1.44,559893507.0,250002.0,512,6118.45,✓,✗,79.65 ± 1.05 / 78.90 ± 1.32@@79.65420573388602,80.36 ± 1.12 / 78.57 ± 1.27@@80.35953004847902,63.15 ± 1.65 / 81.06 ± 0.95@@63.15280509045855,53.49 ± 0.89 / 46.99 ± 1.18@@53.490682031504456,<9.2.0@@0,<9.2.0@@0,<9.2.0@@0,<9.2.0@@0
ltg/norbert3-large,1.45,354407427.0,50000.0,508,3730.11,✓,✗,75.32 ± 1.55 / 69.39 ± 3.64@@75.321547764715,79.01 ± 1.13 / 73.76 ± 1.48@@79.01390630049447,69.11 ± 1.50 / 84.32 ± 0.70@@69.1122015149959,54.15 ± 0.83 / 48.88 ± 0.87@@54.14667737643539,<9.2.0@@0,<9.2.0@@0,<9.2.0@@0,<9.2.0@@0
AI-Sweden-Models/bert-large-nordic-pile-1M-steps,1.45,369426435.0,64000.0,512,6570.9,✓,✗,77.43 ± 1.07 / 75.95 ± 2.00@@77.42838284450141,80.65 ± 2.12 / 78.69 ± 1.68@@80.65302135108251,76.56 ± 1.06 / 87.86 ± 0.70@@76.55813559146286,46.79 ± 1.60 / 41.54 ± 1.50@@46.791963295115735,<9.2.0@@0,<9.2.0@@0,<9.2.0@@0,<9.2.0@@0
google/rembert,1.46,575923843.0,250300.0,256,5179.84,✓,✗,75.99 ± 1.15 / 71.01 ± 4.17@@75.99442655042108,78.23 ± 1.53 / 72.58 ± 1.51@@78.23244137543425,72.17 ± 0.94 / 85.94 ± 0.54@@72.17488655780609,51.05 ± 2.40 / 46.00 ± 2.13@@51.05062351468642,<9.2.0@@0,<9.2.0@@0,<9.2.0@@0,<9.2.0@@0
Qwen/QwQ-32B-Preview (few-shot),1.46,32763876352.0,152064.0,32768,2258.16,✓,✗,78.76 ± 0.99 / 74.72 ± 2.08@@78.76029883646353,69.73 ± 1.67 / 54.58 ± 4.83@@69.7345214810637,57.57 ± 1.55 / 77.98 ± 1.00@@57.56952035358138,66.23 ± 0.53 / 56.43 ± 0.59@@66.22642061553007,14.0.4@@140004,14.0.4@@140004,14.0.4@@140004,14.0.4@@140004
microsoft/mdeberta-v3-base,1.46,278811651.0,251000.0,512,7688.88,✓,✗,75.24 ± 0.99 / 72.06 ± 2.67@@75.23742560058662,78.84 ± 2.19 / 72.86 ± 2.04@@78.84385952622497,72.30 ± 1.04 / 85.77 ± 0.65@@72.29967590911606,50.62 ± 0.85 / 44.74 ± 1.04@@50.617467915462534,<9.2.0@@0,<9.2.0@@0,<9.2.0@@0,<9.2.0@@0
"gpt-3.5-turbo-0613 (few-shot, val)",1.47,,100256.0,4095,920.94,✓,✗,72.77 ± 2.64 / 72.56 ± 2.45@@72.76622965720918,73.04 ± 2.74 / 61.64 ± 3.63@@73.03726762470237,58.06 ± 3.84 / 76.06 ± 2.51@@58.06237846244562,66.84 ± 1.38 / 58.02 ± 2.11@@66.84458576008727,<9.2.0@@0,<9.2.0@@0,<9.2.0@@0,12.9.0@@120900
KB/bert-base-swedish-cased,1.47,124693251.0,50325.0,512,16181.26,✓,✗,75.58 ± 1.17 / 73.35 ± 2.22@@75.57553644700133,81.95 ± 1.55 / 76.66 ± 1.60@@81.95228383215237,78.86 ± 0.83 / 89.07 ± 0.50@@78.85501300113823,43.79 ± 1.43 / 38.56 ± 1.53@@43.791210595694224,<9.2.0@@0,<9.2.0@@0,<9.2.0@@0,<9.2.0@@0
AI-Nordics/bert-large-swedish-cased,1.47,335218691.0,30592.0,512,7199.47,✓,✗,77.47 ± 0.80 / 75.77 ± 2.13@@77.47314822685449,78.61 ± 1.45 / 72.84 ± 1.51@@78.6075748488036,72.87 ± 2.36 / 85.57 ± 1.43@@72.86772173864964,49.29 ± 1.05 / 43.11 ± 0.99@@49.2927098591921,<9.2.0@@0,<9.2.0@@0,<9.2.0@@0,<9.2.0@@0
meta-llama/Meta-Llama-3-70B-instruct (few-shot),1.48,70553706496.0,128256.0,8192,1194.24,✓,✗,81.21 ± 0.60 / 80.20 ± 0.88@@81.21057803766037,65.78 ± 2.25 / 46.12 ± 2.59@@65.78222851682702,58.76 ± 1.27 / 78.91 ± 0.75@@58.75540023879145,64.68 ± 0.78 / 54.31 ± 1.36@@64.68374203869521,14.3.0@@140300,14.3.0@@140300,14.3.0@@140300,14.3.0@@140300
google/gemma-2-27b-it (few-shot),1.48,27227128320.0,256000.0,8193,1516.14,✓,✗,80.73 ± 0.52 / 81.25 ± 0.57@@80.73184635940395,62.59 ± 2.04 / 45.11 ± 4.50@@62.59209975351813,61.37 ± 2.06 / 79.34 ± 1.59@@61.37384882311579,66.73 ± 0.59 / 58.76 ± 1.03@@66.73480569720846,13.0.0@@130000,13.0.0@@130000,13.0.0@@130000,13.0.0@@130000
KBLab/bert-base-swedish-cased,1.49,124693251.0,50325.0,512,16164.04,✓,✗,75.73 ± 0.72 / 73.61 ± 1.47@@75.73016121349865,81.23 ± 1.58 / 75.95 ± 1.72@@81.23344110498871,78.60 ± 0.98 / 88.95 ± 0.57@@78.59814396044952,43.79 ± 1.43 / 38.56 ± 1.53@@43.791210595694224,<9.2.0@@0,<9.2.0@@0,<9.2.0@@0,<9.2.0@@0
Qwen/Qwen2.5-72B-Instruct (few-shot),1.49,72706203648.0,152064.0,32768,1218.79,✓,✗,79.89 ± 0.97 / 80.23 ± 0.85@@79.89367811810679,62.12 ± 2.14 / 39.19 ± 2.64@@62.123626022245816,61.71 ± 1.08 / 80.82 ± 0.54@@61.70943546167471,66.56 ± 0.46 / 54.99 ± 0.94@@66.55547349114569,14.0.4@@140004,14.0.4@@140004,14.0.4@@140004,14.0.4@@140004
ThatsGroes/gemma-2-27b-it-FP8-Dynamic (few-shot),1.54,28410968576.0,256000.0,4096,3632.83,✓,✗,79.51 ± 0.63 / 79.57 ± 0.65@@79.51135946027318,62.91 ± 1.46 / 47.13 ± 3.48@@62.914571485651294,60.28 ± 1.19 / 79.99 ± 0.66@@60.279420962049834,64.81 ± 0.62 / 55.44 ± 0.92@@64.81453205318785,14.0.4@@140004,14.0.4@@140004,14.0.4@@140004,14.0.4@@140004
KBLab/megatron-bert-base-swedish-cased-600k,1.55,135293955.0,64128.0,512,15725.82,✓,✗,76.09 ± 0.81 / 72.74 ± 2.11@@76.08908733849566,78.91 ± 1.24 / 72.93 ± 1.08@@78.90803959296277,70.08 ± 2.11 / 83.40 ± 1.46@@70.08397241279937,47.18 ± 0.98 / 41.14 ± 1.18@@47.18119055983532,<9.2.0@@0,<9.2.0@@0,<9.2.0@@0,<9.2.0@@0
intfloat/multilingual-e5-large-instruct,1.56,559890432.0,250002.0,514,5947.27,✓,✗,79.48 ± 0.87 / 77.47 ± 1.64@@79.47539337877166,79.50 ± 0.96 / 77.37 ± 0.89@@79.49525521994494,53.01 ± 15.20 / 75.97 ± 7.76@@53.009994286965245,53.19 ± 1.02 / 45.68 ± 1.62@@53.19384705497445,13.0.0@@130000,13.0.0@@130000,13.0.0@@130000,13.0.0@@130000
sentence-transformers/use-cmlm-multilingual,1.57,470929155.0,501153.0,512,47285.05,✓,✗,75.09 ± 1.30 / 72.93 ± 2.37@@75.08802208036387,80.05 ± 1.13 / 74.21 ± 1.26@@80.04666599947153,61.83 ± 1.28 / 79.96 ± 0.82@@61.82847534220597,51.07 ± 1.04 / 45.69 ± 1.11@@51.07353866535419,<9.2.0@@0,<9.2.0@@0,<9.2.0@@0,<9.2.0@@0
KBLab/megatron-bert-base-swedish-cased-125k,1.59,135293955.0,64128.0,512,15762.86,✓,✗,75.85 ± 0.54 / 70.58 ± 1.96@@75.85086565225258,79.29 ± 0.94 / 73.18 ± 0.95@@79.2897538585312,70.43 ± 1.03 / 83.85 ± 0.65@@70.4264297028375,44.01 ± 0.43 / 37.56 ± 0.64@@44.00893142048352,<9.2.0@@0,<9.2.0@@0,<9.2.0@@0,<9.2.0@@0
danish-foundation-models/encoder-large-v1,1.59,355090435.0,50000.0,512,6325.69,✓,✗,75.11 ± 1.19 / 74.74 ± 0.94@@75.11327229061432,74.18 ± 2.01 / 68.89 ± 2.46@@74.17802494687447,64.11 ± 3.27 / 81.63 ± 1.66@@64.10517406662002,52.40 ± 1.77 / 46.79 ± 1.61@@52.39929337752881,<9.2.0@@0,<9.2.0@@0,<9.2.0@@0,<9.2.0@@0
vesteinn/ScandiBERT-no-faroese,1.6,124448259.0,50005.0,512,14175.34,✓,✗,72.53 ± 0.98 / 67.74 ± 3.02@@72.5329977781125,79.08 ± 2.32 / 73.06 ± 2.01@@79.08032417777544,73.01 ± 1.43 / 85.98 ± 0.81@@73.00832335269286,41.99 ± 2.38 / 36.92 ± 2.25@@41.99386886545155,<9.2.0@@0,<9.2.0@@0,<9.2.0@@0,<9.2.0@@0
NbAiLab/nb-roberta-base-scandi-1e4,1.62,278045955.0,250002.0,512,13658.85,✓,✗,76.20 ± 1.16 / 74.01 ± 2.34@@76.20053817565673,79.90 ± 1.41 / 73.80 ± 1.53@@79.89822010529782,73.62 ± 1.17 / 86.19 ± 0.80@@73.62240003991707,37.12 ± 1.20 / 32.38 ± 1.23@@37.11573035540854,<9.2.0@@0,<9.2.0@@0,<9.2.0@@0,<9.2.0@@0
AI-Sweden-Models/Llama-3-8B-instruct (few-shot),1.62,8030261248.0,128256.0,8192,1472.36,✗,✗,80.10 ± 0.54 / 80.57 ± 0.45@@80.10066779758446,84.77 ± 1.36 / 72.07 ± 2.30@@84.77494986202507,29.17 ± 3.15 / 49.46 ± 2.79@@29.17267885888654,63.19 ± 0.58 / 54.68 ± 0.66@@63.18898179993253,14.0.4@@140004,14.0.4@@140004,14.0.4@@140004,14.0.4@@140004
FacebookAI/xlm-roberta-large,1.62,559893507.0,250002.0,512,8459.71,✓,✗,76.63 ± 0.98 / 74.25 ± 3.20@@76.63488961596417,80.33 ± 2.50 / 75.03 ± 3.79@@80.32949668399449,49.72 ± 19.88 / 69.94 ± 13.64@@49.71900155161902,52.21 ± 1.45 / 46.64 ± 1.42@@52.21184820574494,<9.2.0@@0,<9.2.0@@0,<9.2.0@@0,<9.2.0@@0
nvidia/Llama-3.1-Nemotron-70B-Instruct-HF (few-shot),1.63,70553706496.0,128256.0,131072,1207.76,✓,✗,81.81 ± 0.86 / 82.33 ± 0.74@@81.80845001535033,58.65 ± 2.12 / 28.39 ± 1.64@@58.64544684516866,63.69 ± 1.28 / 81.49 ± 0.64@@63.69372829141343,56.06 ± 0.57 / 42.29 ± 1.15@@56.0598782090741,14.0.4@@140004,14.0.4@@140004,14.0.4@@140004,14.0.4@@140004
NbAiLab/nb-roberta-base-scandi,1.63,278045955.0,250002.0,512,13723.77,✓,✗,76.21 ± 1.60 / 73.41 ± 2.08@@76.21332421884895,80.02 ± 1.62 / 74.04 ± 1.75@@80.01912534226727,71.92 ± 1.07 / 85.01 ± 0.74@@71.91965086080654,38.58 ± 0.70 / 33.80 ± 0.78@@38.58126947228111,<9.2.0@@0,<9.2.0@@0,<9.2.0@@0,<9.2.0@@0
KennethEnevoldsen/dfm-sentence-encoder-large-1,1.64,355090435.0,50000.0,512,6362.73,✓,✗,74.92 ± 0.98 / 72.01 ± 2.31@@74.92493432297373,71.65 ± 1.55 / 69.08 ± 1.45@@71.65183875622894,63.43 ± 2.30 / 81.00 ± 1.37@@63.43384508882522,51.94 ± 0.92 / 46.20 ± 1.03@@51.94470520262578,<9.2.0@@0,<9.2.0@@0,<9.2.0@@0,<9.2.0@@0
"152334H/miqu-1-70b-sf (few-shot, val)",1.64,68976648192.0,32000.0,32764,2126.22,✓,✗,75.25 ± 2.41 / 78.80 ± 1.96@@75.25114722104814,62.96 ± 3.44 / 52.14 ± 4.04@@62.95937325344292,53.28 ± 3.33 / 75.37 ± 1.80@@53.277317101960705,65.04 ± 1.17 / 56.42 ± 1.65@@65.04240404027533,12.7.0@@120700,12.7.0@@120700,12.7.0@@120700,12.7.0@@120700
KBLab/bert-base-swedish-cased-new,1.64,135195651.0,64000.0,512,15932.9,✓,✗,76.04 ± 0.97 / 72.61 ± 1.82@@76.03675155410079,79.99 ± 1.32 / 74.07 ± 1.54@@79.98996125931944,73.52 ± 2.31 / 85.57 ± 1.53@@73.52257136414012,35.83 ± 1.02 / 30.60 ± 1.30@@35.8306518047518,<9.2.0@@0,<9.2.0@@0,<9.2.0@@0,<9.2.0@@0
google/gemma-2-9b-it (few-shot),1.66,9241705984.0,256000.0,8193,2062.05,✓,✗,78.51 ± 0.93 / 76.24 ± 1.64@@78.5069826118807,52.50 ± 1.02 / 37.38 ± 2.57@@52.50467527101386,61.28 ± 1.63 / 80.07 ± 1.22@@61.280175609451135,64.60 ± 0.52 / 55.22 ± 1.03@@64.60397981667799,13.0.0@@130000,13.0.0@@130000,13.0.0@@130000,13.0.0@@130000
KennethEnevoldsen/dfm-sentence-encoder-large-2,1.67,355090435.0,50000.0,512,6568.66,✓,✗,74.67 ± 1.43 / 71.15 ± 3.57@@74.66833421452608,71.86 ± 1.73 / 69.05 ± 1.65@@71.8639115674643,62.77 ± 3.14 / 80.75 ± 1.67@@62.76912169626583,50.58 ± 2.94 / 44.77 ± 3.06@@50.57877069199825,<9.2.0@@0,<9.2.0@@0,<9.2.0@@0,<9.2.0@@0
"meta-llama/Llama-2-70b-hf (few-shot, val)",1.68,68976653312.0,32000.0,4096,1891.65,✓,✗,75.46 ± 1.99 / 74.35 ± 3.70@@75.46017007824088,64.76 ± 3.91 / 61.08 ± 5.41@@64.75514603125147,43.27 ± 5.03 / 65.62 ± 4.94@@43.27049103315178,66.95 ± 1.31 / 63.04 ± 1.52@@66.95074627779647,12.7.0@@120700,12.7.0@@120700,12.7.0@@120700,12.7.0@@120700
setu4993/LaBSE,1.69,470929155.0,501153.0,512,36581.03,✓,✗,73.58 ± 1.37 / 70.43 ± 2.49@@73.58435308125533,77.78 ± 1.69 / 72.08 ± 1.81@@77.7813432185803,60.36 ± 2.98 / 79.72 ± 1.52@@60.355330519562344,47.07 ± 0.98 / 41.71 ± 1.08@@47.073027985034486,<9.2.0@@0,<9.2.0@@0,<9.2.0@@0,<9.2.0@@0
NorwAI/NorwAI-Mixtral-8x7B (few-shot),1.7,46997647360.0,67993.0,32768,2368.15,✓,✗,80.12 ± 0.88 / 81.23 ± 0.76@@80.12400985809265,57.01 ± 1.32 / 33.14 ± 2.45@@57.00684456341341,43.04 ± 1.96 / 67.69 ± 2.83@@43.042115725101496,68.34 ± 0.74 / 62.62 ± 1.08@@68.33898947031915,14.0.4@@140004,14.0.4@@140004,14.0.4@@140004,14.3.0@@140300
KennethEnevoldsen/dfm-sentence-encoder-medium-3,1.7,177855747.0,119547.0,512,14050.48,✓,✗,71.16 ± 1.21 / 69.78 ± 3.24@@71.16143754228898,81.35 ± 1.26 / 79.18 ± 1.23@@81.34842379889454,63.89 ± 1.18 / 81.45 ± 0.75@@63.88696647253018,42.09 ± 2.23 / 37.18 ± 2.04@@42.08594476042196,<9.2.0@@0,<9.2.0@@0,<9.2.0@@0,<9.2.0@@0
"gpt-4-1106-preview (zero-shot, val)",1.71,,100256.0,8191,589.23,✓,✗,73.54 ± 3.03 / 68.68 ± 2.31@@73.53797154251119,51.31 ± 4.64 / 43.84 ± 3.44@@51.31220743367846,66.39 ± 2.24 / 82.10 ± 1.23@@66.38630238840244,63.21 ± 1.40 / 52.22 ± 1.51@@63.20800469563143,14.0.3@@140003,14.0.3@@140003,14.0.3@@140003,14.0.3@@140003
NbAiLab/nb-bert-base,1.71,177855747.0,119547.0,512,17178.91,✓,✗,71.21 ± 1.11 / 67.49 ± 2.90@@71.21403430141082,80.38 ± 0.99 / 75.35 ± 0.88@@80.3777354230669,64.03 ± 1.94 / 81.39 ± 1.29@@64.03064110354123,39.61 ± 2.31 / 35.33 ± 2.25@@39.60899473360974,<9.2.0@@0,<9.2.0@@0,<9.2.0@@0,<9.2.0@@0
vesteinn/FoBERT,1.71,124448259.0,50005.0,512,35628.61,✓,✗,73.41 ± 0.98 / 68.72 ± 3.80@@73.41044861194723,78.58 ± 1.52 / 72.45 ± 1.57@@78.5813788356477,71.14 ± 1.62 / 84.55 ± 0.97@@71.13818711122923,36.20 ± 1.16 / 31.62 ± 1.35@@36.204529624733865,<9.2.0@@0,<9.2.0@@0,<9.2.0@@0,<9.2.0@@0
google/gemma-2-9b (few-shot),1.72,9241705984.0,256000.0,8193,2037.53,✓,✗,80.55 ± 1.46 / 77.22 ± 3.78@@80.55033206474954,50.43 ± 3.97 / 27.20 ± 3.14@@50.43014692627653,50.86 ± 3.91 / 72.14 ± 3.98@@50.85572187275766,65.35 ± 0.87 / 59.35 ± 1.16@@65.35231309684787,13.0.0@@130000,13.0.0@@130000,13.0.0@@130000,13.0.0@@130000
pere/roberta-debug-8,1.73,278045955.0,250002.0,512,13790.38,✓,✗,74.58 ± 1.29 / 70.97 ± 2.41@@74.58039127375088,74.48 ± 2.35 / 67.89 ± 2.16@@74.47697319418907,69.07 ± 2.22 / 83.17 ± 1.50@@69.07179975436156,37.05 ± 1.10 / 31.66 ± 1.18@@37.05093859918539,<9.2.0@@0,<9.2.0@@0,<9.2.0@@0,<9.2.0@@0
intfloat/multilingual-e5-base,1.73,278045955.0,250002.0,512,14965.0,✓,✗,76.06 ± 0.89 / 69.85 ± 3.16@@76.0556647693327,79.02 ± 0.74 / 77.59 ± 0.76@@79.0206940169728,50.19 ± 1.23 / 74.23 ± 0.99@@50.18873344736478,46.62 ± 1.30 / 40.65 ± 1.29@@46.62488865930336,<9.2.0@@0,<9.2.0@@0,<9.2.0@@0,<9.2.0@@0
mistralai/Mixtral-8x7B-v0.1 (few-shot),1.73,46702792704.0,32000.0,32768,2362.92,✓,✗,79.78 ± 0.72 / 77.07 ± 1.23@@79.77645420305855,60.92 ± 1.45 / 47.51 ± 4.83@@60.918602077533656,34.88 ± 2.27 / 64.32 ± 3.30@@34.878357140017144,68.13 ± 0.69 / 62.58 ± 1.01@@68.12816072099902,14.0.4@@140004,14.0.4@@140004,14.0.4@@140004,14.3.0@@140300
CohereForAI/c4ai-command-r-08-2024 (few-shot),1.74,32296476672.0,256000.0,131072,1909.17,✗,✗,77.68 ± 1.01 / 74.34 ± 1.86@@77.67878767482246,65.01 ± 1.61 / 38.41 ± 3.29@@65.0080449017687,34.06 ± 2.14 / 65.64 ± 1.66@@34.05937080722891,65.93 ± 0.49 / 56.78 ± 0.52@@65.93399185346445,14.0.4@@140004,14.0.4@@140004,14.0.4@@140004,14.0.4@@140004
NorwAI/NorwAI-Mixtral-8x7B-instruct (few-shot),1.76,46997647360.0,67993.0,32768,9015.47,✓,✗,80.04 ± 0.73 / 80.11 ± 0.89@@80.04348487998894,57.66 ± 1.75 / 36.87 ± 4.27@@57.65739109287467,45.21 ± 3.06 / 70.61 ± 2.93@@45.209645271269,63.63 ± 1.65 / 52.73 ± 2.46@@63.62641332375065,14.0.4@@140004,14.0.4@@140004,14.0.4@@140004,14.0.4@@140004
ltg/norbert3-base,1.76,124032771.0,50000.0,508,20252.89,✓,✗,71.05 ± 1.70 / 70.72 ± 2.74@@71.04699914921385,78.21 ± 0.92 / 72.63 ± 0.98@@78.2113387980836,56.02 ± 2.92 / 77.31 ± 1.61@@56.01767363858329,47.31 ± 0.99 / 42.52 ± 1.02@@47.310909511721334,<9.2.0@@0,<9.2.0@@0,<9.2.0@@0,<9.2.0@@0
NbAiLab/nb-sbert-base,1.77,177855747.0,119547.0,512,17756.84,✓,✗,71.05 ± 0.75 / 69.24 ± 2.39@@71.0490985592327,80.26 ± 1.10 / 77.87 ± 1.03@@80.25887855798626,62.49 ± 2.06 / 80.42 ± 1.54@@62.48729005698983,38.28 ± 1.45 / 33.80 ± 1.33@@38.27759080654388,12.10.5@@121005,12.10.5@@121005,12.10.5@@121005,12.10.5@@121005
meta-llama/Llama-3.1-8B (few-shot),1.78,8030261248.0,128256.0,131072,1481.56,✓,✗,80.31 ± 0.45 / 76.50 ± 1.19@@80.30725484793703,62.19 ± 2.34 / 43.29 ± 4.62@@62.19402637594439,30.29 ± 3.08 / 56.52 ± 4.71@@30.287464124195097,65.69 ± 0.77 / 59.91 ± 0.98@@65.68520733837538,14.1.2@@140102,14.0.4@@140004,14.1.2@@140102,14.3.0@@140300
flax-community/swe-roberta-wiki-oscar,1.79,124647939.0,50265.0,512,15436.87,✓,✗,76.22 ± 0.78 / 75.25 ± 1.16@@76.21975771729828,75.40 ± 1.45 / 70.45 ± 1.62@@75.39916965552875,65.73 ± 1.73 / 81.50 ± 1.14@@65.7307012454503,34.01 ± 1.50 / 29.34 ± 1.44@@34.00864804630597,<9.2.0@@0,<9.2.0@@0,<9.2.0@@0,<9.2.0@@0
pere/roberta-debug-32,1.8,278045955.0,250002.0,512,33360.92,✓,✗,75.04 ± 1.08 / 72.35 ± 2.45@@75.04492675163328,72.25 ± 2.16 / 65.94 ± 2.04@@72.25006402510445,70.16 ± 1.47 / 84.29 ± 0.90@@70.16242324054842,36.93 ± 0.90 / 31.89 ± 0.99@@36.9292760764642,<9.2.0@@0,<9.2.0@@0,<9.2.0@@0,<9.2.0@@0
mistralai/Mistral-Nemo-Instruct-2407 (few-shot),1.83,12247782400.0,131072.0,1024001,7094.98,✓,✗,70.54 ± 6.38 / 73.39 ± 6.37@@70.5367124861117,62.86 ± 1.95 / 36.42 ± 3.49@@62.85842301384296,37.50 ± 2.48 / 66.32 ± 1.77@@37.5023478063219,65.98 ± 0.82 / 58.00 ± 0.85@@65.98318781842185,13.0.0@@130000,13.0.0@@130000,13.0.0@@130000,13.0.0@@130000
nvidia/mistral-nemo-minitron-8b-base (few-shot),1.83,8414105600.0,131072.0,8192,1203.56,✓,✗,79.59 ± 0.77 / 77.48 ± 1.05@@79.58890174420875,58.75 ± 1.62 / 39.78 ± 2.75@@58.74787107965969,33.09 ± 2.18 / 66.25 ± 1.20@@33.087933174730004,65.74 ± 1.05 / 59.89 ± 2.02@@65.74187408881434,14.1.1@@140101,14.1.1@@140101,14.1.1@@140101,14.3.0@@140300
"timpal0l/dolphin-2.9-llama3-8b-flashback (few-shot, val)",1.84,8030261248.0,128256.0,8192,5018.29,✗,✓,74.99 ± 3.45 / 76.76 ± 1.80@@74.98810203779524,65.33 ± 2.38 / 46.88 ± 3.97@@65.32602117409797,32.65 ± 5.08 / 61.25 ± 4.41@@32.64595612265307,64.54 ± 1.00 / 55.71 ± 1.34@@64.53526211751074,12.7.0@@120700,12.7.0@@120700,12.7.0@@120700,12.7.0@@120700
four-two-labs/orpo-llama-3-swe (few-shot),1.85,8030277632.0,128258.0,8192,4974.22,✗,✗,79.74 ± 0.68 / 75.13 ± 1.85@@79.7355996711764,60.93 ± 2.85 / 38.87 ± 3.50@@60.926724356372944,26.02 ± 4.38 / 52.19 ± 5.44@@26.016885160353652,65.92 ± 0.82 / 59.84 ± 0.92@@65.9196665327616,12.7.0@@120700,12.7.0@@120700,12.7.0@@120700,12.7.0@@120700
pere/roberta-base-exp-32,1.87,278045955.0,250002.0,512,33027.09,✓,✗,74.73 ± 1.15 / 70.83 ± 3.72@@74.72689355854027,79.75 ± 0.94 / 73.45 ± 0.86@@79.74511336226946,53.55 ± 16.68 / 75.79 ± 8.05@@53.55290406301243,36.88 ± 0.81 / 32.20 ± 0.86@@36.88246435180339,<9.2.0@@0,<9.2.0@@0,<9.2.0@@0,<9.2.0@@0
meta-llama/Meta-Llama-3-8B (few-shot),1.87,8030261248.0,128256.0,8192,1476.79,✓,✗,80.91 ± 0.41 / 78.09 ± 1.22@@80.90602896469804,59.92 ± 2.46 / 40.98 ± 4.90@@59.917453384254515,26.39 ± 3.47 / 52.38 ± 4.49@@26.389354066270627,65.98 ± 0.67 / 60.05 ± 0.99@@65.98112910814663,14.1.2@@140102,14.0.4@@140004,14.1.2@@140102,14.3.0@@140300
"gpt-4o-mini-2024-07-18 (zero-shot, val)",1.87,,200019.0,8191,862.54,✓,✗,73.55 ± 2.73 / 71.66 ± 2.30@@73.54810922345692,52.47 ± 2.22 / 29.74 ± 0.97@@52.472350058693685,52.27 ± 2.34 / 71.55 ± 1.30@@52.26783730491077,61.75 ± 1.16 / 48.95 ± 1.41@@61.7503531503301,14.0.1@@140001,14.0.1@@140001,14.0.1@@140001,14.0.1@@140001
pere/roberta-base-exp-8,1.87,278045955.0,250002.0,512,33368.73,✓,✗,73.63 ± 1.53 / 68.42 ± 4.24@@73.62528944168086,73.44 ± 2.81 / 67.31 ± 3.11@@73.4375887713081,58.91 ± 17.49 / 77.13 ± 10.99@@58.907272582029194,37.33 ± 0.86 / 32.39 ± 1.02@@37.32647334090082,<9.2.0@@0,<9.2.0@@0,<9.2.0@@0,<9.2.0@@0
timpal0l/Llama-3-8B-flashback-v1 (few-shot),1.9,8030261248.0,128256.0,8192,3003.73,✓,✗,81.97 ± 0.56 / 81.46 ± 0.69@@81.96602320075857,57.01 ± 1.71 / 43.34 ± 3.83@@57.00511915128948,31.16 ± 1.80 / 59.86 ± 3.31@@31.16171600192132,60.85 ± 1.80 / 53.99 ± 1.82@@60.85404517304073,14.1.2@@140102,14.1.1@@140101,14.1.2@@140102,14.1.1@@140101
skole-gpt-mixtral (few-shot),1.9,,32000.0,32768,3582.66,✗,✗,78.27 ± 1.32 / 77.65 ± 1.28@@78.27091549164219,54.14 ± 2.49 / 37.43 ± 3.05@@54.14204963632084,32.49 ± 1.94 / 64.28 ± 2.18@@32.48992050951055,66.56 ± 0.62 / 58.95 ± 0.96@@66.55604275602175,13.0.0@@130000,13.0.0@@130000,13.0.0@@130000,13.0.0@@130000
cardiffnlp/twitter-xlm-roberta-base,1.92,278045955.0,250002.0,512,34475.2,✓,✗,70.69 ± 1.08 / 67.03 ± 3.40@@70.6912876068506,72.49 ± 1.68 / 67.03 ± 1.55@@72.49367018590588,56.60 ± 3.25 / 76.70 ± 2.48@@56.59543943806491,37.63 ± 1.86 / 31.89 ± 1.88@@37.626069936028536,<9.2.0@@0,<9.2.0@@0,<9.2.0@@0,<9.2.0@@0
timpal0l/sol (few-shot),1.92,10731540480.0,32002.0,4096,3700.95,✗,✗,77.31 ± 1.01 / 70.55 ± 2.26@@77.30778250681006,57.51 ± 2.30 / 37.74 ± 3.15@@57.50830465044229,25.06 ± 5.02 / 49.04 ± 4.68@@25.058928426559735,67.43 ± 1.02 / 60.16 ± 1.77@@67.4254720121356,12.7.0@@120700,12.7.0@@120700,12.7.0@@120700,12.7.0@@120700
"gpt-4o-mini-2024-07-18 (few-shot, val)",1.92,,200019.0,8191,784.26,✓,✗,77.69 ± 2.28 / 78.73 ± 2.17@@77.68592235200666,62.45 ± 2.79 / 46.68 ± 4.08@@62.45059782627551,68.93 ± 3.67 / 84.15 ± 2.01@@68.92650292184513,31.14 ± 3.37 / 12.11 ± 4.65@@31.135007083203313,14.0.0@@140000,14.0.0@@140000,14.0.0@@140000,14.0.0@@140000
meta-llama/Llama-3.1-8B-Instruct (few-shot),1.96,8030261248.0,128256.0,131072,1478.39,✓,✗,79.23 ± 0.48 / 76.86 ± 0.80@@79.22704072129027,55.80 ± 2.68 / 34.65 ± 1.98@@55.803469846425536,32.67 ± 2.18 / 63.89 ± 1.49@@32.665576555174965,58.66 ± 0.84 / 46.88 ± 1.47@@58.662970361684074,14.0.4@@140004,14.0.4@@140004,14.0.4@@140004,14.0.4@@140004
Addedk/kbbert-distilled-cased,1.97,82166019.0,50325.0,512,29698.43,✓,✗,71.28 ± 1.09 / 69.73 ± 2.94@@71.28100663533023,80.12 ± 1.41 / 73.78 ± 1.37@@80.12453382450768,51.58 ± 2.89 / 73.82 ± 2.21@@51.58472582148874,33.47 ± 0.62 / 28.16 ± 0.76@@33.4675790163808,<9.2.0@@0,<9.2.0@@0,<9.2.0@@0,<9.2.0@@0
microsoft/infoxlm-large,1.97,559893507.0,250002.0,512,6696.2,✓,✗,75.42 ± 1.08 / 72.68 ± 3.19@@75.41780327397547,79.53 ± 2.77 / 74.53 ± 2.70@@79.52517541486901,18.44 ± 10.88 / 53.57 ± 7.20@@18.436611854437846,53.67 ± 0.81 / 48.19 ± 1.10@@53.66675281997061,<9.2.0@@0,<9.2.0@@0,<9.2.0@@0,<9.2.0@@0
pere/roberta-base-exp-32B,1.97,278045955.0,250002.0,512,15102.57,✓,✗,73.27 ± 0.75 / 71.87 ± 1.30@@73.2711406230427,77.97 ± 0.82 / 72.10 ± 0.94@@77.97152337108655,47.19 ± 16.37 / 72.10 ± 8.03@@47.1862643365328,36.17 ± 0.73 / 31.07 ± 0.93@@36.17063373797784,<9.2.0@@0,<9.2.0@@0,<9.2.0@@0,<9.2.0@@0
"timpal0l/BeagleCatMunin (few-shot, val)",1.98,7241732096.0,32000.0,32768,2495.0,✗,✓,77.37 ± 2.25 / 78.66 ± 2.43@@77.37248133480523,50.53 ± 3.30 / 37.77 ± 4.38@@50.5279211276903,27.84 ± 4.72 / 49.46 ± 4.52@@27.84251060798183,65.44 ± 1.38 / 59.98 ± 1.65@@65.44053354728622,9.3.2@@90302,9.3.2@@90302,9.3.2@@90302,12.5.2@@120502
meta-llama/Llama-2-13b-hf (few-shot),1.99,13015866880.0,32000.0,4096,2898.43,✓,✗,78.92 ± 1.24 / 79.67 ± 0.90@@78.9221151536857,58.34 ± 3.19 / 49.74 ± 4.36@@58.34063870307623,18.46 ± 3.98 / 47.37 ± 4.68@@18.45845917668017,65.21 ± 0.68 / 59.81 ± 0.94@@65.2056996691959,14.3.0@@140300,14.3.0@@140300,14.3.0@@140300,14.3.0@@140300
"merge-crew/da-sv-slerp (few-shot, val)",1.99,7241732096.0,32000.0,32768,2467.48,✓,✓,76.53 ± 2.55 / 77.96 ± 3.04@@76.53405610965652,46.57 ± 3.34 / 33.94 ± 3.73@@46.570173581947586,33.43 ± 3.89 / 61.87 ± 4.02@@33.42704284148287,64.53 ± 1.41 / 59.87 ± 1.52@@64.52729551587096,10.0.1@@100001,10.0.1@@100001,10.0.1@@100001,10.0.1@@100001
"merge-crew/da-sv-task-arithmetic (few-shot, val)",1.99,7241732096.0,32000.0,32768,2500.05,✓,✓,76.62 ± 2.52 / 78.04 ± 2.98@@76.61549387290671,47.28 ± 3.05 / 34.01 ± 3.73@@47.27832263275194,33.23 ± 4.72 / 61.29 ± 4.67@@33.229601258404465,64.62 ± 1.44 / 60.00 ± 1.69@@64.61685632635755,10.0.1@@100001,10.0.1@@100001,10.0.1@@100001,10.0.1@@100001
timpal0l/njord-alpha (few-shot),2.0,7241732096.0,32000.0,32768,5431.36,✓,✗,79.95 ± 0.87 / 81.24 ± 0.64@@79.94567536739041,48.19 ± 2.55 / 37.50 ± 3.62@@48.188546292761636,32.85 ± 2.28 / 61.74 ± 3.05@@32.84973108404678,63.58 ± 1.19 / 57.39 ± 1.52@@63.58051377746917,12.7.0@@120700,12.7.0@@120700,12.7.0@@120700,12.7.0@@120700
upstage/SOLAR-10.7B-v1.0 (few-shot),2.0,10731524096.0,32000.0,4096,3780.42,✓,✗,77.48 ± 1.23 / 70.13 ± 2.81@@77.48391287255345,59.65 ± 2.22 / 39.33 ± 3.33@@59.65425945144205,16.94 ± 2.36 / 40.98 ± 1.82@@16.94016275972542,68.15 ± 0.56 / 62.65 ± 0.56@@68.15360554633556,12.5.3@@120503,12.5.3@@120503,12.5.3@@120503,12.5.3@@120503
"merge-crew/da-sv-dare-ties-density-0.9 (few-shot, val)",2.0,7241732096.0,32000.0,32768,2442.55,✓,✓,76.38 ± 2.01 / 78.30 ± 2.42@@76.37677418929204,46.61 ± 3.11 / 34.10 ± 4.61@@46.60624940572098,34.16 ± 4.39 / 60.06 ± 4.67@@34.155238299691085,63.50 ± 1.47 / 58.77 ± 1.76@@63.49895290393023,10.0.1@@100001,10.0.1@@100001,10.0.1@@100001,10.0.1@@100001
google-bert/bert-base-multilingual-cased,2.0,177855747.0,119547.0,512,14083.03,✓,✗,61.78 ± 1.21 / 60.94 ± 3.28@@61.77685648090227,76.29 ± 1.28 / 70.33 ± 1.16@@76.28605101214728,47.74 ± 7.69 / 72.98 ± 4.74@@47.73552728475591,46.07 ± 1.12 / 41.17 ± 1.01@@46.07148693790118,<9.2.0@@0,<9.2.0@@0,<9.2.0@@0,<9.2.0@@0
timpal0l/Mistral-7B-v0.1-flashback-v2 (few-shot),2.0,7241732096.0,32000.0,32768,5053.68,✓,✗,80.14 ± 1.11 / 80.19 ± 0.78@@80.14010157012154,44.14 ± 2.40 / 29.77 ± 4.06@@44.14224114018389,34.23 ± 2.23 / 65.29 ± 2.17@@34.2296120762566,62.52 ± 1.11 / 57.07 ± 1.56@@62.5189342043616,12.5.3@@120503,12.5.3@@120503,12.5.3@@120503,12.5.3@@120503
google/gemma-7b (few-shot),2.01,8537680896.0,256000.0,8192,1377.83,✓,✗,77.72 ± 4.50 / 77.58 ± 4.13@@77.71691356605827,43.68 ± 3.65 / 29.40 ± 3.10@@43.68131197196824,36.25 ± 2.66 / 65.08 ± 2.92@@36.254081067195735,64.23 ± 0.88 / 58.62 ± 0.98@@64.23352234249103,12.9.1@@120901,12.9.1@@120901,12.9.1@@120901,12.9.1@@120901
facebook/xlm-v-base,2.01,778495491.0,901629.0,512,25396.22,✓,✗,73.43 ± 0.91 / 61.29 ± 1.81@@73.4283393732542,68.39 ± 7.26 / 63.66 ± 6.41@@68.38528584154476,45.09 ± 15.90 / 68.48 ± 11.31@@45.086645345959596,43.73 ± 1.83 / 38.04 ± 2.09@@43.733902882052,<9.2.0@@0,<9.2.0@@0,<9.2.0@@0,<9.2.0@@0
"RJuro/munin-neuralbeagle-7b (few-shot, val)",2.01,7241732096.0,32000.0,32768,2492.75,✗,✓,77.13 ± 2.43 / 78.36 ± 1.88@@77.1286646097937,62.96 ± 2.62 / 51.99 ± 5.66@@62.95769100759239,15.73 ± 7.07 / 47.41 ± 5.31@@15.727174338681257,65.06 ± 1.19 / 58.43 ± 1.59@@65.05817117967196,9.3.2@@90302,9.3.2@@90302,9.3.2@@90302,12.5.2@@120502
"AI-Sweden-Models/tyr (few-shot, val)",2.03,7241732096.0,32000.0,32768,6079.2,✗,✓,78.30 ± 1.71 / 79.80 ± 2.03@@78.29801428116929,56.21 ± 2.49 / 44.78 ± 4.19@@56.20521437819236,14.35 ± 5.65 / 48.69 ± 4.30@@14.346861774368874,65.72 ± 1.07 / 61.08 ± 1.47@@65.72459609916159,12.3.2@@120302,12.5.2@@120502,12.3.2@@120302,12.3.2@@120302
ZurichNLP/unsup-simcse-xlm-roberta-base,2.03,278045955.0,250002.0,512,34520.24,✓,✗,71.12 ± 0.90 / 60.88 ± 2.58@@71.11674734481642,75.49 ± 1.09 / 74.57 ± 0.60@@75.48914113792642,36.69 ± 15.58 / 65.77 ± 8.64@@36.692486939216,38.90 ± 2.21 / 33.55 ± 2.07@@38.90108968446305,12.6.1@@120601,12.6.1@@120601,12.6.1@@120601,<9.2.0@@0
"birgermoell/Flashback-Bellman (few-shot, val)",2.04,7241732096.0,32000.0,32768,2887.36,✗,✓,78.29 ± 1.83 / 78.77 ± 2.06@@78.28715289126868,55.29 ± 3.95 / 41.59 ± 4.48@@55.28538985151991,18.45 ± 3.00 / 46.38 ± 2.81@@18.447455973801652,63.83 ± 1.18 / 58.42 ± 1.64@@63.82904390681965,9.3.1@@90301,9.3.1@@90301,9.3.1@@90301,12.5.2@@120502
"RJuro/munin-neuralbeagle-SkoleGPTOpenOrca-7b (few-shot, val)",2.05,7241748480.0,32002.0,32768,3007.6,✗,✓,72.04 ± 3.27 / 63.83 ± 2.07@@72.04258444469902,59.36 ± 2.75 / 47.08 ± 4.17@@59.35973185947731,22.38 ± 7.17 / 54.70 ± 5.49@@22.381422613925743,64.06 ± 1.76 / 57.96 ± 2.00@@64.05988257293836,9.3.2@@90302,9.3.2@@90302,9.3.2@@90302,12.5.2@@120502
mistralai/Mixtral-8x7B-Instruct-v0.1 (few-shot),2.06,46702792704.0,32000.0,32768,5535.32,✓,✗,80.33 ± 0.51 / 79.04 ± 0.76@@80.33268289651794,46.15 ± 1.63 / 25.08 ± 1.69@@46.14830033692135,32.89 ± 2.06 / 64.41 ± 1.78@@32.888601258936454,61.35 ± 1.02 / 46.51 ± 1.69@@61.35061687933027,14.0.4@@140004,14.0.4@@140004,14.0.4@@140004,14.0.4@@140004
google-bert/bert-base-multilingual-uncased,2.06,167358723.0,105879.0,512,13992.5,✓,✗,63.30 ± 0.93 / 59.96 ± 1.80@@63.302611410421704,70.85 ± 1.56 / 65.50 ± 1.71@@70.85485883011914,48.97 ± 1.14 / 73.78 ± 0.61@@48.97108449845412,42.69 ± 1.62 / 38.00 ± 1.52@@42.69412057018306,<9.2.0@@0,<9.2.0@@0,<9.2.0@@0,<9.2.0@@0
Nexusflow/Starling-LM-7B-beta (few-shot),2.07,7241748480.0,32002.0,4096,1990.47,✗,✗,77.51 ± 0.55 / 76.88 ± 0.58@@77.50830103951422,56.28 ± 1.55 / 28.71 ± 3.39@@56.28303118979907,23.25 ± 2.19 / 50.00 ± 2.40@@23.250750048236025,59.76 ± 2.06 / 47.09 ± 2.61@@59.75709146641665,14.0.4@@140004,14.0.4@@140004,14.0.4@@140004,14.3.0@@140300
meta-llama/Meta-Llama-3-8B-Instruct (few-shot),2.08,8030261248.0,128256.0,8192,1483.24,✓,✗,59.93 ± 4.70 / 67.54 ± 3.04@@59.933786112286484,69.67 ± 1.30 / 52.94 ± 4.01@@69.66826842643418,27.63 ± 3.19 / 60.85 ± 3.29@@27.62533065909484,60.85 ± 0.93 / 49.84 ± 1.61@@60.85360463614178,12.6.1@@120601,12.6.1@@120601,12.6.1@@120601,12.6.1@@120601
Geotrend/bert-base-25lang-cased,2.08,151312131.0,84985.0,512,13908.28,✓,✗,62.50 ± 1.10 / 60.57 ± 2.75@@62.503685160269974,75.62 ± 1.56 / 70.17 ± 1.46@@75.6184182820485,38.18 ± 7.03 / 66.99 ± 4.92@@38.178409332121646,45.91 ± 1.20 / 40.96 ± 1.11@@45.90594487555047,<9.2.0@@0,<9.2.0@@0,<9.2.0@@0,<9.2.0@@0
Mabeck/Heidrun-Mistral-7B-chat (few-shot),2.08,7241732096.0,32000.0,32768,1418.7,✗,✗,77.50 ± 0.90 / 73.87 ± 1.21@@77.49615701690435,55.06 ± 2.38 / 41.39 ± 4.31@@55.060246569951566,17.47 ± 2.33 / 47.73 ± 3.35@@17.46784831423539,64.58 ± 0.78 / 58.67 ± 0.96@@64.58081935701264,10.0.1@@100001,10.0.1@@100001,10.0.1@@100001,12.5.0@@120500
CohereForAI/aya-expanse-8b (few-shot),2.08,8028033024.0,256000.0,8192,1341.64,✗,✗,78.43 ± 0.93 / 74.54 ± 2.40@@78.42780084462889,57.38 ± 1.93 / 29.69 ± 4.23@@57.38173457737435,14.52 ± 2.43 / 45.18 ± 4.21@@14.517635570529608,63.00 ± 0.50 / 53.14 ± 1.81@@62.9952652449615,13.0.0@@130000,13.0.0@@130000,13.0.0@@130000,13.0.0@@130000
"birgermoell/Rapid-Cycling (few-shot, val)",2.09,7241732096.0,32000.0,32768,2345.88,✗,✓,77.72 ± 2.51 / 78.40 ± 2.65@@77.71765518302149,53.66 ± 3.57 / 41.97 ± 4.83@@53.65862226533824,16.22 ± 4.46 / 43.17 ± 3.88@@16.22481616576175,64.72 ± 1.04 / 59.75 ± 1.13@@64.71937804389108,9.3.2@@90302,9.3.2@@90302,9.3.2@@90302,12.5.2@@120502
"mlabonne/NeuralBeagle14-7B (few-shot, val)",2.09,7241732096.0,32000.0,8192,2549.38,✗,✓,76.03 ± 2.11 / 78.25 ± 1.95@@76.03363690520702,61.25 ± 3.35 / 50.76 ± 5.94@@61.24999328352507,16.28 ± 4.81 / 49.04 ± 3.60@@16.279264139435732,60.05 ± 1.18 / 50.96 ± 2.34@@60.05238931529014,9.3.2@@90302,9.3.2@@90302,9.3.2@@90302,12.5.2@@120502
danish-foundation-models/munin-7b-v0.1dev0 (few-shot),2.09,7241732096.0,32000.0,8192,6112.86,✓,✗,73.05 ± 5.27 / 74.56 ± 4.19@@73.04899523240094,47.10 ± 2.60 / 35.06 ± 3.65@@47.09527970520079,30.29 ± 2.63 / 61.40 ± 3.22@@30.289124311309017,63.51 ± 1.04 / 57.39 ± 1.38@@63.51087289061678,12.4.0@@120400,12.5.2@@120502,12.4.0@@120400,12.4.0@@120400
"meta-llama/Llama-2-70b-chat-hf (few-shot, val)",2.1,68976653312.0,32000.0,4096,1979.03,✓,✗,64.52 ± 3.15 / 70.51 ± 2.49@@64.52422035229431,55.91 ± 3.25 / 39.73 ± 4.94@@55.907145077732444,23.85 ± 7.34 / 56.89 ± 6.08@@23.84831702615942,65.82 ± 1.07 / 58.88 ± 1.51@@65.82446190370523,12.7.0@@120700,12.7.0@@120700,12.7.0@@120700,12.7.0@@120700
utter-project/EuroLLM-9B-Instruct (few-shot),2.11,9152319488.0,128000.0,4096,1483.46,✗,✗,76.02 ± 2.40 / 77.86 ± 1.70@@76.01672265023487,40.59 ± 1.98 / 28.19 ± 1.47@@40.59248121593324,33.98 ± 5.90 / 57.44 ± 6.59@@33.981148181130585,63.97 ± 0.66 / 56.98 ± 0.58@@63.968980275587626,13.1.0@@130100,13.1.0@@130100,13.1.0@@130100,13.1.0@@130100
birgermoell/roberta-swedish-scandi,2.11,124647939.0,50265.0,512,15384.84,✓,✗,69.96 ± 1.75 / 68.67 ± 3.21@@69.95841519031679,68.55 ± 3.16 / 62.00 ± 2.58@@68.54986517931242,52.88 ± 14.23 / 75.25 ± 7.45@@52.87553445625346,32.49 ± 1.27 / 27.99 ± 1.23@@32.48968955495764,<9.2.0@@0,<9.2.0@@0,<9.2.0@@0,<9.2.0@@0
"birgermoell/BeagleCatMunin-Flashback-Bellman (few-shot, val)",2.11,7241732096.0,32000.0,32768,2890.1,✗,✓,76.99 ± 2.37 / 76.84 ± 2.99@@76.98664631875297,52.96 ± 3.45 / 41.51 ± 4.30@@52.96129818458763,14.27 ± 4.36 / 40.60 ± 3.04@@14.26738320492143,64.87 ± 1.47 / 59.92 ± 1.64@@64.87220732862056,9.3.1@@90301,9.3.1@@90301,9.3.1@@90301,12.5.2@@120502
mgoin/Nemotron-4-340B-Instruct-hf-FP8 (few-shot),2.11,341029195776.0,256000.0,4096,1904.18,✓,✗,62.08 ± 12.16 / 66.00 ± 9.89@@62.077534493376184,48.92 ± 3.54 / 30.97 ± 2.58@@48.919859363442846,68.93 ± 11.34 / 82.77 ± 8.76@@68.9319735222328,45.68 ± 7.55 / 36.40 ± 6.01@@45.67717416512512,14.0.4@@140004,14.0.4@@140004,14.0.4@@140004,14.0.4@@140004
mhenrichsen/danskgpt-chat-v2.1 (few-shot),2.11,,32002.0,32768,5085.22,✓,✗,75.98 ± 1.15 / 74.44 ± 1.12@@75.98028073165499,54.37 ± 3.04 / 42.16 ± 4.00@@54.367436721357954,17.98 ± 1.97 / 56.01 ± 2.08@@17.976268033008335,64.24 ± 0.61 / 55.07 ± 0.74@@64.23729617935199,12.0.0@@120000,12.0.0@@120000,12.0.0@@120000,12.0.0@@120000
"merge-crew/da-sv-ties (few-shot, val)",2.11,7241732096.0,32000.0,32768,2457.19,✓,✓,76.57 ± 2.19 / 78.11 ± 2.73@@76.56552160195197,48.36 ± 3.07 / 34.48 ± 5.22@@48.357376842064944,20.94 ± 5.55 / 44.72 ± 4.06@@20.936063616005512,63.87 ± 1.46 / 59.07 ± 1.90@@63.87274008358253,10.0.1@@100001,10.0.1@@100001,10.0.1@@100001,10.0.1@@100001
Geotrend/bert-base-en-da-cased,2.11,111181059.0,32731.0,512,14061.58,✓,✗,61.89 ± 0.90 / 60.17 ± 3.06@@61.89029202499216,74.88 ± 1.45 / 69.57 ± 1.83@@74.88019501636536,40.22 ± 2.03 / 68.89 ± 2.06@@40.217115037643445,44.78 ± 0.99 / 39.95 ± 0.82@@44.77563748084718,<9.2.0@@0,<9.2.0@@0,<9.2.0@@0,<9.2.0@@0
Geotrend/bert-base-en-no-cased,2.11,111442179.0,33071.0,512,14080.79,✓,✗,61.80 ± 1.76 / 58.93 ± 3.28@@61.79572801858193,75.33 ± 0.99 / 69.89 ± 0.52@@75.33079420689238,36.62 ± 5.98 / 66.91 ± 3.69@@36.62216604241655,44.71 ± 1.99 / 39.95 ± 1.95@@44.71442914968145,<9.2.0@@0,<9.2.0@@0,<9.2.0@@0,<9.2.0@@0
bineric/NorskGPT-Llama3-8b (few-shot),2.11,8030261248.0,128256.0,8192,3381.51,✗,✗,76.06 ± 0.64 / 61.59 ± 0.77@@76.05977087012381,63.19 ± 2.83 / 51.22 ± 3.61@@63.19365599677732,5.34 ± 1.42 / 34.32 ± 0.56@@5.342567219192594,66.00 ± 0.59 / 56.70 ± 0.87@@66.00143202012076,12.7.0@@120700,12.7.0@@120700,12.7.0@@120700,12.7.0@@120700
Mabeck/Heidrun-Mistral-7B-base (few-shot),2.13,7241732096.0,32000.0,32768,3822.53,✓,✗,79.43 ± 0.85 / 78.21 ± 1.69@@79.43367668261061,48.43 ± 2.75 / 35.31 ± 2.80@@48.430626866962726,17.37 ± 2.57 / 52.91 ± 4.93@@17.367376582778498,62.72 ± 0.89 / 57.05 ± 1.22@@62.718068595686375,11.0.0@@110000,11.0.0@@110000,11.0.0@@110000,11.0.0@@110000
Geotrend/bert-base-en-fr-de-no-da-cased,2.13,118076931.0,41710.0,512,13972.84,✓,✗,61.60 ± 1.38 / 62.28 ± 3.13@@61.59831849074335,76.55 ± 1.28 / 70.38 ± 1.01@@76.545967143496,37.44 ± 6.65 / 66.67 ± 4.88@@37.44126436162029,43.87 ± 1.29 / 39.32 ± 1.25@@43.872091766346685,<9.2.0@@0,<9.2.0@@0,<9.2.0@@0,<9.2.0@@0
"timpal0l/BeagleCatMunin2 (few-shot, val)",2.13,7241732096.0,32000.0,32768,2477.24,✗,✓,73.72 ± 2.20 / 67.79 ± 2.37@@73.71557485682318,60.87 ± 3.71 / 47.40 ± 5.32@@60.87191985723145,6.78 ± 4.34 / 35.90 ± 2.11@@6.776158616881315,65.08 ± 1.15 / 58.75 ± 1.46@@65.08223962294417,9.3.1@@90301,9.3.1@@90301,9.3.1@@90301,12.5.2@@120502
Twitter/twhin-bert-base,2.14,278830851.0,250002.0,512,11513.72,✓,✗,66.62 ± 1.71 / 61.90 ± 2.61@@66.61915702063371,70.17 ± 0.99 / 64.19 ± 1.42@@70.16916964859661,46.72 ± 3.65 / 72.15 ± 2.62@@46.71804965717726,35.79 ± 1.33 / 31.38 ± 1.36@@35.7934983470428,<9.2.0@@0,<9.2.0@@0,<9.2.0@@0,<9.2.0@@0
"merge-crew/da-sv-dare-ties-density-0.6 (few-shot, val)",2.15,7241732096.0,32000.0,32768,2514.54,✓,✓,78.74 ± 2.13 / 80.11 ± 2.64@@78.73615361687827,45.12 ± 2.72 / 30.73 ± 4.55@@45.118047593366796,19.74 ± 6.09 / 46.97 ± 5.83@@19.73999686839305,65.22 ± 1.28 / 60.15 ± 1.71@@65.22389687040699,10.0.1@@100001,10.0.1@@100001,10.0.1@@100001,10.0.1@@100001
"birgermoell/WestLake-Munin-Cat-NorskGPT (few-shot, val)",2.15,7241732096.0,32000.0,32768,2856.11,✗,✓,73.72 ± 2.98 / 62.83 ± 1.64@@73.7195532799262,63.85 ± 2.67 / 47.77 ± 4.72@@63.85079788409984,-0.56 ± 2.24 / 33.54 ± 1.03@@-0.562034341586648,66.26 ± 1.19 / 60.10 ± 1.48@@66.26243615119438,9.3.1@@90301,9.3.1@@90301,9.3.1@@90301,12.5.2@@120502
"birgermoell/Munin-NeuralBeagle-NorskGPT (few-shot, val)",2.15,7241732096.0,32000.0,32768,2902.56,✗,✓,73.72 ± 2.98 / 62.83 ± 1.64@@73.7195532799262,63.85 ± 2.67 / 47.77 ± 4.72@@63.85079788409984,-0.56 ± 2.24 / 33.54 ± 1.03@@-0.562034341586648,66.26 ± 1.19 / 60.10 ± 1.48@@66.26243615119438,9.3.1@@90301,9.3.1@@90301,9.3.1@@90301,12.5.2@@120502
mistralai/Ministral-8B-Instruct-2410 (few-shot),2.16,8019808256.0,131072.0,32768,1300.24,✓,✗,73.32 ± 1.59 / 75.58 ± 1.15@@73.32452930931214,54.76 ± 1.82 / 31.21 ± 2.67@@54.757049097291954,16.17 ± 2.98 / 42.93 ± 2.72@@16.170147310834984,65.27 ± 0.58 / 57.94 ± 0.58@@65.27288019159556,14.0.4@@140004,14.0.4@@140004,14.0.4@@140004,14.0.4@@140004
flax-community/nordic-roberta-wiki,2.16,124647939.0,50265.0,512,16226.52,✓,✗,61.11 ± 1.28 / 58.97 ± 2.27@@61.110677786738435,72.90 ± 1.37 / 66.93 ± 1.30@@72.89909580401938,55.05 ± 1.64 / 76.76 ± 0.93@@55.04882400490605,33.60 ± 1.06 / 29.04 ± 1.16@@33.60387101880224,<9.2.0@@0,<9.2.0@@0,<9.2.0@@0,<9.2.0@@0
CohereForAI/aya-23-8B (few-shot),2.16,8028033024.0,256000.0,8192,2706.96,✗,✗,76.21 ± 0.85 / 67.87 ± 1.71@@76.2126014998073,60.04 ± 1.22 / 43.93 ± 3.63@@60.03593187478694,7.54 ± 2.52 / 35.42 ± 1.33@@7.540404832686301,63.65 ± 0.30 / 58.60 ± 0.59@@63.65040763104177,13.0.0@@130000,13.0.0@@130000,13.0.0@@130000,13.0.0@@130000
AI-Sweden-Models/Llama-3-8B (few-shot),2.16,8030261248.0,128256.0,8192,4140.98,✓,✗,81.12 ± 1.02 / 77.04 ± 2.74@@81.11900771529159,36.45 ± 2.44 / 27.24 ± 2.29@@36.45480367476873,26.80 ± 2.07 / 59.15 ± 2.72@@26.798597516966836,64.72 ± 0.72 / 58.16 ± 0.82@@64.71621038795894,12.10.5@@121005,12.10.5@@121005,12.10.5@@121005,12.10.5@@121005
Geotrend/bert-base-da-cased,2.16,103822851.0,23150.0,512,15432.35,✓,✗,62.18 ± 1.26 / 59.44 ± 2.35@@62.17945836681663,74.13 ± 1.17 / 68.93 ± 1.36@@74.12870019014733,36.93 ± 6.47 / 65.97 ± 6.05@@36.93461488246852,41.94 ± 2.23 / 37.59 ± 1.99@@41.94488864532137,<9.2.0@@0,<9.2.0@@0,<9.2.0@@0,<9.2.0@@0
ibm-granite/granite-3.0-8b-base (few-shot),2.17,8170835968.0,49152.0,4097,2514.59,✓,✗,75.92 ± 2.44 / 75.77 ± 2.08@@75.91577159472988,44.80 ± 2.36 / 34.91 ± 2.67@@44.803355562989616,24.84 ± 2.78 / 59.88 ± 4.08@@24.836649710524757,62.01 ± 1.64 / 56.71 ± 1.65@@62.01191766321965,13.0.0@@130000,13.0.0@@130000,13.0.0@@130000,13.0.0@@130000
tiiuae/Falcon3-7B-Instruct (few-shot),2.17,7455550464.0,131072.0,32768,2978.29,✓,✗,74.63 ± 0.50 / 70.89 ± 1.31@@74.62949082314418,53.61 ± 1.81 / 38.91 ± 2.41@@53.60877483229437,18.94 ± 1.54 / 58.59 ± 0.97@@18.936972161356426,60.29 ± 0.65 / 51.72 ± 0.88@@60.29046374506417,14.3.0@@140300,14.3.0@@140300,14.3.0@@140300,14.3.0@@140300
mhenrichsen/hestenettetLM (few-shot),2.18,7241732096.0,32000.0,32768,1150.9,✓,✗,79.70 ± 0.65 / 79.45 ± 0.68@@79.70143927311975,53.00 ± 2.53 / 39.09 ± 3.72@@52.99511463140387,4.32 ± 2.19 / 34.43 ± 0.87@@4.322075066447287,64.74 ± 0.84 / 59.03 ± 1.03@@64.73723974736455,12.3.2@@120302,12.5.2@@120502,12.3.2@@120302,12.3.2@@120302
mistralai/Mistral-7B-v0.1 (few-shot),2.18,7241732096.0,32000.0,32768,1428.18,✓,✗,80.00 ± 0.70 / 79.80 ± 0.66@@80.00139439270517,53.34 ± 2.55 / 40.48 ± 3.66@@53.34393025419728,4.61 ± 2.18 / 34.51 ± 0.86@@4.6059386964844915,64.65 ± 0.83 / 58.99 ± 1.05@@64.65097776480643,<9.2.0@@0,<9.2.0@@0,<9.2.0@@0,12.5.1@@120501
mistralai/Mistral-7B-v0.3 (few-shot),2.19,7248023552.0,32768.0,32768,1424.11,✓,✗,79.08 ± 0.77 / 78.81 ± 0.94@@79.08242111340587,49.18 ± 2.71 / 39.25 ± 3.60@@49.17900078898395,11.06 ± 3.55 / 38.96 ± 3.77@@11.064182632287881,64.79 ± 0.79 / 58.98 ± 1.04@@64.79451582445044,12.10.4@@121004,12.10.4@@121004,12.10.4@@121004,12.10.4@@121004
alpindale/Mistral-7B-v0.2-hf (few-shot),2.19,7241732096.0,32000.0,32768,1841.12,✓,✗,78.90 ± 0.95 / 78.62 ± 1.08@@78.90474207914288,48.96 ± 2.72 / 39.25 ± 3.69@@48.962758245528505,10.82 ± 3.46 / 38.95 ± 3.80@@10.820478559697126,64.72 ± 0.76 / 58.91 ± 1.02@@64.7162544982619,12.5.1@@120501,12.5.2@@120502,12.5.1@@120501,12.5.1@@120501
ibm-granite/granite-3.0-8b-instruct (few-shot),2.21,8170848256.0,49155.0,4096,1279.43,✓,✗,76.78 ± 1.63 / 78.27 ± 1.22@@76.7792732831718,44.94 ± 2.91 / 35.67 ± 3.53@@44.93670245853202,16.96 ± 2.77 / 55.03 ± 3.49@@16.960717853507017,63.13 ± 0.89 / 56.83 ± 1.02@@63.13080630913673,13.0.0@@130000,13.0.0@@130000,13.0.0@@130000,13.0.0@@130000
ThatsGroes/munin-SkoleGPTOpenOrca-7b-16bit (few-shot),2.21,7241748480.0,32002.0,32768,3005.72,✗,✗,77.98 ± 1.01 / 72.79 ± 2.47@@77.98209341894975,44.64 ± 1.66 / 31.30 ± 2.96@@44.63922429593276,16.57 ± 2.58 / 51.86 ± 3.69@@16.568706279813483,63.73 ± 1.04 / 57.31 ± 0.92@@63.73139734256074,11.0.0@@110000,11.0.0@@110000,11.0.0@@110000,12.4.0@@120400
vesteinn/DanskBERT,2.22,124448259.0,50005.0,512,17068.99,✓,✗,67.77 ± 1.19 / 62.98 ± 2.57@@67.77113828663339,72.33 ± 0.82 / 67.15 ± 0.85@@72.32762058220518,33.79 ± 7.61 / 64.01 ± 6.84@@33.791799806742404,37.46 ± 0.64 / 32.71 ± 0.77@@37.46266212320002,<9.2.0@@0,<9.2.0@@0,<9.2.0@@0,<9.2.0@@0
bineric/NorskGPT-Mistral-7b (few-shot),2.23,7241732096.0,32000.0,32768,1440.19,✗,✗,74.30 ± 1.26 / 60.35 ± 0.41@@74.3039098473843,58.40 ± 2.62 / 40.55 ± 3.65@@58.39701874665533,0.00 ± 0.00 / 33.37 ± 0.27@@0.0,65.78 ± 0.72 / 59.16 ± 1.23@@65.78386511918214,9.3.1@@90301,9.3.1@@90301,9.3.1@@90301,12.5.1@@120501
ltg/norbert3-small,2.23,40635267.0,50000.0,508,24066.68,✓,✗,63.80 ± 1.56 / 57.65 ± 2.24@@63.80214928198088,74.22 ± 1.37 / 68.68 ± 1.40@@74.21735964673388,37.77 ± 5.16 / 65.87 ± 4.30@@37.768121270470715,35.81 ± 0.94 / 31.45 ± 0.94@@35.80774020355983,<9.2.0@@0,<9.2.0@@0,<9.2.0@@0,<9.2.0@@0
jhu-clsp/bernice,2.23,277749507.0,250000.0,128,5566.94,✓,✗,70.91 ± 1.23 / 67.12 ± 3.79@@70.90941796702333,71.34 ± 0.91 / 65.04 ± 1.33@@71.33825519067607,53.52 ± 1.22 / 76.15 ± 0.53@@53.5187051225825,18.47 ± 4.44 / 16.41 ± 4.10@@18.466290054271916,<9.2.0@@0,<9.2.0@@0,<9.2.0@@0,<9.2.0@@0
TrustLLMeu/baseline-7-8b_2-3t-tokens_llama (few-shot),2.24,7799574528.0,100096.0,4096,2854.26,✓,✗,80.82 ± 0.48 / 80.66 ± 0.59@@80.81773206048146,43.78 ± 3.24 / 38.52 ± 3.33@@43.78216112178768,14.27 ± 2.13 / 54.53 ± 2.57@@14.27143620058893,59.05 ± 1.37 / 53.13 ± 1.67@@59.04502688907148,14.3.0@@140300,14.3.0@@140300,14.3.0@@140300,14.3.0@@140300
timpal0l/Mistral-7B-v0.1-flashback-v2-instruct (few-shot),2.24,7241732096.0,32000.0,32768,5172.48,✗,✗,77.06 ± 1.82 / 79.02 ± 1.37@@77.064971244647,46.74 ± 4.30 / 33.57 ± 4.51@@46.73653761230197,14.00 ± 1.59 / 53.89 ± 3.10@@14.002537573191947,63.45 ± 0.49 / 56.74 ± 0.52@@63.44935301027273,12.3.2@@120302,12.5.2@@120502,12.3.2@@120302,12.4.0@@120400
"KennethEnevoldsen/munin_mistral-7b (few-shot, val)",2.24,7241732096.0,32000.0,32768,2543.28,✗,✓,77.66 ± 2.09 / 78.59 ± 2.41@@77.65620270476892,52.34 ± 3.07 / 39.14 ± 4.60@@52.33591252612837,6.00 ± 4.15 / 36.34 ± 2.20@@5.999653158466213,64.12 ± 1.59 / 60.16 ± 1.81@@64.1207394172242,12.3.1@@120301,12.5.2@@120502,12.3.1@@120301,12.3.2@@120302
meta-llama/Llama-3.2-3B (few-shot),2.25,3212749824.0,128256.0,131073,3713.14,✓,✗,77.76 ± 1.09 / 67.88 ± 3.15@@77.75940024665256,51.06 ± 2.85 / 31.63 ± 3.67@@51.062202157359316,5.88 ± 3.89 / 38.51 ± 4.84@@5.876968582231554,62.93 ± 0.94 / 57.43 ± 1.04@@62.93218757440478,13.0.0@@130000,13.0.0@@130000,13.0.0@@130000,13.0.0@@130000
jonfd/electra-small-nordic,2.25,21944195.0,96105.0,128,5989.23,✓,✗,66.42 ± 0.72 / 57.57 ± 1.23@@66.41765279523581,71.07 ± 1.59 / 65.46 ± 1.28@@71.06723132387486,69.19 ± 0.66 / 84.26 ± 0.36@@69.18636764018856,13.02 ± 5.55 / 11.85 ± 4.94@@13.023487980332305,<9.2.0@@0,<9.2.0@@0,<9.2.0@@0,<9.2.0@@0
microsoft/xlm-align-base,2.25,278045955.0,250002.0,512,14744.17,✓,✗,73.67 ± 1.48 / 68.61 ± 3.14@@73.66626346652403,78.60 ± 1.91 / 73.04 ± 2.25@@78.59713885556553,15.41 ± 4.59 / 53.29 ± 3.93@@15.4134800714469,37.13 ± 3.07 / 32.41 ± 3.14@@37.13460272477073,<9.2.0@@0,<9.2.0@@0,<9.2.0@@0,<9.2.0@@0
senseable/WestLake-7B-v2 (few-shot),2.25,7241732096.0,32000.0,32768,1856.85,✗,✗,67.74 ± 2.79 / 71.89 ± 1.89@@67.7353657568561,58.90 ± 1.34 / 42.48 ± 3.97@@58.90055319994006,16.52 ± 2.55 / 46.30 ± 2.62@@16.51541296750673,59.91 ± 0.48 / 49.41 ± 1.21@@59.91383401656272,12.6.1@@120601,12.6.1@@120601,12.6.1@@120601,12.6.1@@120601
danish-foundation-models/munin-7b-alpha (few-shot),2.26,7241732096.0,32000.0,32768,6116.08,✓,✗,78.80 ± 0.93 / 75.28 ± 1.78@@78.79583984801806,42.23 ± 2.44 / 30.30 ± 4.71@@42.23427355355748,15.47 ± 1.79 / 54.26 ± 3.41@@15.474572700377232,62.43 ± 0.95 / 56.75 ± 1.15@@62.43472108291492,12.4.0@@120400,12.5.2@@120502,12.4.0@@120400,12.4.0@@120400
CohereForAI/c4ai-command-r-v01 (few-shot),2.26,34980831232.0,256000.0,8192,1919.22,✗,✗,80.24 ± 0.75 / 78.86 ± 1.28@@80.24479175468974,47.15 ± 2.31 / 29.98 ± 2.07@@47.14947660282417,11.35 ± 1.20 / 41.82 ± 1.41@@11.35306936750032,61.00 ± 1.14 / 49.93 ± 1.69@@61.00450558321959,14.0.4@@140004,14.0.4@@140004,14.0.4@@140004,14.0.4@@140004
RuterNorway/Llama-2-13b-chat-norwegian (few-shot),2.27,,32000.0,4096,3254.47,✗,✗,74.17 ± 2.12 / 76.62 ± 1.83@@74.17241163491879,50.85 ± 2.44 / 39.65 ± 3.83@@50.850188321082534,7.51 ± 1.94 / 37.81 ± 1.76@@7.513196396200169,63.28 ± 0.71 / 57.32 ± 0.63@@63.27728757852634,9.3.1@@90301,9.3.1@@90301,9.3.1@@90301,9.3.1@@90301
meta-llama/Llama-2-7b-hf (few-shot),2.29,6738417664.0,32000.0,4096,930.05,✓,✗,79.05 ± 1.08 / 75.52 ± 2.66@@79.05052665303913,44.11 ± 4.26 / 31.64 ± 4.48@@44.106006554305985,7.34 ± 3.19 / 43.83 ± 5.31@@7.3403133124525874,63.16 ± 0.77 / 57.49 ± 0.95@@63.15957705557362,9.2.0@@90200,9.2.0@@90200,9.2.0@@90200,12.5.1@@120501
sentence-transformers/stsb-xlm-r-multilingual,2.29,278045955.0,250002.0,512,15039.9,✓,✗,72.77 ± 0.89 / 68.13 ± 1.56@@72.7696513303967,68.94 ± 1.53 / 62.54 ± 1.20@@68.93905293283159,40.21 ± 2.53 / 67.11 ± 1.86@@40.2110298336993,25.99 ± 1.19 / 20.09 ± 1.31@@25.989262957386263,<9.2.0@@0,<9.2.0@@0,<9.2.0@@0,<9.2.0@@0
DDSC/roberta-base-scandinavian,2.29,124647939.0,50265.0,512,14490.87,✓,✗,72.28 ± 0.79 / 71.62 ± 1.38@@72.28446940896968,58.84 ± 13.92 / 53.63 ± 12.63@@58.84086761467115,37.61 ± 17.89 / 66.93 ± 9.43@@37.613302139992314,35.43 ± 0.61 / 30.59 ± 0.68@@35.434810734816935,<9.2.0@@0,<9.2.0@@0,<9.2.0@@0,<9.2.0@@0
"mlabonne/AlphaMonarch-7B (few-shot, val)",2.31,7241732096.0,32000.0,8192,5340.04,✗,✓,67.03 ± 3.61 / 70.77 ± 1.95@@67.02967045765908,60.53 ± 3.06 / 48.45 ± 5.19@@60.53406926142182,15.10 ± 4.60 / 48.57 ± 2.91@@15.09799361333625,53.50 ± 1.40 / 42.46 ± 1.63@@53.503862643441025,12.5.2@@120502,12.5.2@@120502,12.5.2@@120502,12.5.2@@120502
meta-llama/Llama-3.2-3B-Instruct (few-shot),2.31,3212749824.0,128256.0,131073,10423.76,✗,✗,76.98 ± 1.31 / 71.38 ± 3.20@@76.97504877282529,43.74 ± 2.58 / 34.37 ± 2.59@@43.737799908172164,16.01 ± 2.24 / 51.83 ± 3.50@@16.00513059012184,57.83 ± 0.99 / 48.38 ± 1.78@@57.83058524535181,13.0.0@@130000,13.0.0@@130000,13.0.0@@130000,13.0.0@@130000
occiglot/occiglot-7b-eu5 (few-shot),2.31,7241732096.0,32000.0,32768,2219.46,✓,✗,76.56 ± 1.52 / 78.16 ± 1.12@@76.56009346736374,49.02 ± 3.23 / 41.69 ± 3.74@@49.01965207711149,2.18 ± 2.34 / 36.26 ± 3.89@@2.184918158219141,63.65 ± 0.89 / 58.98 ± 0.95@@63.65041988780761,12.1.0@@120100,12.5.2@@120502,12.1.0@@120100,12.1.0@@120100
bineric/NorskGPT-Llama-13B-v0.1 (few-shot),2.32,,32000.0,4096,2856.44,✗,✗,79.05 ± 0.80 / 77.87 ± 2.06@@79.05087251290814,49.26 ± 2.31 / 36.92 ± 4.05@@49.25561695283928,0.22 ± 0.43 / 33.38 ± 0.26@@0.21909069802700812,63.61 ± 0.61 / 56.78 ± 1.02@@63.6105416973994,12.10.4@@121004,12.10.4@@121004,12.10.4@@121004,12.10.4@@121004
sentence-transformers/paraphrase-xlm-r-multilingual-v1,2.34,278045955.0,250002.0,512,20154.46,✓,✗,71.33 ± 1.20 / 65.44 ± 3.64@@71.33299376834864,70.22 ± 1.49 / 63.97 ± 1.48@@70.21697652907683,39.60 ± 5.87 / 66.60 ± 3.19@@39.60281700636802,24.75 ± 0.98 / 18.65 ± 1.15@@24.75065610053292,<9.2.0@@0,<9.2.0@@0,<9.2.0@@0,<9.2.0@@0
occiglot/occiglot-7b-eu5-instruct (few-shot),2.34,7241748480.0,32002.0,32768,2087.8,✗,✗,71.73 ± 2.40 / 74.97 ± 1.84@@71.72541071727842,47.67 ± 2.81 / 36.91 ± 3.50@@47.665436881723444,7.90 ± 3.20 / 41.24 ± 4.78@@7.901586553715156,64.48 ± 0.73 / 57.78 ± 0.79@@64.48455713931673,12.2.0@@120200,12.5.2@@120502,12.3.1@@120301,12.4.0@@120400
ibm-granite/granite-8b-code-base-4k (few-shot),2.34,8054910976.0,49152.0,4096,2312.61,✓,✗,74.45 ± 1.19 / 72.26 ± 0.89@@74.44927181725728,59.77 ± 3.55 / 45.71 ± 4.91@@59.76666366983363,3.97 ± 1.50 / 34.79 ± 0.80@@3.9684495939227125,56.07 ± 0.89 / 50.18 ± 1.05@@56.074356458447085,13.0.0@@130000,13.0.0@@130000,13.0.0@@130000,13.0.0@@130000
microsoft/infoxlm-base,2.36,278045955.0,250002.0,512,34735.22,✓,✗,71.48 ± 2.63 / 65.72 ± 4.78@@71.47848646168381,79.43 ± 1.07 / 74.17 ± 1.10@@79.43430462633805,7.26 ± 2.18 / 45.42 ± 4.53@@7.255962308991748,38.23 ± 1.57 / 33.72 ± 1.71@@38.22771407712508,<9.2.0@@0,<9.2.0@@0,<9.2.0@@0,<9.2.0@@0
distilbert/distilbert-base-multilingual-cased,2.36,135326979.0,119547.0,512,26354.74,✓,✗,59.66 ± 1.22 / 56.16 ± 2.13@@59.65687109745066,70.08 ± 1.38 / 64.46 ± 1.31@@70.08359549544532,33.71 ± 1.12 / 65.32 ± 0.86@@33.71469637745735,36.44 ± 1.87 / 31.48 ± 1.85@@36.43920855032195,<9.2.0@@0,<9.2.0@@0,<9.2.0@@0,<9.2.0@@0
sentence-transformers/paraphrase-multilingual-mpnet-base-v2,2.36,278045955.0,250002.0,512,15099.94,✓,✗,73.47 ± 0.84 / 70.20 ± 2.49@@73.46970188963077,65.14 ± 1.57 / 59.82 ± 1.39@@65.14113406541236,36.62 ± 6.55 / 66.09 ± 5.35@@36.6207330413218,25.00 ± 0.87 / 18.65 ± 0.91@@24.996724635140538,<9.2.0@@0,<9.2.0@@0,<9.2.0@@0,<9.2.0@@0
ibm-granite/granite-8b-code-instruct-4k (few-shot),2.37,8054910976.0,49152.0,4096,5616.81,✓,✗,73.93 ± 1.58 / 73.97 ± 1.19@@73.92704492341979,52.85 ± 2.76 / 35.11 ± 3.66@@52.851996596556425,8.27 ± 2.90 / 43.29 ± 4.82@@8.267430822901511,54.50 ± 0.73 / 48.49 ± 0.77@@54.49999331430905,13.0.0@@130000,13.0.0@@130000,13.0.0@@130000,13.0.0@@130000
Twitter/twhin-bert-large,2.37,561463811.0,250002.0,512,9706.97,✓,✗,63.35 ± 5.43 / 60.33 ± 5.50@@63.345995113312824,74.26 ± 1.65 / 68.20 ± 1.70@@74.25712604278428,16.07 ± 10.73 / 52.48 ± 7.50@@16.06694203970271,41.72 ± 3.83 / 36.77 ± 3.78@@41.72425024690205,<9.2.0@@0,<9.2.0@@0,<9.2.0@@0,<9.2.0@@0
LumiOpen/Viking-33B@1000B (few-shot),2.38,33119034368.0,131072.0,4099,2079.9,✓,✗,77.68 ± 1.11 / 78.86 ± 0.93@@77.68344577443912,42.35 ± 1.51 / 28.31 ± 3.87@@42.35315670632196,8.08 ± 1.69 / 50.52 ± 2.25@@8.084031053389864,60.34 ± 1.10 / 54.57 ± 1.25@@60.33936605613536,12.9.0@@120900,12.9.0@@120900,12.9.0@@120900,12.9.0@@120900
mistralai/Mistral-7B-Instruct-v0.1 (few-shot),2.38,7241732096.0,32000.0,32768,633.64,✗,✗,73.33 ± 1.98 / 76.19 ± 1.59@@73.33216906722721,45.01 ± 2.11 / 27.59 ± 3.35@@45.01012310318086,11.59 ± 3.45 / 40.89 ± 4.15@@11.586091078874823,59.29 ± 1.17 / 52.12 ± 1.42@@59.28979541062323,9.3.1@@90301,9.3.1@@90301,9.3.1@@90301,12.4.0@@120400
clips/mfaq,2.38,278048259.0,250005.0,128,5591.18,✓,✗,73.32 ± 1.13 / 70.21 ± 3.74@@73.32446019889314,76.31 ± 1.29 / 70.91 ± 1.27@@76.31284745594692,32.29 ± 10.98 / 62.21 ± 5.02@@32.294707152163504,19.52 ± 6.73 / 16.12 ± 5.80@@19.521954849432777,<9.2.0@@0,<9.2.0@@0,<9.2.0@@0,<9.2.0@@0
tollefj/nordavind-7b-instruct-warm (few-shot),2.38,7248023552.0,32768.0,2048,6450.44,✗,✗,77.91 ± 1.42 / 76.08 ± 2.54@@77.91207643427111,47.24 ± 3.36 / 24.94 ± 3.21@@47.238466447599635,5.55 ± 2.55 / 48.57 ± 3.21@@5.552085807516899,57.55 ± 0.69 / 51.41 ± 0.74@@57.54588980269185,12.3.2@@120302,12.5.2@@120502,12.3.2@@120302,12.4.0@@120400
allenai/OLMo-1.7-7B-hf (few-shot),2.38,6888095744.0,50304.0,4096,3371.43,✓,✗,76.60 ± 0.98 / 64.63 ± 2.41@@76.60435837766212,41.25 ± 2.07 / 32.87 ± 2.49@@41.249151470377235,6.37 ± 2.08 / 49.55 ± 3.34@@6.3700232599795,61.35 ± 0.68 / 54.87 ± 0.64@@61.349782988376276,12.10.4@@121004,12.10.5@@121005,12.10.4@@121004,12.10.5@@121005
mistralai/Mistral-7B-Instruct-v0.2 (few-shot),2.39,7241732096.0,32000.0,32768,2370.41,✗,✗,62.90 ± 2.44 / 70.61 ± 1.19@@62.89987484016646,47.92 ± 2.66 / 33.00 ± 3.24@@47.91984060154731,19.95 ± 2.24 / 56.49 ± 2.10@@19.950264820706153,61.42 ± 0.52 / 52.51 ± 0.36@@61.41933723619784,9.2.0@@90200,9.2.0@@90200,9.3.1@@90301,12.4.0@@120400
meta-llama/Llama-2-13b-chat-hf (few-shot),2.39,13015866880.0,32000.0,4096,1719.8,✓,✗,78.23 ± 0.74 / 78.44 ± 1.01@@78.2256514954242,35.05 ± 1.61 / 22.62 ± 1.03@@35.05039401268759,14.68 ± 1.64 / 51.86 ± 2.35@@14.683763593122254,59.82 ± 0.86 / 51.69 ± 0.85@@59.815898229193465,14.3.0@@140300,14.3.0@@140300,14.3.0@@140300,14.3.0@@140300
ibm-granite/granite-3.0-2b-instruct (few-shot),2.4,2634201088.0,49155.0,4097,10193.87,✓,✗,72.76 ± 2.25 / 72.65 ± 2.38@@72.75819103047321,45.23 ± 3.64 / 37.99 ± 4.03@@45.23026676228733,11.25 ± 2.04 / 51.22 ± 3.26@@11.247789480117328,59.36 ± 0.78 / 52.22 ± 0.70@@59.355939241922634,13.0.0@@130000,13.0.0@@130000,13.0.0@@130000,13.0.0@@130000
Geotrend/distilbert-base-25lang-cased,2.4,108783363.0,84985.0,512,26098.8,✓,✗,60.69 ± 0.46 / 56.69 ± 1.35@@60.69087144098029,70.56 ± 1.36 / 64.49 ± 1.43@@70.5617570464047,30.83 ± 1.47 / 63.39 ± 1.60@@30.8273865458974,36.45 ± 1.05 / 31.41 ± 1.05@@36.4470920680557,<9.2.0@@0,<9.2.0@@0,<9.2.0@@0,<9.2.0@@0
TrustLLMeu/baseline-7-8b_1t-tokens_llama (few-shot),2.4,7799574528.0,100096.0,4096,6196.57,✓,✗,79.18 ± 0.46 / 76.66 ± 1.44@@79.18326788316031,42.87 ± 3.17 / 40.34 ± 2.52@@42.8672156295226,8.65 ± 1.60 / 46.95 ± 3.15@@8.651223592175425,57.58 ± 0.79 / 51.56 ± 0.79@@57.5766958011337,13.0.0@@130000,13.0.0@@130000,13.0.0@@130000,13.0.0@@130000
google/gemma-2-2b-it (few-shot),2.41,2614341888.0,256000.0,8193,5373.87,✓,✗,75.84 ± 1.41 / 77.22 ± 1.09@@75.84428805530679,35.61 ± 2.19 / 26.05 ± 2.45@@35.60527748087722,15.62 ± 1.67 / 51.30 ± 3.09@@15.615049693587519,58.65 ± 0.83 / 47.76 ± 0.92@@58.64671432235824,13.0.0@@130000,13.0.0@@130000,13.0.0@@130000,13.0.0@@130000
neph1/bellman-7b-mistral-instruct-v0.2 (few-shot),2.42,7241732096.0,32000.0,32768,2517.83,✗,✗,55.84 ± 2.51 / 66.96 ± 1.37@@55.835564115339785,54.38 ± 2.92 / 39.66 ± 5.20@@54.37847740511972,16.05 ± 2.15 / 54.22 ± 2.86@@16.045096843583032,61.85 ± 0.63 / 53.22 ± 0.88@@61.85457384998438,9.2.0@@90200,9.2.0@@90200,9.2.0@@90200,12.4.0@@120400
dbmdz/bert-base-historic-multilingual-cased,2.42,110619651.0,32000.0,512,20046.97,✓,✗,64.25 ± 1.66 / 63.62 ± 2.92@@64.24562338001778,68.83 ± 1.00 / 63.29 ± 1.48@@68.8268306461287,28.62 ± 9.43 / 59.33 ± 5.91@@28.615151082664426,34.26 ± 2.03 / 28.78 ± 2.01@@34.25830977559254,<9.2.0@@0,<9.2.0@@0,<9.2.0@@0,<9.2.0@@0
AI-Sweden-Models/gpt-sw3-40b (few-shot),2.42,39926513664.0,64000.0,2048,408.99,✓,✗,80.44 ± 0.54 / 77.81 ± 1.18@@80.4388078761186,32.00 ± 3.27 / 17.02 ± 2.03@@31.998615105971712,10.73 ± 2.53 / 51.37 ± 4.05@@10.731693939376466,60.53 ± 0.78 / 53.80 ± 0.86@@60.52651798674945,12.9.0@@120900,12.9.0@@120900,12.9.0@@120900,12.9.0@@120900
neuralmagic/Sparse-Llama-3.1-8B-2of4 (few-shot),2.42,8030261248.0,128256.0,131072,2996.46,✓,✗,76.57 ± 0.92 / 76.28 ± 1.76@@76.56796699222878,33.21 ± 2.39 / 32.18 ± 2.40@@33.20519786611162,10.51 ± 3.79 / 49.04 ± 4.63@@10.509698942539181,63.06 ± 0.85 / 58.15 ± 1.06@@63.06299141320797,13.2.0@@130200,13.2.0@@130200,13.2.0@@130200,13.2.0@@130200
Geotrend/distilbert-base-en-fr-de-no-da-cased,2.43,75548163.0,41710.0,512,26081.06,✓,✗,59.83 ± 1.11 / 55.15 ± 0.99@@59.83112550620453,69.94 ± 1.11 / 63.93 ± 1.47@@69.93884092794104,29.82 ± 1.23 / 63.32 ± 1.41@@29.818849255808004,36.20 ± 1.22 / 31.13 ± 1.15@@36.195428582966734,<9.2.0@@0,<9.2.0@@0,<9.2.0@@0,<9.2.0@@0
MaLA-LM/emma-500-llama2-7b (few-shot),2.43,6738415616.0,32000.0,4096,6275.17,✓,✗,75.64 ± 1.51 / 76.06 ± 1.42@@75.63645367653693,41.49 ± 2.82 / 38.09 ± 2.86@@41.492969730995796,0.66 ± 1.97 / 33.73 ± 0.54@@0.6587335417552407,63.85 ± 0.46 / 57.48 ± 0.54@@63.84510044320467,13.0.0@@130000,13.0.0@@130000,13.0.0@@130000,13.0.0@@130000
Geotrend/distilbert-base-en-da-cased,2.45,68652291.0,32731.0,512,26196.27,✓,✗,59.42 ± 1.21 / 55.74 ± 1.26@@59.424833126803875,69.62 ± 0.88 / 63.51 ± 1.33@@69.62305579770225,29.01 ± 2.06 / 62.65 ± 1.37@@29.00975571234684,36.82 ± 1.14 / 31.82 ± 1.07@@36.82018512507774,<9.2.0@@0,<9.2.0@@0,<9.2.0@@0,<9.2.0@@0
norallm/normistral-7b-warm (few-shot),2.45,7248023552.0,32768.0,2048,3174.78,✓,✗,76.09 ± 1.23 / 74.78 ± 1.97@@76.08870049025391,48.78 ± 5.08 / 26.81 ± 3.42@@48.77872648764412,2.53 ± 2.80 / 47.37 ± 2.29@@2.534863128233815,55.09 ± 0.85 / 48.93 ± 0.97@@55.093440167285245,11.0.0@@110000,11.0.0@@110000,11.0.0@@110000,11.0.0@@110000
Geotrend/distilbert-base-en-no-cased,2.45,68913411.0,33071.0,512,26597.05,✓,✗,59.53 ± 1.69 / 57.93 ± 2.20@@59.530965862639974,69.28 ± 1.15 / 63.61 ± 1.27@@69.28221028262999,29.36 ± 1.50 / 63.60 ± 0.89@@29.363471287108794,35.34 ± 1.63 / 30.42 ± 1.54@@35.34492270878911,<9.2.0@@0,<9.2.0@@0,<9.2.0@@0,<9.2.0@@0
01-ai/Yi-1.5-6B (few-shot),2.45,6061035520.0,64000.0,4097,2867.41,✓,✗,70.71 ± 1.99 / 71.19 ± 1.14@@70.71054040210211,45.55 ± 2.18 / 26.78 ± 3.65@@45.54729996712219,4.83 ± 3.48 / 36.64 ± 2.95@@4.827426758776081,61.21 ± 0.89 / 55.25 ± 1.21@@61.206438335909866,13.0.0@@130000,13.0.0@@130000,13.0.0@@130000,13.0.0@@130000
AI-Sweden-Models/gpt-sw3-20b (few-shot),2.46,20918423552.0,64000.0,2048,1875.24,✓,✗,79.12 ± 1.56 / 79.29 ± 1.53@@79.12356773481687,30.44 ± 3.18 / 20.24 ± 2.36@@30.43840998339478,12.09 ± 3.01 / 48.66 ± 3.76@@12.094738940488178,59.95 ± 0.62 / 53.32 ± 0.72@@59.948289237099345,14.3.0@@140300,14.3.0@@140300,14.3.0@@140300,14.3.0@@140300
"claude-3-5-haiku-20241022 (zero-shot, val)",2.46,,,200000,199.99,✓,✗,59.89 ± 3.67 / 62.05 ± 2.71@@59.890206922977505,57.06 ± 2.15 / 38.72 ± 1.61@@57.05751407319283,9.30 ± 1.88 / 35.59 ± 0.94@@9.296323106858903,58.05 ± 1.05 / 39.97 ± 1.52@@58.05112564019983,14.0.2@@140002,14.0.2@@140002,14.0.3@@140003,14.0.3@@140003
"merge-crew/da-sv-dare-ties-density-0.3 (few-shot, val)",2.47,7241732096.0,32000.0,32768,2460.88,✓,✓,75.33 ± 2.41 / 77.99 ± 2.58@@75.33027722446592,32.37 ± 3.05 / 24.60 ± 3.81@@32.36531333862097,12.73 ± 6.32 / 45.51 ± 7.43@@12.727849479295003,58.32 ± 1.46 / 53.05 ± 1.83@@58.32429035267114,10.0.1@@100001,10.0.1@@100001,10.0.1@@100001,10.0.1@@100001
Geotrend/distilbert-base-da-cased,2.47,61294083.0,23150.0,512,28949.94,✓,✗,58.47 ± 1.30 / 56.03 ± 2.36@@58.46620000952727,69.25 ± 1.37 / 63.90 ± 1.27@@69.24660755274282,29.80 ± 1.57 / 63.53 ± 0.90@@29.79811513651634,35.37 ± 1.52 / 30.61 ± 1.31@@35.365128195526395,<9.2.0@@0,<9.2.0@@0,<9.2.0@@0,<9.2.0@@0
NbAiLab/nb-llama-3.1-70B (few-shot),2.49,70553706496.0,128256.0,131072,1219.56,✓,✗,79.55 ± 1.16 / 76.00 ± 2.17@@79.55181962018058,69.54 ± 1.72 / 57.56 ± 4.03@@69.5375415528542,28.27 ± 6.55 / 54.36 ± 6.56@@28.2683058695254,13.84 ± 0.38 / 0.07 ± 0.06@@13.84417194842539,14.0.4@@140004,14.0.4@@140004,14.0.4@@140004,14.3.0@@140300
NorwAI/NorwAI-Mistral-7B (few-shot),2.5,7536586752.0,67993.0,4096,3034.67,✓,✗,80.26 ± 0.89 / 77.89 ± 0.89@@80.2578441281419,23.88 ± 7.28 / 17.99 ± 3.56@@23.877135495507385,13.50 ± 2.27 / 52.55 ± 2.86@@13.50301758102417,60.74 ± 0.89 / 55.02 ± 0.96@@60.73874609815367,12.10.4@@121004,12.10.5@@121005,12.10.5@@121005,12.10.5@@121005
Addedk/mbert-swedish-distilled-cased,2.5,135328515.0,119547.0,512,26091.07,✓,✗,62.10 ± 1.18 / 60.27 ± 2.82@@62.09777153012992,73.41 ± 1.54 / 66.98 ± 1.68@@73.41169419068788,34.86 ± 1.29 / 66.98 ± 0.77@@34.85503799049918,21.09 ± 3.18 / 18.10 ± 2.67@@21.089522871056275,<9.2.0@@0,<9.2.0@@0,<9.2.0@@0,<9.2.0@@0
emillykkejensen/Phi-3-mini-4k-instruct-dansk (few-shot),2.5,3821079552.0,32064.0,4096,1360.1,✗,✗,68.43 ± 2.12 / 68.82 ± 2.65@@68.43071502729437,47.81 ± 2.60 / 27.94 ± 5.79@@47.80743975381833,3.63 ± 1.46 / 43.69 ± 4.56@@3.6333623998441325,58.80 ± 0.59 / 53.03 ± 0.62@@58.798454509859674,12.10.4@@121004,12.10.4@@121004,12.10.4@@121004,12.10.4@@121004
ibm-granite/granite-3b-code-base-2k (few-shot),2.5,3482503680.0,49152.0,2048,2731.51,✓,✗,70.61 ± 1.12 / 60.47 ± 1.13@@70.61445660076177,51.76 ± 4.53 / 41.73 ± 6.65@@51.76027069022759,6.24 ± 3.11 / 46.34 ± 5.43@@6.23629514454419,50.56 ± 1.33 / 44.67 ± 1.34@@50.55933615326734,13.0.0@@130000,13.0.0@@130000,13.0.0@@130000,13.0.0@@130000
sentence-transformers/paraphrase-multilingual-MiniLM-L12-v2,2.5,117654915.0,250037.0,512,29200.68,✓,✗,72.19 ± 0.71 / 67.88 ± 2.34@@72.19447570192744,66.50 ± 1.49 / 59.99 ± 1.40@@66.50101423652444,28.75 ± 5.58 / 63.30 ± 2.60@@28.75424644565329,23.08 ± 0.95 / 15.91 ± 0.87@@23.084483817891332,<9.2.0@@0,<9.2.0@@0,<9.2.0@@0,<9.2.0@@0
bineric/NorskGPT-Llama-7B-v0.1 (few-shot),2.51,6738415616.0,32000.0,4096,5384.08,✗,✗,60.91 ± 2.35 / 59.47 ± 1.21@@60.90778594089462,53.95 ± 1.89 / 42.16 ± 4.59@@53.94510378171825,0.32 ± 0.62 / 33.39 ± 0.28@@0.3160295082375379,63.41 ± 0.55 / 55.28 ± 0.62@@63.40714322741834,12.3.2@@120302,12.5.2@@120502,12.3.2@@120302,12.3.2@@120302
LumiOpen/Viking-13B (few-shot),2.52,14030361600.0,131072.0,4097,839.52,✓,✗,78.66 ± 1.03 / 78.34 ± 1.13@@78.66190788115782,31.55 ± 4.67 / 18.37 ± 2.73@@31.54799997214513,5.69 ± 2.24 / 44.98 ± 3.55@@5.686443292377262,57.87 ± 1.27 / 52.93 ± 1.30@@57.869854565908916,12.10.5@@121005,12.10.5@@121005,12.10.5@@121005,12.10.5@@121005
norallm/normistral-7b-warm-instruct (few-shot),2.53,,32768.0,2048,6193.5,✓,✗,63.64 ± 3.74 / 65.08 ± 2.46@@63.636530347590046,51.45 ± 3.13 / 26.49 ± 3.00@@51.44960128059065,5.80 ± 1.74 / 51.04 ± 1.54@@5.798951571442875,57.09 ± 0.92 / 48.95 ± 1.00@@57.08550925350464,12.6.1@@120601,12.6.1@@120601,12.6.1@@120601,12.6.1@@120601
microsoft/Phi-3-mini-4k-instruct (few-shot),2.53,3821079552.0,32064.0,4096,8681.12,✓,✗,67.17 ± 1.93 / 70.99 ± 1.64@@67.17263896110153,46.15 ± 2.77 / 24.28 ± 3.74@@46.15463325974514,5.30 ± 1.62 / 47.01 ± 3.23@@5.299821304564861,57.49 ± 0.81 / 51.12 ± 1.02@@57.48925970855386,12.10.5@@121005,12.10.5@@121005,12.10.5@@121005,12.10.5@@121005
stabilityai/stablelm-2-1_6b (few-shot),2.54,1644515328.0,100352.0,4096,7258.53,✓,✗,75.15 ± 0.55 / 61.46 ± 0.82@@75.14855053359224,38.00 ± 4.39 / 29.74 ± 5.04@@38.0023372762656,1.04 ± 2.08 / 34.49 ± 1.17@@1.0439197475666424,58.91 ± 0.32 / 53.11 ± 0.53@@58.905191133409474,12.10.8@@121008,12.10.8@@121008,12.10.8@@121008,12.10.8@@121008
mideind/IceBERT-xlmr-ic3,2.54,278045955.0,250002.0,512,11004.24,✓,✗,66.01 ± 1.43 / 57.28 ± 0.85@@66.01414591593453,70.57 ± 1.07 / 70.41 ± 0.93@@70.56714837415795,10.20 ± 5.38 / 50.80 ± 4.15@@10.203964747392698,36.08 ± 0.92 / 30.71 ± 0.94@@36.08303703873277,12.7.0@@120700,12.7.0@@120700,12.7.0@@120700,12.7.0@@120700
meta-llama/Llama-2-7b-chat-hf (few-shot),2.56,6738417664.0,32000.0,4096,2643.05,✗,✗,66.18 ± 3.25 / 72.00 ± 1.75@@66.18164703642113,39.72 ± 2.82 / 29.85 ± 2.99@@39.724235641953456,6.74 ± 1.66 / 45.55 ± 4.31@@6.7394258361962,60.90 ± 0.82 / 54.05 ± 0.84@@60.90079107647998,9.3.1@@90301,9.3.1@@90301,9.3.1@@90301,12.4.0@@120400
google/gemma-2-2b (few-shot),2.58,2614341888.0,256000.0,8193,5235.32,✓,✗,76.36 ± 1.10 / 65.98 ± 2.36@@76.3582066757418,30.45 ± 3.49 / 23.98 ± 3.18@@30.445693457143708,6.06 ± 2.07 / 49.80 ± 2.71@@6.0566710482514825,60.59 ± 0.61 / 55.19 ± 0.71@@60.59183792059677,13.0.0@@130000,13.0.0@@130000,13.0.0@@130000,13.0.0@@130000
ibm-granite/granite-3.0-3b-a800m-instruct (few-shot),2.58,3374295552.0,49155.0,4096,10246.27,✓,✗,68.96 ± 2.04 / 72.76 ± 1.25@@68.95886239169572,40.68 ± 2.32 / 24.33 ± 2.43@@40.67754847267276,4.77 ± 1.97 / 43.64 ± 5.60@@4.7739152788508505,56.63 ± 0.69 / 49.73 ± 0.76@@56.633739018535024,13.0.0@@130000,13.0.0@@130000,13.0.0@@130000,13.0.0@@130000
NorwAI/NorwAI-Llama2-7B (few-shot),2.59,7033270272.0,67993.0,4096,4437.75,✓,✗,79.36 ± 1.35 / 76.34 ± 3.44@@79.3573048268907,24.98 ± 2.04 / 25.50 ± 1.92@@24.98393069574295,5.75 ± 2.23 / 41.27 ± 4.75@@5.745682599900528,60.74 ± 0.65 / 54.74 ± 0.84@@60.740392030992645,12.10.5@@121005,12.10.5@@121005,12.10.5@@121005,12.10.5@@121005
dbmdz/bert-medium-historic-multilingual-cased,2.59,42131459.0,32000.0,512,24291.12,✓,✗,59.66 ± 1.84 / 55.24 ± 1.32@@59.65973797792012,66.11 ± 1.24 / 61.03 ± 1.08@@66.11168189266569,26.28 ± 8.44 / 59.64 ± 5.68@@26.277629837329275,30.54 ± 0.96 / 24.36 ± 0.92@@30.544823626077783,<9.2.0@@0,<9.2.0@@0,<9.2.0@@0,<9.2.0@@0
HPLT/gpt-33b-nordic-prerelease (few-shot),2.59,33119034368.0,131072.0,4099,501.12,✓,✗,76.75 ± 1.17 / 74.66 ± 1.20@@76.75314049675816,33.61 ± 6.02 / 22.18 ± 4.32@@33.612762260114664,1.66 ± 1.36 / 33.60 ± 0.30@@1.6556852600985932,56.96 ± 1.73 / 50.68 ± 1.94@@56.95565124090861,12.9.1@@120901,12.9.1@@120901,12.10.0@@121000,12.10.0@@121000
NbAiLab/nb-llama-3.1-8B (few-shot),2.6,8030261248.0,128256.0,131072,1297.18,✓,✗,80.41 ± 0.94 / 76.59 ± 2.74@@80.41471509062943,53.65 ± 2.53 / 39.64 ± 3.15@@53.65363416286033,5.81 ± 2.66 / 35.16 ± 1.09@@5.8102813337363965,33.76 ± 6.30 / 18.60 ± 7.27@@33.760248925731815,14.1.2@@140102,14.0.4@@140004,14.1.2@@140102,14.3.0@@140300
AI-Sweden-Models/gpt-sw3-6.7b-v2 (few-shot),2.6,7111057408.0,64000.0,2048,2350.93,✓,✗,77.47 ± 1.36 / 78.60 ± 1.25@@77.46995299814905,28.73 ± 3.63 / 20.43 ± 3.72@@28.73158331930035,8.78 ± 2.01 / 42.28 ± 3.17@@8.779046977863008,56.51 ± 0.79 / 50.57 ± 0.94@@56.514593156278764,9.2.0@@90200,9.2.0@@90200,9.2.0@@90200,12.5.1@@120501
ibm-granite/granite-3.0-2b-base (few-shot),2.61,2533525504.0,49152.0,4097,10186.88,✓,✗,68.85 ± 5.19 / 70.02 ± 3.95@@68.84566058326578,36.54 ± 2.70 / 28.79 ± 3.85@@36.53526293290572,2.60 ± 2.58 / 40.21 ± 4.08@@2.604163364802598,59.78 ± 0.77 / 54.58 ± 0.89@@59.77848298428681,13.0.0@@130000,13.0.0@@130000,13.0.0@@130000,13.0.0@@130000
meta-llama/Llama-3.2-1B-Instruct (few-shot),2.61,1235814400.0,128256.0,131073,7435.78,✗,✗,71.86 ± 2.01 / 71.15 ± 2.16@@71.85677183314058,41.60 ± 2.74 / 37.22 ± 3.26@@41.60044900283547,3.72 ± 1.40 / 48.04 ± 1.96@@3.724655176682047,52.90 ± 1.42 / 43.57 ± 1.35@@52.896644056100456,13.0.0@@130000,13.0.0@@130000,13.0.0@@130000,13.0.0@@130000
Qwen/Qwen1.5-4B-Chat (few-shot),2.63,3950369280.0,151936.0,32768,4347.23,✗,✗,64.08 ± 2.44 / 69.62 ± 1.29@@64.07681108705738,40.19 ± 2.97 / 31.88 ± 4.51@@40.18545563643075,5.43 ± 2.02 / 38.32 ± 2.54@@5.431508955205109,59.57 ± 0.97 / 53.21 ± 1.08@@59.569826162786875,10.0.1@@100001,12.5.2@@120502,12.1.0@@120100,12.5.2@@120502
ibm-granite/granite-3b-code-instruct-2k (few-shot),2.65,3482503680.0,49152.0,2048,9058.91,✓,✗,65.67 ± 3.92 / 64.00 ± 3.84@@65.6714716161695,50.10 ± 4.30 / 42.80 ± 5.47@@50.10158245846368,4.55 ± 2.18 / 45.11 ± 4.32@@4.551804663586571,49.35 ± 1.09 / 42.83 ± 1.02@@49.34668622477013,13.0.0@@130000,13.0.0@@130000,13.0.0@@130000,13.0.0@@130000
nvidia/mistral-nemo-minitron-8b-instruct (few-shot),2.68,8414105600.0,131072.0,8192,3160.57,✓,✗,78.68 ± 0.89 / 78.07 ± 0.97@@78.6785890526025,48.51 ± 1.91 / 24.61 ± 1.44@@48.514007550454444,29.18 ± 2.29 / 63.69 ± 1.55@@29.17973094396271,16.78 ± 0.35 / 0.00 ± 0.00@@16.784517862315344,14.1.1@@140101,14.1.1@@140101,14.1.1@@140101,14.1.1@@140101
sentence-transformers/distilbert-multilingual-nli-stsb-quora-ranking,2.68,135326979.0,119547.0,512,33753.4,✓,✗,68.33 ± 1.03 / 64.03 ± 2.47@@68.3345497180707,65.50 ± 1.20 / 59.72 ± 1.22@@65.50106179223033,14.81 ± 6.63 / 55.50 ± 4.28@@14.812093485442606,22.88 ± 1.34 / 16.11 ± 1.18@@22.883050298980827,<9.2.0@@0,<9.2.0@@0,<9.2.0@@0,<9.2.0@@0
HPLT/gpt-13b-nordic-prerelease (few-shot),2.68,14030361600.0,131072.0,4099,3519.54,✓,✗,72.26 ± 6.90 / 72.58 ± 5.87@@72.25645825538794,32.19 ± 4.64 / 24.93 ± 4.09@@32.192750485503765,2.39 ± 1.29 / 48.49 ± 2.46@@2.394935053295198,53.44 ± 2.49 / 48.92 ± 2.28@@53.43792420956764,12.6.1@@120601,12.6.1@@120601,12.6.1@@120601,12.6.1@@120601
sentence-transformers/quora-distilbert-multilingual,2.68,135326979.0,119547.0,512,26458.45,✓,✗,68.36 ± 1.18 / 63.94 ± 2.47@@68.35866678406856,65.50 ± 1.20 / 59.72 ± 1.22@@65.50106179223033,14.81 ± 6.63 / 55.50 ± 4.28@@14.812093485442606,22.88 ± 1.34 / 16.11 ± 1.18@@22.883050298980827,<9.2.0@@0,<9.2.0@@0,<9.2.0@@0,<9.2.0@@0
ibm-granite/granite-7b-base (few-shot),2.69,6738415616.0,32000.0,2048,4405.37,✓,✗,72.00 ± 1.15 / 69.12 ± 2.00@@71.99990359758786,33.34 ± 3.41 / 30.50 ± 3.44@@33.337962170622475,0.25 ± 1.72 / 43.46 ± 3.96@@0.2525212183510104,57.96 ± 0.98 / 52.53 ± 1.03@@57.95547361617982,12.10.5@@121005,12.10.5@@121005,12.10.5@@121005,12.10.5@@121005
tiiuae/Falcon3-3B-Instruct (few-shot),2.71,3227655168.0,131072.0,32768,6467.85,✓,✗,58.09 ± 1.64 / 61.72 ± 1.27@@58.09294873465278,51.87 ± 2.38 / 28.15 ± 4.78@@51.865287806072416,5.61 ± 1.64 / 41.71 ± 2.47@@5.60718808054967,48.38 ± 0.92 / 41.97 ± 1.11@@48.37928500448598,14.3.0@@140300,14.3.0@@140300,14.3.0@@140300,14.3.0@@140300
allenai/OLMo-7B (few-shot),2.72,6888095744.0,50280.0,2051,5402.86,✓,✗,72.08 ± 1.20 / 63.52 ± 3.36@@72.07908827331873,37.36 ± 2.11 / 28.59 ± 3.03@@37.36083014302774,-0.86 ± 1.61 / 33.84 ± 0.59@@-0.861482610396721,51.46 ± 0.93 / 45.16 ± 0.96@@51.459839804198864,12.5.2@@120502,12.5.2@@120502,12.5.2@@120502,12.5.2@@120502
utter-project/EuroLLM-1.7B-Instruct (few-shot),2.73,1656850432.0,128000.0,4096,15008.58,✓,✗,72.24 ± 0.82 / 68.89 ± 2.63@@72.24274781654735,27.41 ± 2.70 / 24.45 ± 3.82@@27.40984261909265,0.13 ± 1.85 / 36.22 ± 3.14@@0.13073278048148926,56.59 ± 0.54 / 49.77 ± 0.63@@56.5916549668121,13.1.0@@130100,13.1.0@@130100,13.1.0@@130100,13.1.0@@130100
LumiOpen/Viking-7B (few-shot),2.74,7550013440.0,131072.0,4096,1430.69,✓,✗,72.02 ± 3.18 / 72.36 ± 3.96@@72.01883561081569,30.64 ± 4.19 / 23.90 ± 3.44@@30.635497764205233,1.08 ± 1.36 / 38.63 ± 3.03@@1.0765484302707602,54.59 ± 1.10 / 48.72 ± 1.05@@54.58779459441274,12.7.0@@120700,12.7.0@@120700,12.7.0@@120700,12.7.0@@120700
AI-Sweden-Models/gpt-sw3-20b-instruct (few-shot),2.75,20918423552.0,64000.0,2048,1830.86,✓,✗,68.23 ± 3.81 / 71.17 ± 3.07@@68.23117470872226,15.70 ± 1.54 / 14.65 ± 1.52@@15.703408501629589,12.39 ± 1.39 / 50.99 ± 3.37@@12.390517614229697,60.86 ± 0.77 / 52.04 ± 0.97@@60.855199116724506,9.3.1@@90301,9.3.1@@90301,9.3.1@@90301,9.3.1@@90301
meta-llama/Llama-3.2-1B (few-shot),2.75,1235814400.0,128256.0,131073,7577.45,✓,✗,74.33 ± 1.07 / 73.73 ± 1.77@@74.3304256065112,29.89 ± 7.13 / 27.65 ± 6.45@@29.89319181985638,1.06 ± 1.79 / 43.95 ± 3.08@@1.0568991385157411,52.70 ± 3.39 / 46.89 ± 2.72@@52.696109487107584,13.0.0@@130000,13.0.0@@130000,13.0.0@@130000,13.0.0@@130000
DDSC/roberta-base-danish,2.76,124647939.0,50265.0,512,15003.66,✓,✗,64.02 ± 2.78 / 62.27 ± 4.19@@64.02264977387271,65.95 ± 1.70 / 60.53 ± 1.38@@65.95414464542243,0.80 ± 0.78 / 47.24 ± 3.43@@0.8023623184386779,33.13 ± 0.88 / 28.46 ± 0.90@@33.13322966729852,<9.2.0@@0,<9.2.0@@0,<9.2.0@@0,<9.2.0@@0
HuggingFaceTB/SmolLM2-1.7B (few-shot),2.77,1711376384.0,49152.0,8192,16248.88,✓,✗,68.31 ± 1.43 / 72.51 ± 1.03@@68.31036531295179,35.96 ± 3.50 / 26.41 ± 4.11@@35.958145755692705,3.61 ± 1.79 / 49.47 ± 1.68@@3.607370530529133,49.32 ± 1.97 / 43.26 ± 1.85@@49.3199652936589,13.1.0@@130100,13.1.0@@130100,13.1.0@@130100,13.1.0@@130100
four-two-labs/lynx-micro (few-shot),2.78,2506172416.0,256000.0,8192,12061.97,✗,✗,78.58 ± 0.58 / 78.27 ± 0.76@@78.58300678297722,69.19 ± 1.07 / 65.74 ± 0.83@@69.19158606193031,3.67 ± 1.25 / 38.32 ± 1.78@@3.667205242638109,13.47 ± 0.24 / 0.00 ± 0.00@@13.467381883842998,14.1.2@@140102,14.1.1@@140101,14.1.2@@140102,14.1.1@@140101
utter-project/EuroLLM-1.7B (few-shot),2.8,,128000.0,4096,6235.68,✓,✗,70.84 ± 1.21 / 59.06 ± 1.01@@70.8411073613463,29.64 ± 4.17 / 29.21 ± 3.68@@29.63998870036847,1.47 ± 1.38 / 37.01 ± 3.08@@1.4744216973996536,52.77 ± 0.47 / 46.61 ± 0.63@@52.76999232617501,14.1.2@@140102,14.1.2@@140102,14.2.0.dev0@@140200,14.3.0@@140300
HuggingFaceTB/SmolLM2-1.7B-Instruct (few-shot),2.8,1711376384.0,49152.0,8192,15970.88,✓,✗,64.46 ± 3.06 / 69.83 ± 2.00@@64.45867682349464,37.37 ± 1.87 / 26.31 ± 3.34@@37.37477490095641,4.49 ± 1.96 / 46.63 ± 4.39@@4.4915510810968335,49.57 ± 1.17 / 43.92 ± 1.06@@49.574872591114655,13.1.0@@130100,13.1.0@@130100,13.1.0@@130100,13.1.0@@130100
microsoft/Phi-3-mini-128k-instruct (few-shot),2.81,3821079552.0,32064.0,131072,7311.73,✓,✗,51.53 ± 6.32 / 62.14 ± 3.43@@51.528829562619435,42.36 ± 1.67 / 21.33 ± 2.90@@42.36199335658696,3.11 ± 1.60 / 47.93 ± 2.93@@3.113490550135345,57.21 ± 0.95 / 51.11 ± 0.96@@57.20896863313192,12.9.1@@120901,12.9.1@@120901,12.9.1@@120901,12.9.1@@120901
google/gemma-2b (few-shot),2.81,2506172416.0,256000.0,8192,6087.12,✓,✗,75.45 ± 1.10 / 64.08 ± 1.47@@75.44767089508639,14.67 ± 4.71 / 14.85 ± 3.77@@14.668446315169895,3.82 ± 1.23 / 44.81 ± 3.55@@3.8166881542486797,57.35 ± 0.82 / 51.73 ± 0.88@@57.348640652722,12.1.0@@120100,12.5.2@@120502,12.1.0@@120100,12.1.0@@120100
ibm-granite/granite-3.0-3b-a800m-base (few-shot),2.84,3374286336.0,49152.0,4096,10504.04,✓,✗,57.18 ± 5.33 / 62.72 ± 5.30@@57.18452678371078,36.01 ± 3.07 / 24.61 ± 4.22@@36.01135877803023,1.52 ± 2.14 / 38.30 ± 3.62@@1.520477234033966,56.97 ± 0.96 / 51.04 ± 0.95@@56.97499500423946,13.0.0@@130000,13.0.0@@130000,13.0.0@@130000,13.0.0@@130000
openGPT-X/Teuken-7B-instruct-research-v0.4 (few-shot),2.84,7452725248.0,250680.0,4096,1253.66,✗,✗,51.80 ± 4.28 / 57.15 ± 4.66@@51.803647680190636,35.02 ± 2.08 / 17.87 ± 0.89@@35.017342464518116,6.15 ± 0.86 / 36.62 ± 0.84@@6.153171523793891,60.00 ± 0.48 / 50.85 ± 0.74@@59.996763161023445,14.0.4@@140004,14.0.4@@140004,14.0.4@@140004,14.0.4@@140004
AI-Sweden-Models/gpt-sw3-1.3b-instruct (few-shot),2.85,1444532224.0,64000.0,2048,4544.34,✓,✗,73.34 ± 1.34 / 68.41 ± 2.31@@73.33669713821287,19.04 ± 2.67 / 19.98 ± 2.64@@19.037242400876114,2.90 ± 1.74 / 44.43 ± 4.49@@2.8954015047163257,54.69 ± 0.56 / 47.45 ± 0.58@@54.68844733736057,9.3.1@@90301,12.5.2@@120502,12.1.0@@120100,12.4.0@@120400
ibm-granite/granite-7b-instruct (few-shot),2.85,6738481152.0,32008.0,4096,3136.16,✓,✗,65.51 ± 1.71 / 69.73 ± 1.24@@65.51063693468213,29.08 ± 2.82 / 25.68 ± 3.52@@29.08165341849811,0.50 ± 1.34 / 45.71 ± 2.55@@0.5040106562358805,54.03 ± 0.77 / 46.52 ± 0.88@@54.03306998645062,13.0.0@@130000,13.2.0@@130200,13.2.0@@130200,13.2.0@@130200
google/gemma-7b-it (few-shot),2.85,8537680896.0,256000.0,8192,1792.03,✗,✗,28.63 ± 1.24 / 50.95 ± 0.75@@28.625865555358228,59.26 ± 2.00 / 52.73 ± 2.71@@59.26082304006608,11.43 ± 1.88 / 53.31 ± 1.74@@11.425582892231272,53.24 ± 1.72 / 46.67 ± 1.97@@53.23639361278839,12.7.0@@120700,12.7.0@@120700,12.7.0@@120700,12.7.0@@120700
ltg/norbert3-xs,2.86,14972355.0,50000.0,508,14208.46,✓,✗,59.27 ± 2.14 / 55.26 ± 1.73@@59.26509257201551,67.53 ± 1.66 / 62.96 ± 1.62@@67.52817885482096,2.83 ± 2.01 / 49.25 ± 1.48@@2.8302625685865856,27.79 ± 2.63 / 24.11 ± 2.76@@27.788466446285717,<9.2.0@@0,<9.2.0@@0,<9.2.0@@0,<9.2.0@@0
sarnikowski/convbert-medium-small-da-cased,2.86,24486471.0,28995.0,512,13820.64,✓,✗,57.67 ± 1.61 / 53.64 ± 0.68@@57.67255215062561,58.01 ± 1.23 / 53.87 ± 1.25@@58.011138277062535,13.40 ± 4.31 / 55.37 ± 2.61@@13.395681085656353,30.11 ± 0.83 / 24.92 ± 0.80@@30.114050412272814,<9.2.0@@0,<9.2.0@@0,<9.2.0@@0,<9.2.0@@0
KBLab/albert-base-swedish-cased-alpha,2.88,14245891.0,50000.0,512,15925.14,✓,✗,56.57 ± 1.41 / 53.47 ± 0.84@@56.568222291104334,47.19 ± 9.01 / 44.34 ± 8.27@@47.19424522992366,20.92 ± 4.12 / 59.05 ± 1.86@@20.919136566417492,30.47 ± 1.51 / 23.86 ± 1.25@@30.466239785186833,<9.2.0@@0,<9.2.0@@0,<9.2.0@@0,<9.2.0@@0
allenai/OLMo-7B-Twin-2T (few-shot),2.88,6888095744.0,50280.0,2051,5484.4,✓,✗,70.04 ± 2.28 / 60.77 ± 3.00@@70.04014372669933,20.49 ± 7.78 / 19.50 ± 6.82@@20.48711692085153,2.28 ± 1.77 / 36.86 ± 3.97@@2.2800765173216457,51.08 ± 1.21 / 45.85 ± 1.19@@51.07525834062413,12.5.2@@120502,12.5.2@@120502,12.5.2@@120502,12.5.2@@120502
HPLT/gpt-7b-nordic-prerelease (few-shot),2.91,7550013440.0,131072.0,4096,1382.06,✓,✗,61.96 ± 2.69 / 67.81 ± 2.27@@61.962108594910404,27.07 ± 6.33 / 25.24 ± 4.89@@27.07180528221808,2.65 ± 1.46 / 40.25 ± 4.08@@2.652846424497123,52.35 ± 0.87 / 46.16 ± 0.91@@52.35237158261866,12.3.2@@120302,12.5.2@@120502,12.3.2@@120302,12.3.2@@120302
sarnikowski/electra-small-discriminator-da-256-cased,2.91,13354115.0,28995.0,512,20339.7,✓,✗,57.93 ± 1.56 / 53.71 ± 0.61@@57.9276482402441,52.79 ± 1.21 / 48.47 ± 0.71@@52.79247978591235,14.72 ± 2.01 / 55.92 ± 1.11@@14.722011070332227,26.37 ± 0.75 / 20.54 ± 0.97@@26.372726690951993,<9.2.0@@0,<9.2.0@@0,<9.2.0@@0,<9.2.0@@0
tiiuae/Falcon3-3B-Base (few-shot),2.93,3227655168.0,131072.0,32768,6469.55,✓,✗,57.03 ± 3.24 / 61.78 ± 2.40@@57.03396702573287,45.84 ± 2.32 / 34.62 ± 5.53@@45.843361415528605,0.12 ± 1.16 / 33.42 ± 0.29@@0.1177688794219034,44.93 ± 1.07 / 40.12 ± 1.42@@44.93070709606065,14.3.0@@140300,14.3.0@@140300,14.3.0@@140300,14.3.0@@140300
state-spaces/mamba-2.8b-hf (few-shot),2.96,2768345600.0,50280.0,32769,2721.51,✓,✗,71.70 ± 1.09 / 71.01 ± 2.36@@71.70061743303928,23.25 ± 1.99 / 20.55 ± 2.20@@23.248421798786197,-0.82 ± 2.23 / 40.80 ± 4.30@@-0.816982279375578,46.93 ± 1.61 / 40.48 ± 1.52@@46.9322607994548,13.0.0@@130000,13.0.0@@130000,13.0.0@@130000,13.0.0@@130000
NorwAI/NorwAI-Mistral-7B-instruct (few-shot),2.98,7536586752.0,67993.0,4096,3027.1,✗,✗,77.76 ± 0.75 / 67.99 ± 2.31@@77.75563539221118,20.97 ± 2.51 / 16.21 ± 2.03@@20.96620904998377,2.35 ± 1.63 / 38.48 ± 1.53@@2.3468593036064167,38.84 ± 1.85 / 28.65 ± 2.11@@38.83961983360793,12.10.4@@121004,12.10.5@@121005,12.10.5@@121005,12.10.5@@121005
sarnikowski/convbert-small-da-cased,2.99,13014875.0,28995.0,512,14273.42,✓,✗,53.70 ± 1.46 / 51.98 ± 0.58@@53.69964950808701,55.06 ± 0.96 / 51.37 ± 1.03@@55.06254405352936,12.38 ± 3.23 / 55.18 ± 1.91@@12.384511092572744,27.59 ± 0.94 / 22.53 ± 0.86@@27.58693727939832,<9.2.0@@0,<9.2.0@@0,<9.2.0@@0,<9.2.0@@0
AI-Sweden-Models/gpt-sw3-6.7b-v2-instruct (few-shot),2.99,7111057408.0,64000.0,2048,1472.78,✓,✗,56.60 ± 3.37 / 62.73 ± 3.61@@56.60350213650148,14.58 ± 1.30 / 14.79 ± 1.27@@14.576681056950664,10.92 ± 1.83 / 52.63 ± 2.98@@10.915136464124398,57.90 ± 0.53 / 50.18 ± 0.54@@57.90325281090378,9.2.0@@90200,9.2.0@@90200,9.2.0@@90200,12.4.0@@120400
EuropeanParliament/EUBERT,3.02,93990500.0,65636.0,512,20070.41,✓,✗,59.00 ± 1.72 / 56.25 ± 1.72@@59.00487603626572,38.36 ± 1.60 / 37.63 ± 1.73@@38.36123453982421,19.40 ± 5.65 / 58.63 ± 3.13@@19.399572593757803,26.64 ± 0.90 / 19.23 ± 0.59@@26.64419339009482,12.6.1@@120601,12.6.1@@120601,12.6.1@@120601,12.6.1@@120601
danish-foundation-models/encoder-medium-v1,3.03,110619651.0,32000.0,512,16130.05,✓,✗,58.70 ± 2.54 / 58.15 ± 3.35@@58.69915743001456,49.62 ± 2.01 / 46.05 ± 2.11@@49.615466730211494,2.23 ± 2.12 / 46.43 ± 4.85@@2.2299719313455633,30.80 ± 0.81 / 25.45 ± 0.75@@30.799416444023592,<9.2.0@@0,<9.2.0@@0,<9.2.0@@0,<9.2.0@@0
AI-Sweden-Models/gpt-sw3-1.3b (few-shot),3.03,1444532224.0,64000.0,2048,4607.55,✓,✗,71.38 ± 1.76 / 73.21 ± 1.18@@71.38195901406755,6.08 ± 5.75 / 8.77 ± 4.46@@6.081171225024121,1.17 ± 1.07 / 49.78 ± 0.86@@1.1675539220930375,51.69 ± 0.79 / 45.55 ± 0.85@@51.68623126939889,9.3.1@@90301,9.3.1@@90301,9.3.1@@90301,12.5.1@@120501
Maltehb/danish-bert-botxo,3.03,110619651.0,32000.0,512,16091.06,✓,✗,57.42 ± 1.88 / 56.53 ± 1.66@@57.416066196442536,50.29 ± 1.22 / 47.15 ± 1.18@@50.29446719346793,4.94 ± 1.62 / 51.57 ± 1.19@@4.944586850093042,30.28 ± 1.18 / 24.16 ± 1.28@@30.278493774920342,<9.2.0@@0,<9.2.0@@0,<9.2.0@@0,<9.2.0@@0
ibm-granite/granite-3.0-1b-a400m-instruct (few-shot),3.04,1334628352.0,49155.0,4096,7964.03,✓,✗,58.78 ± 1.36 / 60.51 ± 1.88@@58.777904069928574,33.80 ± 1.96 / 21.70 ± 3.21@@33.799773866689776,0.72 ± 1.17 / 45.33 ± 3.14@@0.7181874325802667,42.40 ± 2.14 / 35.45 ± 1.87@@42.401372514765775,13.2.0@@130200,13.2.0@@130200,13.2.0@@130200,13.2.0@@130200
jannesg/bertsson,3.05,124443651.0,50000.0,512,15313.79,✓,✗,61.67 ± 1.40 / 59.12 ± 2.44@@61.67074641214588,51.13 ± 2.13 / 46.67 ± 1.98@@51.12573800494313,2.87 ± 1.53 / 48.92 ± 2.37@@2.8652458494056043,25.10 ± 1.06 / 17.24 ± 1.13@@25.103255871122165,<9.2.0@@0,<9.2.0@@0,<9.2.0@@0,<9.2.0@@0
AI-Sweden-Models/gpt-sw3-6.7b (few-shot),3.1,7111057408.0,64000.0,2048,2285.21,✓,✗,53.68 ± 10.39 / 58.92 ± 10.87@@53.68132022139683,18.83 ± 6.41 / 17.59 ± 4.55@@18.829971344491597,3.49 ± 2.20 / 46.13 ± 4.13@@3.4890364916640175,55.99 ± 0.69 / 49.81 ± 0.70@@55.99007847791315,11.0.0@@110000,11.0.0@@110000,11.0.0@@110000,11.0.0@@110000
sentence-transformers/distiluse-base-multilingual-cased-v1,3.1,135326979.0,119547.0,512,34041.87,✓,✗,60.06 ± 1.30 / 55.65 ± 1.34@@60.059633259077,49.86 ± 1.85 / 44.53 ± 1.58@@49.86233075842682,3.18 ± 1.63 / 48.38 ± 1.42@@3.1801166124393947,23.46 ± 3.10 / 16.08 ± 2.60@@23.458148309973744,<9.2.0@@0,<9.2.0@@0,<9.2.0@@0,<9.2.0@@0
jannikskytt/MeDa-Bert,3.11,110619651.0,32000.0,511,16113.51,✓,✗,53.98 ± 2.05 / 52.94 ± 1.88@@53.98364019636749,48.32 ± 1.62 / 45.04 ± 1.50@@48.324542238561364,3.33 ± 2.12 / 51.06 ± 1.15@@3.328489931502846,29.17 ± 2.19 / 23.15 ± 2.61@@29.166273053887444,<9.2.0@@0,<9.2.0@@0,<9.2.0@@0,<9.2.0@@0
NbAiLab/nb-llama-3.1-8B-Instruct (few-shot),3.12,8030261248.0,128256.0,131072,1295.56,✓,✗,43.55 ± 16.01 / 46.98 ± 12.54@@43.54918144489599,32.54 ± 4.81 / 26.20 ± 4.00@@32.542905154974555,1.93 ± 1.31 / 42.44 ± 4.14@@1.9299445583228072,51.57 ± 1.61 / 44.80 ± 1.75@@51.568579944287855,14.0.4@@140004,14.0.4@@140004,14.0.4@@140004,14.0.4@@140004
sentence-transformers/distiluse-base-multilingual-cased,3.12,134734080.0,119547.0,512,19205.51,✓,✗,63.04 ± 0.70 / 56.50 ± 1.19@@63.037161885413106,51.67 ± 1.46 / 53.62 ± 1.02@@51.66969884625628,2.32 ± 1.83 / 48.77 ± 1.62@@2.3159966531845675,17.75 ± 1.16 / 8.93 ± 1.00@@17.745569669818753,12.6.1@@120601,12.6.1@@120601,12.6.1@@120601,12.6.1@@120601
sentence-transformers/distiluse-base-multilingual-cased-v2,3.12,134734080.0,119547.0,512,33246.61,✓,✗,62.71 ± 0.81 / 57.24 ± 1.73@@62.71450686088475,51.67 ± 1.46 / 53.62 ± 1.02@@51.66969884625628,2.32 ± 1.83 / 48.77 ± 1.62@@2.3159966531845675,17.62 ± 1.24 / 8.76 ± 1.03@@17.623088144960878,12.6.1@@120601,12.6.1@@120601,12.6.1@@120601,12.6.1@@120601
dbmdz/bert-mini-historic-multilingual-cased,3.14,11549699.0,32000.0,512,47121.63,✓,✗,56.10 ± 1.85 / 52.92 ± 0.76@@56.100933971768164,50.07 ± 4.14 / 47.04 ± 3.83@@50.06712009294674,5.05 ± 2.27 / 51.08 ± 1.44@@5.050037458568492,22.34 ± 1.16 / 14.49 ± 1.13@@22.341231883912428,<9.2.0@@0,<9.2.0@@0,<9.2.0@@0,<9.2.0@@0
google/gemma-2b-it (few-shot),3.18,2506172416.0,256000.0,8192,6470.59,✗,✗,43.97 ± 1.64 / 57.41 ± 1.18@@43.96603139608399,33.51 ± 2.12 / 23.48 ± 2.69@@33.513451392135025,0.53 ± 1.09 / 39.60 ± 1.99@@0.529131941591419,47.28 ± 1.02 / 39.39 ± 1.04@@47.27728444057643,12.1.0@@120100,12.5.2@@120502,12.1.0@@120100,12.4.0@@120400
Qwen/Qwen1.5-1.8B-Chat (few-shot),3.18,1836828672.0,151936.0,32768,8303.55,✗,✗,52.54 ± 3.33 / 60.44 ± 3.13@@52.53761828574031,20.94 ± 3.73 / 18.26 ± 2.84@@20.94092761705367,0.34 ± 1.22 / 36.61 ± 1.57@@0.340930876506243,50.53 ± 1.40 / 43.55 ± 1.14@@50.52649631173696,11.0.0@@110000,12.5.2@@120502,12.1.0@@120100,12.5.0@@120500
Qwen/Qwen1.5-1.8B (few-shot),3.19,1836828672.0,151936.0,32768,5665.51,✓,✗,51.91 ± 4.78 / 59.44 ± 4.65@@51.9095096311432,18.01 ± 6.41 / 18.55 ± 4.65@@18.009263696198445,1.49 ± 1.95 / 40.76 ± 4.07@@1.4913132042576938,51.87 ± 0.72 / 44.83 ± 0.63@@51.86768322405197,10.0.1@@100001,12.5.2@@120502,12.1.0@@120100,12.1.0@@120100
NbAiLab/nb-llama-3.2-1B (few-shot),3.2,1235814400.0,128256.0,131072,3423.62,✓,✗,73.13 ± 1.08 / 64.78 ± 3.26@@73.13365185490943,4.49 ± 3.07 / 4.08 ± 2.82@@4.489959078719238,2.50 ± 1.36 / 41.66 ± 3.85@@2.499278661457888,39.14 ± 2.42 / 30.25 ± 1.97@@39.13780561391171,14.1.2@@140102,14.0.4@@140004,14.1.2@@140102,14.3.0@@140300
NbAiLab/nb-gpt-j-6B-alpaca (few-shot),3.2,6055077088.0,50400.0,1024,2606.86,✗,✗,60.17 ± 8.39 / 65.99 ± 4.66@@60.17026227492273,13.28 ± 4.32 / 13.40 ± 2.95@@13.283288656426478,1.52 ± 1.94 / 45.19 ± 3.80@@1.5175822425399683,46.83 ± 0.82 / 37.23 ± 1.07@@46.82955038865686,10.0.1@@100001,9.3.1@@90301,10.0.1@@100001,12.4.0@@120400
mhenrichsen/danskgpt-tiny-chat (few-shot),3.22,1100056576.0,32002.0,2048,1744.69,✗,✗,45.94 ± 12.82 / 55.94 ± 8.25@@45.94186526884264,27.31 ± 4.23 / 26.33 ± 4.40@@27.305360311468334,-0.97 ± 1.64 / 36.69 ± 2.34@@-0.9664531966322144,41.66 ± 2.41 / 35.57 ± 2.45@@41.65601237206444,9.1.2@@90102,9.1.2@@90102,9.1.2@@90102,12.4.0@@120400
PleIAs/Pleias-1.2b-Preview (few-shot),3.23,1195468800.0,65536.0,2048,10756.07,✓,✗,39.68 ± 11.06 / 47.78 ± 9.30@@39.677491790991546,36.29 ± 4.00 / 31.64 ± 3.95@@36.29258926259709,0.96 ± 1.25 / 36.56 ± 2.57@@0.9635699085373293,40.15 ± 1.95 / 34.28 ± 2.24@@40.14502386437018,14.1.2@@140102,14.0.4@@140004,14.1.2@@140102,14.3.0@@140300
ibm-granite/granite-3.0-1b-a400m-base (few-shot),3.24,1384956928.0,49152.0,4096,7808.38,✓,✗,55.06 ± 5.28 / 50.38 ± 3.13@@55.0642175883739,23.26 ± 5.42 / 20.21 ± 4.72@@23.26253392237921,1.81 ± 2.14 / 40.07 ± 4.45@@1.8114432599444594,39.42 ± 2.19 / 35.49 ± 2.28@@39.416425133355425,13.2.0@@130200,13.2.0@@130200,13.2.0@@130200,13.2.0@@130200
openGPT-X/Teuken-7B-instruct-commercial-v0.4 (few-shot),3.26,7452725248.0,250680.0,4096,1437.66,✓,✗,20.20 ± 4.93 / 21.73 ± 5.47@@20.197381751858444,37.17 ± 2.59 / 25.25 ± 1.61@@37.165183950894395,6.13 ± 1.52 / 39.55 ± 1.91@@6.134375350891464,56.90 ± 1.10 / 46.66 ± 1.19@@56.899899919215706,14.0.4@@140004,14.0.4@@140004,14.0.4@@140004,14.0.4@@140004
Maltehb/aelaectra-danish-electra-small-cased,3.27,13738755.0,32000.0,128,4592.9,✓,✗,55.68 ± 1.09 / 52.81 ± 0.44@@55.6808307144524,57.82 ± 1.40 / 54.55 ± 1.33@@57.81644570812776,19.26 ± 1.80 / 58.62 ± 1.22@@19.262502039048126,0.00 ± 0.00 / 0.00 ± 0.00@@0.0,<9.2.0@@0,<9.2.0@@0,<9.2.0@@0,<9.2.0@@0
jjzha/dajobbert-base-uncased,3.29,110426115.0,31748.0,512,16243.43,✓,✗,55.49 ± 1.28 / 55.99 ± 2.15@@55.49192497986457,42.99 ± 1.57 / 39.98 ± 1.42@@42.98585093344332,4.69 ± 2.28 / 51.01 ± 1.58@@4.685026231247567,20.83 ± 1.46 / 14.22 ± 1.90@@20.83078403426598,<9.2.0@@0,<9.2.0@@0,<9.2.0@@0,<9.2.0@@0
AI-Sweden-Models/gpt-sw3-356m-instruct (few-shot),3.31,470607872.0,64000.0,2048,5854.62,✓,✗,59.00 ± 3.60 / 54.09 ± 1.46@@59.000771116961715,14.84 ± 1.63 / 15.90 ± 1.71@@14.84121373118113,0.06 ± 1.21 / 34.76 ± 1.15@@0.06328155435898697,40.44 ± 1.53 / 34.37 ± 1.36@@40.43736515243066,9.3.2@@90302,12.5.2@@120502,12.1.0@@120100,12.4.0@@120400
Maltehb/aelaectra-danish-electra-small-uncased,3.43,13738755.0,32000.0,128,5995.22,✓,✗,57.71 ± 1.40 / 53.54 ± 0.59@@57.70541141234497,39.17 ± 4.06 / 36.74 ± 3.78@@39.166925789082256,17.10 ± 2.57 / 57.41 ± 1.03@@17.098121311119865,0.13 ± 0.12 / 0.11 ± 0.11@@0.12516185354898232,<9.2.0@@0,<9.2.0@@0,<9.2.0@@0,<9.2.0@@0
RuterNorway/Llama-2-7b-chat-norwegian (few-shot),3.44,,32000.0,4096,10889.7,✗,✗,31.11 ± 12.17 / 36.84 ± 11.52@@31.106015902684092,22.38 ± 3.00 / 22.09 ± 2.85@@22.376145061193586,0.09 ± 0.67 / 33.42 ± 0.30@@0.09047458104464735,50.14 ± 1.15 / 44.36 ± 1.34@@50.14416616610004,9.3.1@@90301,9.3.1@@90301,9.3.1@@90301,12.5.2@@120502
PleIAs/Pleias-3b-Preview (few-shot),3.49,3211926528.0,65536.0,4096,6513.19,✓,✗,45.75 ± 7.94 / 50.33 ± 6.88@@45.7493077914513,21.42 ± 6.21 / 20.27 ± 5.32@@21.415190934149646,-0.25 ± 1.25 / 44.95 ± 2.93@@-0.24696912250720643,36.15 ± 2.51 / 31.76 ± 2.25@@36.145548794296154,14.1.2@@140102,14.0.4@@140004,14.1.2@@140102,14.3.0@@140300
Qwen/Qwen1.5-0.5B (few-shot),3.5,619570176.0,151936.0,32768,11371.34,✓,✗,26.58 ± 5.12 / 28.64 ± 5.35@@26.580588362319574,28.96 ± 2.39 / 26.49 ± 3.14@@28.962586478312026,-1.88 ± 1.46 / 35.45 ± 2.92@@-1.880788267689253,40.95 ± 1.11 / 34.59 ± 1.06@@40.94933826917365,10.0.1@@100001,12.5.2@@120502,12.1.0@@120100,12.1.0@@120100
3ebdola/Dialectal-Arabic-XLM-R-Base,3.51,278045955.0,250002.0,512,12782.54,✓,✗,44.95 ± 2.30 / 48.17 ± 1.06@@44.95075428787546,42.78 ± 3.26 / 40.46 ± 3.04@@42.77880656178514,1.43 ± 1.34 / 48.66 ± 2.45@@1.4273281681584893,16.77 ± 2.50 / 8.71 ± 2.58@@16.76585044086449,<9.2.0@@0,<9.2.0@@0,<9.2.0@@0,<9.2.0@@0
Qwen/Qwen1.5-4B (few-shot),3.51,3950369280.0,151936.0,32768,3247.86,✓,✗,5.20 ± 7.35 / 30.65 ± 4.97@@5.202151526675341,37.26 ± 4.28 / 29.89 ± 5.96@@37.25784798775253,1.85 ± 1.54 / 33.71 ± 0.46@@1.8509186027508797,60.15 ± 0.59 / 54.15 ± 0.58@@60.15271136478583,9.3.2@@90302,12.5.2@@120502,12.1.0@@120100,12.1.0@@120100
Qwen/Qwen1.5-0.5B-Chat (few-shot),3.55,619570176.0,151936.0,32768,11740.04,✗,✗,40.23 ± 5.86 / 49.01 ± 4.77@@40.23255276028669,18.57 ± 4.62 / 17.69 ± 4.61@@18.565471029554708,0.21 ± 1.06 / 39.60 ± 3.61@@0.21283642864203578,35.01 ± 2.72 / 29.49 ± 2.47@@35.01349262353907,11.0.0@@110000,12.5.2@@120502,12.1.0@@120100,12.4.0@@120400
AI-Sweden-Models/gpt-sw3-356m (few-shot),3.57,470607872.0,64000.0,2048,5757.63,✓,✗,34.29 ± 11.64 / 36.76 ± 7.46@@34.28866191203957,23.77 ± 3.70 / 23.06 ± 3.46@@23.770560922285426,1.57 ± 1.70 / 40.84 ± 1.99@@1.565341478498981,38.82 ± 1.54 / 33.70 ± 1.46@@38.82247144169391,9.3.1@@90301,9.3.1@@90301,9.3.2@@90302,12.5.1@@120501
NbAiLab/nb-llama-3.2-3B (few-shot),3.59,3212749824.0,128256.0,131072,1880.5,✓,✗,72.06 ± 1.49 / 60.27 ± 1.73@@72.0623559954302,1.37 ± 0.87 / 1.26 ± 0.79@@1.3678851836068693,8.44 ± 3.82 / 40.95 ± 5.88@@8.436008751324806,14.47 ± 2.14 / 1.75 ± 2.17@@14.468450428567456,14.1.2@@140102,14.0.4@@140004,14.1.2@@140102,14.3.0@@140300
dbmdz/bert-tiny-historic-multilingual-cased,3.6,4575491.0,32000.0,512,78027.26,✓,✗,57.41 ± 1.89 / 53.50 ± 0.75@@57.41098003768658,26.87 ± 2.26 / 25.42 ± 2.14@@26.870636034226493,-1.06 ± 1.33 / 48.72 ± 0.87@@-1.0579075224785663,10.83 ± 2.62 / 5.54 ± 1.44@@10.8270949818656,<9.2.0@@0,<9.2.0@@0,<9.2.0@@0,<9.2.0@@0
mhenrichsen/danskgpt-tiny (few-shot),3.6,1100048384.0,32000.0,2048,8596.74,✓,✗,31.93 ± 14.68 / 43.80 ± 8.79@@31.92513992233564,23.92 ± 6.88 / 22.42 ± 6.73@@23.922644750653006,0.46 ± 1.91 / 43.45 ± 3.64@@0.4598151124626375,35.67 ± 2.95 / 30.81 ± 2.73@@35.67223828571389,<9.2.0@@0,<9.2.0@@0,<9.2.0@@0,12.5.1@@120501
allenai/OLMo-1B (few-shot),3.62,1176764416.0,50280.0,2051,8536.09,✓,✗,38.95 ± 11.78 / 43.61 ± 8.46@@38.945565027431265,29.39 ± 3.08 / 29.93 ± 3.14@@29.38901188133617,-1.35 ± 1.76 / 40.70 ± 4.25@@-1.348138873196197,20.30 ± 4.04 / 17.85 ± 3.77@@20.302026469849988,12.1.0@@120100,12.5.2@@120502,12.1.0@@120100,12.1.0@@120100
tiiuae/Falcon3-1B-Instruct (few-shot),3.66,1669408768.0,131072.0,8192,9270.37,✓,✗,25.99 ± 3.51 / 35.36 ± 4.53@@25.98792331362786,26.41 ± 2.74 / 25.18 ± 2.46@@26.411020683138087,1.64 ± 1.90 / 37.52 ± 2.69@@1.6448364334689194,26.70 ± 1.83 / 21.39 ± 1.66@@26.703958848984342,14.1.2@@140102,14.1.2@@140102,14.1.2@@140102,14.1.2@@140102
RabotaRu/HRBert-mini,3.71,80109315.0,200001.0,512,54950.85,✓,✗,52.31 ± 1.22 / 51.51 ± 0.49@@52.31014815257085,24.61 ± 1.58 / 23.05 ± 1.43@@24.60865882436843,1.32 ± 1.87 / 46.80 ± 4.29@@1.318770565859582,8.44 ± 2.01 / 2.86 ± 0.73@@8.435811824417257,<9.2.0@@0,<9.2.0@@0,<9.2.0@@0,<9.2.0@@0
alexanderfalk/danbert-small-cased,3.8,83453187.0,52000.0,512,30013.37,✓,✗,53.88 ± 1.97 / 52.30 ± 1.04@@53.88210939822476,22.47 ± 1.55 / 20.74 ± 1.42@@22.46852383472509,1.55 ± 1.62 / 44.06 ± 3.56@@1.5484151544098723,3.07 ± 1.91 / 1.12 ± 0.85@@3.071154436710221,<9.2.0@@0,<9.2.0@@0,<9.2.0@@0,<9.2.0@@0
PleIAs/Pleias-Nano (few-shot),3.83,1195468800.0,65536.0,2048,2519.09,✓,✗,23.71 ± 6.92 / 32.87 ± 7.00@@23.709025457966085,14.09 ± 5.11 / 15.95 ± 3.72@@14.088638747903302,1.74 ± 1.73 / 38.94 ± 3.25@@1.7446726533567227,38.46 ± 1.74 / 32.68 ± 1.82@@38.46380010994294,14.1.2@@140102,14.0.4@@140004,14.1.2@@140102,14.3.0@@140300
fresh-xlm-roberta-base,3.91,278045955.0,250002.0,512,2214.08,✓,✗,51.11 ± 5.32 / 50.09 ± 3.33@@51.1063616924592,11.91 ± 3.04 / 11.31 ± 2.90@@11.910637009673279,0.86 ± 0.82 / 39.16 ± 3.63@@0.8634948522091499,7.20 ± 1.68 / 2.00 ± 0.63@@7.197573163674411,<9.2.0@@0,<9.2.0@@0,<9.2.0@@0,<9.2.0@@0
NbAiLab/nb-gpt-j-6B-v2 (few-shot),3.93,6050882784.0,50400.0,1024,2555.5,✗,✗,27.42 ± 12.16 / 38.74 ± 10.05@@27.42176953520482,0.31 ± 0.55 / 0.29 ± 0.50@@0.30926678982252576,0.07 ± 1.06 / 35.80 ± 1.73@@0.06936423393650064,31.12 ± 8.39 / 17.82 ± 11.21@@31.117032341536145,10.0.1@@100001,9.3.1@@90301,11.0.0@@110000,12.5.1@@120501
fresh-electra-small,3.99,13549571.0,30522.0,512,7840.02,✓,✗,55.54 ± 2.75 / 52.75 ± 1.09@@55.5435687657862,10.54 ± 1.12 / 9.71 ± 1.00@@10.54366877586527,-0.15 ± 0.52 / 35.33 ± 3.00@@-0.1475002735473923,0.04 ± 0.05 / 0.02 ± 0.03@@0.03517569181248881,<9.2.0@@0,<9.2.0@@0,<9.2.0@@0,<9.2.0@@0
HuggingFaceTB/SmolLM2-360M (few-shot),3.99,361821120.0,49152.0,8192,22023.39,✓,✗,11.52 ± 7.20 / 29.30 ± 5.30@@11.520846487906864,18.22 ± 1.75 / 17.97 ± 2.10@@18.2178232042643,1.72 ± 1.21 / 34.96 ± 1.12@@1.718860653636105,31.25 ± 3.24 / 27.27 ± 3.03@@31.24884223266169,13.1.0@@130100,13.1.0@@130100,13.1.0@@130100,13.1.0@@130100
PleIAs/Pleias-Pico (few-shot),4.0,353424384.0,65536.0,2048,2330.93,✓,✗,17.38 ± 10.26 / 34.60 ± 5.85@@17.378868569451523,16.28 ± 4.73 / 16.34 ± 4.84@@16.27755914184526,-0.45 ± 0.67 / 36.19 ± 2.92@@-0.45153690453493145,24.50 ± 1.98 / 20.15 ± 2.20@@24.50089766743148,14.1.2@@140102,14.0.4@@140004,14.1.2@@140102,14.3.0@@140300
PleIAs/Pleias-350m-Preview (few-shot),4.05,353424384.0,65536.0,2048,10241.69,✓,✗,14.15 ± 7.21 / 25.90 ± 4.05@@14.153061858557653,22.09 ± 2.91 / 21.86 ± 2.85@@22.092915345185876,-0.04 ± 1.25 / 36.18 ± 3.31@@-0.04132444428217426,27.18 ± 1.73 / 22.51 ± 1.66@@27.18050790675597,14.1.2@@140102,14.0.4@@140004,14.1.2@@140102,14.3.0@@140300
HuggingFaceTB/SmolLM2-360M-Instruct (few-shot),4.05,361821120.0,49152.0,8192,21776.98,✓,✗,9.34 ± 6.26 / 26.00 ± 3.56@@9.34168338416524,13.64 ± 5.84 / 16.38 ± 4.06@@13.64355529921976,2.20 ± 1.59 / 41.62 ± 3.37@@2.2023535569417994,30.05 ± 2.29 / 26.06 ± 2.35@@30.053840667107966,13.1.0@@130100,13.1.0@@130100,13.1.0@@130100,13.1.0@@130100
AI-Sweden-Models/gpt-sw3-126m-instruct (few-shot),4.06,186112512.0,64000.0,2048,7717.03,✓,✗,12.47 ± 7.10 / 23.03 ± 8.78@@12.470730023101403,23.05 ± 2.31 / 24.35 ± 1.99@@23.050287029563655,0.08 ± 0.16 / 33.34 ± 0.30@@0.08161057265688211,24.25 ± 2.67 / 20.43 ± 2.69@@24.253874905375053,9.3.2@@90302,9.3.2@@90302,11.0.0@@110000,12.4.0@@120400
NbAiLab/nb-gpt-j-6B@sharded (few-shot),4.11,,50400.0,1024,2630.15,✓,✗,33.50 ± 13.13 / 39.30 ± 11.93@@33.502935732394334,0.01 ± 0.02 / 0.11 ± 0.12@@0.01260239445494644,-0.02 ± 0.60 / 34.92 ± 2.99@@-0.015112575591771281,18.06 ± 2.80 / 4.79 ± 3.55@@18.058278208855825,10.0.1@@100001,9.3.1@@90301,10.0.1@@100001,12.5.1@@120501
RJuro/kanelsnegl-v0.2 (few-shot),4.11,7241732096.0,32000.0,512,1373.32,✓,✗,28.62 ± 12.67 / 35.36 ± 8.35@@28.61763844302724,0.00 ± 0.00 / 0.00 ± 0.00@@0.0,0.00 ± 0.00 / 33.30 ± 0.27@@0.0,19.59 ± 6.84 / 0.00 ± 0.00@@19.59126689996196,10.0.1@@100001,10.0.1@@100001,10.0.1@@100001,10.0.1@@100001
NorwAI/NorwAI-Mistral-7B-pretrain (few-shot),4.13,7536586752.0,67993.0,4096,3023.95,✓,✗,17.76 ± 4.89 / 28.16 ± 7.50@@17.760151537580022,9.75 ± 3.30 / 9.18 ± 3.19@@9.753161715082745,1.22 ± 0.95 / 43.54 ± 3.79@@1.223241193258678,18.46 ± 2.99 / 14.98 ± 2.49@@18.45628176172205,12.10.5@@121005,12.10.5@@121005,12.10.5@@121005,12.10.5@@121005
HuggingFaceTB/SmolLM2-135M-Instruct (few-shot),4.26,134515008.0,49152.0,8192,25602.11,✓,✗,7.41 ± 9.32 / 28.42 ± 3.18@@7.4103777009785325,17.09 ± 2.33 / 18.78 ± 2.11@@17.09422154641091,0.47 ± 1.48 / 38.19 ± 3.61@@0.4665751713742441,13.94 ± 3.48 / 11.73 ± 3.22@@13.943205027494065,13.1.0@@130100,13.1.0@@130100,13.1.0@@130100,13.1.0@@130100
RJuro/kanelsnegl-v0.1 (few-shot),4.26,7241732096.0,32000.0,512,5847.39,✓,✗,34.63 ± 9.69 / 40.92 ± 6.88@@34.62794748711115,0.00 ± 0.00 / 0.00 ± 0.00@@0.0,0.00 ± 0.00 / 33.30 ± 0.27@@0.0,8.92 ± 2.90 / 0.00 ± 0.00@@8.921411336148163,9.3.1@@90301,9.3.1@@90301,9.3.1@@90301,12.5.1@@120501
AI-Sweden-Models/gpt-sw3-126m (few-shot),4.35,186112512.0,64000.0,2048,8957.78,✓,✗,8.15 ± 8.87 / 24.31 ± 7.12@@8.15067600222082,5.66 ± 4.11 / 8.37 ± 3.24@@5.662031533449376,-0.81 ± 1.16 / 36.81 ± 2.47@@-0.8127602668124589,19.18 ± 3.18 / 16.40 ± 2.88@@19.179811387974603,9.2.0@@90200,9.2.0@@90200,9.2.0@@90200,12.5.1@@120501
HuggingFaceTB/SmolLM2-135M (few-shot),4.43,134515008.0,49152.0,8192,26346.08,✓,✗,-3.03 ± 7.40 / 24.39 ± 3.87@@-3.0335063362967363,19.15 ± 1.75 / 20.52 ± 1.77@@19.15297740374717,0.06 ± 1.12 / 36.05 ± 2.59@@0.058592564234961834,16.55 ± 4.25 / 14.18 ± 3.82@@16.54578244822144,13.1.0@@130100,13.1.0@@130100,13.1.0@@130100,13.1.0@@130100
ai-forever/mGPT (few-shot),4.71,,100000.0,1024,11734.33,✓,✗,0.00 ± 0.00 / 19.32 ± 0.16@@0.0,0.00 ± 0.00 / 0.00 ± 0.00@@0.0,0.49 ± 1.29 / 39.12 ± 3.92@@0.4885169045643502,7.85 ± 3.67 / 6.24 ± 3.13@@7.849832343639844,10.0.1@@100001,9.3.1@@90301,11.0.0@@110000,12.5.1@@120501
NorGLM/NorGPT-369M (few-shot),4.77,,64000.0,1024,19895.92,✓,✗,5.50 ± 4.49 / 28.77 ± 3.76@@5.497750665287675,1.47 ± 1.90 / 1.32 ± 1.69@@1.4651130481729866,-2.19 ± 1.29 / 40.52 ± 3.02@@-2.1949295825039457,4.36 ± 0.44 / 0.10 ± 0.06@@4.358786905678886,12.5.2@@120502,12.5.2@@120502,12.5.2@@120502,12.5.2@@120502
peter-sk/gpt-neox-da (few-shot),4.79,1515312640.0,50304.0,1024,6025.33,✓,✗,4.75 ± 2.54 / 27.85 ± 1.59@@4.747855691820191,0.26 ± 0.16 / 0.26 ± 0.14@@0.26083900515220065,-0.60 ± 1.56 / 40.53 ± 2.93@@-0.5991764766700113,1.07 ± 0.35 / 0.06 ± 0.09@@1.0720039289917456,10.0.1@@100001,10.0.1@@100001,10.0.1@@100001,10.0.1@@100001
Sigurdur/qa-icebreaker (few-shot),4.87,110418432.0,32000.0,1024,44888.92,✗,✗,-0.10 ± 1.04 / 22.69 ± 0.52@@-0.10298707142501327,0.00 ± 0.00 / 0.00 ± 0.00@@0.0,0.00 ± 0.00 / 33.30 ± 0.27@@0.0,0.02 ± 0.01 / 0.00 ± 0.00@@0.023580169284180698,12.7.0@@120700,12.7.0@@120700,12.7.0@@120700,12.7.0@@120700
ssmits/Falcon2-5.5B-multilingual (few-shot),4.88,5465415680.0,65024.0,8192,7691.9,✓,✗,0.00 ± 0.00 / 19.16 ± 0.14@@0.0,0.00 ± 0.00 / 0.00 ± 0.00@@0.0,0.00 ± 0.00 / 33.30 ± 0.27@@0.0,0.00 ± 0.00 / 0.00 ± 0.00@@0.002159800063339986,13.0.0@@130000,13.0.0@@130000,13.0.0@@130000,13.0.0@@130000
Sigurdur/icebreaker (few-shot),4.92,110418432.0,32000.0,1024,48618.98,✗,✗,-3.60 ± 3.63 / 20.29 ± 1.99@@-3.5965171926442183,0.00 ± 0.00 / 0.00 ± 0.00@@0.0,0.00 ± 0.00 / 33.30 ± 0.27@@0.0,0.05 ± 0.03 / 0.00 ± 0.00@@0.04545076082730548,12.7.0@@120700,12.7.0@@120700,12.7.0@@120700,12.7.0@@120700
