model,nlu_rank,nlg_rank,parameters,vocabulary_size,context,speed,commercial,merge,swerec_primary,swerec_secondary,suc3_primary,suc3_secondary,scala_sv_primary,scala_sv_secondary,scandiqa_sv_primary,scandiqa_sv_secondary,swedn_primary,swedn_secondary,mmlu_sv_primary,mmlu_sv_secondary,hellaswag_sv_primary,hellaswag_sv_secondary,swerec_version,suc3_version,scala_sv_version,scandiqa_sv_version,swedn_version,mmlu_sv_version,hellaswag_sv_version,speed_version
"gpt-4-0613 (few-shot, val)",1.14,1.02,,100.0,8192,597.21,True,False,79.19,80.56,76.86,54.97,80.93,89.9,65.15,53.81,67.83,22.67,72.53,79.26,85.67,89.14,0.0.0,0.0.0,0.0.0,12.9.0,9.3.2,9.3.2,9.3.2,12.5.3
four-two-labs/lynx-micro (few-shot),1.24,2.68,2506.0,256.0,8192,10161.54,False,False,78.57,78.35,83.64,81.69,66.83,83.2,62.97,58.84,64.4,18.09,20.47,40.39,49.92,62.45,12.10.2,12.10.2,12.10.2,12.10.2,12.10.2,12.10.2,12.10.2,12.10.2
"gpt-4o-2024-05-13 (few-shot, val)",1.24,1.08,,200.0,128000,916.47,True,False,77.16,79.22,76.66,60.34,68.99,83.37,67.71,57.96,66.0,16.97,70.7,77.97,86.3,89.65,12.10.2,12.10.0,12.10.2,12.10.0,12.10.0,12.10.2,12.10.2,12.10.0
"gpt-4-1106-preview (few-shot, val)",1.25,1.08,,100.0,128000,575.52,True,False,77.59,78.78,74.45,49.97,71.35,83.98,66.76,56.56,66.08,17.19,71.32,78.48,84.09,88.01,12.10.2,12.10.0,12.10.2,12.10.0,12.10.0,12.10.2,12.10.2,12.5.3
AI-Sweden-Models/roberta-large-1160k,1.25,999.0,355.0,50.0,512,14014.08,True,False,77.25,73.96,82.65,80.43,77.9,88.63,55.64,49.64,,,,,,,10.0.1,10.0.1,10.0.1,10.0.1,0.0.0,0.0.0,0.0.0,12.10.0
AI-Sweden-Models/roberta-large-1350k,1.27,999.0,355.0,50.0,512,5743.56,True,False,77.37,73.57,82.97,81.14,73.81,86.33,55.34,49.5,,,,,,,10.0.1,10.0.1,10.0.1,10.0.1,0.0.0,0.0.0,0.0.0,10.0.1
"meta-llama/Meta-Llama-3-70B (few-shot, val)",1.29,1.54,70554.0,128.0,8192,311.65,True,False,78.61,78.64,74.61,56.5,63.2,80.61,66.85,61.98,67.6,22.47,61.55,71.02,66.21,73.4,12.7.0,12.7.0,12.7.0,12.7.0,12.7.0,12.7.0,12.7.0,12.7.0
"claude-3-5-sonnet-20241022 (zero-shot, val)",1.35,3.07,,,200000,192.92,True,False,77.7,77.22,70.22,58.75,74.34,87.04,60.05,49.32,65.36,15.31,28.34,38.09,13.68,26.91,14.0.3,14.0.3,14.0.3,14.0.3,14.0.3,14.0.3,14.0.3,14.0.3
KBLab/megatron-bert-large-swedish-cased-165k,1.35,999.0,370.0,64.0,512,7137.91,True,False,78.0,75.01,81.05,76.08,76.79,87.59,51.7,45.71,,,,,,,0.0.0,0.0.0,0.0.0,0.0.0,0.0.0,0.0.0,0.0.0,0.0.0
KBLab/megatron-bert-large-swedish-cased-110k,1.35,999.0,370.0,64.0,512,7074.64,True,False,78.45,77.12,80.39,74.83,76.28,87.37,50.85,44.56,,,,,,,0.0.0,0.0.0,0.0.0,0.0.0,0.0.0,0.0.0,0.0.0,0.0.0
"gpt-4o-2024-05-13 (zero-shot, val)",1.37,1.34,,200.0,8191,636.59,True,False,74.85,74.58,75.06,44.92,65.23,80.52,63.85,53.02,65.8,15.36,71.87,78.87,69.98,77.42,14.0.3,14.0.3,14.0.3,14.0.3,14.0.3,14.0.3,14.0.3,14.0.3
AI-Sweden-Models/bert-large-nordic-pile-1M-steps,1.42,999.0,369.0,64.0,512,6570.9,True,False,77.43,75.95,80.65,78.69,76.56,87.86,46.79,41.54,,,,,,,0.0.0,0.0.0,0.0.0,0.0.0,0.0.0,0.0.0,0.0.0,0.0.0
ltg/norbert3-large,1.43,999.0,354.0,50.0,508,5048.17,True,False,75.32,69.39,79.01,73.76,69.11,84.32,54.15,48.88,,,,,,,0.0.0,0.0.0,0.0.0,0.0.0,0.0.0,0.0.0,0.0.0,0.0.0
intfloat/multilingual-e5-large,1.43,999.0,560.0,250.0,512,6731.95,True,False,79.65,78.9,80.36,78.57,63.15,81.06,53.49,46.99,,,,,,,0.0.0,0.0.0,0.0.0,0.0.0,0.0.0,0.0.0,0.0.0,0.0.0
"gpt-3.5-turbo-0613 (few-shot, val)",1.43,2.22,,100.0,4095,920.94,True,False,72.77,72.56,73.04,61.64,58.06,76.06,66.84,58.02,66.92,19.0,40.73,55.16,50.51,62.07,0.0.0,0.0.0,0.0.0,12.9.0,11.0.0,0.0.0,0.0.0,12.5.3
AI-Nordics/bert-large-swedish-cased,1.44,999.0,335.0,31.0,512,7199.47,True,False,77.47,75.77,78.61,72.84,72.87,85.57,49.29,43.11,,,,,,,0.0.0,0.0.0,0.0.0,0.0.0,0.0.0,0.0.0,0.0.0,0.0.0
google/rembert,1.45,999.0,576.0,250.0,256,11735.9,True,False,75.99,71.01,78.23,72.58,72.17,85.94,51.05,46.0,,,,,,,0.0.0,0.0.0,0.0.0,0.0.0,0.0.0,0.0.0,0.0.0,12.7.0
KB/bert-base-swedish-cased,1.45,999.0,125.0,50.0,512,16181.26,True,False,75.58,73.35,81.95,76.66,78.86,89.07,43.79,38.56,,,,,,,0.0.0,0.0.0,0.0.0,0.0.0,0.0.0,0.0.0,0.0.0,0.0.0
google/gemma-2-27b-it (few-shot),1.46,1.64,27227.0,256.0,8193,1516.14,True,False,80.73,81.25,62.59,45.11,61.37,79.34,66.73,58.76,65.54,19.89,58.15,68.33,68.94,76.41,13.0.0,13.0.0,13.0.0,13.0.0,13.0.0,13.0.0,13.0.0,13.0.0
microsoft/mdeberta-v3-base,1.46,999.0,279.0,251.0,512,20637.23,True,False,75.24,72.06,78.84,72.86,72.3,85.77,50.62,44.74,,,,,,,0.0.0,0.0.0,0.0.0,0.0.0,0.0.0,0.0.0,0.0.0,12.7.0
KBLab/bert-base-swedish-cased,1.47,999.0,125.0,50.0,512,16164.04,True,False,75.73,73.61,81.23,75.95,78.6,88.95,43.79,38.56,,,,,,,0.0.0,0.0.0,0.0.0,0.0.0,0.0.0,0.0.0,0.0.0,0.0.0
ThatsGroes/gemma-2-27b-it-FP8-Dynamic (few-shot),1.51,1.72,28411.0,256.0,4096,3632.83,True,False,79.51,79.57,62.91,47.13,60.28,79.99,64.81,55.44,65.24,17.65,56.4,67.07,65.89,73.88,14.0.4,14.0.4,14.0.4,14.0.4,14.0.4,14.0.4,14.0.4,14.0.4
KBLab/megatron-bert-base-swedish-cased-600k,1.52,999.0,135.0,64.0,512,15725.82,True,False,76.09,72.74,78.91,72.93,70.08,83.4,47.18,41.14,,,,,,,0.0.0,0.0.0,0.0.0,0.0.0,0.0.0,0.0.0,0.0.0,0.0.0
intfloat/multilingual-e5-large-instruct,1.52,999.0,560.0,250.0,514,5947.27,True,False,79.48,77.47,79.5,77.37,53.01,75.97,53.19,45.68,,,,,,,13.0.0,13.0.0,13.0.0,13.0.0,0.0.0,0.0.0,0.0.0,13.0.0
danish-foundation-models/encoder-large-v1,1.55,999.0,355.0,50.0,512,6670.77,True,False,75.11,74.74,74.18,68.89,64.11,81.63,52.4,46.79,,,,,,,0.0.0,0.0.0,0.0.0,0.0.0,0.0.0,0.0.0,0.0.0,0.0.0
sentence-transformers/use-cmlm-multilingual,1.56,999.0,471.0,501.0,512,30230.67,True,False,75.09,72.93,80.05,74.21,61.83,79.96,51.07,45.69,,,,,,,0.0.0,0.0.0,0.0.0,0.0.0,0.0.0,0.0.0,0.0.0,12.7.0
KBLab/megatron-bert-base-swedish-cased-125k,1.57,999.0,135.0,64.0,512,15762.86,True,False,75.85,70.58,79.29,73.18,70.43,83.85,44.01,37.56,,,,,,,0.0.0,0.0.0,0.0.0,0.0.0,0.0.0,0.0.0,0.0.0,0.0.0
vesteinn/ScandiBERT-no-faroese,1.58,999.0,124.0,50.0,512,15435.6,True,False,72.53,67.74,79.08,73.06,73.01,85.98,41.99,36.92,,,,,,,0.0.0,0.0.0,0.0.0,0.0.0,0.0.0,0.0.0,0.0.0,0.0.0
NbAiLab/nb-roberta-base-scandi-1e4,1.59,999.0,278.0,250.0,512,15073.66,True,False,76.2,74.01,79.9,73.8,73.62,86.19,37.12,32.38,,,,,,,0.0.0,0.0.0,0.0.0,0.0.0,0.0.0,0.0.0,0.0.0,0.0.0
"152334H/miqu-1-70b-sf (few-shot, val)",1.59,1.73,68977.0,32.0,32764,2126.22,True,False,75.25,78.8,62.96,52.14,53.28,75.37,65.04,56.42,67.6,21.6,53.56,64.88,59.7,69.38,12.7.0,12.7.0,12.7.0,12.7.0,12.7.0,12.7.0,12.7.0,12.7.0
AI-Sweden-Models/Llama-3-8B-instruct (few-shot),1.6,2.39,8030.0,128.0,8192,1480.08,False,False,80.1,80.57,84.77,72.07,29.17,49.46,63.19,54.68,66.01,18.52,32.11,46.99,47.49,57.06,14.0.4,14.0.4,14.0.4,14.0.4,14.0.4,14.0.4,14.0.4,14.0.3
NbAiLab/nb-roberta-base-scandi,1.61,999.0,278.0,250.0,512,15078.99,True,False,76.21,73.41,80.02,74.04,71.92,85.01,38.58,33.8,,,,,,,0.0.0,0.0.0,0.0.0,0.0.0,0.0.0,0.0.0,0.0.0,0.0.0
FacebookAI/xlm-roberta-large,1.62,999.0,560.0,250.0,512,17896.69,True,False,76.63,74.25,80.33,75.03,49.72,69.94,52.21,46.64,,,,,,,0.0.0,0.0.0,0.0.0,0.0.0,0.0.0,0.0.0,0.0.0,12.7.0
KennethEnevoldsen/dfm-sentence-encoder-large-1,1.62,999.0,355.0,50.0,512,6245.47,True,False,74.92,72.01,71.65,69.08,63.43,81.0,51.94,46.2,,,,,,,0.0.0,0.0.0,0.0.0,0.0.0,0.0.0,0.0.0,0.0.0,0.0.0
google/gemma-2-9b-it (few-shot),1.62,1.74,9242.0,256.0,8193,2062.05,True,False,78.51,76.24,52.5,37.38,61.28,80.07,64.6,55.22,66.3,19.72,51.58,63.27,66.61,74.72,13.0.0,13.0.0,13.0.0,13.0.0,13.0.0,13.0.0,13.0.0,13.0.0
KBLab/bert-base-swedish-cased-new,1.62,999.0,135.0,64.0,512,15932.9,True,False,76.04,72.61,79.99,74.07,73.52,85.57,35.83,30.6,,,,,,,0.0.0,0.0.0,0.0.0,0.0.0,0.0.0,0.0.0,0.0.0,0.0.0
KennethEnevoldsen/dfm-sentence-encoder-large-2,1.64,999.0,355.0,50.0,512,6568.66,True,False,74.67,71.15,71.86,69.05,62.77,80.75,50.58,44.77,,,,,,,0.0.0,0.0.0,0.0.0,0.0.0,0.0.0,0.0.0,0.0.0,0.0.0
"meta-llama/Llama-2-70b-hf (few-shot, val)",1.65,2.07,68977.0,32.0,4096,1891.65,True,False,75.46,74.35,64.76,61.08,43.27,65.62,66.95,63.04,68.43,24.92,46.16,59.53,50.41,62.34,12.7.0,12.7.0,12.7.0,12.7.0,12.7.0,12.7.0,12.7.0,12.7.0
setu4993/LaBSE,1.67,999.0,471.0,501.0,512,25417.61,True,False,73.58,70.43,77.78,72.08,60.36,79.72,47.07,41.71,,,,,,,0.0.0,0.0.0,0.0.0,0.0.0,0.0.0,0.0.0,0.0.0,12.7.0
KennethEnevoldsen/dfm-sentence-encoder-medium-3,1.68,999.0,178.0,120.0,512,14050.48,True,False,71.16,69.78,81.35,79.18,63.89,81.45,42.09,37.18,,,,,,,0.0.0,0.0.0,0.0.0,0.0.0,0.0.0,0.0.0,0.0.0,0.0.0
"gpt-4-1106-preview (zero-shot, val)",1.68,1.53,,100.0,8191,436.04,True,False,73.54,68.68,51.31,43.84,66.39,82.1,63.21,52.22,65.32,15.67,69.31,77.07,63.92,72.7,14.0.3,14.0.3,14.0.3,14.0.3,14.0.3,14.0.3,14.0.3,14.0.3
google/gemma-2-9b (few-shot),1.69,2.02,9242.0,256.0,8193,2037.53,True,False,80.55,77.22,50.43,27.2,50.86,72.14,65.35,59.35,65.63,19.75,52.06,63.92,49.8,60.88,13.0.0,13.0.0,13.0.0,13.0.0,13.0.0,13.0.0,13.0.0,13.0.0
vesteinn/FoBERT,1.7,999.0,124.0,50.0,512,15623.28,True,False,73.41,68.72,78.58,72.45,71.14,84.55,36.2,31.62,,,,,,,0.0.0,0.0.0,0.0.0,0.0.0,0.0.0,0.0.0,0.0.0,0.0.0
pere/roberta-debug-8,1.71,999.0,278.0,250.0,512,15103.14,True,False,74.58,70.97,74.48,67.89,69.07,83.17,37.05,31.66,,,,,,,0.0.0,0.0.0,0.0.0,0.0.0,0.0.0,0.0.0,0.0.0,0.0.0
NbAiLab/nb-bert-base,1.71,999.0,178.0,120.0,512,14050.04,True,False,71.21,67.49,80.38,75.35,64.03,81.39,39.61,35.33,,,,,,,0.0.0,0.0.0,0.0.0,0.0.0,0.0.0,0.0.0,0.0.0,0.0.0
intfloat/multilingual-e5-base,1.71,999.0,278.0,250.0,512,14965.0,True,False,76.06,69.85,79.02,77.59,50.19,74.23,46.62,40.65,,,,,,,0.0.0,0.0.0,0.0.0,0.0.0,0.0.0,0.0.0,0.0.0,0.0.0
ltg/norbert3-base,1.76,999.0,124.0,50.0,508,11405.28,True,False,71.05,70.72,78.21,72.63,56.02,77.31,47.31,42.52,,,,,,,0.0.0,0.0.0,0.0.0,0.0.0,0.0.0,0.0.0,0.0.0,0.0.0
flax-community/swe-roberta-wiki-oscar,1.77,999.0,125.0,50.0,512,15436.87,True,False,76.22,75.25,75.4,70.45,65.73,81.5,34.01,29.34,,,,,,,0.0.0,0.0.0,0.0.0,0.0.0,0.0.0,0.0.0,0.0.0,0.0.0
pere/roberta-debug-32,1.77,999.0,278.0,250.0,512,14958.48,True,False,75.04,72.35,72.25,65.94,70.16,84.29,36.93,31.89,,,,,,,0.0.0,0.0.0,0.0.0,0.0.0,0.0.0,0.0.0,0.0.0,0.0.0
NbAiLab/nb-sbert-base,1.77,999.0,178.0,120.0,512,17756.84,True,False,71.05,69.24,80.26,77.87,62.49,80.42,38.28,33.8,,,,,,,12.10.5,12.10.5,12.10.5,12.10.5,0.0.0,0.0.0,0.0.0,12.10.5
"timpal0l/dolphin-2.9-llama3-8b-flashback (few-shot, val)",1.8,2.66,8030.0,128.0,8192,5018.29,False,True,74.99,76.76,65.33,46.88,32.65,61.25,64.54,55.71,66.53,19.24,33.16,49.26,32.51,48.24,12.7.0,12.7.0,12.7.0,12.7.0,12.7.0,12.7.0,12.7.0,12.7.0
timpal0l/Llama-3-8B-flashback-v1 (few-shot),1.81,2.79,8030.0,128.0,8192,4806.85,True,False,81.13,80.8,59.03,41.99,33.06,61.21,64.01,58.21,64.42,18.01,35.24,50.7,25.14,42.54,12.7.0,12.7.0,12.7.0,12.7.0,12.7.0,12.7.0,12.7.0,12.7.0
four-two-labs/orpo-llama-3-swe (few-shot),1.83,2.69,8030.0,128.0,8192,4974.22,False,False,79.74,75.13,60.93,38.87,26.02,52.19,65.92,59.84,64.99,18.65,36.35,51.91,27.22,45.02,12.7.0,12.7.0,12.7.0,12.7.0,12.7.0,12.7.0,12.7.0,12.7.0
pere/roberta-base-exp-32,1.83,999.0,278.0,250.0,512,15080.54,True,False,74.73,70.83,79.75,73.45,53.55,75.79,36.88,32.2,,,,,,,0.0.0,0.0.0,0.0.0,0.0.0,0.0.0,0.0.0,0.0.0,0.0.0
pere/roberta-base-exp-8,1.83,999.0,278.0,250.0,512,15112.46,True,False,73.63,68.42,73.44,67.31,58.91,77.13,37.33,32.39,,,,,,,0.0.0,0.0.0,0.0.0,0.0.0,0.0.0,0.0.0,0.0.0,0.0.0
"gpt-4o-mini-2024-07-18 (zero-shot, val)",1.84,1.91,,200.0,8191,908.12,True,False,73.55,71.66,52.47,29.74,52.27,71.55,61.75,48.95,65.59,15.3,54.3,65.47,54.13,64.77,14.0.1,14.0.1,14.0.1,14.0.1,14.0.3,14.0.3,14.0.3,14.0.3
mistralai/Mistral-Nemo-Instruct-2407 (few-shot),1.85,2.36,12248.0,131.0,1024001,7094.98,True,False,70.54,73.39,62.86,36.42,37.5,66.32,65.98,58.0,65.93,19.24,40.58,55.16,42.99,56.16,13.0.0,13.0.0,13.0.0,13.0.0,13.0.0,13.0.0,13.0.0,13.0.0
"meta-llama/Meta-Llama-3-70B-Instruct (few-shot, val)",1.87,1.48,70554.0,128.0,8192,1672.52,True,False,53.56,67.07,77.06,67.75,47.5,71.31,60.96,46.86,68.25,22.84,61.31,70.78,66.73,74.65,12.7.0,12.7.0,12.7.0,12.7.0,12.7.0,12.7.0,12.7.0,12.7.0
skole-gpt-mixtral (few-shot),1.88,2.5,,32.0,32768,3582.66,False,False,78.27,77.65,54.14,37.43,32.49,64.28,66.56,58.95,65.86,19.67,43.62,57.61,28.84,45.75,13.0.0,13.0.0,13.0.0,13.0.0,13.0.0,13.0.0,13.0.0,13.0.0
"gpt-4o-mini-2024-07-18 (few-shot, val)",1.9,1.74,,200.0,8191,784.26,True,False,77.69,78.73,62.45,46.68,68.93,84.15,31.14,12.11,66.04,16.02,55.8,66.48,63.61,71.99,14.0.0,14.0.0,14.0.0,14.0.0,14.0.1,14.0.1,14.0.1,14.0.1
timpal0l/sol (few-shot),1.9,1.95,10732.0,32.0,4096,3700.95,False,False,77.31,70.55,57.51,37.74,25.06,49.04,67.43,60.16,65.22,18.86,39.52,54.47,70.93,78.03,12.7.0,12.7.0,12.7.0,12.7.0,12.7.0,12.7.0,12.7.0,12.7.0
meta-llama/Meta-Llama-3-8B (few-shot),1.91,2.72,8030.0,128.0,8192,1046.19,True,False,80.47,80.93,60.0,40.98,35.24,62.57,54.3,47.68,64.81,18.56,35.86,51.39,26.49,44.41,14.0.4,14.0.4,14.0.4,14.0.4,12.6.1,12.6.1,12.6.1,14.0.2
cardiffnlp/twitter-xlm-roberta-base,1.92,999.0,278.0,250.0,512,34475.2,True,False,70.69,67.03,72.49,67.03,56.6,76.7,37.63,31.89,,,,,,,0.0.0,0.0.0,0.0.0,0.0.0,0.0.0,0.0.0,0.0.0,12.7.0
meta-llama/Llama-3.1-8B-Instruct (few-shot),1.93,2.47,8030.0,128.0,131072,1005.15,True,False,79.23,76.86,55.8,34.65,32.67,63.89,58.66,46.88,66.43,18.43,36.35,51.97,37.89,53.38,14.0.4,14.0.4,14.0.4,14.0.4,14.0.4,14.0.4,14.0.4,14.0.4
microsoft/infoxlm-large,1.94,999.0,560.0,250.0,512,6696.2,True,False,75.42,72.68,79.53,74.53,18.44,53.57,53.67,48.19,,,,,,,0.0.0,0.0.0,0.0.0,0.0.0,0.0.0,0.0.0,0.0.0,0.0.0
Addedk/kbbert-distilled-cased,1.95,999.0,82.0,50.0,512,29698.43,True,False,71.28,69.73,80.12,73.78,51.58,73.82,33.47,28.16,,,,,,,0.0.0,0.0.0,0.0.0,0.0.0,0.0.0,0.0.0,0.0.0,0.0.0
"timpal0l/BeagleCatMunin (few-shot, val)",1.95,2.46,7242.0,32.0,32768,2495.0,False,True,77.37,78.66,50.53,37.77,27.84,49.46,65.44,59.98,67.89,23.94,34.8,50.82,36.65,51.56,9.3.2,9.3.2,9.3.2,12.5.2,9.3.2,9.3.2,9.3.2,9.3.2
timpal0l/njord-alpha (few-shot),1.95,3.1,7242.0,32.0,32768,5431.36,True,False,79.95,81.24,48.19,37.5,32.85,61.74,63.58,57.39,65.95,20.56,25.32,42.09,14.55,31.99,12.7.0,12.7.0,12.7.0,12.7.0,12.7.0,12.7.0,12.7.0,12.7.0
pere/roberta-base-exp-32B,1.95,999.0,278.0,250.0,512,15102.57,True,False,73.27,71.87,77.97,72.1,47.19,72.1,36.17,31.07,,,,,,,0.0.0,0.0.0,0.0.0,0.0.0,0.0.0,0.0.0,0.0.0,0.0.0
facebook/xlm-v-base,1.96,999.0,778.0,902.0,512,25396.22,True,False,73.43,61.29,68.39,63.66,45.09,68.48,43.73,38.04,,,,,,,0.0.0,0.0.0,0.0.0,0.0.0,0.0.0,0.0.0,0.0.0,12.7.0
"merge-crew/da-sv-slerp (few-shot, val)",1.98,2.71,7242.0,32.0,32768,2467.48,True,True,76.53,77.96,46.57,33.94,33.43,61.87,64.53,59.87,66.76,21.92,28.89,46.41,30.36,47.15,10.0.1,10.0.1,10.0.1,10.0.1,10.0.1,10.0.1,10.0.1,10.0.1
"merge-crew/da-sv-task-arithmetic (few-shot, val)",1.98,2.71,7242.0,32.0,32768,2500.05,True,True,76.62,78.04,47.28,34.01,33.23,61.29,64.62,60.0,66.68,21.83,29.95,47.23,31.12,47.85,10.0.1,10.0.1,10.0.1,10.0.1,10.0.1,10.0.1,10.0.1,10.0.1
timpal0l/Mistral-7B-v0.1-flashback-v2 (few-shot),1.98,2.82,7242.0,32.0,32768,5053.68,True,False,80.14,80.19,44.14,29.77,34.23,65.29,62.52,57.07,65.15,18.72,33.24,49.69,25.5,43.44,12.5.3,12.5.3,12.5.3,12.5.3,12.5.3,12.5.3,12.5.3,12.5.3
upstage/SOLAR-10.7B-v1.0 (few-shot),1.98,1.98,10732.0,32.0,4096,3780.42,True,False,77.48,70.13,59.65,39.33,16.94,40.98,68.15,62.65,65.19,19.09,39.82,54.84,68.87,76.46,12.5.3,12.5.3,12.5.3,12.5.3,12.5.3,12.5.3,12.5.3,12.5.3
"RJuro/munin-neuralbeagle-7b (few-shot, val)",1.98,2.55,7242.0,32.0,32768,2492.75,False,True,77.13,78.36,62.96,51.99,15.73,47.41,65.06,58.43,67.58,22.52,32.54,49.3,34.94,50.39,9.3.2,9.3.2,9.3.2,12.5.2,9.3.2,9.3.2,9.3.2,9.3.2
google-bert/bert-base-multilingual-cased,1.98,999.0,178.0,120.0,512,14083.03,True,False,61.78,60.94,76.29,70.33,47.74,72.98,46.07,41.17,,,,,,,0.0.0,0.0.0,0.0.0,0.0.0,0.0.0,0.0.0,0.0.0,0.0.0
meta-llama/Llama-2-13b-hf (few-shot),1.99,3.14,13016.0,32.0,4096,2898.43,True,False,78.45,79.73,54.52,44.11,21.55,49.54,65.01,59.71,64.59,18.56,25.51,43.68,14.97,34.85,12.10.4,12.10.5,12.10.4,12.10.5,12.10.5,12.10.4,12.10.4,12.10.4
google/gemma-7b (few-shot),1.99,2.65,8538.0,256.0,8192,1377.83,True,False,77.72,77.58,43.68,29.4,36.25,65.08,64.23,58.62,64.44,18.7,39.94,53.25,25.96,40.33,12.9.1,12.9.1,12.9.1,12.9.1,12.9.1,12.9.1,12.10.0,12.10.0
"merge-crew/da-sv-dare-ties-density-0.9 (few-shot, val)",2.0,2.82,7242.0,32.0,32768,2442.55,True,True,76.38,78.3,46.61,34.1,34.16,60.06,63.5,58.77,66.77,22.42,29.77,46.25,25.38,39.34,10.0.1,10.0.1,10.0.1,10.0.1,10.0.1,10.0.1,10.0.1,10.0.1
"AI-Sweden-Models/tyr (few-shot, val)",2.0,2.64,7242.0,32.0,32768,6079.2,False,True,78.3,79.8,56.21,44.78,14.35,48.69,65.72,61.08,67.96,24.14,31.74,48.52,30.12,47.58,12.3.2,12.5.2,12.3.2,12.3.2,12.3.2,12.3.2,12.3.2,12.3.2
"birgermoell/Flashback-Bellman (few-shot, val)",2.01,2.55,7242.0,32.0,32768,2887.36,False,True,78.29,78.77,55.29,41.59,18.45,46.38,63.83,58.42,67.54,23.67,29.44,46.95,37.45,52.85,9.3.1,9.3.1,9.3.1,12.5.2,9.3.1,9.3.1,9.3.1,9.3.1
meta-llama/Llama-3.1-8B (few-shot),2.03,2.82,8030.0,128.0,131072,2609.75,True,False,80.79,79.9,62.19,43.29,27.38,52.74,49.56,42.78,64.14,18.03,35.1,50.1,23.18,41.44,14.0.4,14.0.4,14.0.4,14.0.4,14.0.4,14.0.4,14.0.4,14.0.4
Geotrend/bert-base-25lang-cased,2.03,999.0,151.0,85.0,512,13908.28,True,False,62.5,60.57,75.62,70.17,38.18,66.99,45.91,40.96,,,,,,,0.0.0,0.0.0,0.0.0,0.0.0,0.0.0,0.0.0,0.0.0,0.0.0
Nexusflow/Starling-LM-7B-beta (few-shot),2.04,2.6,7242.0,32.0,4096,1628.91,False,False,77.51,76.88,56.28,28.71,23.25,50.0,59.76,47.09,65.58,17.4,31.52,48.14,39.95,54.35,14.0.4,14.0.4,14.0.4,14.0.4,14.0.4,14.0.4,14.0.4,14.0.4
google-bert/bert-base-multilingual-uncased,2.04,999.0,167.0,106.0,512,13992.5,True,False,63.3,59.96,70.85,65.5,48.97,73.78,42.69,38.0,,,,,,,0.0.0,0.0.0,0.0.0,0.0.0,0.0.0,0.0.0,0.0.0,0.0.0
Mabeck/Heidrun-Mistral-7B-chat (few-shot),2.04,2.91,7242.0,32.0,32768,1418.7,False,False,77.5,73.87,55.06,41.39,17.47,47.73,64.58,58.67,64.18,18.13,31.04,48.29,23.57,42.37,10.0.1,10.0.1,10.0.1,12.5.0,12.5.0,10.0.1,10.0.1,14.0.3
CohereForAI/aya-expanse-8b (few-shot),2.05,2.5,8028.0,256.0,8192,1017.6,False,False,78.43,74.54,57.38,29.69,14.52,45.18,63.0,53.14,65.69,19.95,37.32,52.95,38.28,53.7,13.0.0,13.0.0,13.0.0,13.0.0,13.0.0,13.0.0,13.0.0,14.0.4
"RJuro/munin-neuralbeagle-SkoleGPTOpenOrca-7b (few-shot, val)",2.05,2.71,7242.0,32.0,32768,3007.6,False,True,72.04,63.83,59.36,47.08,22.38,54.7,64.06,57.96,65.13,19.26,29.81,47.46,35.59,51.76,9.3.2,9.3.2,9.3.2,12.5.2,9.3.2,9.3.2,9.3.2,9.3.2
ZurichNLP/unsup-simcse-xlm-roberta-base,2.05,999.0,278.0,250.0,512,34520.24,True,False,71.12,60.88,75.49,74.57,36.69,65.77,38.9,33.55,,,,,,,12.6.1,12.6.1,12.6.1,0.0.0,0.0.0,0.0.0,0.0.0,12.7.0
Geotrend/bert-base-en-da-cased,2.06,999.0,111.0,33.0,512,14061.58,True,False,61.89,60.17,74.88,69.57,40.22,68.89,44.78,39.95,,,,,,,0.0.0,0.0.0,0.0.0,0.0.0,0.0.0,0.0.0,0.0.0,0.0.0
birgermoell/roberta-swedish-scandi,2.06,999.0,125.0,50.0,512,15384.84,True,False,69.96,68.67,68.55,62.0,52.88,75.25,32.49,27.99,,,,,,,0.0.0,0.0.0,0.0.0,0.0.0,0.0.0,0.0.0,0.0.0,0.0.0
meta-llama/Meta-Llama-3-8B-Instruct (few-shot),2.06,2.63,8030.0,128.0,8192,1007.12,True,False,59.93,67.54,69.67,52.94,27.63,60.85,60.85,49.84,66.6,19.13,33.54,49.2,30.32,45.96,12.6.1,12.6.1,12.6.1,12.6.1,12.6.1,12.6.1,12.6.1,14.0.4
"birgermoell/BeagleCatMunin-Flashback-Bellman (few-shot, val)",2.07,2.65,7242.0,32.0,32768,2890.1,False,True,76.99,76.84,52.96,41.51,14.27,40.6,64.87,59.92,67.62,23.9,27.95,45.86,36.11,51.6,9.3.1,9.3.1,9.3.1,12.5.2,9.3.1,9.3.1,9.3.1,9.3.1
danish-foundation-models/munin-7b-v0.1dev0 (few-shot),2.07,2.99,7242.0,32.0,8192,6112.86,True,False,73.05,74.56,47.1,35.06,30.29,61.4,63.51,57.39,64.69,19.03,27.4,44.17,21.08,38.46,12.4.0,12.5.2,12.4.0,12.4.0,12.4.0,12.4.0,12.4.0,12.5.0
"mlabonne/NeuralBeagle14-7B (few-shot, val)",2.07,2.48,7242.0,32.0,8192,2549.38,False,True,76.03,78.25,61.25,50.76,16.28,49.04,60.05,50.96,68.35,24.05,32.3,48.98,38.78,52.89,9.3.2,9.3.2,9.3.2,12.5.2,9.3.2,9.3.2,9.3.2,9.3.2
"birgermoell/Rapid-Cycling (few-shot, val)",2.07,2.71,7242.0,32.0,32768,2345.88,False,True,77.72,78.4,53.66,41.97,16.22,43.17,64.72,59.75,67.57,23.65,27.24,45.51,32.04,48.67,9.3.2,9.3.2,9.3.2,12.5.2,9.3.2,9.3.2,9.3.2,9.3.2
"meta-llama/Llama-2-70b-chat-hf (few-shot, val)",2.08,2.47,68977.0,32.0,4096,1979.03,True,False,64.52,70.51,55.91,39.73,23.85,56.89,65.82,58.88,67.57,21.77,37.6,52.46,31.78,47.11,12.7.0,12.7.0,12.7.0,12.7.0,12.7.0,12.7.0,12.7.0,12.7.0
mhenrichsen/danskgpt-chat-v2.1 (few-shot),2.08,2.68,,32.0,32768,5085.22,True,False,75.98,74.44,54.37,42.16,17.98,56.01,64.24,55.07,64.42,14.42,32.81,49.28,36.24,51.96,12.0.0,12.0.0,12.0.0,12.0.0,12.0.0,12.0.0,12.0.0,12.0.0
utter-project/EuroLLM-9B-Instruct (few-shot),2.09,2.47,9152.0,128.0,4096,1483.46,False,False,76.02,77.86,40.59,28.19,33.98,57.44,63.97,56.98,66.33,20.77,40.09,54.78,36.27,50.67,13.1.0,13.1.0,13.1.0,13.1.0,13.1.0,13.1.0,13.1.0,14.0.4
bineric/NorskGPT-Llama3-8b (few-shot),2.09,2.44,8030.0,128.0,8192,3694.76,False,False,76.06,61.59,63.19,51.22,5.34,34.32,66.0,56.7,66.25,20.28,36.23,51.68,43.6,56.86,12.7.0,12.7.0,12.7.0,12.7.0,12.7.0,12.7.0,12.7.0,12.7.0
Mabeck/Heidrun-Mistral-7B-base (few-shot),2.09,3.02,7242.0,32.0,32768,3822.53,True,False,79.43,78.21,48.43,35.31,17.37,52.91,62.72,57.05,63.81,18.13,31.72,48.7,15.69,35.96,11.0.0,11.0.0,11.0.0,11.0.0,11.0.0,11.0.0,11.0.0,11.0.0
"timpal0l/BeagleCatMunin2 (few-shot, val)",2.1,2.38,7242.0,32.0,32768,2477.24,False,True,73.72,67.79,60.87,47.4,6.78,35.9,65.08,58.75,68.06,23.91,33.71,50.08,41.45,55.51,9.3.1,9.3.1,9.3.1,12.5.2,9.3.1,9.3.1,9.3.1,9.3.1
Twitter/twhin-bert-base,2.1,999.0,279.0,250.0,512,11513.72,True,False,66.62,61.9,70.17,64.19,46.72,72.15,35.79,31.38,,,,,,,0.0.0,0.0.0,0.0.0,0.0.0,0.0.0,0.0.0,0.0.0,0.0.0
"merge-crew/da-sv-ties (few-shot, val)",2.1,2.75,7242.0,32.0,32768,2457.19,True,True,76.57,78.11,48.36,34.48,20.94,44.72,63.87,59.07,66.59,22.19,31.44,47.3,26.04,38.83,10.0.1,10.0.1,10.0.1,10.0.1,10.0.1,10.0.1,10.0.1,10.0.1
Geotrend/bert-base-en-no-cased,2.12,999.0,111.0,33.0,512,14080.79,True,False,61.8,58.93,75.33,69.89,36.62,66.91,44.71,39.95,,,,,,,0.0.0,0.0.0,0.0.0,0.0.0,0.0.0,0.0.0,0.0.0,0.0.0
flax-community/nordic-roberta-wiki,2.12,999.0,125.0,50.0,512,16226.52,True,False,61.11,58.97,72.9,66.93,55.05,76.76,33.6,29.04,,,,,,,0.0.0,0.0.0,0.0.0,0.0.0,0.0.0,0.0.0,0.0.0,0.0.0
"birgermoell/Munin-NeuralBeagle-NorskGPT (few-shot, val)",2.13,2.51,7242.0,32.0,32768,2902.56,False,True,73.72,62.83,63.85,47.77,-0.56,33.54,66.26,60.1,68.11,23.63,27.79,45.82,42.43,56.52,9.3.1,9.3.1,9.3.1,12.5.2,9.3.1,9.3.1,9.3.1,9.3.1
"birgermoell/WestLake-Munin-Cat-NorskGPT (few-shot, val)",2.13,2.51,7242.0,32.0,32768,2856.11,False,True,73.72,62.83,63.85,47.77,-0.56,33.54,66.26,60.1,68.11,23.63,27.79,45.82,42.43,56.52,9.3.1,9.3.1,9.3.1,12.5.2,9.3.1,9.3.1,9.3.1,9.3.1
AI-Sweden-Models/Llama-3-8B (few-shot),2.13,2.97,8030.0,128.0,8192,4140.98,True,False,81.12,77.04,36.45,27.24,26.8,59.15,64.72,58.16,66.09,20.48,29.01,45.32,15.92,35.28,12.10.5,12.10.5,12.10.5,12.10.5,12.10.5,12.10.5,12.10.5,12.10.5
"merge-crew/da-sv-dare-ties-density-0.6 (few-shot, val)",2.13,2.84,7242.0,32.0,32768,2514.54,True,True,78.74,80.11,45.12,30.73,19.74,46.97,65.22,60.15,66.41,21.9,31.24,47.77,22.3,39.45,10.0.1,10.0.1,10.0.1,10.0.1,10.0.1,10.0.1,10.0.1,10.0.1
mistralai/Ministral-8B-Instruct-2410 (few-shot),2.13,2.62,8020.0,131.0,32768,911.9,True,False,73.32,75.58,54.76,31.21,16.17,42.93,65.27,57.94,65.95,17.1,30.08,46.33,39.51,53.1,14.0.4,14.0.4,14.0.4,14.0.4,14.0.4,14.0.4,14.0.4,14.0.4
meta-llama/Llama-2-13b-chat-hf (few-shot),2.14,3.01,13016.0,32.0,4096,2849.49,True,False,77.19,79.13,49.9,35.48,14.67,53.9,63.72,57.12,66.25,19.64,24.4,42.73,19.3,38.75,12.10.4,12.10.5,12.10.4,12.11.0,12.11.0,12.10.4,12.10.4,12.10.4
CohereForAI/aya-23-8B (few-shot),2.14,3.06,8028.0,256.0,8192,1121.33,False,False,76.21,67.87,60.04,43.93,7.54,35.42,63.65,58.6,63.0,18.11,20.97,39.72,28.96,46.32,13.0.0,13.0.0,13.0.0,13.0.0,13.0.0,13.0.0,13.0.0,14.0.4
Geotrend/bert-base-en-fr-de-no-da-cased,2.14,999.0,118.0,42.0,512,13972.84,True,False,61.6,62.28,76.55,70.38,37.44,66.67,43.87,39.32,,,,,,,0.0.0,0.0.0,0.0.0,0.0.0,0.0.0,0.0.0,0.0.0,0.0.0
ibm-granite/granite-3.0-8b-base (few-shot),2.14,2.87,8171.0,49.0,4097,973.33,True,False,75.92,75.77,44.8,34.91,24.84,59.88,62.01,56.71,63.65,18.25,26.71,44.61,30.43,47.06,13.0.0,13.0.0,13.0.0,13.0.0,13.0.0,13.0.0,13.0.0,14.0.4
mistralai/Mistral-7B-v0.1 (few-shot),2.15,2.86,7242.0,32.0,32768,1445.59,True,False,80.0,79.8,53.34,40.48,4.61,34.51,64.65,58.99,64.87,19.3,35.52,51.52,19.67,38.98,0.0.0,0.0.0,0.0.0,12.5.1,11.0.0,9.1.2,9.1.2,14.0.3
mhenrichsen/hestenettetLM (few-shot),2.15,2.84,7242.0,32.0,32768,1150.9,True,False,79.7,79.45,53.0,39.09,4.32,34.43,64.74,59.03,64.89,19.31,35.48,51.54,20.54,39.66,12.3.2,12.5.2,12.3.2,12.3.2,12.3.2,12.3.2,12.3.2,14.0.4
mistralai/Mistral-7B-v0.3 (few-shot),2.17,2.86,7248.0,33.0,32768,1364.05,True,False,79.08,78.81,49.18,39.25,11.06,38.96,64.79,58.98,64.79,19.3,34.51,50.46,20.84,39.88,12.10.4,12.10.4,12.10.4,12.10.4,12.10.5,12.10.4,12.10.4,14.0.3
Geotrend/bert-base-da-cased,2.17,999.0,104.0,23.0,512,15432.35,True,False,62.18,59.44,74.13,68.93,36.93,65.97,41.94,37.59,,,,,,,0.0.0,0.0.0,0.0.0,0.0.0,0.0.0,0.0.0,0.0.0,0.0.0
alpindale/Mistral-7B-v0.2-hf (few-shot),2.17,2.86,7242.0,32.0,32768,1841.12,True,False,78.9,78.62,48.96,39.25,10.82,38.95,64.72,58.91,64.78,19.24,34.52,50.47,20.96,39.95,12.5.1,12.5.2,12.5.1,12.5.1,12.5.1,12.5.1,12.5.1,12.5.2
ltg/norbert3-small,2.18,999.0,41.0,50.0,508,13515.41,True,False,63.8,57.65,74.22,68.68,37.77,65.87,35.81,31.45,,,,,,,0.0.0,0.0.0,0.0.0,0.0.0,0.0.0,0.0.0,0.0.0,0.0.0
ibm-granite/granite-3.0-8b-instruct (few-shot),2.18,2.94,8171.0,49.0,4096,1118.16,True,False,76.78,78.27,44.94,35.67,16.96,55.03,63.13,56.83,65.09,19.37,26.57,44.19,24.62,42.11,13.0.0,13.0.0,13.0.0,13.0.0,13.0.0,13.0.0,13.0.0,14.0.4
bineric/NorskGPT-Mistral-7b (few-shot),2.2,2.49,7242.0,32.0,32768,2442.87,False,False,74.3,60.35,58.4,40.55,0.0,33.37,65.78,59.16,65.36,18.81,35.01,51.07,43.72,57.66,9.3.1,9.3.1,9.3.1,12.5.1,11.0.0,9.3.1,9.3.1,9.3.1
ThatsGroes/munin-SkoleGPTOpenOrca-7b-16bit (few-shot),2.2,3.02,7242.0,32.0,32768,3005.72,False,False,77.98,72.79,44.64,31.3,16.57,51.86,63.73,57.31,63.23,15.35,28.15,45.69,23.58,42.3,11.0.0,11.0.0,11.0.0,12.4.0,12.4.0,11.0.0,11.0.0,11.0.0
jhu-clsp/bernice,2.2,999.0,278.0,250.0,128,5566.94,True,False,70.91,67.12,71.34,65.04,53.52,76.15,18.47,16.41,,,,,,,0.0.0,0.0.0,0.0.0,0.0.0,0.0.0,0.0.0,0.0.0,0.0.0
vesteinn/DanskBERT,2.2,999.0,124.0,50.0,512,15748.62,True,False,67.77,62.98,72.33,67.15,33.79,64.01,37.46,32.71,,,,,,,0.0.0,0.0.0,0.0.0,0.0.0,0.0.0,0.0.0,0.0.0,0.0.0
microsoft/xlm-align-base,2.21,999.0,278.0,250.0,512,14744.17,True,False,73.67,68.61,78.6,73.04,15.41,53.29,37.13,32.41,,,,,,,0.0.0,0.0.0,0.0.0,0.0.0,0.0.0,0.0.0,0.0.0,0.0.0
timpal0l/Mistral-7B-v0.1-flashback-v2-instruct (few-shot),2.21,3.05,7242.0,32.0,32768,5172.48,False,False,77.06,79.02,46.74,33.57,14.0,53.89,63.45,56.74,62.56,15.85,30.87,47.77,15.79,35.66,12.3.2,12.5.2,12.3.2,12.4.0,12.4.0,12.3.2,12.3.2,12.3.2
senseable/WestLake-7B-v2 (few-shot),2.21,2.49,7242.0,32.0,32768,5992.97,False,False,67.74,71.89,58.9,42.48,16.52,46.3,59.91,49.41,66.09,19.64,31.76,48.64,45.84,59.27,12.6.1,12.6.1,12.6.1,12.6.1,12.6.1,12.6.1,12.6.1,12.6.1
"KennethEnevoldsen/munin_mistral-7b (few-shot, val)",2.23,2.87,7242.0,32.0,32768,2543.28,False,True,77.66,78.59,52.34,39.14,6.0,36.34,64.12,60.16,65.54,19.31,31.83,48.55,20.55,38.95,12.3.1,12.5.2,12.3.1,12.3.2,12.3.2,12.3.2,12.3.2,12.3.2
sentence-transformers/stsb-xlm-r-multilingual,2.23,999.0,278.0,250.0,512,15039.9,True,False,72.77,68.13,68.94,62.54,40.21,67.11,25.99,20.09,,,,,,,0.0.0,0.0.0,0.0.0,0.0.0,0.0.0,0.0.0,0.0.0,0.0.0
danish-foundation-models/munin-7b-alpha (few-shot),2.23,3.0,7242.0,32.0,32768,6116.08,True,False,78.8,75.28,42.23,30.3,15.47,54.26,62.43,56.75,62.78,16.74,30.86,47.83,19.11,38.55,12.4.0,12.5.2,12.4.0,12.4.0,12.4.0,12.4.0,12.4.0,12.4.0
DDSC/roberta-base-scandinavian,2.24,999.0,125.0,50.0,512,14490.87,True,False,72.28,71.62,58.84,53.63,37.61,66.93,35.43,30.59,,,,,,,0.0.0,0.0.0,0.0.0,0.0.0,0.0.0,0.0.0,0.0.0,0.0.0
meta-llama/Llama-3.2-3B (few-shot),2.24,3.18,3213.0,128.0,131073,3713.14,True,False,77.76,67.88,51.06,31.63,5.88,38.51,62.93,57.43,62.73,17.61,27.05,44.68,13.3,33.89,13.0.0,13.0.0,13.0.0,13.0.0,13.0.0,13.0.0,13.0.0,13.0.0
jonfd/electra-small-nordic,2.24,999.0,22.0,96.0,128,5989.23,True,False,66.42,57.57,71.07,65.46,69.19,84.26,13.02,11.85,,,,,,,0.0.0,0.0.0,0.0.0,0.0.0,0.0.0,0.0.0,0.0.0,0.0.0
RuterNorway/Llama-2-13b-chat-norwegian (few-shot),2.25,3.11,,32.0,4096,3254.47,False,False,74.17,76.62,50.85,39.65,7.51,37.81,63.28,57.32,65.2,19.06,23.92,42.25,17.67,37.32,9.3.1,9.3.1,9.3.1,9.3.1,9.3.1,9.3.1,9.3.1,12.9.0
meta-llama/Llama-2-7b-hf (few-shot),2.27,3.41,6738.0,32.0,4096,930.05,True,False,79.05,75.52,44.11,31.64,7.34,43.83,63.16,57.49,64.63,18.68,15.65,36.32,8.74,29.87,9.2.0,9.2.0,9.2.0,12.5.1,12.0.0,9.2.0,9.2.0,12.9.0
"mlabonne/AlphaMonarch-7B (few-shot, val)",2.27,2.53,7242.0,32.0,8192,5340.04,False,True,67.03,70.77,60.53,48.45,15.1,48.57,53.5,42.46,67.94,22.99,27.51,45.43,42.29,55.43,12.5.2,12.5.2,12.5.2,12.5.2,12.5.2,12.5.2,12.5.2,12.5.2
meta-llama/Llama-3.2-3B-Instruct (few-shot),2.28,2.91,3213.0,128.0,131073,10423.76,False,False,76.98,71.38,43.74,34.37,16.01,51.83,57.83,48.38,64.98,17.53,29.44,47.21,22.42,41.45,13.0.0,13.0.0,13.0.0,13.0.0,13.0.0,13.0.0,13.0.0,13.0.0
sentence-transformers/paraphrase-xlm-r-multilingual-v1,2.28,999.0,278.0,250.0,512,20154.46,True,False,71.33,65.44,70.22,63.97,39.6,66.6,24.75,18.65,,,,,,,0.0.0,0.0.0,0.0.0,0.0.0,0.0.0,0.0.0,0.0.0,12.8.0
occiglot/occiglot-7b-eu5 (few-shot),2.29,3.18,7242.0,32.0,32768,2219.46,True,False,76.56,78.16,49.02,41.69,2.18,36.26,63.65,58.98,64.42,18.79,23.68,42.15,14.05,34.81,12.1.0,12.5.2,12.1.0,12.1.0,12.1.0,12.1.0,12.2.0,12.2.0
bineric/NorskGPT-Llama-13B-v0.1 (few-shot),2.29,2.88,,32.0,4096,2856.44,False,False,79.05,77.87,49.26,36.92,0.22,33.38,63.61,56.78,65.99,19.57,25.56,43.67,28.26,45.89,12.10.4,12.10.4,12.10.4,12.10.4,12.10.4,12.10.4,12.10.4,12.10.4
occiglot/occiglot-7b-eu5-instruct (few-shot),2.31,3.13,7242.0,32.0,32768,2087.8,False,False,71.73,74.97,47.67,36.91,7.9,41.24,64.48,57.78,65.07,19.59,25.52,43.68,14.06,35.12,12.2.0,12.5.2,12.3.1,12.4.0,12.4.0,12.3.1,12.3.1,12.3.1
ibm-granite/granite-8b-code-base-4k (few-shot),2.31,3.53,8055.0,49.0,4096,2312.61,True,False,74.45,72.26,59.77,45.71,3.97,34.79,56.07,50.18,62.61,17.92,14.34,35.93,7.4,30.2,13.0.0,13.0.0,13.0.0,13.0.0,13.0.0,13.0.0,13.0.0,13.0.0
ibm-granite/granite-8b-code-instruct-4k (few-shot),2.34,3.62,8055.0,49.0,4096,5616.81,True,False,73.93,73.97,52.85,35.11,8.27,43.29,54.5,48.49,60.98,16.18,13.69,33.34,5.68,27.99,13.0.0,13.0.0,13.0.0,13.0.0,13.0.0,13.0.0,13.0.0,13.0.0
microsoft/infoxlm-base,2.34,999.0,278.0,250.0,512,34735.22,True,False,71.48,65.72,79.43,74.17,7.26,45.42,38.23,33.72,,,,,,,0.0.0,0.0.0,0.0.0,0.0.0,0.0.0,0.0.0,0.0.0,12.7.0
Twitter/twhin-bert-large,2.35,999.0,561.0,250.0,512,9706.97,True,False,63.35,60.33,74.26,68.2,16.07,52.48,41.72,36.77,,,,,,,0.0.0,0.0.0,0.0.0,0.0.0,0.0.0,0.0.0,0.0.0,12.7.0
mistralai/Mistral-7B-Instruct-v0.2 (few-shot),2.36,2.96,7242.0,32.0,32768,2370.41,False,False,62.9,70.61,47.92,33.0,19.95,56.49,61.42,52.51,66.11,19.64,25.6,43.53,21.75,40.57,9.2.0,9.2.0,9.3.1,12.4.0,12.4.0,9.3.2,9.3.2,14.0.3
mistralai/Mistral-7B-Instruct-v0.1 (few-shot),2.36,3.23,7242.0,32.0,32768,633.64,False,False,73.33,76.19,45.01,27.59,11.59,40.89,59.29,52.12,63.1,18.05,24.03,42.32,15.37,35.78,9.3.1,9.3.1,9.3.1,12.4.0,12.4.0,9.3.1,9.3.1,12.9.0
tollefj/nordavind-7b-instruct-warm (few-shot),2.36,3.86,7248.0,33.0,2048,6450.44,False,False,77.91,76.08,47.24,24.94,5.55,48.57,57.55,51.41,61.11,17.57,1.49,25.9,3.97,27.45,12.3.2,12.5.2,12.3.2,12.4.0,12.4.0,12.3.2,12.3.2,12.3.2
distilbert/distilbert-base-multilingual-cased,2.36,999.0,135.0,120.0,512,26354.74,True,False,59.66,56.16,70.08,64.46,33.71,65.32,36.44,31.48,,,,,,,0.0.0,0.0.0,0.0.0,0.0.0,0.0.0,0.0.0,0.0.0,0.0.0
LumiOpen/Viking-33B@1000B (few-shot),2.36,4.04,33119.0,131.0,4099,2079.9,True,False,77.68,78.86,42.35,28.31,8.08,50.52,60.34,54.57,58.3,14.29,1.73,24.98,-0.32,25.53,12.9.0,12.9.0,12.9.0,12.9.0,12.9.0,12.9.0,12.9.0,12.9.0
clips/mfaq,2.37,999.0,278.0,250.0,128,5591.18,True,False,73.32,70.21,76.31,70.91,32.29,62.21,19.52,16.12,,,,,,,0.0.0,0.0.0,0.0.0,0.0.0,0.0.0,0.0.0,0.0.0,0.0.0
allenai/OLMo-1.7-7B-hf (few-shot),2.37,3.47,6888.0,50.0,4096,3371.43,True,False,76.6,64.63,41.25,32.87,6.37,49.55,61.35,54.87,62.9,17.15,16.18,34.88,8.52,29.96,12.10.4,12.10.5,12.10.4,12.10.5,12.10.5,12.10.4,12.10.4,12.10.4
sentence-transformers/paraphrase-multilingual-mpnet-base-v2,2.37,999.0,278.0,250.0,512,15099.94,True,False,73.47,70.2,65.14,59.82,36.62,66.09,25.0,18.65,,,,,,,0.0.0,0.0.0,0.0.0,0.0.0,0.0.0,0.0.0,0.0.0,0.0.0
TrustLLMeu/baseline-7-8b_1t-tokens_llama (few-shot),2.38,3.8,7800.0,100.0,4096,6196.57,True,False,79.18,76.66,42.87,40.34,8.65,46.95,57.58,51.56,64.66,18.04,2.37,24.51,0.17,25.26,13.0.0,13.0.0,13.0.0,13.0.0,13.0.0,13.0.0,13.0.0,13.0.0
ibm-granite/granite-3.0-2b-instruct (few-shot),2.38,3.52,2634.0,49.0,4097,10193.87,True,False,72.76,72.65,45.23,37.99,11.25,51.22,59.36,52.22,61.56,17.51,18.14,38.28,6.77,28.93,13.0.0,13.0.0,13.0.0,13.0.0,13.0.0,13.0.0,13.0.0,13.0.0
Geotrend/distilbert-base-25lang-cased,2.38,999.0,109.0,85.0,512,26098.8,True,False,60.69,56.69,70.56,64.49,30.83,63.39,36.45,31.41,,,,,,,0.0.0,0.0.0,0.0.0,0.0.0,0.0.0,0.0.0,0.0.0,0.0.0
google/gemma-2-2b-it (few-shot),2.38,2.83,2614.0,256.0,8193,5373.87,True,False,75.84,77.22,35.61,26.05,15.62,51.3,58.65,47.76,65.16,18.88,27.0,44.95,31.43,47.99,13.0.0,13.0.0,13.0.0,13.0.0,13.0.0,13.0.0,13.0.0,13.0.0
neph1/bellman-7b-mistral-instruct-v0.2 (few-shot),2.39,3.23,7242.0,32.0,32768,2517.83,False,False,55.84,66.96,54.38,39.66,16.05,54.22,61.85,53.22,64.9,16.99,22.36,41.14,12.52,33.9,9.2.0,9.2.0,9.2.0,12.4.0,12.4.0,9.2.0,9.2.0,9.2.0
AI-Sweden-Models/gpt-sw3-40b (few-shot),2.39,3.56,39927.0,64.0,2048,408.99,True,False,80.44,77.81,32.0,17.02,10.73,51.37,60.53,53.8,65.16,19.5,8.35,30.38,5.74,28.98,12.9.0,12.9.0,12.9.0,12.9.0,12.9.1,12.9.1,12.9.1,12.9.1
AI-Sweden-Models/gpt-sw3-20b (few-shot),2.39,3.76,20918.0,64.0,2048,1875.24,True,False,79.2,79.87,31.86,21.95,12.26,46.9,60.28,53.58,64.14,18.76,3.15,27.43,2.77,26.43,12.10.0,9.3.1,9.3.1,9.3.1,9.3.1,9.3.1,9.3.1,12.9.0
dbmdz/bert-base-historic-multilingual-cased,2.4,999.0,111.0,32.0,512,20046.97,True,False,64.25,63.62,68.83,63.29,28.62,59.33,34.26,28.78,,,,,,,0.0.0,0.0.0,0.0.0,0.0.0,0.0.0,0.0.0,0.0.0,12.8.0
MaLA-LM/emma-500-llama2-7b (few-shot),2.4,3.83,6738.0,32.0,4096,6275.17,True,False,75.64,76.06,41.49,38.09,0.66,33.73,63.85,57.48,55.94,13.29,10.56,31.45,5.03,28.41,13.0.0,13.0.0,13.0.0,13.0.0,13.0.0,13.0.0,13.0.0,13.0.0
Geotrend/distilbert-base-en-fr-de-no-da-cased,2.41,999.0,76.0,42.0,512,26081.06,True,False,59.83,55.15,69.94,63.93,29.82,63.32,36.2,31.13,,,,,,,0.0.0,0.0.0,0.0.0,0.0.0,0.0.0,0.0.0,0.0.0,0.0.0
neuralmagic/Sparse-Llama-3.1-8B-2of4 (few-shot),2.42,3.05,8030.0,128.0,131072,2996.46,True,False,76.57,76.28,33.21,32.18,10.51,49.04,63.06,58.15,63.82,18.33,26.73,44.29,21.33,37.89,13.2.0,13.2.0,13.2.0,13.2.0,13.2.0,13.2.0,13.2.0,14.0.3
norallm/normistral-7b-warm (few-shot),2.42,4.03,7248.0,33.0,2048,3174.78,True,False,76.09,74.78,48.78,26.81,2.53,47.37,55.09,48.93,57.49,16.17,1.28,23.12,1.27,25.74,11.0.0,11.0.0,11.0.0,11.0.0,11.0.0,11.0.0,11.0.0,11.0.0
Geotrend/distilbert-base-en-da-cased,2.43,999.0,69.0,33.0,512,26196.27,True,False,59.42,55.74,69.62,63.51,29.01,62.65,36.82,31.82,,,,,,,0.0.0,0.0.0,0.0.0,0.0.0,0.0.0,0.0.0,0.0.0,0.0.0
Geotrend/distilbert-base-en-no-cased,2.43,999.0,69.0,33.0,512,26597.05,True,False,59.53,57.93,69.28,63.61,29.36,63.6,35.34,30.42,,,,,,,0.0.0,0.0.0,0.0.0,0.0.0,0.0.0,0.0.0,0.0.0,0.0.0
01-ai/Yi-1.5-6B (few-shot),2.44,2.95,6061.0,64.0,4097,2867.41,True,False,70.71,71.19,45.55,26.78,4.83,36.64,61.21,55.25,63.18,17.62,26.05,44.56,27.09,44.95,13.0.0,13.0.0,13.0.0,13.0.0,13.0.0,13.0.0,13.0.0,13.0.0
"claude-3-5-haiku-20241022 (zero-shot, val)",2.44,3.49,,,200000,276.86,True,False,59.89,62.05,57.06,38.72,9.3,35.59,58.05,39.97,65.29,14.61,16.34,28.83,0.0,23.16,14.0.2,14.0.2,14.0.3,14.0.3,14.0.3,14.0.3,14.0.3,14.0.1
Geotrend/distilbert-base-da-cased,2.45,999.0,61.0,23.0,512,28949.94,True,False,58.47,56.03,69.25,63.9,29.8,63.53,35.37,30.61,,,,,,,0.0.0,0.0.0,0.0.0,0.0.0,0.0.0,0.0.0,0.0.0,0.0.0
"merge-crew/da-sv-dare-ties-density-0.3 (few-shot, val)",2.45,3.39,7242.0,32.0,32768,2460.88,True,True,75.33,77.99,32.37,24.6,12.73,45.51,58.32,53.05,64.74,19.59,15.6,33.16,9.81,28.12,10.0.1,10.0.1,10.0.1,10.0.1,10.0.1,10.0.1,10.0.1,10.0.1
NorwAI/NorwAI-Mistral-7B (few-shot),2.46,3.68,7537.0,68.0,4096,3034.67,True,False,80.26,77.89,23.88,17.99,13.5,52.55,60.74,55.02,64.78,18.68,6.62,27.61,2.66,26.32,12.10.4,12.10.5,12.10.5,12.10.5,12.10.5,12.10.5,12.10.5,12.10.5
ibm-granite/granite-3b-code-base-2k (few-shot),2.48,4.43,3483.0,49.0,2048,2731.51,True,False,70.61,60.47,51.76,41.73,6.24,46.34,50.56,44.67,41.31,7.2,7.41,30.14,5.42,29.15,13.0.0,13.0.0,13.0.0,13.0.0,13.0.0,13.0.0,13.0.0,13.0.0
microsoft/Phi-3-mini-4k-instruct (few-shot),2.49,3.33,3821.0,32.0,4096,3194.33,True,False,67.17,70.99,46.15,24.28,5.3,47.01,57.49,51.12,59.2,15.57,21.33,41.04,16.12,36.99,12.10.5,12.10.5,12.10.5,12.10.5,12.10.5,12.10.5,12.10.5,14.0.4
Addedk/mbert-swedish-distilled-cased,2.49,999.0,135.0,120.0,512,26091.07,True,False,62.1,60.27,73.41,66.98,34.86,66.98,21.09,18.1,,,,,,,0.0.0,0.0.0,0.0.0,0.0.0,0.0.0,0.0.0,0.0.0,0.0.0
emillykkejensen/Phi-3-mini-4k-instruct-dansk (few-shot),2.49,3.47,3821.0,32.0,4096,1360.1,False,False,68.43,68.82,47.81,27.94,3.63,43.69,58.8,53.03,56.14,11.16,23.29,42.63,12.06,33.77,12.10.4,12.10.4,12.10.4,12.10.4,12.10.4,12.10.4,12.10.4,12.10.4
bineric/NorskGPT-Llama-7B-v0.1 (few-shot),2.49,3.09,6738.0,32.0,4096,5384.08,False,False,60.91,59.47,53.95,42.16,0.32,33.39,63.41,55.28,63.73,15.64,20.96,40.7,25.76,43.71,12.3.2,12.5.2,12.3.2,12.3.2,12.3.2,12.3.2,12.3.2,12.3.2
norallm/normistral-7b-warm-instruct (few-shot),2.5,3.76,,33.0,2048,6193.5,True,False,63.64,65.08,51.45,26.49,5.8,51.04,57.09,48.95,62.18,16.32,4.88,25.13,4.63,27.29,12.6.1,12.6.1,12.6.1,12.6.1,12.6.1,12.6.1,12.6.1,12.6.1
sentence-transformers/paraphrase-multilingual-MiniLM-L12-v2,2.5,999.0,118.0,250.0,512,29200.68,True,False,72.19,67.88,66.5,59.99,28.75,63.3,23.08,15.91,,,,,,,0.0.0,0.0.0,0.0.0,0.0.0,0.0.0,0.0.0,0.0.0,12.8.0
stabilityai/stablelm-2-1_6b (few-shot),2.51,3.96,1645.0,100.0,4096,7258.53,True,False,75.15,61.46,38.0,29.74,1.04,34.49,58.91,53.11,55.63,13.45,8.72,30.92,3.19,26.88,12.10.8,12.10.8,12.10.8,12.10.8,12.10.8,12.10.8,12.10.8,12.10.8
google/gemma-2-2b (few-shot),2.51,3.41,2614.0,256.0,8193,5235.32,True,False,76.36,65.98,30.45,23.98,6.06,49.8,60.59,55.19,63.12,17.92,20.8,40.36,6.24,28.87,13.0.0,13.0.0,13.0.0,13.0.0,13.0.0,13.0.0,13.0.0,13.0.0
LumiOpen/Viking-13B (few-shot),2.51,3.99,14030.0,131.0,4097,839.52,True,False,78.66,78.34,31.55,18.37,5.69,44.98,57.87,52.93,60.05,13.94,1.32,23.28,0.35,25.33,12.10.5,12.10.5,12.10.5,12.10.5,12.10.5,12.10.5,12.10.5,12.10.5
mideind/IceBERT-xlmr-ic3,2.52,999.0,278.0,250.0,512,11004.24,True,False,66.01,57.28,70.57,70.41,10.2,50.8,36.08,30.71,,,,,,,12.7.0,12.7.0,12.7.0,12.7.0,0.0.0,0.0.0,0.0.0,0.0.0
NbAiLab/nb-llama-3.1-8B (few-shot),2.54,3.05,8030.0,128.0,131072,1297.18,True,False,79.91,75.33,53.65,39.64,14.15,41.21,27.86,10.43,62.48,15.64,33.96,50.1,15.36,34.82,14.0.4,14.0.4,14.0.4,14.0.4,14.0.4,14.0.4,14.0.4,14.0.4
meta-llama/Llama-2-7b-chat-hf (few-shot),2.54,3.27,6738.0,32.0,4096,2643.05,False,False,66.18,72.0,39.72,29.85,6.74,45.55,60.9,54.05,65.92,18.51,17.73,37.55,12.85,33.37,9.3.1,9.3.1,9.3.1,12.4.0,12.4.0,9.3.1,9.3.1,9.3.1
NorwAI/NorwAI-Llama2-7B (few-shot),2.55,3.7,7033.0,68.0,4096,4437.75,True,False,79.36,76.34,24.98,25.5,5.75,41.27,60.74,54.74,64.6,18.36,3.83,26.46,4.4,28.14,12.10.5,12.10.5,12.10.5,12.10.5,12.10.5,12.10.5,12.10.5,12.10.5
ibm-granite/granite-3.0-3b-a800m-instruct (few-shot),2.57,3.62,3374.0,49.0,4096,10246.27,True,False,68.96,72.76,40.68,24.33,4.77,43.64,56.63,49.73,60.93,14.76,13.55,34.97,5.27,27.92,13.0.0,13.0.0,13.0.0,13.0.0,13.0.0,13.0.0,13.0.0,13.0.0
dbmdz/bert-medium-historic-multilingual-cased,2.57,999.0,42.0,32.0,512,24291.12,True,False,59.66,55.24,66.11,61.03,26.28,59.64,30.54,24.36,,,,,,,0.0.0,0.0.0,0.0.0,0.0.0,0.0.0,0.0.0,0.0.0,0.0.0
HPLT/gpt-33b-nordic-prerelease (few-shot),2.57,4.13,33119.0,131.0,4099,501.12,True,False,76.75,74.66,33.61,22.18,1.66,33.6,56.96,50.68,56.37,12.78,-0.31,25.2,-0.04,25.05,12.9.1,12.9.1,12.10.0,12.10.0,12.10.0,12.10.0,12.10.0,12.10.0
AI-Sweden-Models/gpt-sw3-6.7b-v2 (few-shot),2.57,3.76,7111.0,64.0,2048,2350.93,True,False,77.47,78.6,28.73,20.43,8.78,42.28,56.51,50.57,62.41,16.45,5.23,28.63,5.39,28.86,9.2.0,9.2.0,9.2.0,12.5.1,11.0.0,9.2.0,9.2.0,9.2.0
meta-llama/Llama-3.2-1B-Instruct (few-shot),2.58,3.81,1236.0,128.0,131073,7435.78,False,False,71.86,71.15,41.6,37.22,3.72,48.04,52.9,43.57,56.69,13.27,14.64,35.56,3.1,26.6,13.0.0,13.0.0,13.0.0,13.0.0,13.0.0,13.0.0,13.0.0,13.0.0
ibm-granite/granite-3.0-2b-base (few-shot),2.6,3.4,2534.0,49.0,4097,10186.88,True,False,68.85,70.02,36.54,28.79,2.6,40.21,59.78,54.58,61.77,17.01,16.19,37.23,14.06,34.8,13.0.0,13.0.0,13.0.0,13.0.0,13.0.0,13.0.0,13.0.0,13.0.0
Qwen/Qwen1.5-4B-Chat (few-shot),2.6,3.27,3950.0,152.0,32768,4347.23,False,False,64.08,69.62,40.19,31.88,5.43,38.32,59.57,53.21,61.9,17.34,20.95,40.87,16.59,36.76,10.0.1,12.5.2,12.1.0,12.5.2,12.1.0,12.1.0,12.1.0,9.3.2
ibm-granite/granite-3b-code-instruct-2k (few-shot),2.62,4.32,3483.0,49.0,2048,9058.91,True,False,65.67,64.0,50.1,42.8,4.55,45.11,49.35,42.83,45.16,11.84,7.58,28.54,3.79,27.39,13.0.0,13.0.0,13.0.0,13.0.0,13.0.0,13.0.0,13.0.0,13.0.0
sentence-transformers/distilbert-multilingual-nli-stsb-quora-ranking,2.67,999.0,135.0,120.0,512,33753.4,True,False,68.33,64.03,65.5,59.72,14.81,55.5,22.88,16.11,,,,,,,0.0.0,0.0.0,0.0.0,0.0.0,0.0.0,0.0.0,0.0.0,12.8.0
sentence-transformers/quora-distilbert-multilingual,2.67,999.0,135.0,120.0,512,26458.45,True,False,68.36,63.94,65.5,59.72,14.81,55.5,22.88,16.11,,,,,,,0.0.0,0.0.0,0.0.0,0.0.0,0.0.0,0.0.0,0.0.0,0.0.0
meta-llama/Llama-3.2-1B (few-shot),2.67,4.25,1236.0,128.0,131073,7577.45,True,False,74.33,73.73,29.89,27.65,1.06,43.95,52.7,46.89,52.06,12.53,0.93,26.1,0.09,24.84,13.0.0,13.0.0,13.0.0,13.0.0,13.0.0,13.0.0,13.0.0,13.0.0
ibm-granite/granite-7b-base (few-shot),2.67,4.0,6738.0,32.0,2048,4405.37,True,False,72.0,69.12,33.34,30.5,0.25,43.46,57.96,52.53,52.86,11.38,11.71,32.71,0.81,25.27,12.10.5,12.10.5,12.10.5,12.10.5,12.10.8,12.10.8,12.10.8,12.10.8
HPLT/gpt-13b-nordic-prerelease (few-shot),2.67,4.07,14030.0,131.0,4099,3519.54,True,False,72.26,72.58,32.19,24.93,2.39,48.49,53.44,48.92,57.46,13.21,-0.49,25.03,0.5,25.5,12.6.1,12.6.1,12.6.1,12.6.1,12.6.1,12.6.1,12.6.1,12.6.1
LumiOpen/Viking-7B (few-shot),2.69,4.03,7550.0,131.0,4096,1430.69,True,False,72.02,72.36,30.64,23.9,1.08,38.63,54.59,48.72,57.93,13.16,1.14,22.39,1.13,25.61,12.7.0,12.7.0,12.7.0,12.7.0,12.7.0,12.7.0,12.7.0,14.0.3
allenai/OLMo-7B (few-shot),2.72,4.7,6888.0,50.0,2051,5402.86,True,False,72.08,63.52,37.36,28.59,-0.86,33.84,51.46,45.16,41.03,4.86,-0.83,25.47,-0.62,24.51,12.5.2,12.5.2,12.5.2,12.5.2,12.5.2,12.5.2,12.5.2,12.5.2
utter-project/EuroLLM-1.7B-Instruct (few-shot),2.72,3.84,1657.0,128.0,4096,15008.58,True,False,72.24,68.89,27.41,24.45,0.13,36.22,56.59,49.77,63.23,17.4,3.39,25.11,0.54,25.45,13.1.0,13.1.0,13.1.0,13.1.0,13.1.0,13.1.0,13.1.0,13.1.0
AI-Sweden-Models/gpt-sw3-20b-instruct (few-shot),2.73,3.59,20918.0,64.0,2048,1830.86,True,False,68.23,71.17,15.7,14.65,12.39,50.99,60.86,52.04,65.44,19.75,6.86,29.83,6.92,28.96,9.3.1,9.3.1,9.3.1,9.3.1,9.3.1,9.3.1,9.3.1,12.7.0
DDSC/roberta-base-danish,2.74,999.0,125.0,50.0,512,15003.66,True,False,64.02,62.27,65.95,60.53,0.8,47.24,33.13,28.46,,,,,,,0.0.0,0.0.0,0.0.0,0.0.0,0.0.0,0.0.0,0.0.0,0.0.0
HuggingFaceTB/SmolLM2-1.7B (few-shot),2.76,3.87,1711.0,49.0,8192,16248.88,True,False,68.31,72.51,35.96,26.41,3.61,49.47,49.32,43.26,57.04,13.24,10.86,31.65,2.53,26.17,13.1.0,13.1.0,13.1.0,13.1.0,13.1.0,13.1.0,13.1.0,13.1.0
google/gemma-2b (few-shot),2.77,3.75,2506.0,256.0,8192,6087.12,True,False,75.45,64.08,14.67,14.85,3.82,44.81,57.35,51.73,59.72,15.26,10.98,31.92,4.24,27.53,12.1.0,12.5.2,12.1.0,12.1.0,12.1.0,12.1.0,12.1.0,12.1.0
HuggingFaceTB/SmolLM2-1.7B-Instruct (few-shot),2.77,3.97,1711.0,49.0,8192,15970.88,True,False,64.46,69.83,37.37,26.31,4.49,46.63,49.57,43.92,54.5,12.92,8.61,29.95,4.51,27.64,13.1.0,13.1.0,13.1.0,13.1.0,13.1.0,13.1.0,13.1.0,13.1.0
microsoft/Phi-3-mini-128k-instruct (few-shot),2.78,3.26,3821.0,32.0,131072,7311.73,True,False,51.53,62.14,42.36,21.33,3.11,47.93,57.21,51.11,59.28,15.52,22.99,42.27,20.19,40.11,12.9.1,12.9.1,12.9.1,12.9.1,12.10.0,12.10.0,12.10.0,12.10.0
openGPT-X/Teuken-7B-instruct-research-v0.4 (few-shot),2.79,3.49,7453.0,251.0,4096,1253.66,False,False,51.8,57.15,35.02,17.87,6.15,36.62,60.0,50.85,65.68,16.49,10.11,28.11,8.76,27.81,14.0.4,14.0.4,14.0.4,14.0.4,14.0.4,14.0.4,14.0.4,14.0.4
ibm-granite/granite-3.0-3b-a800m-base (few-shot),2.81,3.72,3374.0,49.0,4096,10504.04,True,False,57.18,62.72,36.01,24.61,1.52,38.3,56.97,51.04,58.57,15.09,13.42,34.81,7.33,29.31,13.0.0,13.0.0,13.0.0,13.0.0,13.0.0,13.0.0,13.0.0,13.0.0
AI-Sweden-Models/gpt-sw3-1.3b-instruct (few-shot),2.82,3.88,1445.0,64.0,2048,4544.34,True,False,73.34,68.41,19.04,19.98,2.9,44.43,54.69,47.45,63.33,17.11,0.65,25.94,-0.18,24.7,9.3.1,12.5.2,12.1.0,12.4.0,12.4.0,12.1.0,12.1.0,12.1.0
google/gemma-7b-it (few-shot),2.83,3.34,8538.0,256.0,8192,1792.03,False,False,28.63,50.95,59.26,52.73,11.43,53.31,53.24,46.67,63.88,18.58,17.95,36.41,13.55,33.39,12.7.0,12.7.0,12.7.0,12.7.0,12.10.0,12.10.0,12.10.0,12.7.0
ltg/norbert3-xs,2.84,999.0,15.0,50.0,508,14208.46,True,False,59.27,55.26,67.53,62.96,2.83,49.25,27.79,24.11,,,,,,,0.0.0,0.0.0,0.0.0,0.0.0,0.0.0,0.0.0,0.0.0,0.0.0
sarnikowski/convbert-medium-small-da-cased,2.84,999.0,24.0,29.0,512,13820.64,True,False,57.67,53.64,58.01,53.87,13.4,55.37,30.11,24.92,,,,,,,0.0.0,0.0.0,0.0.0,0.0.0,0.0.0,0.0.0,0.0.0,0.0.0
allenai/OLMo-7B-Twin-2T (few-shot),2.85,4.71,6888.0,50.0,2051,5484.4,True,False,70.04,60.77,20.49,19.5,2.28,36.86,51.08,45.85,39.53,5.71,0.69,24.2,0.12,24.97,12.5.2,12.5.2,12.5.2,12.5.2,12.5.2,12.5.2,12.5.2,12.5.2
ibm-granite/granite-7b-instruct (few-shot),2.85,3.87,6738.0,32.0,4096,3136.16,True,False,65.51,69.73,29.08,25.68,0.5,45.71,54.03,46.52,56.02,14.46,8.0,30.22,5.76,28.68,13.0.0,13.2.0,13.2.0,13.2.0,13.2.0,13.2.0,13.2.0,13.2.0
KBLab/albert-base-swedish-cased-alpha,2.86,999.0,14.0,50.0,512,15925.14,True,False,56.57,53.47,47.19,44.34,20.92,59.05,30.47,23.86,,,,,,,0.0.0,0.0.0,0.0.0,0.0.0,0.0.0,0.0.0,0.0.0,0.0.0
sarnikowski/electra-small-discriminator-da-256-cased,2.89,999.0,13.0,29.0,512,20339.7,True,False,57.93,53.71,52.79,48.47,14.72,55.92,26.37,20.54,,,,,,,0.0.0,0.0.0,0.0.0,0.0.0,0.0.0,0.0.0,0.0.0,0.0.0
HPLT/gpt-7b-nordic-prerelease (few-shot),2.9,4.14,7550.0,131.0,4096,1382.06,True,False,61.96,67.81,27.07,25.24,2.65,40.25,52.35,46.16,55.11,12.07,0.32,21.99,-0.0,25.0,12.3.2,12.5.2,12.3.2,12.3.2,12.3.2,12.3.2,12.3.2,14.0.3
state-spaces/mamba-2.8b-hf (few-shot),2.93,4.2,2768.0,50.0,32769,2721.51,True,False,71.7,71.01,23.25,20.55,-0.82,40.8,46.93,40.48,54.39,13.19,-0.43,24.95,1.98,26.14,13.0.0,13.0.0,13.0.0,13.0.0,13.0.0,13.0.0,13.0.0,13.0.0
NorwAI/NorwAI-Mistral-7B-instruct (few-shot),2.95,3.66,7537.0,68.0,4096,3027.1,False,False,77.76,67.99,20.97,16.21,2.35,38.48,38.84,28.65,63.75,17.94,9.17,31.89,3.98,26.35,12.10.4,12.10.5,12.10.5,12.10.5,12.10.5,12.10.5,12.10.5,12.10.5
AI-Sweden-Models/gpt-sw3-6.7b-v2-instruct (few-shot),2.96,3.56,7111.0,64.0,2048,1472.78,True,False,56.6,62.73,14.58,14.79,10.92,52.63,57.9,50.18,64.89,18.79,6.16,28.35,10.9,32.01,9.2.0,9.2.0,9.2.0,12.4.0,12.4.0,9.2.0,9.3.1,14.0.3
sarnikowski/convbert-small-da-cased,2.97,999.0,13.0,29.0,512,14273.42,True,False,53.7,51.98,55.06,51.37,12.38,55.18,27.59,22.53,,,,,,,0.0.0,0.0.0,0.0.0,0.0.0,0.0.0,0.0.0,0.0.0,0.0.0
AI-Sweden-Models/gpt-sw3-1.3b (few-shot),2.98,3.92,1445.0,64.0,2048,4607.55,True,False,71.38,73.21,6.08,8.77,1.17,49.78,51.69,45.55,60.11,15.02,2.2,25.62,0.67,25.25,9.3.1,9.3.1,9.3.1,12.5.1,11.0.0,9.3.1,9.3.1,9.3.1
EuropeanParliament/EUBERT,3.0,999.0,94.0,66.0,512,20070.41,True,False,59.0,56.25,38.36,37.63,19.4,58.63,26.64,19.23,,,,,,,12.6.1,12.6.1,12.6.1,12.6.1,0.0.0,0.0.0,0.0.0,0.0.0
danish-foundation-models/encoder-medium-v1,3.01,999.0,111.0,32.0,512,16130.05,True,False,58.7,58.15,49.62,46.05,2.23,46.43,30.8,25.45,,,,,,,0.0.0,0.0.0,0.0.0,0.0.0,0.0.0,0.0.0,0.0.0,0.0.0
Maltehb/danish-bert-botxo,3.01,999.0,111.0,32.0,512,16091.06,True,False,57.42,56.53,50.29,47.15,4.94,51.57,30.28,24.16,,,,,,,0.0.0,0.0.0,0.0.0,0.0.0,0.0.0,0.0.0,0.0.0,0.0.0
jannesg/bertsson,3.02,999.0,124.0,50.0,512,15313.79,True,False,61.67,59.12,51.13,46.67,2.87,48.92,25.1,17.24,,,,,,,0.0.0,0.0.0,0.0.0,0.0.0,0.0.0,0.0.0,0.0.0,0.0.0
ibm-granite/granite-3.0-1b-a400m-instruct (few-shot),3.03,4.09,1335.0,49.0,4096,7964.03,True,False,58.78,60.51,33.8,21.7,0.72,45.33,42.4,35.45,56.7,11.49,2.09,25.41,-0.46,24.84,13.2.0,13.2.0,13.2.0,13.2.0,13.2.0,13.2.0,13.2.0,13.2.0
sentence-transformers/distiluse-base-multilingual-cased-v1,3.07,999.0,135.0,120.0,512,34041.87,True,False,60.06,55.65,49.86,44.53,3.18,48.38,23.46,16.08,,,,,,,0.0.0,0.0.0,0.0.0,0.0.0,0.0.0,0.0.0,0.0.0,12.8.0
AI-Sweden-Models/gpt-sw3-6.7b (few-shot),3.07,3.94,7111.0,64.0,2048,2285.21,True,False,53.68,58.92,18.83,17.59,3.49,46.13,55.99,49.81,61.05,15.89,1.22,26.19,0.6,25.62,11.0.0,11.0.0,11.0.0,11.0.0,11.0.0,11.0.0,11.0.0,11.0.0
jannikskytt/MeDa-Bert,3.08,999.0,111.0,32.0,511,16113.51,True,False,53.98,52.94,48.32,45.04,3.33,51.06,29.17,23.15,,,,,,,0.0.0,0.0.0,0.0.0,0.0.0,0.0.0,0.0.0,0.0.0,0.0.0
sentence-transformers/distiluse-base-multilingual-cased-v2,3.1,999.0,135.0,120.0,512,33246.61,True,False,62.71,57.24,51.67,53.62,2.32,48.77,17.62,8.76,,,,,,,12.6.1,12.6.1,12.6.1,12.6.1,0.0.0,0.0.0,0.0.0,12.8.0
sentence-transformers/distiluse-base-multilingual-cased,3.1,999.0,135.0,120.0,512,19205.51,True,False,63.04,56.5,51.67,53.62,2.32,48.77,17.75,8.93,,,,,,,12.6.1,12.6.1,12.6.1,12.6.1,0.0.0,0.0.0,0.0.0,0.0.0
NbAiLab/nb-llama-3.1-8B-Instruct (few-shot),3.11,3.88,8030.0,128.0,131072,1295.56,True,False,43.55,46.98,32.54,26.2,1.93,42.44,51.57,44.8,62.67,15.84,0.13,22.69,-0.18,24.65,14.0.4,14.0.4,14.0.4,14.0.4,14.0.4,14.0.4,14.0.4,14.0.4
dbmdz/bert-mini-historic-multilingual-cased,3.12,999.0,12.0,32.0,512,47121.63,True,False,56.1,52.92,50.07,47.04,5.05,51.08,22.34,14.49,,,,,,,0.0.0,0.0.0,0.0.0,0.0.0,0.0.0,0.0.0,0.0.0,0.0.0
Qwen/Qwen1.5-1.8B (few-shot),3.15,3.85,1837.0,152.0,32768,5665.51,True,False,51.91,59.44,18.01,18.55,1.49,40.76,51.87,44.83,54.82,14.43,11.54,32.55,7.19,29.76,10.0.1,12.5.2,12.1.0,12.1.0,12.1.0,12.1.0,12.1.0,12.1.0
Qwen/Qwen1.5-1.8B-Chat (few-shot),3.15,3.67,1837.0,152.0,32768,8303.55,False,False,52.54,60.44,20.94,18.26,0.34,36.61,50.53,43.55,61.19,15.92,10.74,32.65,4.83,28.76,11.0.0,12.5.2,12.1.0,12.5.0,12.5.0,12.1.0,12.1.0,9.3.2
NbAiLab/nb-gpt-j-6B-alpaca (few-shot),3.17,4.49,6055.0,50.0,1024,2606.86,False,False,60.17,65.99,13.28,13.4,1.52,45.19,46.83,37.23,46.68,12.4,-0.03,23.73,0.02,25.04,10.0.1,9.3.1,10.0.1,12.4.0,12.4.0,10.0.1,10.0.1,9.3.2
google/gemma-2b-it (few-shot),3.19,4.45,2506.0,256.0,8192,6470.59,False,False,43.97,57.41,33.51,23.48,0.53,39.6,47.28,39.39,40.55,11.1,11.06,31.69,1.03,25.55,12.1.0,12.5.2,12.1.0,12.4.0,12.4.0,12.1.0,12.1.0,12.1.0
ibm-granite/granite-3.0-1b-a400m-base (few-shot),3.21,4.19,1385.0,49.0,4096,7808.38,True,False,55.06,50.38,23.26,20.21,1.81,40.07,39.42,35.49,54.8,11.88,-1.51,21.83,0.41,25.25,13.2.0,13.2.0,13.2.0,13.2.0,13.2.0,13.2.0,13.2.0,13.2.0
mhenrichsen/danskgpt-tiny-chat (few-shot),3.22,4.14,1100.0,32.0,2048,1744.69,False,False,45.94,55.94,27.31,26.33,-0.97,36.69,41.66,35.57,55.79,10.61,0.14,24.76,0.52,25.53,9.1.2,9.1.2,9.1.2,12.4.0,12.4.0,9.1.2,9.1.2,9.1.2
Maltehb/aelaectra-danish-electra-small-cased,3.25,999.0,14.0,32.0,128,4592.9,True,False,55.68,52.81,57.82,54.55,19.26,58.62,0.0,0.0,,,,,,,0.0.0,0.0.0,0.0.0,0.0.0,0.0.0,0.0.0,0.0.0,12.4.0
jjzha/dajobbert-base-uncased,3.26,999.0,110.0,32.0,512,16243.43,True,False,55.49,55.99,42.99,39.98,4.69,51.01,20.83,14.22,,,,,,,0.0.0,0.0.0,0.0.0,0.0.0,0.0.0,0.0.0,0.0.0,0.0.0
PleIAs/Pleias-1.2b-Preview (few-shot),3.26,5.0,1195.0,66.0,2048,10756.07,True,False,43.31,47.97,36.29,31.64,1.76,36.32,38.42,32.64,28.38,6.24,1.35,24.67,-0.19,24.79,14.0.4,14.0.4,14.0.4,14.0.4,14.0.4,14.0.4,14.0.4,14.0.4
AI-Sweden-Models/gpt-sw3-356m-instruct (few-shot),3.28,3.94,471.0,64.0,2048,5854.62,True,False,59.0,54.09,14.84,15.9,0.06,34.76,40.44,34.37,61.28,14.6,0.48,23.44,0.33,25.01,9.3.2,12.5.2,12.1.0,12.4.0,12.4.0,12.1.0,12.1.0,12.1.0
openGPT-X/Teuken-7B-instruct-commercial-v0.4 (few-shot),3.28,3.48,7453.0,251.0,4096,1437.66,True,False,20.2,21.73,37.17,25.25,6.13,39.55,56.9,46.66,65.28,18.08,10.89,32.66,9.2,30.95,14.0.4,14.0.4,14.0.4,14.0.4,14.0.4,14.0.4,14.0.4,14.0.4
PleIAs/Pleias-3b-Preview (few-shot),3.32,4.02,3212.0,66.0,4096,6513.19,True,False,52.35,53.31,21.42,20.27,0.46,41.75,37.44,32.71,57.21,13.08,1.57,22.82,0.36,25.15,14.0.4,14.0.4,14.0.4,14.0.4,14.0.4,14.0.4,14.0.4,14.0.4
NbAiLab/nb-llama-3.2-1B (few-shot),3.38,4.42,1236.0,128.0,131072,3423.62,True,False,66.82,65.85,4.49,4.08,3.07,41.18,29.52,22.14,47.1,9.46,0.88,26.3,-1.21,24.02,14.0.4,14.0.4,14.0.4,14.0.4,14.0.4,14.0.4,14.0.4,14.0.4
Qwen/Qwen1.5-4B (few-shot),3.4,3.42,3950.0,152.0,32768,3247.86,True,False,5.2,30.65,37.26,29.89,1.85,33.71,60.15,54.15,58.24,16.02,22.04,41.36,14.76,35.27,9.3.2,12.5.2,12.1.0,12.1.0,12.1.0,12.1.0,12.1.0,12.1.0
Maltehb/aelaectra-danish-electra-small-uncased,3.4,999.0,14.0,32.0,128,5995.22,True,False,57.71,53.54,39.17,36.74,17.1,57.41,0.13,0.11,,,,,,,0.0.0,0.0.0,0.0.0,0.0.0,0.0.0,0.0.0,0.0.0,0.0.0
RuterNorway/Llama-2-7b-chat-norwegian (few-shot),3.41,4.16,,32.0,4096,10889.7,False,False,31.11,36.84,22.38,22.09,0.09,33.42,50.14,44.36,55.44,12.95,1.12,25.27,-0.91,24.26,9.3.1,9.3.1,9.3.1,12.5.2,11.0.0,9.3.1,9.3.1,9.3.1
Qwen/Qwen1.5-0.5B (few-shot),3.48,4.07,620.0,152.0,32768,11371.34,True,False,26.58,28.64,28.96,26.49,-1.88,35.45,40.95,34.59,53.36,12.82,6.52,28.83,1.91,26.1,10.0.1,12.5.2,12.1.0,12.1.0,12.1.0,12.1.0,12.1.0,9.3.2
3ebdola/Dialectal-Arabic-XLM-R-Base,3.5,999.0,278.0,250.0,512,12782.54,True,False,44.95,48.17,42.78,40.46,1.43,48.66,16.77,8.71,,,,,,,0.0.0,0.0.0,0.0.0,0.0.0,0.0.0,0.0.0,0.0.0,12.8.0
Qwen/Qwen1.5-0.5B-Chat (few-shot),3.53,4.18,620.0,152.0,32768,11740.04,False,False,40.23,49.01,18.57,17.69,0.21,39.6,35.01,29.49,53.29,13.04,2.59,26.87,-0.84,24.44,11.0.0,12.5.2,12.1.0,12.4.0,12.5.0,12.1.0,12.1.0,9.3.2
AI-Sweden-Models/gpt-sw3-356m (few-shot),3.54,4.28,471.0,64.0,2048,5757.63,True,False,34.29,36.76,23.77,23.06,1.57,40.84,38.82,33.7,51.36,10.76,-0.96,21.85,0.3,25.1,9.3.1,9.3.1,9.3.2,12.5.1,11.0.0,9.3.2,9.3.2,9.3.2
dbmdz/bert-tiny-historic-multilingual-cased,3.56,999.0,5.0,32.0,512,78027.26,True,False,57.41,53.5,26.87,25.42,-1.06,48.72,10.83,5.54,,,,,,,0.0.0,0.0.0,0.0.0,0.0.0,0.0.0,0.0.0,0.0.0,0.0.0
mhenrichsen/danskgpt-tiny (few-shot),3.58,4.31,1100.0,32.0,2048,8596.74,True,False,31.93,43.8,23.92,22.42,0.46,43.45,35.67,30.81,52.68,11.19,-0.85,24.38,-1.24,24.3,0.0.0,0.0.0,0.0.0,12.5.1,11.0.0,0.0.0,0.0.0,0.0.0
NbAiLab/nb-llama-3.2-3B (few-shot),3.61,4.05,3213.0,128.0,131072,1880.5,True,False,75.15,63.33,1.37,1.26,6.19,41.49,8.27,0.45,51.36,10.5,10.37,29.59,2.74,25.75,14.0.4,14.0.4,14.0.4,14.0.4,14.0.4,14.0.4,14.0.4,14.0.4
allenai/OLMo-1B (few-shot),3.63,4.59,1177.0,50.0,2051,8536.09,True,False,38.95,43.61,29.39,29.93,-1.35,40.7,20.3,17.85,43.75,4.67,-0.22,23.76,0.75,25.27,12.1.0,12.5.2,12.1.0,12.1.0,12.1.0,12.1.0,12.1.0,12.1.0
PleIAs/Pleias-Nano (few-shot),3.66,5.0,1195.0,66.0,2048,2519.09,True,False,32.88,40.51,14.09,15.95,0.55,33.45,37.8,32.0,28.3,5.98,0.94,23.75,-0.48,24.6,14.0.4,14.0.4,14.0.4,14.0.4,14.0.4,14.0.4,14.0.4,14.0.4
RabotaRu/HRBert-mini,3.71,999.0,80.0,200.0,512,54950.85,True,False,52.31,51.51,24.61,23.05,1.32,46.8,8.44,2.86,,,,,,,0.0.0,0.0.0,0.0.0,0.0.0,0.0.0,0.0.0,0.0.0,0.0.0
PleIAs/Pleias-350m-Preview (few-shot),3.73,5.18,353.0,66.0,2048,10241.69,True,False,33.63,41.43,22.09,21.86,0.59,37.25,26.25,21.6,27.08,5.28,-0.65,22.89,0.48,25.21,14.0.4,14.0.4,14.0.4,14.0.4,14.0.4,14.0.4,14.0.4,14.0.4
alexanderfalk/danbert-small-cased,3.77,999.0,83.0,52.0,512,30013.37,True,False,53.88,52.3,22.47,20.74,1.55,44.06,3.07,1.12,,,,,,,0.0.0,0.0.0,0.0.0,0.0.0,0.0.0,0.0.0,0.0.0,0.0.0
PleIAs/Pleias-Pico (few-shot),3.83,5.02,353.0,66.0,2048,2330.93,True,False,26.98,37.6,16.28,16.34,0.6,38.74,22.13,17.78,27.12,5.04,-1.38,22.26,0.94,25.2,14.0.4,14.0.4,14.0.4,14.0.4,14.0.4,14.0.4,14.0.4,14.0.4
fresh-xlm-roberta-base,3.85,999.0,278.0,250.0,512,2214.08,True,False,51.11,50.09,11.91,11.31,0.86,39.16,7.2,2.0,,,,,,,0.0.0,0.0.0,0.0.0,0.0.0,0.0.0,0.0.0,0.0.0,12.6.1
NbAiLab/nb-gpt-j-6B-v2 (few-shot),3.9,5.16,6051.0,50.0,1024,2555.5,False,False,27.42,38.74,0.31,0.29,0.07,35.8,31.12,17.82,27.09,6.8,-0.67,22.55,0.86,25.38,10.0.1,9.3.1,11.0.0,12.5.1,11.0.0,11.0.0,11.0.0,9.3.1
fresh-electra-small,3.95,999.0,14.0,31.0,512,7840.02,True,False,55.54,52.75,10.54,9.71,-0.15,35.33,0.04,0.02,,,,,,,0.0.0,0.0.0,0.0.0,0.0.0,0.0.0,0.0.0,0.0.0,12.8.0
HuggingFaceTB/SmolLM2-360M (few-shot),3.99,4.5,362.0,49.0,8192,22023.39,True,False,11.52,29.3,18.22,17.97,1.72,34.96,31.25,27.27,45.57,9.2,0.69,22.1,0.68,25.25,13.1.0,13.1.0,13.1.0,13.1.0,13.1.0,13.1.0,13.1.0,13.1.0
HuggingFaceTB/SmolLM2-360M-Instruct (few-shot),4.05,4.81,362.0,49.0,8192,21776.98,True,False,9.34,26.0,13.64,16.38,2.2,41.62,30.05,26.06,37.49,9.36,-0.0,22.03,0.78,25.5,13.1.0,13.1.0,13.1.0,13.1.0,13.1.0,13.1.0,13.1.0,13.1.0
AI-Sweden-Models/gpt-sw3-126m-instruct (few-shot),4.06,3.99,186.0,64.0,2048,7717.03,True,False,12.47,23.03,23.05,24.35,0.08,33.34,24.25,20.43,59.8,14.56,0.72,23.3,0.11,25.15,9.3.2,9.3.2,11.0.0,12.4.0,12.4.0,11.0.0,11.0.0,11.0.0
NbAiLab/nb-gpt-j-6B@sharded (few-shot),4.08,5.18,,50.0,1024,2630.15,True,False,33.5,39.3,0.01,0.11,-0.02,34.92,18.06,4.79,26.97,6.56,-0.11,23.32,0.56,24.79,10.0.1,9.3.1,10.0.1,12.5.1,11.0.0,10.0.1,10.0.1,9.3.1
RJuro/kanelsnegl-v0.2 (few-shot),4.08,4.05,7242.0,32.0,512,1373.32,True,False,28.62,35.36,0.0,0.0,0.0,33.3,19.59,0.0,58.16,8.81,0.47,22.03,0.71,25.02,10.0.1,10.0.1,10.0.1,10.0.1,11.0.0,10.0.1,11.0.0,11.0.0
NorwAI/NorwAI-Mistral-7B-pretrain (few-shot),4.14,4.4,7537.0,68.0,4096,3023.95,True,False,17.76,28.16,9.75,9.18,1.22,43.54,18.46,14.98,48.74,10.3,-0.62,22.04,0.99,25.36,12.10.5,12.10.5,12.10.5,12.10.5,12.10.5,12.10.5,12.10.5,12.10.5
RJuro/kanelsnegl-v0.1 (few-shot),4.25,4.02,7242.0,32.0,512,5847.39,True,False,34.63,40.92,0.0,0.0,0.0,33.3,8.92,0.0,59.04,10.84,-0.25,21.96,0.08,24.93,9.3.1,9.3.1,9.3.1,12.5.1,11.0.0,9.3.1,9.3.1,12.10.0
HuggingFaceTB/SmolLM2-135M-Instruct (few-shot),4.28,4.71,135.0,49.0,8192,25602.11,True,False,7.41,28.42,17.09,18.78,0.47,38.19,13.94,11.73,38.3,8.09,0.3,25.76,0.06,24.33,13.1.0,13.1.0,13.1.0,13.1.0,13.1.0,13.1.0,13.1.0,13.1.0
AI-Sweden-Models/gpt-sw3-126m (few-shot),4.35,4.26,186.0,64.0,2048,8957.78,True,False,8.15,24.31,5.66,8.37,-0.81,36.81,19.18,16.4,51.48,10.63,-0.49,22.53,1.17,25.54,9.2.0,9.2.0,9.2.0,12.5.1,11.0.0,9.2.0,9.2.0,9.2.0
HuggingFaceTB/SmolLM2-135M (few-shot),4.4,4.25,135.0,49.0,8192,26346.08,True,False,-3.03,24.39,19.15,20.52,0.06,36.05,16.55,14.18,51.51,11.46,0.02,25.25,0.04,24.92,13.1.0,13.1.0,13.1.0,13.1.0,13.1.0,13.1.0,13.1.0,13.1.0
NorGLM/NorGPT-369M (few-shot),4.63,4.81,,64.0,1024,19895.92,True,False,5.5,28.77,1.47,1.32,-2.19,40.52,4.36,0.1,37.4,6.53,-0.53,24.38,0.25,25.23,12.5.2,12.5.2,12.5.2,12.5.2,12.5.2,12.5.2,12.5.2,12.5.2
ai-forever/mGPT (few-shot),4.72,5.01,,100.0,1024,11734.33,True,False,0.0,19.32,0.0,0.0,0.49,39.12,7.85,6.24,31.89,2.03,-0.37,22.43,0.36,25.08,10.0.1,9.3.1,11.0.0,12.5.1,12.0.0,11.0.0,11.0.0,12.10.0
peter-sk/gpt-neox-da (few-shot),4.77,4.66,1515.0,50.0,1024,6025.33,True,False,4.75,27.85,0.26,0.26,-0.6,40.53,1.07,0.06,41.84,5.74,-0.41,24.48,0.52,25.32,10.0.1,10.0.1,10.0.1,10.0.1,11.0.0,10.0.1,10.0.1,10.0.1
Sigurdur/qa-icebreaker (few-shot),4.84,999.0,110.0,32.0,1024,44888.92,False,False,-0.1,22.69,0.0,0.0,0.0,33.3,0.02,0.0,,,,,,,12.7.0,12.7.0,12.7.0,12.7.0,0.0.0,0.0.0,0.0.0,12.5.2
ssmits/Falcon2-5.5B-multilingual (few-shot),4.85,4.64,5465.0,65.0,8192,7691.9,True,False,0.0,19.16,0.0,0.0,0.0,33.3,0.0,0.0,40.82,0.34,1.19,24.74,1.55,25.3,13.0.0,13.0.0,13.0.0,13.0.0,13.0.0,13.0.0,13.0.0,13.0.0
Sigurdur/icebreaker (few-shot),4.89,4.75,110.0,32.0,1024,48618.98,False,False,-3.6,20.29,0.0,0.0,0.0,33.3,0.05,0.0,39.68,1.23,-0.2,24.13,-0.25,24.68,12.7.0,12.7.0,12.7.0,12.7.0,12.7.0,12.7.0,12.7.0,12.5.2
norallm/normistral-7b-scratch (few-shot),999.0,4.19,7248.0,33.0,2048,3191.78,True,False,,,,,,,,,55.77,14.15,-0.39,22.3,-0.52,25.2,0.0.0,0.0.0,0.0.0,0.0.0,11.0.0,10.0.1,10.0.1,10.0.1
01-ai/Yi-6B (few-shot),999.0,3.12,6061.0,64.0,4096,6435.34,True,False,,,46.69,32.97,,,60.77,54.95,62.7,17.52,25.28,43.71,19.2,38.76,0.0.0,9.3.2,0.0.0,12.5.1,12.0.0,10.0.1,10.0.1,12.10.0
01-ai/Yi-6B-Chat (few-shot),999.0,3.07,6061.0,64.0,4096,2278.2,False,False,74.55,74.5,,,5.42,37.73,61.74,54.77,63.71,17.96,25.29,43.75,21.66,40.52,11.0.0,0.0.0,11.0.0,11.0.0,11.0.0,11.0.0,11.0.0,11.0.0
